address,chain,y,group,source,run,first_ts,n_rows,complete,label_entity,forward_ratio,top_recipient_share,dwell_median_s,left_share,n_senders,n_recipients,n_in,n_out,out_per_in,sweep_gap_cv,stable_share,gas_outside_share,gas_payers,recipient_forwards_on,to_exchange_share,gas_from_exchange_share
0x000ebc72ad9865e85c03a43ff72cb12fa1ba6029,ethereum,0,Bitget,customer,tagged_ethereum,2024-08-28T17:59:47Z,176,1,Paxos,0.735661,0.341463,155124.0,0.007407,32,10,135,41,0.303704,2.645569,0.323864,0.097561,8,0,0.0,0.04878
0x00226ae5a36e0ecee2ce31eaeb4039800adb4fe3,ethereum,1,Bitget,explorer_tag,tagged_ethereum,2024-01-24T15:17:47Z,28,1,Bitget,0.333333,0.384615,882.0,0.000935,5,4,15,13,0.866667,1.521531,0.214286,0.076923,1,0,1.0,0.076923
0x002aa9b6c16b25d6b4425602c6a90d18105150ce,ethereum,1,Bilaxy,explorer_tag,tagged_ethereum,2025-07-03T08:50:11Z,1,1,,,,,1.0,1,0,1,0,0.0,,0.0,,0,,,
0x003938f9694fef8c2e169ee5302c99ea0b6f5697,ethereum,0,Bitget,customer,tagged_ethereum,2021-04-20T18:16:08Z,137,1,,0.170806,0.1625,26207.0,0.083373,36,24,57,80,1.403509,2.613833,0.051095,0.025,1,0,0.0,0.0
0x0077d27cb82ff12322987b225bfce0bb6e8931b4,ethereum,0,other,labelled:entity,tagged_ethereum,2021-05-27T04:42:28Z,2,0,,,,,1.0,1,0,2,0,0.0,,0.0,,0,,,
0x007e7caef25f9765b5a3ffe638e95ee22fe93b57,ethereum,0,Bitget,customer,tagged_ethereum,2024-02-13T13:16:47Z,8,1,,1.0,0.833333,64110.0,0.5,2,2,2,6,3.0,1.296441,0.0,0.0,0,1,0.0,0.0
0x008bc931455dc5ae2c4e1af81b67889790f60dca,ethereum,1,Bitget,explorer_tag,tagged_ethereum,2024-11-10T14:02:11Z,5,1,Bitget,0.997307,1.0,6478818.0,0.002693,1,1,2,3,1.5,0.999931,0.0,0.0,0,0,1.0,0.0
0x00a3a0f050373db54f72033c2445cae71748ecd7,ethereum,0,Bitget,customer,tagged_ethereum,2025-07-03T15:48:11Z,6,1,,0.75,0.5,360726.0,0.0,3,2,4,2,0.5,,0.666667,1.0,1,0,0.0,0.0
0x00d6be6e90622abceea212f92215bd8a528af934,ethereum,0,Deribit,labelled:exchange,tagged_ethereum,2025-03-05T15:05:35Z,7,1,Deribit,0.999999,1.0,60.0,0.833333,6,1,6,1,0.166667,,0.142857,0.0,0,0,1.0,0.0
0x010ee1a8885e23858688c56a782389c9101cf220,ethereum,1,Bilaxy,explorer_tag,tagged_ethereum,2024-02-27T20:57:59Z,1,1,,,,,1.0,1,0,1,0,0.0,,0.0,,0,,,
0x0153c2199cb3a3b83c5abbd27db0593d07a7a002,ethereum,0,other,labelled:entity,tagged_ethereum,2023-04-30T10:19:47Z,200,0,,0.005174,0.254386,0.0,0.024064,40,38,86,114,1.325581,3.331692,0.14,0.0,0,1,0.0,0.0
0x015bdb0f5a44dedd495e074d0c6e66cc1ae46144,ethereum,0,Bitget,customer,tagged_ethereum,2024-02-24T11:03:35Z,9,1,,0.333333,0.666667,696132.0,0.0,4,2,6,3,0.5,0.2,0.0,1.0,1,1,0.0,0.0
0x01f0c588909af2430eae095d072044adda6a0f96,ethereum,1,Bitget,explorer_tag,tagged_ethereum,2024-07-31T04:28:35Z,3,1,Bitget,0.997792,1.0,10897698.0,0.002208,1,1,1,2,2.0,,0.0,0.0,0,0,1.0,0.0
0x0225b37eb4661c5fe8602e4c070506a432c31aee,ethereum,1,Bilaxy,explorer_tag,tagged_ethereum,2024-11-16T15:38:23Z,1,1,,,,,1.0,1,0,1,0,0.0,,0.0,,0,,,
0x023854e3a99ebcfbee109673606ab875177d5c47,ethereum,0,Bitget,customer,tagged_ethereum,2026-05-07T03:28:23Z,67,1,,0.923407,0.392857,17544.0,3.1e-05,6,6,39,28,0.717949,2.40315,0.0,0.392857,3,1,0.0,0.0
0x026612ab4d21ae10036ee3b7e2b626b7b0713bfc,ethereum,1,Bitget,explorer_tag,tagged_ethereum,2024-10-20T00:26:59Z,8,1,Bitget,0.998603,1.0,336.0,0.001397,2,1,4,4,1.0,0.662594,0.0,0.5,2,0,1.0,0.25
0x027bd9a4bf4f2bafede715693f87847a5072b65f,ethereum,1,Bitget,explorer_tag,tagged_ethereum,2024-02-19T16:12:35Z,10,1,Bitget,0.997099,1.0,1926.0,0.002901,3,1,6,4,0.666667,0.832324,0.5,0.5,1,0,1.0,0.5
0x027dc12f6666937364f92ae22dd31c9c37d3b435,ethereum,1,Bilaxy,explorer_tag,tagged_ethereum,2025-08-24T21:37:47Z,1,1,,,,,1.0,1,0,1,0,0.0,,0.0,,0,,,
0x028cf40ca12a9041aeb76e5ab616e46765ba704a,ethereum,1,Bilaxy,explorer_tag,tagged_ethereum,2021-05-11T19:00:32Z,9,1,Binance,0.683568,0.75,521048.0,0.0,4,2,5,4,0.8,0.728272,0.0,0.0,0,0,1.0,0.0
0x029b051950442a62975e9392bf83218520af9fd3,ethereum,1,Bitget,explorer_tag,tagged_ethereum,2024-01-15T01:47:23Z,3,1,Bitget,0.999106,1.0,19393020.0,0.000894,1,1,1,2,2.0,,0.0,0.0,0,0,1.0,0.0
0x02a2ee76499ad92289ae2cec5aa2a2758f373e30,ethereum,1,Bilaxy,explorer_tag,tagged_ethereum,2023-05-05T03:29:11Z,25,1,Binance,0.999987,1.0,710616.0,0.297998,3,1,17,8,0.470588,0.96081,0.12,0.0,0,0,1.0,0.0
0x02a3b82c4772f587fe2e23a7d30cc2b62c30066e,ethereum,1,Bilaxy,explorer_tag,tagged_ethereum,2023-07-11T14:03:35Z,103,1,Binance,0.923077,0.894737,306462.0,0.071429,20,2,84,19,0.22619,2.825291,0.854369,0.105263,1,0,0.894737,0.105263
0x02aa4e03ff7439caa85b65227e04cbde93c28a6a,ethereum,1,Bitget,explorer_tag,tagged_ethereum,2024-02-19T09:40:23Z,3,1,Bitget,0.998789,1.0,17870184.0,0.001211,1,1,1,2,2.0,,0.0,0.0,0,0,1.0,0.0
0x02d3a27b5b53524315f913e9ca6d653639af4a6e,ethereum,0,Bilaxy,customer,tagged_ethereum,2022-11-06T03:47:35Z,14,1,OKX,0.30736,0.333333,768.0,0.13839,8,5,8,6,0.75,1.397729,0.357143,0.833333,3,1,0.0,0.333333
0x0366c85ef8c0127188662d478911d78e3beb7c5e,ethereum,1,Bitget,explorer_tag,tagged_ethereum,2024-04-04T09:57:11Z,3,1,Bitget,0.998881,1.0,16714512.0,0.001119,1,1,1,2,2.0,,0.0,0.0,0,0,1.0,0.0
0x039dbe92e0a7017e348c29f66bdcaead189ca7d4,ethereum,1,Bilaxy,explorer_tag,tagged_ethereum,2021-06-22T11:21:20Z,3,1,Binance,1.0,1.0,14346598.0,0.0,1,1,2,1,0.5,,1.0,0.0,0,0,1.0,0.0
0x03f0b11c4271e81c51c5040053afef74bb88cfb6,ethereum,0,Bilaxy,customer,tagged_ethereum,2024-01-08T23:14:35Z,80,1,,0.023178,0.159091,72276.0,0.055556,17,23,36,44,1.222222,3.450609,0.0,0.25,2,0,0.0,0.0
0x03fb95cff44b2fef8f5b025d8e6ab811f331c0b6,ethereum,1,Bitget,explorer_tag,tagged_ethereum,2024-01-30T12:53:11Z,4,1,Bitget,0.999825,1.0,18727956.0,0.500088,2,1,2,2,1.0,,0.0,0.0,0,0,1.0,0.0
0x04084affa9410bfe1200109ca77c5db569d55fb9,ethereum,0,Bitget,customer,tagged_ethereum,2021-03-07T21:13:55Z,126,1,,0.353772,0.157895,14048006.5,0.398141,44,15,88,38,0.431818,2.831146,0.055556,0.184211,5,0,0.0,0.0
0x042d6dc8fce14915b8fdc159c600411042b32ac5,ethereum,0,Bilaxy,customer,tagged_ethereum,2022-06-17T21:26:04Z,200,0,,0.131841,0.268293,27877.0,0.079204,16,28,77,123,1.597403,1.993326,0.315,0.130081,5,0,0.0,0.0
0x0432260b3a18b9c3d0b533c2c84b5c093c91bdc6,ethereum,1,Bilaxy,explorer_tag,tagged_ethereum,2022-10-26T08:05:11Z,4,1,,,,,1.0,2,0,4,0,0.0,,0.0,,0,,,
0x046905b74924781054c6373e7596ea30b96d3ba5,ethereum,1,Bitget,explorer_tag,tagged_ethereum,2024-07-29T08:45:35Z,10,1,Bitget,0.999922,1.0,4789758.0,0.200062,5,1,5,5,1.0,0.329752,0.0,0.0,0,0,1.0,0.0
0x046a2190f39050965fa118331b2acafbbd0b6886,ethereum,0,Bilaxy,customer,tagged_ethereum,2024-04-12T04:43:59Z,1,1,,,1.0,,,0,1,0,1,,,0.0,0.0,0,1,0.0,0.0
0x04a36b3eac06a3a151f3903c81a74493a2cbefca,ethereum,1,Bitget,explorer_tag,tagged_ethereum,2024-03-08T04:25:35Z,3,1,Bitget,0.998256,1.0,17105586.0,0.001744,1,1,1,2,2.0,,0.0,0.0,0,0,1.0,0.0
0x04d4905591c05e17ff9f7a9121fddb9141de4605,ethereum,1,Bilaxy,explorer_tag,tagged_ethereum,2021-08-10T07:25:27Z,3,1,Binance,1.0,1.0,14491898.0,0.5,2,1,2,1,0.5,,0.0,0.0,0,0,1.0,0.0
0x04ee7379146216b733cff7bd69066a1b98218b8b,ethereum,1,Bitget,explorer_tag,tagged_ethereum,2024-02-03T11:14:23Z,6,1,Bitget,0.999683,1.0,18549252.0,0.333544,3,1,3,3,1.0,0.392592,0.0,0.333333,1,0,1.0,0.0
0x04f7e8038afd52bdcffcd17d9992e546d6918bbb,ethereum,0,other,labelled:defi,tagged_ethereum,2021-09-27T19:51:26Z,193,1,,0.198075,0.268817,948064.0,0.011041,18,20,100,93,0.93,3.057461,0.0,0.0,0,0,0.0,0.0
0x050ede2b89d79f9f0be96f9b81dd75d34f8a1907,ethereum,1,Bilaxy,explorer_tag,tagged_ethereum,2025-04-16T02:57:47Z,5,1,Binance,1.0,1.0,324.0,0.75,4,1,4,1,0.25,,0.4,1.0,1,0,1.0,1.0
0x054987c9e5f3633f1e96f761dcaedd04cf6d5802,ethereum,1,Bilaxy,explorer_tag,tagged_ethereum,2025-10-01T21:41:35Z,6,1,Binance,1.0,1.0,31231464.0,0.8,4,1,5,1,0.2,,0.333333,0.0,0,0,1.0,0.0
0x059254190c55866ba1c8d940f61e691a4ed9ea54,ethereum,0,Bilaxy,customer,tagged_ethereum,2024-03-24T11:40:59Z,70,1,Binance,0.271734,0.384615,3588.0,0.096774,21,20,31,39,1.258065,4.132472,0.0,0.333333,3,0,0.0,0.333333
0x059a86f564031e66156c5ef06e8f35573295ec67,ethereum,0,Deribit,labelled:exchange,tagged_ethereum,2025-12-09T13:18:47Z,9,1,Deribit,0.999998,1.0,78.0,0.200001,2,1,5,4,0.8,1.354032,0.0,0.0,0,0,1.0,0.0
0x05a03b41d4c0c0ce29eeabf3a8d929b79a0748c3,ethereum,0,Bitget,customer,tagged_ethereum,2025-06-28T14:57:47Z,61,1,,0.974788,0.265306,12960.0,0.083333,7,23,12,49,4.083333,5.309073,0.0,0.265306,4,1,0.0,0.0
0x05a3fbc1c1d1c8d24d9cc42db68aaebdad0a2756,ethereum,0,Bilaxy,customer,tagged_ethereum,2020-07-13T16:31:51Z,200,0,,0.468098,0.066667,86777.0,0.041428,6,88,50,150,3.0,2.696135,0.24,0.0,0,1,0.0,0.0
0x05bfc13b6126b7c8586686f41a7494c9d7e53abd,ethereum,0,Bitget,customer,tagged_ethereum,2021-10-06T18:26:37Z,200,0,,0.021397,0.069767,158101.5,0.217072,40,73,71,129,1.816901,3.057263,0.075,0.046512,3,0,0.0,0.0
0x063ec714f1c7d45be9b20a637089957676c0426a,ethereum,0,other,labelled:entity,tagged_ethereum,2021-11-02T12:19:22Z,3,1,,0.122091,0.5,2061842.0,0.626405,1,2,1,2,2.0,,0.0,0.0,0,0,0.0,0.0
0x065ac3d33fec104fba9f2f4d674afaa7c4ebcf43,ethereum,0,Bitget,customer,tagged_ethereum,2025-03-24T10:27:35Z,183,0,,0.0,0.222222,444.0,0.980388,131,14,156,27,0.173077,1.247279,0.868852,0.296296,1,1,0.0,0.0
0x06920f8bf39e539661b2c931e7950b23cb6eae0c,ethereum,0,Bilaxy,customer,tagged_ethereum,2026-06-06T11:57:11Z,4,1,Binance,0.994152,1.0,14424.0,0.005848,2,1,2,2,1.0,,0.0,1.0,1,1,0.0,1.0
0x06b1a7a503ca993cafaed93979a417f90266a7f1,ethereum,0,Deribit,labelled:exchange,tagged_ethereum,2024-05-21T11:41:47Z,3,1,Deribit,0.999937,1.0,132.0,0.500032,2,1,2,1,0.5,,0.333333,0.0,0,0,1.0,0.0
0x06b246ab1ade69b9e88f49068f4d50fdf54af8f2,ethereum,0,Bilaxy,customer,tagged_ethereum,2023-01-23T07:09:59Z,162,1,,0.0,0.079365,3689796.0,0.156219,71,53,99,63,0.636364,1.678493,0.302469,0.079365,5,0,0.0,0.0
0x073cc2575704eae9914ebbf91c201423c5484735,ethereum,0,Bitget,customer,tagged_ethereum,2024-02-26T05:48:23Z,5,1,,0.0,0.333333,44034.0,0.5,2,3,2,3,1.5,0.9978,0.0,0.0,0,0,0.0,0.0
0x07992afe33df1f4e120ade98df19a0097bd1d0a3,ethereum,0,Bilaxy,customer,tagged_ethereum,2022-07-08T18:37:59Z,127,0,Binance,0.084329,0.067568,3376800.0,0.323062,34,43,53,74,1.396226,1.728613,0.015748,0.135135,5,0,0.0,0.027027
0x07a0f38de768169cbb3a51e04f3110c3e9af62d7,ethereum,1,Bitget,explorer_tag,tagged_ethereum,2024-05-11T14:40:11Z,3,1,Bitget,0.998291,1.0,14382726.0,0.001709,1,1,1,2,2.0,,0.0,0.0,0,0,1.0,0.0
0x083557324f5a839ffaeaa5b399cda8dcd77e45cc,ethereum,1,Bilaxy,explorer_tag,tagged_ethereum,2022-04-09T09:19:39Z,37,1,Binance,0.990815,1.0,1956.0,0.090158,2,1,24,13,0.541667,0.823376,0.675676,0.076923,1,0,1.0,0.0
0x084d7bc745bc968a5d85051c6f924d1cc0be542f,ethereum,0,Bilaxy,customer,tagged_ethereum,2023-01-16T15:00:23Z,195,1,Binance,0.012594,0.042328,1492278.0,0.114129,5,140,6,189,31.5,7.163413,0.0,0.005291,1,0,0.0,0.005291
0x088be4207f51f65fe4eb8c36786a1875734c11e2,ethereum,0,Deribit,labelled:exchange,tagged_ethereum,2023-03-14T03:50:11Z,5,1,Deribit,1.0,1.0,108.0,0.75,4,1,4,1,0.25,,0.2,0.0,0,0,1.0,0.0
0x089af6fce3c37510b1654b50e6d3073c620f6e8f,ethereum,1,Bitget,explorer_tag,tagged_ethereum,2024-02-20T10:30:11Z,3,1,Bitget,0.998667,1.0,17825262.0,0.001333,1,1,1,2,2.0,,0.0,0.0,0,0,1.0,0.0
0x08b5d1f9c85fe89f8bc032031b2c884d34d2df0f,ethereum,0,Bitget,customer,tagged_ethereum,2025-03-18T21:26:35Z,4,1,,0.517232,0.5,304338.0,0.000572,1,2,2,2,1.0,,0.0,0.5,1,0,0.0,0.0
0x08e4a8f64c21ae049e1b5e97e25934036e5b14b1,ethereum,1,Bilaxy,explorer_tag,tagged_ethereum,2025-03-07T18:24:35Z,6,1,,,,,1.0,3,0,6,0,0.0,,0.0,,0,,,
0x09b888a05925566aa0c029003a0a45dedb55fdb6,ethereum,1,Bitget,explorer_tag,tagged_ethereum,2024-01-13T12:39:11Z,6,1,Bitget,0.665529,0.666667,3354.0,0.001137,1,2,3,3,1.0,0.999926,0.0,0.0,0,0,1.0,0.0
0x09cf46813c7c1f6b733216dae4ec42dab2cc0778,ethereum,1,Bilaxy,explorer_tag,tagged_ethereum,2024-01-21T15:28:59Z,8,1,Binance,1.0,1.0,8519448.0,0.285714,4,1,7,1,0.142857,,0.75,1.0,1,0,1.0,1.0
0x09d560fb4fca6abc4a29da429f6c4cc16a120917,ethereum,0,Bitget,customer,tagged_ethereum,2022-04-10T10:58:41Z,192,0,Bitget,0.0,0.165354,1925214.0,0.268098,26,28,65,127,1.953846,3.685877,0.348958,0.023622,2,0,0.0,0.023622
0x0a054ce91bcf1008d683383692b36ebbe70d7d12,ethereum,0,other,labelled:entity,tagged_ethereum,2024-01-05T18:08:47Z,2,1,,1.0,1.0,246168.0,0.0,1,1,1,1,1.0,,1.0,0.0,0,1,0.0,0.0
0x0a1c40ddf98a2be8d101dec071c1536a72c574c2,ethereum,1,Bitget,explorer_tag,tagged_ethereum,2024-01-21T16:05:35Z,3,1,Bitget,0.998844,1.0,19105590.0,0.001156,1,1,1,2,2.0,,0.0,0.0,0,0,1.0,0.0
0x0a3e451d495c9abd2e934e3f98892b8e641fe1fb,ethereum,0,Deribit,labelled:exchange,tagged_ethereum,2025-01-22T11:55:35Z,4,1,Deribit,0.999965,1.0,1506516.0,3.5e-05,1,1,2,2,1.0,,0.5,0.0,0,0,1.0,0.0
0x0a6b4e8be93fef6e456cd5203a2f5f32d038ca3d,ethereum,1,Bilaxy,explorer_tag,tagged_ethereum,2023-05-01T22:08:59Z,5,1,,,,,1.0,4,0,5,0,0.0,,0.0,,0,,,
0x0b134fd023d7d7dc6e4808b47045e7aa786c75fc,ethereum,0,Bitget,customer,tagged_ethereum,2024-12-30T19:46:35Z,5,1,,0.9942,0.666667,3696.0,0.5,2,2,2,3,1.5,0.897196,0.0,0.0,0,0,0.0,0.0
0x0b280b3b655f8389605d1a79a2a09638a1c0287d,ethereum,0,Bitget,customer,tagged_ethereum,2023-07-09T07:57:59Z,27,1,Binance,0.402475,0.1875,32040.0,0.181818,8,11,11,16,1.454545,2.579275,0.0,0.1875,2,1,0.0,0.1875
0x0b6438f10fdae49e48815c4b5222b562789fb9f6,ethereum,0,Celsius,labelled:custodial_wallet,tagged_ethereum,2020-05-29T13:02:05Z,200,0,,0.004,0.01005,363230.0,0.602,1,198,1,199,199.0,4.051866,0.0,0.0,0,1,0.0,0.0
0x0bc833b3719d14fec4c94c8507c28f78ca1406d8,ethereum,0,other,labelled:entity,tagged_ethereum,2022-12-02T14:47:59Z,2,1,,1.0,1.0,8004.0,0.0,1,1,1,1,1.0,,1.0,0.0,0,1,0.0,0.0
0x0be9c04445849494b0b5518201927cdd568c8e1a,ethereum,0,Bilaxy,customer,tagged_ethereum,2024-03-24T09:35:35Z,7,1,,0.007363,0.25,246.0,0.009363,3,4,3,4,1.333333,0.816814,0.0,0.0,0,1,0.0,0.0
0x0beb7593e036f8326d59992c5021dbb047ea6446,ethereum,0,Bilaxy,customer,tagged_ethereum,2024-03-24T11:52:35Z,6,1,,0.082564,0.25,127044.0,0.0,2,4,2,4,2.0,1.355307,0.0,0.5,1,1,0.0,0.0
0x0c01089aedc45ab0f43467cceca6b4d3e4170bea,ethereum,0,Korbit,labelled:exchange,tagged_ethereum,2019-08-08T15:58:26Z,200,0,Korbit,0.420345,0.518519,2530212.0,0.724033,167,4,173,27,0.156069,2.314617,0.19,0.0,0,0,0.62963,0.0
0x0c10bba91de02fe16de5d4a5d34ea4b228fdf9c4,ethereum,0,other,labelled:entity,tagged_ethereum,2021-01-07T13:04:32Z,51,1,,0.998643,0.978723,219.0,0.5,2,2,4,47,11.75,6.543299,0.0,0.0,0,0,0.0,0.0
0x0c5c6ac81772e3a1cdd8942af34c32a63b88ba7c,ethereum,0,other,labelled:entity,tagged_ethereum,2023-01-12T18:01:59Z,35,1,,0.80035,0.875,241560.0,0.052632,5,2,19,16,0.842105,1.004449,0.971429,0.0,0,1,0.0,0.0
0x0c7e92b356ccf31f90f0d470a3d0c1ecde8cbaec,ethereum,0,Bilaxy,customer,tagged_ethereum,2024-03-24T12:01:23Z,6,1,,0.118964,0.25,8136.0,0.0,2,4,2,4,2.0,1.410457,0.0,0.5,1,1,0.0,0.0
0x0c89a7511c52b753b5fef271cf89081bed4124b9,ethereum,0,Bilaxy,customer,tagged_ethereum,2025-12-15T07:09:23Z,10,1,,0.5,0.5,469842.0,0.750004,8,2,8,2,0.25,,0.2,1.0,1,0,0.0,0.0
0x0c91ff32527421d69e587f74ee6862ef4e63c64f,ethereum,0,Bilaxy,customer,tagged_ethereum,2024-05-24T18:48:35Z,18,1,Binance,0.964784,0.7,1284.0,0.010671,2,4,8,10,1.25,1.843844,0.0,0.8,2,0,0.0,0.2
0x0ca19fd64c08f3dfc5fc3080597d85b04cbfbf93,ethereum,0,Bilaxy,customer,tagged_ethereum,2021-05-31T20:28:04Z,200,0,,0.004467,0.081633,3478.5,0.537082,52,129,53,147,2.773585,3.652838,0.0,0.006803,1,0,0.0,0.0
0x0ca84a1c4964078c8385ab323ad1cb7db2b55138,ethereum,0,Bilaxy,customer,tagged_ethereum,2024-01-10T17:26:11Z,25,1,,0.225873,0.333333,109296.0,0.101193,5,7,13,12,0.923077,2.165756,0.16,0.25,1,1,0.0,0.0
0x0ccdbaca9708701e6b7c87399855fc60e5f68a55,ethereum,0,Deribit,labelled:exchange,tagged_ethereum,2023-08-25T02:49:59Z,5,1,Deribit,0.999976,1.0,60.0,0.333349,3,1,3,2,0.666667,,0.0,0.0,0,0,1.0,0.0
0x0d2931338b723a116122dfca57c25696dedefdb4,ethereum,0,Deribit,labelled:exchange,tagged_ethereum,2022-12-02T21:01:59Z,63,1,Deribit,0.999999,0.888889,564.0,0.189547,21,3,45,18,0.4,1.379131,0.460317,0.277778,3,0,0.888889,0.166667
0x0d9e05d269dc244461825cfbf53de85ee2287f29,ethereum,0,Bitget,customer,tagged_ethereum,2024-01-23T07:21:35Z,17,1,,0.267685,0.285714,970308.0,0.1,9,5,10,7,0.7,1.262824,0.0,0.0,0,1,0.0,0.0
0x0dd2822905ea6d44c26dd88d7e2334cb3a1ae5f2,ethereum,0,Bitget,customer,tagged_ethereum,2019-07-04T02:22:26Z,200,0,,0.6,1.0,854.0,0.999992,197,1,199,1,0.005025,,0.0,0.0,0,0,0.0,0.0
0x0e76f48a443a5d1f4fa5a1e8e9ea00fb032b130f,ethereum,0,Bitget,customer,tagged_ethereum,2024-05-27T04:27:11Z,7,1,,0.668893,0.5,14172.0,0.333476,3,3,3,4,1.333333,1.230972,0.0,0.0,0,0,0.0,0.0
0x0ed95624710cf7d56330e03bac3f3fd200b52178,ethereum,0,Bitget,customer,tagged_ethereum,2024-02-11T01:34:47Z,200,0,MEXC,0.25,0.415929,161052.0,0.176013,34,20,87,113,1.298851,1.762871,0.0,0.079646,4,0,0.0,0.070796
0x0ef2cb740618835de86de17c2364464c149f5013,ethereum,0,Bilaxy,customer,tagged_ethereum,2021-09-05T08:35:33Z,7,1,,0.052491,0.2,12465181.0,0.5,2,5,2,5,2.5,0.734049,0.0,0.0,0,0,0.0,0.0
0x0f6e85fd504dd3154517c8df4fe5951ff6c6b5cc,ethereum,0,Bilaxy,customer,tagged_ethereum,2023-05-05T11:33:35Z,3,1,,0.916702,0.5,8910.0,0.024327,1,2,1,2,2.0,,0.0,0.0,0,1,0.0,0.0
0x0f85f33b93da5726f0cca9aa36c706c637df45da,ethereum,0,Deribit,labelled:exchange,tagged_ethereum,2024-11-15T11:01:23Z,5,1,Deribit,0.999985,1.0,168.0,0.333344,3,1,3,2,0.666667,,0.0,0.0,0,0,1.0,0.0
0x0fcff154753e337983613889b69dd85fe8a1a145,ethereum,0,other,labelled:entity,tagged_ethereum,2022-07-20T16:28:12Z,159,1,Coinbase,0.262361,0.491228,3828.0,0.056509,10,5,102,57,0.558824,2.740968,0.0,0.982456,2,0,0.491228,0.982456
0x103a7593f50d4e0ef3f235c4cd67cad75c836d7c,ethereum,1,Bitget,explorer_tag,tagged_ethereum,2024-02-06T20:53:11Z,33,1,Bitget,1.0,1.0,823212.0,0.8,5,1,5,28,5.6,1.490013,0.0,0.0,0,0,1.0,0.0
0x10641683de98700a1aee34d2aca2c7806afa8672,ethereum,1,Bitget,explorer_tag,tagged_ethereum,2024-03-01T18:46:23Z,195,0,Bitget,0.995607,1.0,300.0,0.074939,18,1,116,79,0.681034,2.14006,0.825641,0.189873,1,0,1.0,0.189873
0x10730d989ef1cbcef5807f3a9e43ba6748898c5a,ethereum,1,Bitget,explorer_tag,tagged_ethereum,2024-02-01T13:12:11Z,6,1,Bitget,0.99924,1.0,16021500.0,0.33384,2,1,3,3,1.0,0.649233,0.0,0.0,0,0,1.0,0.0
0x107c985f7855698fe7e6f090b91bd9496b965b2c,ethereum,0,Bitget,customer,tagged_ethereum,2023-12-04T18:14:23Z,199,0,,0.0,0.210526,5359980.0,0.361742,43,56,85,114,1.341176,3.411706,0.030151,0.017544,1,0,0.0,0.0
0x10b4f33efb6eb11069afa74784bef841cf404a0e,ethereum,1,Bilaxy,explorer_tag,tagged_ethereum,2023-05-01T20:03:35Z,169,1,Binance,0.946084,0.861111,1953372.0,0.071429,99,2,133,36,0.270677,1.555527,0.100592,0.0,0,0,0.861111,0.0
0x10c8c36e0eaabe03329348f2757f81008da9eaf1,ethereum,0,Bilaxy,customer,tagged_ethereum,2023-01-04T08:29:59Z,98,1,,0.110784,0.1,177126.0,0.328227,10,34,18,80,4.444444,2.334172,0.765306,0.125,2,1,0.0,0.0
0x10dd9c9934bbb295ba284f16ece1aa39ee206129,ethereum,1,Bilaxy,explorer_tag,tagged_ethereum,2024-06-25T17:42:23Z,1,1,,,,,1.0,1,0,1,0,0.0,,0.0,,0,,,
0x10ea807454ee0fca3db727f3fa56d969052fc70f,ethereum,0,Bilaxy,customer,tagged_ethereum,2020-12-17T14:01:57Z,165,0,,0.077064,0.206522,2561224.5,0.196387,23,37,73,92,1.260274,4.477163,0.587879,0.01087,1,1,0.0,0.0
0x1156e89668eb169f3e4450bd248886a64e6bf35a,ethereum,1,Bitget,explorer_tag,tagged_ethereum,2024-01-10T08:08:35Z,156,1,Bitget,1.0,0.978947,60972.0,0.131148,9,2,61,95,1.557377,1.446852,0.0,0.0,0,0,0.978947,0.0
0x115d6bb604ecdb452a84a2f7e6d6df3987c2656c,ethereum,0,Bilaxy,customer,tagged_ethereum,2023-02-01T19:16:59Z,197,0,Binance,0.299332,0.258065,162750.0,0.028946,33,15,104,93,0.894231,1.247354,0.664975,0.150538,6,0,0.0,0.086022
0x116410284b8b33070dd8ef18dcab3825e99643b0,ethereum,1,Bilaxy,explorer_tag,tagged_ethereum,2021-11-23T20:06:39Z,35,1,Binance,0.9998,1.0,334897.0,0.0002,9,1,22,13,0.590909,1.721728,0.0,0.0,0,0,1.0,0.0
0x11e0eacac98bca1a68fd992e0aea5cce00cb6fc7,ethereum,0,Bitget,customer,tagged_ethereum,2023-04-13T14:41:11Z,54,1,,0.405588,0.25,2494506.0,0.413178,8,10,34,20,0.588235,1.732499,0.0,0.0,0,0,0.0,0.0
0x120cd6922dd8decb9597acfab29482890ad039af,ethereum,0,Deribit,labelled:exchange,tagged_ethereum,2025-08-13T11:14:47Z,2,1,Deribit,0.999985,1.0,60.0,1.5e-05,1,1,1,1,1.0,,0.0,0.0,0,0,1.0,0.0
0x12bae21e4ec567bdeb92ec1e01629f053465bebd,ethereum,0,Bitget,customer,tagged_ethereum,2024-12-10T08:54:11Z,25,1,Bitget,0.404782,0.230769,2544.0,0.167161,7,9,12,13,1.083333,2.644464,0.64,0.615385,2,0,0.153846,0.307692
0x12f1fced2afa07b04ad6379be0dd951bdb76879d,ethereum,0,Bilaxy,customer,tagged_ethereum,2024-02-13T00:21:35Z,197,1,Binance,0.400546,0.478723,1095228.0,0.208405,18,8,103,94,0.912621,2.527489,0.0,0.914894,9,1,0.0,0.617021
0x12fadeda3c198c49bf9fe93f613077803be01ab6,ethereum,0,Bilaxy,customer,tagged_ethereum,2024-03-14T12:34:47Z,15,1,,0.514662,0.25,466470.0,0.33365,3,9,3,12,4.0,0.853978,0.0,0.0,0,0,0.0,0.0
0x13d4ec1e9eeabb060a73567316ba4e0a7784e7c2,ethereum,0,Deribit,labelled:exchange,tagged_ethereum,2022-11-04T14:32:47Z,23,1,Deribit,1.0,1.0,3146910.0,0.394674,13,1,17,6,0.352941,1.155914,0.304348,0.166667,1,0,1.0,0.166667
0x14b14c32befb529b41f783b8ee0ba9023bb4a402,ethereum,1,Bilaxy,explorer_tag,tagged_ethereum,2022-09-19T06:37:23Z,59,1,Binance,0.983902,1.0,2273520.0,0.127724,11,1,50,9,0.18,2.134274,0.169492,0.555556,3,0,1.0,0.0
0x14b5321cfc430bae652528d171a11140a488562b,ethereum,1,Bilaxy,explorer_tag,tagged_ethereum,2023-05-05T13:26:47Z,38,1,Binance,0.991475,1.0,852.0,0.146496,8,1,23,15,0.652174,2.08353,0.789474,0.066667,1,0,1.0,0.066667
0x14f31e07e59bc4f7124943fbcaf67e9b7c5eee9d,ethereum,1,Bitget,explorer_tag,tagged_ethereum,2024-10-20T09:44:11Z,6,1,Bitget,0.999187,1.0,384.0,0.000813,2,1,3,3,1.0,0.825728,0.0,0.333333,1,0,1.0,0.333333
0x1503ac412a0c5501a8024903f74f7f0bb4e7fdda,ethereum,0,Bitget,customer,tagged_ethereum,2024-06-06T07:55:47Z,200,0,Bitget,0.503968,0.601852,4908.0,0.152646,34,27,92,108,1.173913,3.22442,0.0,0.194444,4,0,0.0,0.175926
0x150bcf49ee8e2bd9f59e991821de5b74c6d876aa,ethereum,0,other,labelled:entity,tagged_ethereum,2025-01-21T11:28:47Z,200,0,Kraken,0.0,1.0,11436.0,1.0,7,1,199,1,0.005025,,0.0,0.0,0,0,1.0,0.0
0x150fcc5447858b1d340461f5ce09645d0cf97b5f,ethereum,1,Bitget,explorer_tag,tagged_ethereum,2024-10-15T14:39:47Z,29,1,Bitget,0.5,0.466667,948.0,6.7e-05,2,3,14,15,1.071429,1.815828,0.0,0.0,0,0,1.0,0.0
0x15139cb277c73eae3aac9c63a661dd3cf824d618,ethereum,1,Bilaxy,explorer_tag,tagged_ethereum,2025-11-09T18:39:35Z,1,1,,,,,1.0,1,0,1,0,0.0,,0.0,,0,,,
0x1522022ca54bb341422782d836bea01d355d172a,ethereum,0,Bitget,customer,tagged_ethereum,2024-01-04T16:02:47Z,200,0,,0.330388,0.041958,37470.0,0.350291,56,136,57,143,2.508772,3.931284,0.0,0.202797,10,1,0.0,0.0
0x15255264b31feffce8a4a251781644f627285af7,ethereum,0,Bilaxy,customer,tagged_ethereum,2025-05-30T15:21:35Z,4,1,,0.447397,0.5,1382646.0,0.052603,2,2,2,2,1.0,,0.5,0.5,1,1,0.0,0.0
0x15279388766e8f3144fd137f21e0999a6f1e6b2a,ethereum,1,Bitget,explorer_tag,tagged_ethereum,2024-07-06T21:20:47Z,16,1,Bitget,0.999543,1.0,11629470.0,0.1254,8,1,8,8,1.0,2.373828,0.0,0.0,0,0,1.0,0.0
0x153f019038499312c4e878da283c074c26187442,ethereum,0,Bitget,customer,tagged_ethereum,2024-11-04T05:49:35Z,4,1,,0.868445,0.666667,2208.0,0.0,1,2,1,3,3.0,0.981368,0.0,0.0,0,0,0.0,0.0
0x1592b64fae013f0360384be457dad46d7b9c4cd4,ethereum,0,Bilaxy,customer,tagged_ethereum,2025-02-08T08:51:23Z,40,1,Binance,0.252416,0.380952,88848.0,0.458968,17,12,19,21,1.105263,2.351318,0.05,0.095238,2,0,0.0,0.047619
0x162889b555482a283609b707891ac5e5bab4960a,ethereum,1,Bilaxy,explorer_tag,tagged_ethereum,2024-11-13T06:18:23Z,22,1,Binance,0.991415,1.0,50450076.0,0.008585,13,1,21,1,0.047619,,0.0,0.0,0,0,1.0,0.0
0x163303fb4b8c912e8d9c58b792ae331e510d26aa,ethereum,0,Bitget,customer,tagged_ethereum,2024-01-13T05:52:11Z,200,0,OKX,0.120587,0.631068,70356.0,0.082501,21,17,97,103,1.061856,4.118159,0.0,0.029126,1,0,0.0,0.029126
0x16475a3d93c9d40f9ae5dcb4a778096676c5db19,ethereum,0,Bilaxy,customer,tagged_ethereum,2024-05-04T06:48:35Z,69,1,Binance,0.734702,0.756757,18396.0,0.0625,19,4,32,37,1.15625,2.192448,0.173913,0.378378,6,1,0.0,0.27027
0x164be1c9bf17c40a0972eb72b7878aeb4c584da3,ethereum,0,other,labelled:entity,tagged_ethereum,2025-05-28T07:14:59Z,4,1,,,,,1.0,4,0,4,0,0.0,,0.0,,0,,,
0x164f4611c9cd8abb45f8db664c52998a13ce960c,ethereum,1,Bitget,explorer_tag,tagged_ethereum,2024-01-20T02:16:35Z,27,1,Bitget,0.999916,1.0,696.0,0.375053,9,1,16,11,0.6875,1.508182,0.074074,0.272727,1,0,1.0,0.0
0x16b337b3569dd90bdee0a9e76d7e39b1cd91a783,ethereum,0,Bitget,customer,tagged_ethereum,2023-01-17T15:11:35Z,3,1,,0.999917,1.0,31884048.0,0.500041,2,1,2,1,0.5,,0.0,0.0,0,1,0.0,0.0
0x16c83ee72d9d148d228b3b9c0ba1e43aca85165f,ethereum,1,Bitget,explorer_tag,tagged_ethereum,2024-02-29T08:20:59Z,55,1,Bitget,0.99977,1.0,378.0,0.035936,3,1,28,27,0.964286,1.236272,0.109091,0.0,0,0,1.0,0.0
0x16d0464ec675903b1b92856cf361414ba2bed9ec,ethereum,0,Bilaxy,customer,tagged_ethereum,2023-04-04T05:08:23Z,8,1,Bybit,0.63946,0.666667,530640.0,0.127692,2,2,5,3,0.6,0.82401,0.625,0.666667,1,0,0.0,0.666667
0x16d8a4ef46ae835e256e8cb21f261b8f9ad3b7c7,ethereum,1,Bilaxy,explorer_tag,tagged_ethereum,2023-12-07T17:10:11Z,9,1,Binance,1.0,1.0,3000.0,0.5,4,1,6,3,0.5,0.44871,0.222222,0.0,0,0,1.0,0.0
0x17049311101d817efb1d65910f663662a699c98c,ethereum,0,other,labelled:entity,tagged_ethereum,2015-07-30T15:26:13Z,17,1,Kraken,0.99985,0.666667,16565549.0,0.857217,12,2,14,3,0.214286,0.999972,0.0,0.0,0,0,0.666667,0.0
0x176f8ed4a246437f1c1bfe8bd30b5d1abb0c8585,ethereum,0,Bilaxy,customer,tagged_ethereum,2025-04-16T07:00:59Z,37,1,,0.416105,0.352941,3600.0,0.200497,8,5,20,17,0.85,1.368455,0.324324,0.470588,3,0,0.0,0.0
0x17a01a36561e7c223180804892e2177355c63485,ethereum,0,Bitget,customer,tagged_ethereum,2024-08-23T02:54:47Z,6,1,,0.443422,0.5,16290.0,0.0,2,3,2,4,2.0,0.629976,0.0,0.0,0,0,0.0,0.0
0x17c8a445edee2fa43b44da1adea0d01c81f9c63a,ethereum,0,other,labelled:defi,tagged_ethereum,2020-08-30T14:46:59Z,175,0,,0.493489,0.678571,0.0,0.10989,6,4,91,84,0.923077,9.052588,0.045714,0.0,0,0,0.0,0.0
0x17e1ffdf5f8ca668049da5d27504ca2f5ea5db64,ethereum,1,Bilaxy,explorer_tag,tagged_ethereum,2023-09-02T10:30:23Z,2,1,,,,,1.0,2,0,2,0,0.0,,0.0,,0,,,
0x1807721b23372d97f7e09a63b8c1186930afdf39,ethereum,0,other,labelled:entity,tagged_ethereum,2021-10-13T18:32:44Z,4,1,,0.156029,0.333333,274602.0,0.431275,1,3,1,3,3.0,0.905561,0.0,0.333333,1,0,0.0,0.0
0x182db85293f606e88988c3704cb3f0c0bbbfca5a,ethereum,0,other,labelled:entity,tagged_ethereum,2015-07-30T15:26:13Z,5,1,,0.999997,1.0,27900504.0,0.750001,3,1,4,1,0.25,,0.0,0.0,0,0,0.0,0.0
0x183189792f2cc8b0ebae67e0d22a03ff2df6ce3a,ethereum,1,Bitget,explorer_tag,tagged_ethereum,2024-01-27T03:40:35Z,8,1,Bitget,0.748292,0.75,3892506.0,0.001708,3,2,4,4,1.0,1.190514,0.0,0.0,0,0,1.0,0.0
0x1926252bc3c6c997aa544f0c6a613e820fc50e0a,ethereum,0,Bilaxy,customer,tagged_ethereum,2022-10-02T03:03:11Z,18,1,,0.45941,0.25,2170608.0,0.0,4,10,6,12,2.0,2.251262,0.0,0.0,0,0,0.0,0.0
0x198ef2c35c9b4345724563aa955a0da0a2fa6ce5,ethereum,0,Bilaxy,customer,tagged_ethereum,2023-05-31T11:37:59Z,143,1,,0.051936,0.072581,211914.0,0.0,7,81,19,124,6.526316,5.307293,0.468531,0.016129,1,0,0.0,0.0
0x19ae722b706495cd1072f5d8b2bf7ed67fbdb738,ethereum,0,Bilaxy,customer,tagged_ethereum,2024-11-16T15:25:23Z,10,1,Deribit,0.538107,0.2,3648.0,0.0,5,5,5,5,1.0,1.695435,0.0,0.6,2,0,0.0,0.2
0x19c4268a9e0f369ab7f6bbe485f4eb432f98e9ae,ethereum,0,Bilaxy,customer,tagged_ethereum,2024-03-07T03:32:35Z,7,1,,0.5,0.333333,1638660.0,0.0,3,3,4,3,0.75,0.99981,0.285714,0.333333,1,1,0.0,0.0
0x19c9b0eb1a2fcd6fd7a6136b4533b478f57c4d40,ethereum,0,Bilaxy,customer,tagged_ethereum,2023-07-14T20:20:47Z,197,0,,0.11598,0.085106,137700.0,0.207836,58,48,103,94,0.912621,2.436896,0.076142,0.212766,9,0,0.0,0.0
0x19d06f9ed3fddf501e415749cd8a2a318d35c585,ethereum,1,Bilaxy,explorer_tag,tagged_ethereum,2024-03-18T01:57:47Z,2,1,,,,,1.0,2,0,2,0,0.0,,0.0,,0,,,
0x19dd892094d0e4633d963ed64ebe65b88a9f5efd,ethereum,0,Deribit,labelled:exchange,tagged_ethereum,2025-08-27T02:13:35Z,16,1,Deribit,0.999999,1.0,2136.0,0.23077,6,1,13,3,0.230769,0.863495,0.5,1.0,2,0,1.0,0.666667
0x1a01eb255a140dada3e2294b4143cc3928c7fcd5,ethereum,1,Bitget,explorer_tag,tagged_ethereum,2024-04-14T16:33:11Z,3,1,Bitget,,1.0,,1.0,1,1,1,2,2.0,,0.0,0.0,0,0,1.0,0.0
0x1a49bfe2a6b18f57fa6be0f79f9d058b405be47b,ethereum,0,Bilaxy,customer,tagged_ethereum,2022-05-16T05:58:55Z,51,1,OKX,0.017587,0.16,352428.0,0.115385,17,17,26,25,0.961538,2.25961,0.176471,0.4,4,0,0.0,0.16
0x1a88df1cfe15af22b3c4c783d4e6f7f9e0c1885d,ethereum,0,other,labelled:defi,tagged_ethereum,2024-01-23T13:35:23Z,200,0,,0.000237,0.071429,633558.0,0.661546,138,14,186,14,0.075269,1.569124,0.0,0.0,0,0,0.0,0.0
0x1ab46076c40e348abfd42c7178b19c8b08418f23,ethereum,0,Bitget,customer,tagged_ethereum,2026-02-24T12:10:23Z,3,1,,1.0,1.0,12.0,0.0,1,1,1,2,2.0,,0.0,0.0,0,0,0.0,0.0
0x1ad00d599fa9292b9bed1b5df1ac485c09f822ed,ethereum,0,Bilaxy,customer,tagged_ethereum,2023-12-22T16:16:35Z,14,1,,0.008443,0.5,101202.0,0.687462,8,3,8,6,0.75,1.292671,0.142857,0.0,0,0,0.0,0.0
0x1b175c9c01781fc0b39ee4c45a204eff00071a98,ethereum,0,Deribit,labelled:exchange,tagged_ethereum,2023-07-24T19:56:35Z,53,1,Deribit,0.999793,0.95,60.0,0.212284,9,2,33,20,0.606061,3.242527,0.018868,0.0,0,0,0.95,0.0
0x1baec0d23d46233cb528a531cd41533e1f770bf7,ethereum,0,Deribit,labelled:exchange,tagged_ethereum,2024-03-13T11:57:47Z,10,1,Deribit,0.999933,1.0,72.0,0.166734,5,1,6,4,0.666667,0.459941,0.2,0.25,1,0,1.0,0.25
0x1bde3e873b9d37943ddc41d97426a3a46aa4edba,ethereum,0,Bitget,customer,tagged_ethereum,2023-09-28T14:21:35Z,36,1,Coinbase,0.087518,0.272727,100026.0,0.084643,11,12,14,22,1.571429,1.891144,0.083333,0.090909,3,1,0.045455,0.0
0x1be1fdc154a7f95e802badb2d33a647477e8cecb,ethereum,1,Bilaxy,explorer_tag,tagged_ethereum,2025-02-02T19:05:59Z,2,1,,,,,1.0,2,0,2,0,0.0,,0.0,,0,,,
0x1c2785068b3c6b89d8fb2e46d3f453fdef74d181,ethereum,0,Deribit,labelled:exchange,tagged_ethereum,2025-07-21T08:20:23Z,3,1,Deribit,0.999988,1.0,300.0,1.2e-05,1,1,2,1,0.5,,0.0,1.0,1,0,1.0,0.0
0x1c29147911fb2cc5bd76c9472a40fa2402535fc5,ethereum,0,Bitget,customer,tagged_ethereum,2024-01-11T07:23:47Z,5,1,,0.0,0.333333,41838.0,0.5,2,3,2,3,1.5,0.998058,0.0,0.0,0,0,0.0,0.0
0x1c32470c9818163c2e26a578cd7be950a31b3648,ethereum,0,Deribit,labelled:exchange,tagged_ethereum,2023-09-28T18:02:59Z,14,1,Deribit,0.999967,1.0,26486328.0,0.595556,9,1,13,1,0.076923,,0.142857,0.0,0,0,1.0,0.0
0x1c4b8717a3eff560c49d09e7409819cb81fece4b,ethereum,0,other,labelled:entity,tagged_ethereum,2024-12-27T21:43:47Z,31,1,,0.499123,0.411765,432.0,0.285714,6,8,14,17,1.214286,1.118277,0.064516,0.0,0,0,0.0,0.0
0x1c5857e110cd8411054660f60b5de6a6958cfae2,ethereum,0,other,labelled:entity,tagged_ethereum,2019-10-12T01:20:20Z,3,0,,,,,1.0,3,0,3,0,0.0,,0.0,,0,,,
0x1ca02c0fe049a2e6cfae1a673b52736eb666f906,ethereum,1,Bitget,explorer_tag,tagged_ethereum,2021-12-04T00:08:22Z,12,1,Bitget,0.513711,0.5,2112.0,0.001053,3,4,6,6,1.0,0.915886,0.333333,0.333333,2,0,0.833333,0.166667
0x1cf33feb481d5745a5a70d1e15d2e9fac7d24df6,ethereum,0,Bilaxy,customer,tagged_ethereum,2023-10-19T13:04:47Z,2,1,,0.984716,1.0,2346072.0,0.015284,1,1,1,1,1.0,,0.0,0.0,0,0,0.0,0.0
0x1dd4853a418546ad263e38c10c9257da8a10ee44,ethereum,1,Bilaxy,explorer_tag,tagged_ethereum,2025-03-12T01:32:47Z,2,1,,,,,1.0,2,0,2,0,0.0,,0.0,,0,,,
0x1e2981897cd8f56525c36ebd12544de1bab6cc3c,ethereum,0,Bitget,customer,tagged_ethereum,2023-04-13T10:13:11Z,8,1,,0.003354,0.4,1812156.0,0.333333,3,3,3,5,1.666667,1.145542,0.0,0.0,0,1,0.0,0.0
0x1eaed3cd8ff26d2fa62e3e947ba1c7f3890b494f,ethereum,0,Bilaxy,customer,tagged_ethereum,2023-09-06T01:00:23Z,199,0,,0.136224,0.242236,1367244.0,0.077332,14,45,38,161,4.236842,3.367306,0.874372,0.074534,6,0,0.0,0.0
0x1eaffd79ddf9b7cfc2daf2c4cfd9725257ee6913,ethereum,0,other,labelled:entity,tagged_ethereum,2021-01-24T18:37:03Z,26,1,,0.305723,0.857143,172379.0,0.0,2,2,12,14,1.166667,0.65459,0.0,0.0,0,0,0.0,0.0
0x1ec2c76db16c2c39c37489c39cab5b23214d241f,ethereum,1,Bitget,explorer_tag,tagged_ethereum,2024-01-26T23:38:35Z,4,1,Bitget,0.999531,1.0,18868104.0,0.500234,2,1,2,2,1.0,,0.0,0.0,0,0,1.0,0.0
0x1ee81a815cb4b1103583d20b0322fde70af4bcd6,ethereum,0,Bitget,customer,tagged_ethereum,2024-04-30T18:59:59Z,13,1,,0.324162,0.428571,5568.0,0.063124,5,5,6,7,1.166667,1.434363,0.0,0.285714,1,1,0.0,0.0
0x1f3fc7d08339eac966371db5e3956512d5c45eca,ethereum,0,Bitget,customer,tagged_ethereum,2020-06-08T19:40:47Z,194,0,,0.015535,0.113636,1570.5,0.08019,33,28,106,88,0.830189,4.347536,0.118557,0.022727,1,0,0.0,0.0
0x1f45fb0412ee116715ab2f9ab2a40eb95b1961a2,ethereum,0,Bitget,customer,tagged_ethereum,2024-07-15T12:02:35Z,5,1,,0.88588,0.5,68940.0,0.0,1,3,1,4,4.0,1.289653,0.0,0.0,0,0,0.0,0.0
0x1f4fc88ad9654cc055832c3adaec46f8acbecfcd,ethereum,0,Bilaxy,customer,tagged_ethereum,2020-11-19T16:05:01Z,4,1,,0.955354,1.0,28794096.0,0.044646,1,1,3,1,0.333333,,0.0,0.0,0,0,0.0,0.0
0x1f6f1e0b9d2583ac2ab9cdafe4eabe6610bad71b,ethereum,0,Deribit,labelled:exchange,tagged_ethereum,2024-06-01T06:04:35Z,4,1,Deribit,0.999965,1.0,6834828.0,3.5e-05,2,1,3,1,0.333333,,0.0,0.0,0,0,1.0,0.0
0x1fb3256adb743d35f86faa70e0c42f5a285997a7,ethereum,0,Bilaxy,customer,tagged_ethereum,2024-02-14T18:14:11Z,11,1,Bybit,0.003561,0.166667,2652.0,0.292597,2,6,5,6,1.2,1.022792,0.0,0.5,1,0,0.0,0.5
0x2003e8916a336feb472872ca6f1c01bac26f43c2,ethereum,0,Bilaxy,customer,tagged_ethereum,2026-09-25T22:00:47Z,2,1,,0.886178,1.0,36.0,0.113822,1,1,1,1,1.0,,0.0,1.0,1,1,0.0,0.0
0x202f3b14a8fd0b2b9cf0fa9312439fe16d7a0919,ethereum,0,Bilaxy,customer,tagged_ethereum,2023-04-03T17:08:59Z,37,1,Binance,0.125505,0.136364,544080.0,0.133617,12,16,15,22,1.466667,1.315853,0.0,0.227273,5,1,0.0,0.136364
0x2031e44dd570a57586d9782331d7f12b8aab439c,ethereum,0,Bitget,customer,tagged_ethereum,2023-12-05T14:40:47Z,68,1,,0.99919,0.780488,38939394.0,0.074824,11,7,27,41,1.518519,3.68212,0.0,0.0,0,1,0.0,0.0
0x203d514b9433ee138f1b2a4104aa66a2aaaa171c,ethereum,0,Bilaxy,customer,tagged_ethereum,2024-07-10T10:59:23Z,5,1,,0.149208,0.5,204.0,0.36338,2,2,3,2,0.666667,,0.0,1.0,2,0,0.0,0.0
0x208fb18e60fb878f704d71157d84d11c697a7388,ethereum,0,Bitget,customer,tagged_ethereum,2023-10-29T11:00:59Z,17,1,Crypto.Com,0.023069,0.2,28762128.0,0.428595,3,6,7,10,1.428571,1.621748,0.0,0.5,1,0,0.0,0.5
0x2099afe37a3b665a0fa8a162716300503a378757,ethereum,0,Bilaxy,customer,tagged_ethereum,2021-12-01T13:26:22Z,200,0,FTX,0.189966,0.145299,459793.0,0.228298,41,64,83,117,1.409639,3.75419,0.07,0.017094,1,1,0.0,0.017094
0x210f342802a95be9e8cc371961f23524a3d426e7,ethereum,0,other,labelled:entity,tagged_ethereum,2020-11-23T19:42:19Z,56,1,,0.178571,0.178571,0.0,0.0,28,17,28,28,1.0,1.240393,0.0,0.0,0,0,0.0,0.0
0x2189324aecf4ccdb37e47cef1dd905c8e3fb2d60,ethereum,0,Bilaxy,customer,tagged_ethereum,2024-05-04T02:47:59Z,121,1,,0.014232,0.047619,1038.0,0.031393,100,21,100,21,0.21,4.356754,0.0,1.0,100,0,0.0,0.0
0x21d2bb34bf2eff80865584be8ce6bc2fbd0b95cf,ethereum,0,Bitget,customer,tagged_ethereum,2024-05-18T06:29:11Z,6,1,,0.655779,0.333333,3720.0,0.333463,3,3,3,3,1.0,0.818391,0.0,0.0,0,0,0.0,0.0
0x2251b218fd840e93a3a1e34fbe58d10364c5e1d0,ethereum,0,Bilaxy,customer,tagged_ethereum,2022-06-05T07:12:04Z,116,1,Binance,0.376329,0.426667,91665.0,0.049505,13,22,41,75,1.829268,3.974363,0.0,0.16,6,0,0.0,0.08
0x228263231266c12514764d4644af0ad3e0c51351,ethereum,0,Bilaxy,customer,tagged_ethereum,2024-03-24T12:04:47Z,8,1,,0.097461,0.2,252780.0,0.0,3,5,3,5,1.666667,1.041082,0.0,0.4,1,1,0.0,0.0
0x229501235ddeaa4b330b0bc2fd8ea6c8f1e9b166,ethereum,0,Deribit,labelled:exchange,tagged_ethereum,2023-06-05T16:45:47Z,14,1,Deribit,0.999982,1.0,84.0,0.222236,5,1,9,5,0.555556,1.044784,0.714286,0.0,0,0,1.0,0.0
0x22ecb77080dce08bec5fc8b3804842d6417aca23,ethereum,0,Bilaxy,customer,tagged_ethereum,2021-09-23T00:58:30Z,2,1,,0.832502,1.0,94957.0,0.167498,1,1,1,1,1.0,,0.0,0.0,0,0,0.0,0.0
0x22f78d6545598fbc290c278c7309b46084bfdae1,ethereum,0,other,labelled:defi,tagged_ethereum,2022-11-26T09:13:23Z,36,1,,0.141123,0.3125,15200592.0,0.337443,10,11,20,16,0.8,1.155218,0.0,0.0,0,0,0.0,0.0
0x22fff189c37302c02635322911c3b64f80ce7203,ethereum,0,Bilaxy,customer,tagged_ethereum,2021-06-17T10:14:02Z,200,0,,0.0,0.025773,1279349.0,0.640202,3,147,6,194,32.333333,8.747373,0.44,0.0,0,0,0.0,0.0
0x232c0ad3ac79f6f23dfef18c3362e71f88bd3cac,ethereum,0,Deribit,labelled:exchange,tagged_ethereum,2023-01-12T11:34:47Z,2,1,Deribit,0.999941,1.0,60.0,5.9e-05,1,1,1,1,1.0,,0.0,0.0,0,0,1.0,0.0
0x2345b52e2350f4805d078a27a96c25f7ad3beae6,ethereum,0,Deribit,labelled:exchange,tagged_ethereum,2024-08-02T14:01:23Z,2,1,Deribit,0.999899,1.0,276.0,0.000101,1,1,1,1,1.0,,0.0,0.0,0,0,1.0,0.0
0x2349cc4ffa5d3dd42098d6a7e6211e4d146bc600,ethereum,0,Bitget,customer,tagged_ethereum,2025-01-17T16:24:47Z,17,1,,0.0,0.1,116076.0,0.142857,6,10,7,10,1.428571,1.596725,0.0,0.0,0,0,0.0,0.0
0x2349ff6b4183acc2dc3acfa9b4323fa3965c46ff,ethereum,1,Bilaxy,explorer_tag,tagged_ethereum,2022-10-08T20:05:47Z,1,1,,,,,1.0,1,0,1,0,0.0,,0.0,,0,,,
0x235dee079a79daf36f6c528956b59f2e4183d7b7,ethereum,1,Bilaxy,explorer_tag,tagged_ethereum,2021-07-29T09:41:08Z,2,1,Binance,1.0,1.0,14426501.0,0.0,1,1,1,1,1.0,,1.0,0.0,0,0,1.0,0.0
0x2398050214c45211d7e000b1792db9b97ef007d6,ethereum,1,Bilaxy,explorer_tag,tagged_ethereum,2025-07-16T22:25:47Z,9,1,Binance,1.0,1.0,22926972.0,0.875,3,1,8,1,0.125,,0.222222,0.0,0,0,1.0,0.0
0x23c7f29f3a40ac8496e5902a7f27a67c4747c811,ethereum,0,Deribit,labelled:exchange,tagged_ethereum,2023-03-03T06:25:35Z,24,1,Deribit,0.999955,1.0,66.0,0.076964,4,1,13,11,0.846154,1.90318,0.083333,0.090909,1,0,1.0,0.090909
0x241f35f0fbcf08de478787dd4d5b378d78978ce0,ethereum,0,Bilaxy,customer,tagged_ethereum,2024-03-24T11:19:23Z,5,1,,0.03362,0.333333,1995804.0,0.015211,2,3,2,3,1.5,0.999992,0.0,0.0,0,1,0.0,0.0
0x2421f05837502117cf5855accaec8ae3b18c83a9,ethereum,1,Bitget,explorer_tag,tagged_ethereum,2024-08-06T14:27:23Z,39,1,Bitget,0.999908,1.0,372.0,0.050088,2,1,20,19,0.95,1.098085,0.512821,0.052632,1,0,1.0,0.0
0x243c58aa979793f460e2648ceadcccc040e4fcac,ethereum,1,Bilaxy,explorer_tag,tagged_ethereum,2022-04-26T20:47:24Z,4,1,,,,,1.0,3,0,4,0,0.0,,0.0,,0,,,
0x24592d5b9ffe78a574ca8728db1f363f5dc63efd,ethereum,1,Bitget,explorer_tag,tagged_ethereum,2024-03-27T02:19:11Z,3,1,Bitget,0.998665,1.0,17074326.0,0.001335,1,1,1,2,2.0,,0.0,0.0,0,0,1.0,0.0
0x247551f2eb3362e222c742e9c788b8957d9bc87e,ethereum,0,other,labelled:entity,tagged_ethereum,2020-07-13T19:52:18Z,1,0,,,,,1.0,1,0,1,0,0.0,,0.0,,0,,,
0x24aedb6830b1327f00ec7648d7e3b6a51ed6da6a,ethereum,1,Bitget,explorer_tag,tagged_ethereum,2024-02-08T20:11:59Z,21,1,Bitget,0.444444,0.444444,912.0,0.250357,5,3,12,9,0.75,1.236356,0.0,0.111111,1,0,1.0,0.111111
0x24d7dfc9762decd44c0381689b3ca74c2e5927a7,ethereum,0,Deribit,labelled:exchange,tagged_ethereum,2024-03-31T11:27:35Z,27,1,Deribit,0.999943,1.0,288.0,0.157943,9,1,19,8,0.421053,1.421985,0.259259,0.625,3,0,1.0,0.625
0x2566ad6e1e39f7fa0b7ed524133d877cc2d3eb5b,ethereum,1,Bitget,explorer_tag,tagged_ethereum,2024-07-21T10:12:59Z,3,1,Bitget,0.997412,1.0,11320338.0,0.002588,1,1,1,2,2.0,,0.0,0.0,0,0,1.0,0.0
0x258d97cb2549faf59bbf94746b4f4534a6d0d4d5,ethereum,0,Deribit,labelled:exchange,tagged_ethereum,2023-03-10T10:53:59Z,10,1,Deribit,0.999824,1.0,84.0,0.000176,2,1,6,4,0.666667,1.072446,0.0,0.0,0,0,1.0,0.0
0x259d8b0fc484e13119aff3b9fa11050d06919c23,ethereum,1,Bilaxy,explorer_tag,tagged_ethereum,2025-04-02T10:42:47Z,7,1,Binance,1.0,1.0,384.0,0.409987,1,1,5,2,0.4,,0.714286,0.0,0,0,1.0,0.0
0x259fab2dd12343811d62650c571f75d747b7cb1a,ethereum,0,Bitget,customer,tagged_ethereum,2023-06-19T12:29:59Z,10,1,,0.004695,0.428571,21606.0,0.0,3,4,3,7,2.333333,1.120696,0.0,0.0,0,0,0.0,0.0
0x25c1dc489e2480b83865aea51df008d58ad585d2,ethereum,0,Bitget,customer,tagged_ethereum,2026-04-07T12:24:35Z,1,1,,,1.0,,,0,1,0,1,,,0.0,0.0,0,1,0.0,0.0
0x268b85a13faba3c45151a4d2b81fdfe07c4ad701,ethereum,0,Bitget,customer,tagged_ethereum,2023-01-10T17:57:35Z,195,0,Binance,0.132124,0.137931,8406.0,0.257871,26,32,79,116,1.468354,2.772144,0.0,0.224138,6,0,0.0,0.008621
0x26963ac7da01a94a972637787e60db54e454cfec,ethereum,0,Bitget,customer,tagged_ethereum,2023-08-05T01:22:23Z,52,1,,0.002862,0.315789,1236.0,0.071429,7,11,14,38,2.714286,3.219832,0.0,0.0,0,0,0.0,0.0
0x274c042a7a8fd1796c108e3372a07a1122512e38,ethereum,0,Bilaxy,customer,tagged_ethereum,2024-12-23T12:23:11Z,35,1,,0.095688,0.166667,195204.0,0.0,5,20,11,24,2.181818,1.482224,0.657143,0.0,0,0,0.0,0.0
0x27a6d0c81dda6b0cc9e056f545bb3f0ac2cb818b,ethereum,1,Bitget,explorer_tag,tagged_ethereum,2024-02-27T09:49:23Z,5,1,Bitget,0.998128,1.0,16578078.0,0.001872,2,1,3,2,0.666667,,0.0,0.0,0,0,1.0,0.0
0x27ad616244f42da373fa5070dcc63f99a2f3226c,ethereum,0,Deribit,labelled:exchange,tagged_ethereum,2022-12-14T19:45:47Z,6,1,Deribit,0.999489,1.0,72.0,0.800102,5,1,5,1,0.2,,0.166667,0.0,0,0,1.0,0.0
0x27af6c9d6a1968661b5aac0e9dccb02efd5a32e3,ethereum,0,Bilaxy,customer,tagged_ethereum,2023-06-22T16:35:35Z,7,1,,0.651542,0.666667,33268536.0,0.261344,3,2,4,3,0.75,0.999871,0.285714,0.0,0,1,0.0,0.0
0x2875e846c0f1bc1989da50b1b5be31ce1b1bdbeb,ethereum,1,Bilaxy,explorer_tag,tagged_ethereum,2023-05-05T16:23:47Z,6,1,Binance,0.952059,1.0,384.0,0.237951,5,1,5,1,0.2,,0.0,0.0,0,0,1.0,0.0
0x2887285d28dc333c695501f084dd4dde8f1b6cdf,ethereum,1,Bilaxy,explorer_tag,tagged_ethereum,2025-11-10T06:20:47Z,3,1,,,,,1.0,3,0,3,0,0.0,,0.0,,0,,,
0x28a5864940bbf486fe5950a2fd45b8eda3d6c26b,ethereum,1,Bilaxy,explorer_tag,tagged_ethereum,2023-02-16T07:05:11Z,2,1,,,,,1.0,1,0,2,0,0.0,,0.0,,0,,,
0x28b77813d85433c89ba61c2b0572e57c8ea39494,ethereum,0,Bitget,customer,tagged_ethereum,2024-08-01T05:15:35Z,4,1,,0.979945,0.666667,21576.0,0.0,1,2,1,3,3.0,0.900699,0.0,0.0,0,0,0.0,0.0
0x28ce7bf5e20eaf7b86a4c19dc70eb76479a8c0a9,ethereum,1,Bilaxy,explorer_tag,tagged_ethereum,2024-03-27T10:40:23Z,4,1,Binance,1.0,1.0,456.0,0.389433,1,1,3,1,0.333333,,0.0,0.0,0,0,1.0,0.0
0x28d6e7090a8a280f8796d3deb11d1b9058750e61,ethereum,1,Bilaxy,explorer_tag,tagged_ethereum,2024-05-02T06:17:47Z,1,1,,,,,1.0,1,0,1,0,0.0,,0.0,,0,,,
0x28d972bb2a31a9420ba6084a871f6d31fe06a5dc,ethereum,0,Bitget,customer,tagged_ethereum,2024-01-17T22:47:59Z,70,1,,0.125,0.088235,10098.0,0.23972,20,22,36,34,0.944444,2.548248,0.028571,0.029412,1,0,0.0,0.0
0x2916753cff4ea9ae2350bfc5b28a6aa112647a87,ethereum,1,Bilaxy,explorer_tag,tagged_ethereum,2025-11-29T15:50:35Z,11,1,Binance,0.998281,1.0,7985064.0,0.445399,5,1,9,2,0.222222,,0.0,0.0,0,0,1.0,0.0
0x2932fa3e68338b88862455dc69814dcf0c48067f,ethereum,0,Bilaxy,customer,tagged_ethereum,2018-05-17T22:47:34Z,96,1,Binance,0.085843,0.190476,10268960.0,0.305228,32,25,54,42,0.777778,2.918154,0.0,0.095238,3,0,0.0,0.095238
0x297c3dcc03a1d448bc9d9c4f607aa75faa7341f2,ethereum,0,Bilaxy,customer,tagged_ethereum,2024-04-12T04:44:47Z,1,1,,,1.0,,,0,1,0,1,,,0.0,0.0,0,1,0.0,0.0
0x298ec76b440d8807b3f78b5f90979bee42ed43db,ethereum,0,other,labelled:entity,tagged_ethereum,2015-07-30T15:26:13Z,11,1,,0.7,0.714286,28201132.0,0.75,3,3,4,7,1.75,1.799076,0.0,0.0,0,0,0.0,0.0
0x299b12cb340af438d1c467602bb4d9555dbcca0b,ethereum,0,Deribit,labelled:exchange,tagged_ethereum,2024-01-02T11:39:11Z,41,1,Deribit,0.999907,1.0,336.0,0.150369,8,1,27,14,0.518519,1.837638,0.756098,0.214286,1,0,1.0,0.214286
0x29af949c3d218c1133bd16257ed029e92defb168,ethereum,0,Bilaxy,customer,tagged_ethereum,2020-02-06T15:38:45Z,200,0,,0.029624,0.071429,100554.0,0.57118,28,84,88,112,1.272727,1.959174,0.3,0.044643,5,0,0.0,0.0
0x29d1a2d8d37a644354712b20e8ef1c51d7b5314f,ethereum,1,Bilaxy,explorer_tag,tagged_ethereum,2022-06-14T07:08:14Z,3,1,,,,,1.0,3,0,3,0,0.0,,0.0,,0,,,
0x29eddfb0c0b6cd7c91a24a9d9dd5c8d6d0c545bb,ethereum,0,Bilaxy,customer,tagged_ethereum,2024-08-20T03:13:47Z,51,1,OKX,0.322042,0.375,490272.0,0.185185,20,14,27,24,0.888889,1.673425,0.039216,0.416667,5,0,0.0,0.541667
0x2a82dcdcbfb88e92021b8bcc3da22703a2e4459c,ethereum,0,other,labelled:defi,tagged_ethereum,2023-08-05T14:11:11Z,54,1,,0.33994,0.517241,23604.0,0.001827,5,8,25,29,1.16,1.524269,0.0,0.0,0,0,0.0,0.0
0x2aae5a44eb4a7cf926f6c0539764c997d0f18979,ethereum,1,Bitget,explorer_tag,tagged_ethereum,2024-11-15T17:21:11Z,4,1,Bitget,0.998516,1.0,6783660.0,0.001484,2,1,2,2,1.0,,0.0,0.0,0,0,1.0,0.0
0x2aba08f1e67f51cd17f1be90957af34aedf317e7,ethereum,1,Bitget,explorer_tag,tagged_ethereum,2024-07-24T18:03:23Z,22,1,Bitget,0.999601,1.0,300.0,0.083699,5,1,12,10,0.833333,1.080802,0.454545,0.2,1,0,1.0,0.2
0x2ad67799a7e2e058946a5b2eb4968127e2798504,ethereum,1,Bitget,explorer_tag,tagged_ethereum,2024-01-13T11:15:59Z,4,1,Bitget,0.999736,1.0,19455696.0,0.500132,2,1,2,2,1.0,,0.0,0.0,0,0,1.0,0.0
0x2aefdc858352d3a52621f1b947a8da5f3512f8c6,ethereum,1,Bitget,explorer_tag,tagged_ethereum,2024-07-01T10:44:59Z,3,1,Bitget,0.997732,1.0,12182376.0,0.002268,1,1,1,2,2.0,,0.0,0.0,0,0,1.0,0.0
0x2b0334f644b75b96a86e5ad0dac382b2f344421d,ethereum,1,Bitget,explorer_tag,tagged_ethereum,2024-04-20T07:19:35Z,7,1,Bitget,0.997302,1.0,27250416.0,0.002698,5,1,5,2,0.4,,0.0,0.0,0,0,1.0,0.0
0x2b0cf987bee975e08397e4e1546cd8c90049dc79,ethereum,0,Bilaxy,customer,tagged_ethereum,2025-01-26T21:38:47Z,2,1,Binance,0.997818,1.0,1560.0,0.002182,1,1,1,1,1.0,,0.0,1.0,1,0,0.0,1.0
0x2b369905ee49637cedf47294a490d6b031050f87,ethereum,0,Bitget,customer,tagged_ethereum,2026-08-26T11:25:23Z,61,1,,0.085145,0.214286,216.0,0.10528,8,13,19,42,2.210526,1.596739,0.0,0.095238,1,1,0.0,0.0
0x2b603a13a5b9be8e6d8a8a3b29438a90f884ead1,ethereum,1,Bitget,explorer_tag,tagged_ethereum,2024-03-01T12:10:59Z,4,1,Bitget,0.999319,1.0,17395026.0,0.500341,2,1,2,2,1.0,,0.0,0.0,0,0,1.0,0.0
0x2b64c615f94a38058667e51e26d13621b42ab480,ethereum,1,Bilaxy,explorer_tag,tagged_ethereum,2024-03-05T20:14:47Z,2,1,Binance,0.983918,1.0,1044.0,0.016082,1,1,1,1,1.0,,0.0,0.0,0,0,1.0,0.0
0x2ba3e132006c2017f234cf22eb6346e08e1c6ab0,ethereum,0,Deribit,labelled:exchange,tagged_ethereum,2024-03-04T12:53:23Z,2,1,Deribit,0.999087,1.0,72.0,0.000913,1,1,1,1,1.0,,0.0,0.0,0,0,1.0,0.0
0x2c1a4aef681379b9ae306d4d560fb2fee6ed665a,ethereum,1,Bilaxy,explorer_tag,tagged_ethereum,2023-10-03T17:08:11Z,7,1,Binance,0.957719,1.0,39750.0,0.197114,2,1,5,2,0.4,,0.0,0.0,0,0,1.0,0.0
0x2c328fa1e0abe3a69afdb58f8892b201b52ff570,ethereum,1,Bitget,explorer_tag,tagged_ethereum,2024-06-12T08:41:11Z,3,1,Bitget,0.998918,1.0,13012308.0,0.001082,1,1,1,2,2.0,,0.0,0.0,0,0,1.0,0.0
0x2c4f86610a91c2291cafa02ecfca8bff1df8afb1,ethereum,0,other,labelled:defi,tagged_ethereum,2022-05-23T16:54:57Z,200,0,,0.058396,0.363636,12526.5,0.432238,18,20,112,88,0.785714,1.587562,0.0,0.0,0,0,0.0,0.0
0x2c6093f8a1d2b2b4640cb9e27a0c2ce4f61a5727,ethereum,0,Bitget,customer,tagged_ethereum,2023-12-12T18:41:47Z,199,0,Bitget,0.145338,0.223301,54510.0,0.166667,28,22,96,103,1.072917,3.811686,0.01005,0.106796,6,0,0.0,0.009709
0x2cd2cae99a6667ff81aa60f759d65b4e50bcf4d1,ethereum,0,other,labelled:defi,tagged_ethereum,2020-06-27T16:39:35Z,199,0,,0.091797,0.877551,49679.0,0.01024,5,5,101,98,0.970297,1.745837,0.0,0.0,0,0,0.0,0.0
0x2cf4f3dc8bde8526f959b477db9c588a59b2733b,ethereum,1,Bilaxy,explorer_tag,tagged_ethereum,2023-12-03T22:52:59Z,1,1,,,,,1.0,1,0,1,0,0.0,,0.0,,0,,,
0x2cfba1f3d9a0deda21ae1bf8556d0328523b5509,ethereum,1,Bilaxy,explorer_tag,tagged_ethereum,2021-07-26T09:16:23Z,2,1,Binance,1.0,1.0,16643736.0,0.0,1,1,1,1,1.0,,0.0,0.0,0,0,1.0,0.0
0x2d24e5dea9165277420b6031653203c943154003,ethereum,0,Bitget,customer,tagged_ethereum,2017-08-15T19:44:56Z,75,1,,0.084293,0.388889,152489796.0,0.719315,42,7,57,18,0.315789,1.808544,0.0,0.111111,3,0,0.0,0.0
0x2d7416ee67a860d0cc73ed554448b8c502227c56,ethereum,0,Bitget,customer,tagged_ethereum,2025-07-11T09:49:23Z,32,1,,0.720166,0.5,412920.0,0.142857,6,5,14,18,1.285714,3.726974,0.0,0.111111,1,0,0.0,0.0
0x2da5f69029bd502c31971a894c7211f4b2a70acb,ethereum,0,Bilaxy,customer,tagged_ethereum,2020-02-25T18:10:24Z,97,1,Binance,0.170839,0.289157,37965555.5,0.285714,13,19,14,83,5.928571,3.499412,0.0,0.012048,2,1,0.0,0.024096
0x2dab13e07d1261d633953ed7d6271169c9a6ac42,ethereum,0,other,labelled:defi,tagged_ethereum,2021-06-18T04:32:59Z,200,0,,0.020316,0.141414,3298740.0,0.300512,36,35,101,99,0.980198,1.771578,0.0,0.0,0,0,0.0,0.0
0x2dd2b09c8bec656eec6f16bbf1df388f2ed01d32,ethereum,1,Bitget,explorer_tag,tagged_ethereum,2024-10-01T04:04:47Z,15,1,Bitget,0.999181,1.0,62004.0,0.000819,2,1,9,6,0.666667,1.539424,0.0,0.166667,1,0,1.0,0.0
0x2ddafc6210d58600496436c07266bc96c14dcd26,ethereum,1,Bilaxy,explorer_tag,tagged_ethereum,2025-02-28T15:41:23Z,9,1,Binance,1.0,1.0,38523492.0,0.625,6,1,8,1,0.125,,0.444444,0.0,0,0,1.0,0.0
0x2e2906c504c05304e45d81e9734f3674e6cea4ff,ethereum,0,Bitget,customer,tagged_ethereum,2023-12-07T07:04:11Z,200,0,Bybit,0.222435,0.273504,102378.0,0.196063,42,42,83,117,1.409639,2.725811,0.0,0.094017,5,0,0.0,0.025641
0x2e317ac71342b610cc739b68c10fb59ebc5139c8,ethereum,0,Bitget,customer,tagged_ethereum,2024-06-16T05:20:35Z,4,1,,0.0,0.666667,5148660.0,0.0,1,2,1,3,3.0,0.999863,0.0,0.0,0,1,0.0,0.0
0x2e34a0540cf65459dac700bc814dadc166a57ce6,ethereum,0,Bitget,customer,tagged_ethereum,2024-04-30T14:31:11Z,4,1,,0.5,0.5,1014.0,0.107702,2,2,2,2,1.0,,0.5,1.0,1,1,0.0,0.0
0x2e41d4524f1f408115f25429ea2adde7280d5116,ethereum,0,Bilaxy,customer,tagged_ethereum,2023-09-23T15:40:47Z,6,1,Binance,0.956023,0.75,1419216.0,0.031354,2,2,2,4,2.0,1.368541,0.0,0.25,1,1,0.0,0.25
0x2e66529b1f3067d19bb91fcf8188b0cea69764da,ethereum,0,Deribit,labelled:exchange,tagged_ethereum,2024-10-30T11:40:11Z,5,1,Deribit,0.999983,1.0,2442.0,0.500009,3,1,4,1,0.25,,0.2,0.0,0,0,1.0,0.0
0x2e7dcc0f74a3b863076e854e3a85b984c2ee5445,ethereum,1,Bitget,explorer_tag,tagged_ethereum,2024-11-28T09:05:35Z,12,1,Bitget,0.999952,1.0,160410.0,0.166706,4,1,6,6,1.0,0.833025,0.0,0.0,0,0,1.0,0.0
0x2e89770daedef46a8372b1c645ec3262cc8bd490,ethereum,0,Deribit,labelled:exchange,tagged_ethereum,2023-06-13T10:11:59Z,5,1,Deribit,0.999774,1.0,96.0,0.000226,3,1,3,2,0.666667,,0.0,0.5,1,0,1.0,0.5
0x2e9824b5c132111bca24ddfba7e575a5cd7296c1,ethereum,0,other,labelled:entity,tagged_ethereum,2015-07-30T15:26:13Z,6,1,,0.999999,1.0,29564615.0,0.75,3,1,4,2,0.5,,0.0,0.0,0,0,0.0,0.0
0x2eba0c6ee5a1145c1c573984963a605d880a7a20,ethereum,0,other,labelled:entity,tagged_ethereum,2015-07-30T15:26:13Z,27,1,,,,,1.0,20,0,27,0,0.0,,0.0,,0,,,
0x2effc7ef7a39dccb74f52ab6ee5cde39b8afda1d,ethereum,1,Bilaxy,explorer_tag,tagged_ethereum,2021-05-08T05:28:41Z,2,1,Binance,1.0,1.0,22208746.0,0.0,1,1,1,1,1.0,,1.0,0.0,0,0,1.0,0.0
0x2f4876ab02ab02cd18a768c80c4b97b3dcb0d473,ethereum,0,Bilaxy,customer,tagged_ethereum,2026-08-16T18:33:35Z,10,1,Binance,0.226437,0.5,11124.0,0.254816,4,3,4,6,1.5,1.419905,0.0,0.333333,2,1,0.0,0.166667
0x2f4da753430fc09e73acbccdcde9da647f2b5d37,ethereum,0,other,labelled:entity,tagged_ethereum,2015-07-30T15:26:13Z,6,1,Kraken,0.9995,1.0,20073201.0,0.750125,3,1,4,2,0.5,,0.0,0.0,0,0,1.0,0.0
0x2f5c33e95df98aabe6516d098a7ce477c88d04a2,ethereum,1,Bitget,explorer_tag,tagged_ethereum,2024-11-18T15:32:23Z,6,1,Bitget,0.997315,1.0,150552.0,0.002685,1,1,3,3,1.0,0.423875,0.0,0.0,0,0,1.0,0.0
0x2f67e25ec8c1d4b1111cfd705e02abfde69f8fdb,ethereum,0,Bilaxy,customer,tagged_ethereum,2023-07-19T11:42:11Z,55,1,Binance,0.081365,0.142857,334488.0,0.074074,18,18,27,28,1.037037,2.436737,0.290909,0.178571,3,0,0.0,0.035714
0x2f69a1ffcbbb37b89de8c2a063d53098772bb658,ethereum,1,Bitget,explorer_tag,tagged_ethereum,2024-03-28T07:06:11Z,3,1,Bitget,0.997807,1.0,17022084.0,0.002193,1,1,1,2,2.0,,0.0,0.0,0,0,1.0,0.0
0x2f6af0dc7b608002c7f761692db056cb6b559d3d,ethereum,0,Deribit,labelled:exchange,tagged_ethereum,2025-05-21T09:58:47Z,71,1,Deribit,1.0,1.0,84.0,0.070945,17,1,43,28,0.651163,2.579138,0.591549,0.357143,2,0,1.0,0.357143
0x2f914909dfc007a2199a277dbceecae570ab667a,ethereum,1,Bilaxy,explorer_tag,tagged_ethereum,2022-11-16T21:27:11Z,81,1,Binance,0.964286,0.882353,1101726.0,0.125,13,3,64,17,0.265625,1.445636,0.888889,0.058824,1,0,0.882353,0.058824
0x2fbb504a5dc527d3e3eb0085e2fc3c7dd538cb7a,ethereum,0,other,labelled:entity,tagged_ethereum,2015-07-30T15:26:13Z,10,1,,0.999598,0.833333,55167395.0,0.750001,3,2,4,6,1.5,0.582152,0.0,0.0,0,1,0.0,0.0
0x2fe156f671b26c18956e4e5ef2b993c45e1faa3d,ethereum,1,Bilaxy,explorer_tag,tagged_ethereum,2024-04-09T16:27:59Z,4,1,,,,,1.0,2,0,4,0,0.0,,0.0,,0,,,
0x30000acbafb3111f47e164c29ecd6272e3a63385,ethereum,1,Bilaxy,explorer_tag,tagged_ethereum,2021-08-17T09:46:34Z,8,1,Binance,1.0,1.0,9804713.0,0.0,4,1,5,3,0.6,0.668243,0.75,0.0,0,0,1.0,0.0
0x30096a5e795d4e71870edab9b41b723b605b0555,ethereum,0,Bitget,customer,tagged_ethereum,2018-05-06T20:18:06Z,198,0,Binance,0.038374,0.090909,1297165.0,0.19602,51,48,99,99,1.0,2.241098,0.121212,0.050505,3,0,0.0,0.020202
0x301468a15d511f0ac0f3191a259e51330db43f24,ethereum,0,Bitget,customer,tagged_ethereum,2024-01-15T02:03:11Z,5,1,,0.0,0.333333,43734.0,0.5,2,3,2,3,1.5,0.997972,0.0,0.0,0,0,0.0,0.0
0x303fc5322ff01b9dbba8b57ca9e692695bee9520,ethereum,0,Bilaxy,customer,tagged_ethereum,2025-10-08T17:27:23Z,193,0,,0.008746,0.013889,20928.0,0.035472,33,138,49,144,2.938776,8.44924,0.968912,0.104167,1,1,0.0,0.0
0x304da366f5984e8f60454db216778c5cbfd82c0b,ethereum,0,Bilaxy,customer,tagged_ethereum,2024-04-12T04:41:35Z,1,1,,,1.0,,,0,1,0,1,,,0.0,0.0,0,1,0.0,0.0
0x3062b12a45830a3513621578c353db8d8b625b9f,ethereum,1,Bilaxy,explorer_tag,tagged_ethereum,2024-02-22T06:11:35Z,3,1,Binance,0.941176,1.0,1164.0,0.122248,1,1,2,1,0.5,,0.0,0.0,0,0,1.0,0.0
0x3068aaa8e7e07693cf3066dd15f174f7afc30c40,ethereum,0,Bilaxy,customer,tagged_ethereum,2025-06-11T08:39:59Z,199,0,,,,,1.0,99,0,199,0,0.0,,0.658291,,0,,,
0x3074c95cfd8b9bfce1d8ef4a99e296a397ffdb07,ethereum,0,Deribit,labelled:exchange,tagged_ethereum,2022-11-09T09:29:59Z,3,1,Deribit,0.999987,1.0,120.0,1.3e-05,1,1,2,1,0.5,,0.0,0.0,0,0,1.0,0.0
0x3087372f9e44e45009582d7a4ba5f1f79cd3f04c,ethereum,0,Bitget,customer,tagged_ethereum,2023-03-26T09:24:59Z,16,1,Binance,0.003352,0.4,1710.0,0.166667,5,5,6,10,1.666667,1.058911,0.0,0.1,1,0,0.0,0.1
0x30b0a874f99efa725daf0b1f769ed223c6fc2412,ethereum,1,Bitget,explorer_tag,tagged_ethereum,2024-02-27T14:41:59Z,3,1,Bitget,0.997666,1.0,17520072.0,0.002334,1,1,1,2,2.0,,0.0,0.0,0,0,1.0,0.0
0x30bed12aeaf5ceb23cba590bc93a072272fad3da,ethereum,0,Bilaxy,customer,tagged_ethereum,2023-11-07T12:45:47Z,7,1,,0.040219,0.2,914682.0,0.016989,2,5,2,5,2.5,0.682394,0.0,0.0,0,1,0.0,0.0
0x30f8fda0f30109b1fdbcbbcaf969dafe4981e11b,ethereum,0,Bilaxy,customer,tagged_ethereum,2023-06-23T21:48:35Z,24,1,,0.22542,0.307692,113724.0,0.210608,7,9,11,13,1.181818,2.475914,0.375,0.384615,2,1,0.0,0.0
0x31129ad1b5520ecea88aea9b842b7fa42538e4af,ethereum,1,Bilaxy,explorer_tag,tagged_ethereum,2023-04-20T21:08:47Z,9,1,Binance,0.847591,1.0,404628.0,0.41744,4,1,7,2,0.285714,,0.0,1.0,1,0,1.0,0.0
0x3167c452fa3fa1e5c16bb83bc0fde4519c464299,ethereum,0,other,labelled:defi,tagged_ethereum,2025-02-24T19:27:47Z,200,0,,0.615906,0.719512,11520.0,0.478876,56,2,118,82,0.694915,0.984311,0.0,0.268293,16,0,0.0,0.0
0x3171b9173729b0afa0d4b463f8949ff5dc4a206a,ethereum,1,Bitget,explorer_tag,tagged_ethereum,2024-10-20T08:52:47Z,6,1,Bitget,0.999176,1.0,408.0,0.000824,2,1,3,3,1.0,0.825831,0.0,0.333333,1,0,1.0,0.333333
0x31ad05d50d3d3e3a9d6bc92410ed2134426feb5e,ethereum,0,Bitget,customer,tagged_ethereum,2023-05-16T13:21:23Z,10,1,,0.292064,0.5,46824840.0,0.81619,6,2,8,2,0.25,,0.0,0.0,0,0,0.0,0.0
0x31d2e464e6f2c9bc0a4bcf0699be79146d4ec5ae,ethereum,1,Bilaxy,explorer_tag,tagged_ethereum,2022-05-19T12:04:42Z,7,1,Binance,1.0,1.0,12642.5,0.6,5,1,5,2,0.4,,0.571429,0.5,1,0,1.0,0.5
0x31dea107c2121de9b3893d1b16264cb63f0c32fd,ethereum,1,Bitget,explorer_tag,tagged_ethereum,2024-06-11T02:44:11Z,8,1,Bitget,0.997832,1.0,10743924.0,0.002168,2,1,5,3,0.6,0.999505,0.0,0.0,0,0,1.0,0.0
0x31e007276c5862de19f3bca7d0eaaa236462d69c,ethereum,0,other,labelled:entity,tagged_ethereum,2021-12-24T16:22:35Z,10,1,,0.214425,0.25,242737.5,0.199547,3,4,6,4,0.666667,1.262605,0.0,0.0,0,0,0.0,0.0
0x31f3e84e3ee29696c41b4ecd819607225fbbabbf,ethereum,0,Bilaxy,customer,tagged_ethereum,2023-08-30T13:27:59Z,126,1,,0.213356,0.39726,126096.0,0.037736,28,32,53,73,1.377358,3.503649,0.031746,0.164384,2,0,0.0,0.0
0x323714b29384e128258816bb1aeacdafa464043c,ethereum,0,Bilaxy,customer,tagged_ethereum,2025-12-03T08:19:47Z,37,0,,0.0,0.321429,1310586.0,0.884444,5,9,9,28,3.111111,3.095914,0.216216,0.642857,3,0,0.0,0.0
0x324ac5b8c3f2eaef4d3556cad36b1524bab5bc26,ethereum,1,Bitget,explorer_tag,tagged_ethereum,2024-03-26T03:51:23Z,7,1,Bitget,0.999957,1.0,6836118.0,0.250032,2,1,4,3,0.75,0.812733,0.0,0.0,0,0,1.0,0.0
0x326b6883ba138c9bfdb9443611e54f33685a83f9,ethereum,0,Bitget,customer,tagged_ethereum,2021-10-19T02:58:09Z,68,1,,0.431684,0.304348,162330.0,0.181986,16,23,22,46,2.090909,2.682534,0.044118,0.0,0,0,0.0,0.0
0x327e8043791b88b6a3828dc3807e198b44e29c84,ethereum,1,Bitget,explorer_tag,tagged_ethereum,2024-11-14T11:59:11Z,20,1,Bitget,0.5,0.5,13848.0,0.000343,9,3,10,10,1.0,1.329542,0.0,0.0,0,0,1.0,0.0
0x3290b256741816c26aba91653122c025d75846e7,ethereum,1,Bilaxy,explorer_tag,tagged_ethereum,2025-04-08T15:09:47Z,4,1,Binance,1.0,1.0,1272.0,0.666667,2,1,3,1,0.333333,,0.5,1.0,2,0,1.0,1.0
0x32a8de22a7988a24153ad993e18213ba21c00dd1,ethereum,0,Bilaxy,customer,tagged_ethereum,2023-10-04T15:50:23Z,9,1,,0.587403,0.166667,18540.0,0.0,3,6,3,6,2.0,1.266526,0.0,0.5,2,0,0.0,0.0
0x32e567e8b527d3194c60ea3c6a5c009d58a0b36d,ethereum,0,other,labelled:entity,tagged_ethereum,2018-01-15T12:24:56Z,200,0,,0.012197,0.048387,37219.0,0.898071,2,145,14,186,13.285714,1.145237,0.0,0.0,0,1,0.0,0.0
0x32ea64a16f5d8bf710ba6bc459363002899b7d49,ethereum,0,Bilaxy,customer,tagged_ethereum,2020-03-11T20:35:11Z,12,1,,0.592476,0.555556,1960.5,0.0,2,5,3,9,3.0,2.485268,0.0,0.111111,1,0,0.0,0.0
0x32eb9338a81ec6e6ab56f4789c2a8b955e54a7ed,ethereum,0,Bitget,customer,tagged_ethereum,2024-09-12T13:39:11Z,124,1,,0.140528,0.4375,2382.0,0.137812,27,36,44,80,1.818182,4.349299,0.0,0.1875,2,0,0.0,0.0
0x331758d4c7fd5525dba057f30062f82a58eb3f1b,ethereum,1,Bitget,explorer_tag,tagged_ethereum,2023-08-31T03:47:59Z,5,1,Bitget,0.881193,0.666667,30451944.0,0.003618,1,2,2,3,1.5,0.301098,0.0,0.0,0,0,1.0,0.0
0x33727863a0caed4bce550ce1b5ed9f5606f06a95,ethereum,0,Bitget,customer,tagged_ethereum,2025-02-28T20:00:11Z,11,1,Coinbase,0.084832,0.166667,55986.0,0.0,4,6,5,6,1.2,1.737406,0.363636,0.5,2,0,0.0,0.333333
0x33b0e7c61919910ae357d913d59d6ccef615789f,ethereum,1,Bitget,explorer_tag,tagged_ethereum,2024-03-24T16:51:47Z,5,1,Bitget,0.999885,1.0,17177256.0,0.000115,1,1,2,3,1.5,0.001577,0.0,0.333333,1,0,1.0,0.0
0x33c27a68a32a41e953f68df8b3561cb97f406a97,ethereum,1,Bilaxy,explorer_tag,tagged_ethereum,2023-08-03T13:40:47Z,43,1,Binance,0.990688,1.0,1530.0,0.060266,5,1,25,18,0.72,1.050956,0.767442,0.222222,2,0,1.0,0.111111
0x33ce2f2c306241b3222dae9ea040d386820d7f5f,ethereum,0,Bitget,customer,tagged_ethereum,2023-09-02T03:22:11Z,3,1,,0.001401,0.5,12394488.0,0.000943,1,2,1,2,2.0,,0.0,0.0,0,1,0.0,0.0
0x3408e8422dfeec4f1dcc28aaf9bb5cf94b3f9721,ethereum,0,Bilaxy,customer,tagged_ethereum,2021-10-22T20:10:31Z,5,1,,0.099507,0.5,32955718.5,0.684894,3,2,3,2,0.666667,,0.0,0.0,0,0,0.0,0.0
0x340d693ed55d7ba167d184ea76ea2fd092a35bdc,ethereum,0,Uphold,labelled:custodial_wallet,tagged_ethereum,2018-10-18T15:34:35Z,200,0,,0.000336,0.027322,35425.0,0.629103,15,160,17,183,10.764706,1.258205,0.0,0.0,0,0,0.0,0.0
0x3452d4cbd1afe538cdaa92b8102f2aeafe0b4083,ethereum,0,Deribit,labelled:exchange,tagged_ethereum,2026-01-06T01:41:59Z,8,1,Deribit,1.0,1.0,72.0,0.166667,4,1,6,2,0.333333,,0.0,0.0,0,0,1.0,0.0
0x34696ba822a0f52e83d6d4fc49da0174de183aa2,ethereum,0,Bilaxy,customer,tagged_ethereum,2023-12-09T06:23:59Z,4,1,,0.440815,0.5,6435210.0,0.750181,2,2,2,2,1.0,,0.0,0.5,1,1,0.0,0.0
0x348c6b011e15ea407db4725895002dc203fc6628,ethereum,1,Bitget,explorer_tag,tagged_ethereum,2024-04-23T05:38:11Z,49,1,Bitget,0.749649,0.727273,408.0,0.074387,12,3,27,22,0.814815,1.510007,0.081633,0.0,0,0,1.0,0.0
0x34f1b1d7f72087ce511c5fe9fcbf7beb6ce941a4,ethereum,1,Bilaxy,explorer_tag,tagged_ethereum,2025-07-03T05:38:11Z,2,1,,,,,1.0,1,0,2,0,0.0,,0.0,,0,,,
0x351eb90d37c1fffaad23012921fe2c2fc6281502,ethereum,1,Bilaxy,explorer_tag,tagged_ethereum,2024-02-23T15:58:35Z,28,1,Binance,1.0,1.0,1164.0,0.352941,5,1,17,11,0.647059,1.808587,0.785714,0.272727,2,0,1.0,0.090909
0x356f0d2aef475e0fddac76f813bbdb41f18b2525,ethereum,1,Bitget,explorer_tag,tagged_ethereum,2024-02-18T03:03:11Z,4,1,Bitget,0.996413,1.0,2509224.0,0.003587,2,1,2,2,1.0,,0.0,0.0,0,0,1.0,0.0
0x3573c61702dae0928a1925614fa87a2d29928805,ethereum,1,Bilaxy,explorer_tag,tagged_ethereum,2023-12-03T20:59:11Z,5,1,,,,,1.0,4,0,5,0,0.0,,0.0,,0,,,
0x35c5508c1da4b14450a26b06e623103a66140bfa,ethereum,1,Bilaxy,explorer_tag,tagged_ethereum,2022-04-12T14:31:55Z,21,1,Binance,0.999438,1.0,4540224.0,0.063027,7,1,16,5,0.3125,0.845762,0.095238,0.0,0,0,1.0,0.0
0x35e52480d8c57bad74182aa7bc4e4f60b3b37d10,ethereum,0,Deribit,labelled:exchange,tagged_ethereum,2024-07-14T10:51:23Z,30,1,Deribit,0.999921,1.0,122232.0,0.04553,8,1,22,8,0.363636,1.517321,0.566667,0.25,1,0,1.0,0.25
0x3601254618a5cef1cf872d3624f708ee8830d7fb,ethereum,1,Bilaxy,explorer_tag,tagged_ethereum,2024-11-18T07:19:59Z,1,1,,,,,1.0,1,0,1,0,0.0,,0.0,,0,,,
0x36074414110b2ed0ae24fb49bb35363bdbecb264,ethereum,0,Deribit,labelled:exchange,tagged_ethereum,2022-11-22T00:21:23Z,11,1,Deribit,1.0,1.0,1142352.0,0.142857,3,1,7,4,0.571429,0.354276,0.0,0.0,0,0,1.0,0.0
0x366112bac5995e594a4bbb3852e88f2a4c6c001d,ethereum,0,Bilaxy,customer,tagged_ethereum,2023-12-30T04:44:35Z,5,1,,0.333333,0.5,51414144.0,0.445082,2,2,3,2,0.666667,,0.4,0.5,1,1,0.0,0.0
0x3662bd2b65ede2e922e5a788f8191d2b319099a2,ethereum,0,Bilaxy,customer,tagged_ethereum,2024-04-19T21:38:47Z,68,1,Binance,0.710537,0.533333,1515156.0,0.111106,7,4,38,30,0.789474,2.107354,0.0,0.866667,6,0,0.0,0.4
0x36d064246f9142ddbbcbf2587e22557e59083d51,ethereum,1,Bilaxy,explorer_tag,tagged_ethereum,2023-04-15T10:13:59Z,8,1,Binance,0.981172,1.0,528.0,0.35358,6,1,6,2,0.333333,,0.0,0.0,0,0,1.0,0.0
0x371388ec601577b8a2f6ab9f8d8d6b0bc6a5e938,ethereum,1,Bilaxy,explorer_tag,tagged_ethereum,2023-04-18T16:39:35Z,30,1,Binance,1.0,1.0,420888.0,0.132041,7,1,21,9,0.428571,1.290402,0.166667,0.111111,1,0,1.0,0.0
0x3724f0e81d5a94aaa4e1884444d32b21a21dd4c9,ethereum,1,Bitget,explorer_tag,tagged_ethereum,2024-12-03T13:12:11Z,4,1,Bitget,0.999634,1.0,5489190.0,0.500183,2,1,2,2,1.0,,0.0,0.0,0,0,1.0,0.0
0x3772ed9077c4b5d2a789cf691f55c66313aff44c,ethereum,0,Bitget,customer,tagged_ethereum,2025-04-03T03:35:11Z,200,0,,0.067492,0.6,165678.0,0.237261,35,27,95,105,1.105263,2.425117,0.0,0.0,0,0,0.0,0.0
0x37a83772b9b539e7f19ce6ff00f3119c8dcd86d8,ethereum,0,other,labelled:entity,tagged_ethereum,2025-10-13T18:10:47Z,4,1,,,1.0,,1.0,2,1,3,1,0.333333,,0.0,0.0,0,0,0.0,0.0
0x37b5dbc29865baba75891541f818c7cc4d1aff75,ethereum,0,Deribit,labelled:exchange,tagged_ethereum,2025-06-02T22:21:35Z,91,1,Deribit,0.999999,0.892857,108.0,0.270618,24,3,63,28,0.444444,1.147297,0.494505,0.214286,3,0,0.892857,0.142857
0x38322ffc89c1b64f0fbf76e6c21ced2b27221bb6,ethereum,1,Bitget,explorer_tag,tagged_ethereum,2024-05-06T12:36:23Z,21,1,Bitget,0.99953,1.0,384.0,0.091336,8,1,11,10,0.909091,0.963316,0.190476,0.0,0,0,1.0,0.0
0x386114c14531bfe3458ad16577214e579b7094d1,ethereum,0,Bilaxy,customer,tagged_ethereum,2022-02-03T13:16:30Z,136,0,,0.029797,0.3,2134290.0,0.903323,14,64,26,110,4.230769,3.537256,0.580882,0.0,0,1,0.0,0.0
0x3878f09e017456ee2e9991931e3c46160d49968d,ethereum,1,Bitget,explorer_tag,tagged_ethereum,2024-04-12T11:21:59Z,3,1,Bitget,0.998969,1.0,16365708.0,0.001031,1,1,1,2,2.0,,0.0,0.0,0,0,1.0,0.0
0x389aa657f2249d0225b337e338a84b01d0fb74eb,ethereum,0,Bilaxy,customer,tagged_ethereum,2024-03-31T17:13:59Z,188,0,,0.0,0.172414,324036.0,0.922125,34,80,43,145,3.372093,6.36934,0.297872,0.062069,10,0,0.0,0.0
0x389c6dba1265a4c159a1ab1a06d1e56e9d44ff90,ethereum,0,Bilaxy,customer,tagged_ethereum,2022-10-23T02:42:11Z,184,0,Binance,0.119429,0.163934,180990.0,0.431572,20,29,62,122,1.967742,2.204854,0.48913,0.42623,14,1,0.0,0.090164
0x389ea8960ccb55a973ca6081cd4922e218332082,ethereum,1,Bitget,explorer_tag,tagged_ethereum,2024-06-16T22:41:59Z,24,1,Bitget,0.999415,1.0,524184.0,0.08387,4,1,12,12,1.0,0.754103,0.0,0.0,0,0,1.0,0.0
0x38c1f921a55feef3ec42fb7e55f92f11b72cdb6c,ethereum,1,Bilaxy,explorer_tag,tagged_ethereum,2023-12-12T22:53:11Z,9,1,Binance,1.0,1.0,360.0,0.714286,3,1,7,2,0.285714,,0.222222,0.5,1,0,1.0,0.0
0x38cca36d45ae54e661fdb8a4462795142dc4c0eb,ethereum,0,Bilaxy,customer,tagged_ethereum,2022-11-10T01:29:47Z,200,0,,0.072725,0.109489,1103502.0,0.448267,29,52,63,137,2.174603,1.796661,0.94,0.0,0,0,0.0,0.0
0x38ebc37c59e20249519907e8e62db0686a0fd231,ethereum,1,Bitget,explorer_tag,tagged_ethereum,2024-01-18T18:12:47Z,50,1,Bitget,0.48,0.478261,852.0,0.037851,7,4,27,23,0.851852,1.146609,0.0,0.043478,1,0,1.0,0.043478
0x393c16f8560f955e30de359507df61fd0ea23a0d,ethereum,1,Bitget,explorer_tag,tagged_ethereum,2024-04-28T08:58:23Z,3,1,Bitget,0.998278,1.0,14954436.0,0.001722,1,1,1,2,2.0,,0.0,0.0,0,0,1.0,0.0
0x39b8053dcf80b33d343db6d528042ca01db93367,ethereum,0,other,labelled:entity,tagged_ethereum,2024-04-12T00:09:35Z,1,1,,,,,1.0,1,0,1,0,0.0,,0.0,,0,,,
0x39bda837515ba6e00966c848d32e3b1542fc80fa,ethereum,1,Bilaxy,explorer_tag,tagged_ethereum,2025-01-01T04:12:47Z,1,1,,,,,1.0,1,0,1,0,0.0,,0.0,,0,,,
0x3a73ac0e1e59ffa23f8ce380e0626148ad5ba05a,ethereum,1,Bitget,explorer_tag,tagged_ethereum,2024-04-14T04:37:11Z,3,1,Bitget,0.998414,1.0,16291314.0,0.001586,1,1,1,2,2.0,,0.0,0.0,0,0,1.0,0.0
0x3a7998fe49e1ae68d42f360ffc65be494d87719c,ethereum,0,Bilaxy,customer,tagged_ethereum,2023-12-19T20:45:47Z,4,1,,0.005805,0.333333,40080.0,0.0,1,3,1,3,3.0,0.289387,0.0,0.0,0,0,0.0,0.0
0x3a9892d4ddfedb5e42753dfe2b03906c63259252,ethereum,1,Bitget,explorer_tag,tagged_ethereum,2024-06-03T04:07:11Z,17,1,Bitget,0.999399,1.0,360.0,0.001085,4,1,9,8,0.888889,1.099602,0.529412,0.0,0,0,1.0,0.0
0x3af13fdec34052ec98add8e53be254299a4c520d,ethereum,0,Bilaxy,customer,tagged_ethereum,2022-01-21T20:36:17Z,7,1,,0.999215,1.0,27513828.0,0.333857,6,1,6,1,0.166667,,0.0,0.0,0,1,0.0,0.0
0x3af4109f07cd12bba7db64829efb9ec97cefdee2,ethereum,0,Deribit,labelled:exchange,tagged_ethereum,2023-06-23T13:08:59Z,25,1,Deribit,0.999478,1.0,10445106.0,0.059315,9,1,17,8,0.470588,1.118998,0.16,0.0,0,0,1.0,0.0
0x3bf10dd5f206686f92117f3edb1b2a23a280d456,ethereum,1,Bitget,explorer_tag,tagged_ethereum,2024-06-11T11:27:23Z,5,1,Bitget,0.998363,1.0,13048314.0,0.001637,1,1,2,3,1.5,0.999586,0.0,0.0,0,0,1.0,0.0
0x3c16183c1c0e28f1a0cb9f8ee4b21d0db208ca46,ethereum,0,other,labelled:entity,tagged_ethereum,2022-01-01T11:12:54Z,200,0,,0.000329,0.005051,97.0,0.932309,1,198,2,198,99.0,13.962351,0.0,0.0,0,0,0.0,0.0
0x3c449d88490f7005dd4a90535c6df9657c9e3bd3,ethereum,0,Bitget,customer,tagged_ethereum,2024-06-24T18:47:47Z,6,1,,0.25,0.5,1548204.0,0.190704,4,2,4,2,0.5,,0.333333,0.5,2,0,0.0,0.0
0x3c4e70249e83f9124fd61c38092f357aff6ef881,ethereum,0,Bilaxy,customer,tagged_ethereum,2022-10-13T13:24:23Z,138,1,,0.177554,0.015267,35364.0,0.003895,5,127,7,131,18.714286,5.472738,0.0,0.114504,2,0,0.0,0.0
0x3ccd56f29495d493926800934bb852577153deea,ethereum,1,Bilaxy,explorer_tag,tagged_ethereum,2025-10-11T11:55:47Z,2,1,,,,,1.0,1,0,2,0,0.0,,0.0,,0,,,
0x3cd5b9e87d99924699a94baa92209de168031557,ethereum,1,Bilaxy,explorer_tag,tagged_ethereum,2023-07-22T09:43:11Z,21,1,Binance,1.0,1.0,2076.0,0.357143,3,1,14,7,0.5,0.839585,0.142857,0.571429,2,0,1.0,0.285714
0x3cf99bd5767fdaeaed671903f297b159dd9484e2,ethereum,0,Bilaxy,customer,tagged_ethereum,2025-07-22T06:53:23Z,33,1,,0.160697,0.333333,75828.0,0.222222,14,10,18,15,0.833333,1.677644,0.151515,0.266667,2,0,0.0,0.0
0x3d147a1752e8e1149004bbac78dbbdde8f4d07bf,ethereum,1,Bitget,explorer_tag,tagged_ethereum,2024-01-21T15:52:23Z,3,1,Bitget,0.998844,1.0,19102908.0,0.001156,1,1,1,2,2.0,,0.0,0.0,0,0,1.0,0.0
0x3d1a9d953b2bd69a87f779d4d563aa7bb7da7b6e,ethereum,1,Bilaxy,explorer_tag,tagged_ethereum,2023-05-08T08:17:35Z,6,1,,,,,1.0,3,0,6,0,0.0,,0.0,,0,,,
0x3d2a854e5284dd86f73aca60bce9d02d85e49dbe,ethereum,0,Bilaxy,customer,tagged_ethereum,2022-01-07T21:08:28Z,126,1,Binance,0.567886,0.292683,392766.5,0.000464,14,26,44,82,1.863636,1.359473,0.277778,0.085366,6,0,0.0,0.04878
0x3d2d731477d0d7d95a2522896145fc4ac4fba8b5,ethereum,1,Bilaxy,explorer_tag,tagged_ethereum,2024-03-18T15:52:47Z,8,1,Binance,1.0,1.0,22325412.0,0.666667,3,1,6,2,0.333333,,0.0,0.5,1,0,1.0,0.5
0x3d4e11e282c50c9e89370d072b4121d1b432725d,ethereum,0,Bitget,customer,tagged_ethereum,2024-01-14T20:49:23Z,200,0,,0.081598,0.194118,28890.0,0.193596,3,98,30,170,5.666667,2.390803,0.025,0.0,0,1,0.0,0.0
0x3d7ea5bf03528100ed8af8aed2653e921b6e6725,ethereum,0,other,labelled:entity,tagged_ethereum,2015-07-30T15:26:13Z,50,1,,0.004795,0.272727,18622409.0,0.821429,17,12,28,22,0.785714,2.092374,0.0,0.045455,1,0,0.0,0.0
0x3d960b90220cfead68e9889babe1dc1a9f7c2975,ethereum,1,Bilaxy,explorer_tag,tagged_ethereum,2023-06-03T05:31:59Z,16,1,Binance,0.997988,1.0,218844.0,0.038833,3,1,11,5,0.454545,1.404477,0.0,0.2,1,0,1.0,0.0
0x3d98195b252dbfec41dff573981224e4a4b01aff,ethereum,0,other,labelled:entity,tagged_ethereum,2025-05-30T08:44:47Z,200,0,,0.344446,0.5,0.0,0.303765,8,7,120,80,0.666667,3.001165,0.0,0.0,0,1,0.0,0.0
0x3d9d83ec81ff5e04c4de5aa0747c4bf79a8e489a,ethereum,0,Bitget,customer,tagged_ethereum,2025-06-23T11:29:23Z,48,1,Binance,0.76,0.25,34188.0,0.166667,7,14,12,36,3.0,3.701603,0.0,0.027778,1,0,0.0,0.027778
0x3db76cc3673fef9b454562df53188ac3147826f8,ethereum,0,Bitget,customer,tagged_ethereum,2022-08-23T12:13:42Z,200,0,,0.025276,0.061798,171288.0,0.378187,6,99,22,178,8.090909,3.029563,0.925,0.0,0,0,0.0,0.0
0x3ddcaa8fe0f771b552fd3d02720af35a160a45ce,ethereum,0,Deribit,labelled:exchange,tagged_ethereum,2022-11-07T09:35:47Z,13,1,Deribit,1.0,1.0,2706564.0,0.25,3,1,8,5,0.625,1.692444,0.076923,0.0,0,0,1.0,0.0
0x3e3f7b5d1a743f87418390888865173563bf9a54,ethereum,0,Deribit,labelled:exchange,tagged_ethereum,2024-04-05T09:30:47Z,6,1,Deribit,0.999997,1.0,3383952.0,0.250002,3,1,4,2,0.5,,0.333333,0.0,0,0,1.0,0.0
0x3f03415622235989930ed4040329045e90aa0161,ethereum,0,Bitget,customer,tagged_ethereum,2024-02-04T08:36:59Z,9,1,,0.796306,0.5,51930.0,0.000884,4,3,5,4,0.8,1.398317,0.222222,0.25,1,1,0.0,0.0
0x3f3a06bd61f7fc81e8b7bdbd8bcd550244d982c0,ethereum,0,Bitget,customer,tagged_ethereum,2022-09-15T20:03:47Z,159,0,,0.563414,0.19802,2534400.0,0.47402,22,28,58,101,1.741379,2.662633,0.251572,0.0,0,1,0.0,0.0
0x3f3ee0a9cac2d01db44001eca3e8382fbe40207b,ethereum,0,Bitget,customer,tagged_ethereum,2026-08-10T13:35:23Z,200,0,,0.006557,0.038835,60.0,0.078102,94,91,97,103,1.061856,1.212655,0.0,1.0,73,0,0.0,0.0
0x3f731a9cfe497f5fa6dc5e3648d74c35f8b9b80f,ethereum,0,Bilaxy,customer,tagged_ethereum,2024-04-12T04:44:23Z,1,1,,,1.0,,,0,1,0,1,,,0.0,0.0,0,1,0.0,0.0
0x3f762aa5905670140eeec945fe2a7746777267c1,ethereum,1,Bilaxy,explorer_tag,tagged_ethereum,2025-01-08T17:03:11Z,3,1,,,,,1.0,1,0,3,0,0.0,,0.0,,0,,,
0x3fad9556415120dcb7c15f2503326509c9c827bc,ethereum,1,Bilaxy,explorer_tag,tagged_ethereum,2024-08-09T10:21:59Z,1,1,,,,,1.0,1,0,1,0,0.0,,0.0,,0,,,
0x4078eb9ca169d792d0ad65315d760a8285922a86,ethereum,0,Bitget,customer,tagged_ethereum,2024-06-23T10:27:59Z,194,0,,0.0,0.101124,40236.0,0.181203,3,70,16,178,11.125,1.891518,0.427835,0.005618,1,0,0.0,0.0
0x40972578d40dd9f77bd3bc67f0401594c97ba83b,ethereum,1,Bilaxy,explorer_tag,tagged_ethereum,2024-01-03T22:50:59Z,3,1,,,,,1.0,2,0,3,0,0.0,,0.0,,0,,,
0x40b9a941b696c6ee66ae980182b4a35c125a1f86,ethereum,1,Bilaxy,explorer_tag,tagged_ethereum,2023-06-04T15:29:35Z,5,1,Binance,0.925014,1.0,2161596.0,0.32421,2,1,4,1,0.25,,0.0,0.0,0,0,1.0,0.0
0x40d36d84dcebbafa02dcea93a1791398e975039c,ethereum,1,Bitget,explorer_tag,tagged_ethereum,2024-08-25T19:49:59Z,37,1,Bitget,0.999444,1.0,348.0,0.000556,4,1,19,18,0.947368,2.384925,0.72973,0.055556,1,0,1.0,0.0
0x40d45d9d7625d15156c932b771ca7b0527130958,ethereum,0,other,labelled:entity,tagged_ethereum,2015-07-30T15:26:13Z,25,1,Kraken,0.42999,0.571429,20303624.5,0.75,3,6,4,21,5.25,1.529688,0.0,0.0,0,0,0.571429,0.0
0x40ed09b2373d1f6b722e0b86f320f4ea3aba8254,ethereum,1,Bitget,explorer_tag,tagged_ethereum,2024-04-08T22:11:35Z,13,1,Bitget,0.999014,1.0,230478.0,0.000986,4,1,7,6,0.857143,1.467445,0.0,0.166667,1,0,1.0,0.0
0x4183c5f2ff12ef8d98c635f07f10dae20c9ccd6b,ethereum,0,other,labelled:entity,tagged_ethereum,2017-04-01T23:10:44Z,29,1,,0.145846,0.833333,1082248.0,0.347885,22,2,23,6,0.26087,1.565512,0.0,0.5,1,0,0.0,0.0
0x4190051a73a137c5e49ea6101dadcc8a7db2aaa1,ethereum,1,Bitget,explorer_tag,tagged_ethereum,2024-02-01T13:12:23Z,6,1,Bitget,0.999225,1.0,16021278.0,0.33385,2,1,3,3,1.0,0.649199,0.0,0.0,0,0,1.0,0.0
0x419439d3cb3b87fd90644a1c98b5e00df0d83ecf,ethereum,1,Bitget,explorer_tag,tagged_ethereum,2024-02-21T17:00:35Z,4,1,Bitget,0.99908,1.0,17776608.0,0.50046,2,1,2,2,1.0,,0.0,0.0,0,0,1.0,0.0
0x41da403e3629da1d73f96d03f6ee6bd3c75b80be,ethereum,1,Bitget,explorer_tag,tagged_ethereum,2024-03-14T07:43:59Z,115,1,Bitget,0.86866,0.794872,79524.0,0.067151,11,3,76,39,0.513158,1.006837,0.0,0.205128,2,0,1.0,0.025641
0x41e3017382fd7a27e2796badc34a6d0d1abb484c,ethereum,1,Bilaxy,explorer_tag,tagged_ethereum,2023-03-21T20:54:59Z,3,1,Binance,1.0,1.0,110609256.0,0.5,2,1,2,1,0.5,,0.666667,0.0,0,0,1.0,0.0
0x41eef9e037a81eee4866cddbc4b8e16a5b01bd4d,ethereum,0,other,labelled:entity,tagged_ethereum,2025-06-28T22:23:59Z,200,0,,0.193372,0.212121,0.0,0.009111,26,25,101,99,0.980198,1.115355,0.0,0.0,0,0,0.0,0.0
0x424a40187658532c96fc7ebdbe5e52a8aabd5178,ethereum,0,Bilaxy,customer,tagged_ethereum,2022-12-19T12:13:11Z,9,1,,0.5,0.5,45541890.0,0.72396,7,2,7,2,0.285714,,0.222222,0.0,0,1,0.0,0.0
0x424cbd7af29ad02c2f083c530e2ff11456088601,ethereum,0,other,labelled:entity,tagged_ethereum,2021-01-22T14:04:23Z,15,1,,0.340853,0.75,174667.0,0.142857,3,3,7,8,1.142857,0.938695,0.0,0.0,0,0,0.0,0.0
0x426f529b22bf72b52d45cd3befc9116460890016,ethereum,0,Bitget,customer,tagged_ethereum,2023-12-25T13:52:11Z,56,1,,0.15829,0.2,122232.0,0.667223,28,9,36,20,0.555556,2.542012,0.142857,0.0,0,0,0.0,0.0
0x42a65cede632a03d9af4b5caeb0caabc22e16fa3,ethereum,1,Bilaxy,explorer_tag,tagged_ethereum,2021-08-18T01:26:33Z,4,1,Binance,1.0,1.0,5838387.5,0.333333,2,1,3,1,0.333333,,0.75,0.0,0,0,1.0,0.0
0x42b444505180d1fe77ec38c05ab846ef917b588f,ethereum,0,Bitget,customer,tagged_ethereum,2024-01-25T08:15:11Z,9,1,,0.333333,0.166667,33456.0,0.004834,3,6,3,6,2.0,1.070339,0.0,0.0,0,0,0.0,0.0
0x42ec11dea3f54a2ef652a53aa8e5a927f1d26c25,ethereum,0,Bilaxy,customer,tagged_ethereum,2025-07-19T03:15:23Z,82,1,Binance,0.178334,0.136364,372.0,0.578947,35,24,38,44,1.157895,2.872817,0.036585,0.181818,6,0,0.0,0.136364
0x42ed3ffdf7e78deb4016dbc2973bf90549d7ea04,ethereum,0,Bilaxy,customer,tagged_ethereum,2024-03-25T17:04:47Z,10,1,,0.148429,0.5,4764.0,0.0,3,3,6,4,0.666667,1.41417,0.0,0.5,1,0,0.0,0.0
0x432f71e29741fc9405ffb3f3170413418ae3d06d,ethereum,0,Deribit,labelled:exchange,tagged_ethereum,2024-10-28T09:04:59Z,11,1,Deribit,0.999989,0.75,552.0,2e-05,4,2,7,4,0.571429,1.273517,0.545455,0.75,2,0,0.75,0.75
0x43c0bf82a29c3f92ffab3a65ccc32430568c414d,ethereum,0,other,labelled:entity,tagged_ethereum,2017-05-09T15:57:43Z,199,0,,0.119363,0.313433,855025.0,0.438199,67,26,132,67,0.507576,4.511335,0.01005,0.014925,1,0,0.0,0.0
0x43c8ac0957145bebc28421aa15aef8ef118c2c0c,ethereum,1,Bitget,explorer_tag,tagged_ethereum,2024-02-03T13:31:59Z,9,1,Bitget,0.998008,1.0,28916268.0,0.201594,2,1,5,4,0.8,1.028795,0.0,0.0,0,0,1.0,0.0
0x441868526ad5a9081cecbf3a60b026cb66d95394,ethereum,1,Bitget,explorer_tag,tagged_ethereum,2023-12-06T00:51:35Z,5,1,Bitget,0.999261,1.0,34291776.0,0.333826,2,1,3,2,0.666667,,0.0,0.0,0,0,1.0,0.0
0x4457c13c3b345943c818dbbf4a6f955cb4a878ea,ethereum,0,Bilaxy,customer,tagged_ethereum,2024-10-02T09:01:59Z,2,1,,0.769231,1.0,5832312.0,0.230769,1,1,1,1,1.0,,0.0,0.0,0,1,0.0,0.0
0x4478cfdf84a240bbb6ed0e81c686218856b87fa0,ethereum,1,Bilaxy,explorer_tag,tagged_ethereum,2024-05-09T10:35:23Z,2,1,,,,,1.0,2,0,2,0,0.0,,0.0,,0,,,
0x44a9a1fb69e0be06cbbe1e2a2d3b106531707acc,ethereum,1,Bitget,explorer_tag,tagged_ethereum,2024-03-24T21:40:11Z,13,1,Bitget,0.998463,1.0,18948.0,0.001537,5,1,7,6,0.857143,0.764122,0.153846,0.0,0,0,1.0,0.0
0x44b02f8237f368f0604f7f79e3fd1e02eb4f8904,ethereum,0,Bitget,customer,tagged_ethereum,2023-01-31T13:21:35Z,110,1,,0.641435,0.288889,4093848.0,0.231223,21,18,65,45,0.692308,2.046405,0.081818,0.0,0,1,0.0,0.0
0x44e497a3d3f6aeac9df9575b048bf9811a3df3ee,ethereum,0,Bilaxy,customer,tagged_ethereum,2025-06-12T07:58:59Z,120,1,,0.438853,0.245614,31524.0,0.035216,10,19,63,57,0.904762,4.732263,0.0,0.035088,1,0,0.0,0.0
0x44ea616fc312720565a6f66c82a4488aa7a73ef3,ethereum,1,Bitget,explorer_tag,tagged_ethereum,2024-03-31T09:28:47Z,54,1,Bitget,0.758552,0.708333,348.0,0.0334,14,5,30,24,0.8,1.326004,0.0,0.208333,2,0,1.0,0.208333
0x4564f41106eca73dc2d11d44e98be89bbcab22ee,ethereum,1,Bitget,explorer_tag,tagged_ethereum,2024-01-14T23:22:23Z,3,1,Bitget,0.998691,1.0,19394904.0,0.001309,1,1,1,2,2.0,,0.0,0.0,0,0,1.0,0.0
0x45a63a5cb6ecd2aae0d736f3d6353a5546c9dae0,ethereum,0,Bitget,customer,tagged_ethereum,2024-10-31T16:29:23Z,15,1,,0.0,0.333333,2964.0,0.166667,4,5,6,9,1.5,2.258713,0.533333,0.0,0,0,0.0,0.0
0x4608b3cfd94ef8af81d4c5f223e8d727bcdf71ae,ethereum,1,Bilaxy,explorer_tag,tagged_ethereum,2023-07-04T13:38:47Z,200,0,Binance,0.990384,1.0,1896.0,0.047681,2,1,131,69,0.526718,1.264927,0.765,0.101449,2,0,1.0,0.072464
0x463462672147daa9700d98ac718b56c8bcca3996,ethereum,0,Bitget,customer,tagged_ethereum,2024-11-01T22:44:23Z,101,1,,0.204008,0.228571,2880.0,0.016089,18,18,66,35,0.530303,0.769778,0.0,0.142857,5,0,0.0,0.0
0x463d81a9d2b008cf37c98f978cb2e6c986780855,ethereum,1,Bilaxy,explorer_tag,tagged_ethereum,2024-01-09T17:33:23Z,2,1,,,,,1.0,2,0,2,0,0.0,,0.0,,0,,,
0x463e6fab5c5355d9193469c4f0a5d1b27230d26d,ethereum,0,Bitget,customer,tagged_ethereum,2023-11-21T11:24:11Z,200,0,,0.496587,0.39759,1800.0,0.20706,49,29,117,83,0.709402,3.210045,0.0,0.0,0,0,0.0,0.0
0x463f1bec9681e9d66a09160c94821f5b9cd95245,ethereum,0,Deribit,labelled:exchange,tagged_ethereum,2024-07-22T10:35:11Z,67,1,Deribit,0.999981,1.0,84.0,0.075023,6,1,40,27,0.675,2.775834,0.029851,0.481481,1,0,1.0,0.481481
0x466d8e63f042468153bec523907ca8b099ee04cc,ethereum,1,Bitget,explorer_tag,tagged_ethereum,2024-03-24T09:23:35Z,11,1,Bitget,0.598128,0.6,642.0,0.168227,2,2,6,5,0.833333,0.619068,0.0,0.0,0,0,1.0,0.0
0x46889a911511eb5a079c1e6ea0645c73e1347a07,ethereum,1,Bilaxy,explorer_tag,tagged_ethereum,2021-07-31T06:10:15Z,3,1,Binance,1.0,1.0,15679946.0,0.0,1,1,2,1,0.5,,0.0,0.0,0,0,1.0,0.0
0x46a7faef2feff74f8524fac87abfc00ff4b8b523,ethereum,0,Deribit,labelled:exchange,tagged_ethereum,2023-02-15T14:20:23Z,5,1,Deribit,0.999941,1.0,72.0,0.333373,3,1,3,2,0.666667,,0.0,0.0,0,0,1.0,0.0
0x46c7c9521ae6a71bc125a0d8afcb2d92bea29614,ethereum,1,Bilaxy,explorer_tag,tagged_ethereum,2023-05-12T15:50:11Z,5,1,Binance,0.962054,1.0,624.0,0.165448,1,1,3,2,0.666667,,0.0,0.5,1,0,1.0,0.0
0x46e7ccce63a2d3d13961d3f863043f1ff9340e40,ethereum,1,Bilaxy,explorer_tag,tagged_ethereum,2025-11-01T09:59:23Z,3,1,,,,,1.0,1,0,3,0,0.0,,0.0,,0,,,
0x4712d0c8e58452944b6b7d0c0d8afcd9ee9c5257,ethereum,1,Bilaxy,explorer_tag,tagged_ethereum,2021-07-03T05:50:36Z,3,1,Binance,1.0,1.0,17572212.5,0.0,1,1,2,1,0.5,,0.0,0.0,0,0,1.0,0.0
0x475b7aae992253f1c535cff0a2e6277b4baf111d,ethereum,0,Bitget,customer,tagged_ethereum,2024-11-10T11:16:11Z,65,1,Binance,0.356661,0.542857,268332.0,0.0,15,8,30,35,1.166667,2.606696,0.0,0.171429,6,0,0.0,0.085714
0x475fe1a422eca399eff114d0aab4caa9eb0c37ed,ethereum,1,Bitget,explorer_tag,tagged_ethereum,2024-02-22T09:19:47Z,57,1,Bitget,0.63581,0.647059,510.0,0.150495,12,3,40,17,0.425,2.997584,0.210526,0.411765,3,0,1.0,0.176471
0x476ad8c038c24d5df9ff1bafe0d8b34444b95ec4,ethereum,0,Bitget,customer,tagged_ethereum,2023-07-07T09:21:23Z,193,0,Binance,0.040378,0.169492,7878.0,0.093432,23,37,75,118,1.573333,3.338084,0.398964,0.381356,10,0,0.0,0.050847
0x477f00781b1d740c5c3abf81d7a61a194cf0fd44,ethereum,0,Deribit,labelled:exchange,tagged_ethereum,2023-03-27T21:51:59Z,4,1,Deribit,0.99999,1.0,504.0,1e-05,2,1,2,2,1.0,,0.0,0.0,0,0,1.0,0.0
0x47beb20f759100542aa93d41118b3211d664920e,ethereum,0,other,labelled:entity,tagged_ethereum,2015-07-30T15:26:13Z,22,1,,0.700161,0.666667,42227163.5,0.750001,3,2,4,18,4.5,1.105927,0.0,0.0,0,0,0.0,0.0
0x47e1d9c03163e28d77ee9be5eb9078154e1c8aa0,ethereum,0,Bitget,customer,tagged_ethereum,2024-02-19T01:46:11Z,6,1,,0.026557,0.333333,768.0,0.333365,3,3,3,3,1.0,0.95998,0.0,0.0,0,1,0.0,0.0
0x47e3ac26c5a8f1715dabfe1db00e4bf1f54afe23,ethereum,0,Bithumb,labelled:exchange,tagged_ethereum,2018-05-17T17:05:35Z,200,0,,0.007327,0.0625,30521.0,0.910539,7,113,8,192,24.0,3.339509,0.0,0.0,0,1,0.0,0.0
0x480f31b989311e4124c6a7465f5a44094d36f9d0,ethereum,0,other,labelled:entity,tagged_ethereum,2015-07-30T15:26:13Z,10,1,,0.301527,0.333333,26485792.5,0.750001,3,4,4,6,1.5,1.196582,0.0,0.0,0,0,0.0,0.0
0x4814b5ad13ba4295309679d6f7146d1a0d7b9c92,ethereum,0,Bilaxy,customer,tagged_ethereum,2023-05-07T12:53:35Z,11,1,,0.242089,0.5,9744.0,0.200126,5,3,7,4,0.571429,1.414057,0.181818,0.25,1,1,0.0,0.0
0x486cef19e6f8b79ff6cb1477ed6ef1c44ec90d6a,ethereum,0,Deribit,labelled:exchange,tagged_ethereum,2023-11-01T17:13:23Z,3,1,Binance,0.999625,1.0,264.0,0.000375,2,1,2,1,0.5,,0.0,1.0,1,0,1.0,1.0
0x48e6c55bcb7c3c2d477e3b889b3078cd936e3065,ethereum,0,Deribit,labelled:exchange,tagged_ethereum,2023-04-06T17:10:59Z,3,1,Binance,0.999995,1.0,138.0,5e-06,2,1,2,1,0.5,,0.0,1.0,1,0,1.0,1.0
0x490257cac24183d002e160d91cf6904db61b9491,ethereum,0,Deribit,labelled:exchange,tagged_ethereum,2022-11-14T10:31:35Z,2,1,Deribit,0.999882,1.0,2098800.0,0.000118,1,1,1,1,1.0,,0.0,0.0,0,0,1.0,0.0
0x4921e2a76f7e8a4eab3051b56dc1ee7ddcf9c65a,ethereum,1,Bitget,explorer_tag,tagged_ethereum,2024-05-05T02:58:23Z,4,1,Bitget,0.997206,1.0,8726976.0,0.002794,2,1,2,2,1.0,,0.0,0.0,0,0,1.0,0.0
0x4952f2dd496df3983ef4a49b06d367c966ecf521,ethereum,0,Bitget,customer,tagged_ethereum,2024-05-12T12:22:11Z,7,1,,0.689476,0.5,27066.0,0.333453,3,3,3,4,1.333333,1.210389,0.0,0.0,0,0,0.0,0.0
0x49eed79bf92bb7c2258e939562b8e37ae033de16,ethereum,0,Bitget,customer,tagged_ethereum,2024-05-13T16:16:23Z,77,1,,0.598922,0.416667,2131524.0,0.397848,25,6,41,36,0.878049,2.576472,0.0,0.0,0,1,0.0,0.0
0x4a6a02291510beac3217627657f1a679b53b7177,ethereum,1,Bitget,explorer_tag,tagged_ethereum,2022-04-12T14:55:06Z,38,1,Bitget,0.498593,0.444444,1212.0,0.00053,4,6,20,18,0.9,1.832565,0.0,0.111111,1,0,0.888889,0.0
0x4a8c3b7c29d8dc6769978dac0381131f6b7d6d50,ethereum,0,Bitget,customer,tagged_ethereum,2024-07-04T14:33:23Z,39,1,,0.272727,0.181818,259656.0,0.352941,9,13,17,22,1.294118,1.909812,0.0,0.0,0,0,0.0,0.0
0x4aa1da8302fefcb43978a61a24d1f46867b9b95f,ethereum,1,Bitget,explorer_tag,tagged_ethereum,2024-05-15T22:05:47Z,7,1,Bitget,0.665646,0.75,960.0,0.001021,1,2,3,4,1.333333,1.249889,0.0,0.0,0,0,1.0,0.0
0x4ae270e507802c078f6df99fbf382eaea1afd157,ethereum,1,Bitget,explorer_tag,tagged_ethereum,2024-09-05T18:32:23Z,3,1,Bitget,0.99851,1.0,9311298.0,0.00149,1,1,1,2,2.0,,0.0,0.0,0,0,1.0,0.0
0x4aff4e4155c0aea5a276b9f63d27c30f74488177,ethereum,1,Bilaxy,explorer_tag,tagged_ethereum,2024-04-19T14:34:23Z,2,1,,,,,1.0,1,0,2,0,0.0,,0.0,,0,,,
0x4b2d5340f61a38153b75e513f308b27c831cc45d,ethereum,1,Bitget,explorer_tag,tagged_ethereum,2024-04-24T22:48:59Z,4,1,Bitget,0.999889,1.0,15826242.0,0.500055,2,1,2,2,1.0,,0.0,0.0,0,0,1.0,0.0
0x4b3d4d2abffd03ad39d980ea26852c62d567c470,ethereum,1,Bilaxy,explorer_tag,tagged_ethereum,2024-10-02T04:02:23Z,7,1,Binance,1.0,1.0,660.0,0.833333,3,1,6,1,0.166667,,0.0,0.0,0,0,1.0,0.0
0x4b8632a9e4cda12da8800127d9c1d3fc9fad5006,ethereum,1,Bitget,explorer_tag,tagged_ethereum,2024-03-01T19:14:47Z,3,1,Bitget,0.997519,1.0,17383896.0,0.002481,1,1,1,2,2.0,,0.0,0.0,0,0,1.0,0.0
0x4ba681e2bbd914e987c48014b8c964997a2e155e,ethereum,1,Bitget,explorer_tag,tagged_ethereum,2024-06-01T08:42:59Z,3,1,Bitget,0.998875,1.0,13486398.0,0.001125,1,1,1,2,2.0,,0.0,0.0,0,0,1.0,0.0
0x4be15ed8081acbde18e98153db41323be4520a92,ethereum,1,Bilaxy,explorer_tag,tagged_ethereum,2022-06-14T18:44:18Z,18,1,Binance,0.988838,1.0,3593945.0,0.260268,9,1,13,5,0.384615,0.834609,0.111111,0.2,1,0,1.0,0.2
0x4bf940327ea7bd035893866744d9b7d50a0ab639,ethereum,1,Bitget,explorer_tag,tagged_ethereum,2024-01-30T12:49:23Z,8,1,Bitget,0.998292,1.0,39024636.0,0.001708,1,1,5,3,0.6,0.999926,0.0,0.333333,1,0,1.0,0.0
0x4c06100c91355e7cae1435a88640b73e68f49729,ethereum,0,Deribit,labelled:exchange,tagged_ethereum,2023-06-09T08:21:47Z,2,1,Deribit,0.999401,1.0,60.0,0.000599,1,1,1,1,1.0,,0.0,0.0,0,0,1.0,0.0
0x4c49d1551d4288d3d73d817098929058b429a687,ethereum,0,Bitget,customer,tagged_ethereum,2025-07-10T14:02:23Z,75,1,,0.008097,0.013889,228.0,0.0,2,72,3,72,24.0,8.288336,0.0,0.0,0,0,0.0,0.0
0x4c5757864fcc6753e46c14b96d05ec40929d7011,ethereum,0,Bitget,customer,tagged_ethereum,2023-07-13T23:36:11Z,20,1,,0.271155,0.333333,1664700.0,0.272727,11,7,11,9,0.818182,1.179642,0.0,0.0,0,1,0.0,0.0
0x4c88522a7c7cbb18c7d4b74edae97043f417bfe8,ethereum,0,Bilaxy,customer,tagged_ethereum,2022-10-13T13:24:59Z,30,1,,0.418251,0.235294,4142004.0,0.009692,9,14,13,17,1.307692,1.618682,0.0,0.176471,3,0,0.0,0.0
0x4ca9f960e9875a96533a2f1a84fa7ecd59854725,ethereum,0,Bitget,customer,tagged_ethereum,2024-03-24T06:42:23Z,40,1,,0.153846,0.190476,24666.0,0.263158,14,10,19,21,1.105263,2.043589,0.0,0.142857,6,0,0.0,0.0
0x4d4251c77f632753d99003196e6d2b5946ddf5de,ethereum,0,Bilaxy,customer,tagged_ethereum,2022-08-19T20:17:43Z,19,1,Binance,0.197763,0.363636,286234.0,0.134728,4,6,8,11,1.375,1.196166,0.0,0.090909,2,0,0.0,0.090909
0x4d457931bf3b4afbf42269b1a6aa824674dde322,ethereum,0,Bitget,customer,tagged_ethereum,2023-12-23T18:46:35Z,12,1,,0.179467,0.333333,10500.0,0.000755,3,5,6,6,1.0,1.520705,0.0,0.0,0,1,0.0,0.0
0x4d54be5a62f5d9fcf4b17c7ab6e68822c142ec6b,ethereum,0,other,labelled:entity,tagged_ethereum,2016-09-08T23:48:31Z,50,1,,,,,1.0,25,0,50,0,0.0,,0.0,,0,,,
0x4d6c032b7941482660b8c4a3b91105b0ea6fb597,ethereum,0,Deribit,labelled:exchange,tagged_ethereum,2023-07-14T00:15:59Z,4,1,Deribit,0.999964,1.0,168.0,0.333357,2,1,3,1,0.333333,,0.0,1.0,1,0,1.0,1.0
0x4df48444a84447251948b5c1e14d73a48984634c,ethereum,0,Bilaxy,customer,tagged_ethereum,2026-09-11T13:53:47Z,36,1,,0.270388,0.130435,19260.0,0.063441,9,19,13,23,1.769231,3.265871,0.222222,0.130435,1,0,0.0,0.0
0x4df56b0ea407a4c8579f619b5e27cb533638d569,ethereum,0,Bilaxy,customer,tagged_ethereum,2021-04-19T10:18:44Z,129,0,Binance,0.042042,0.166667,180404.0,0.093113,22,38,51,78,1.529412,3.221197,0.0,0.064103,4,0,0.0,0.051282
0x4e416acb6b7e9d3bfec953562d57d4f4cd21f1fd,ethereum,0,Bilaxy,customer,tagged_ethereum,2022-03-14T17:15:32Z,86,1,Binance,0.015802,0.204082,1087524.0,0.031541,20,31,37,49,1.324324,1.552236,0.0,0.244898,9,0,0.0,0.142857
0x4ea2c0b12d1463b1e9aa42d56732f5b0ac367e3a,ethereum,1,Bitget,explorer_tag,tagged_ethereum,2024-08-05T07:35:23Z,47,1,Bitget,0.478751,0.380952,900.0,0.039662,6,3,26,21,0.807692,1.936993,0.234043,0.238095,2,0,1.0,0.428571
0x4ec17c33e91661cee97e40405f81a6d910cff077,ethereum,1,Bitget,explorer_tag,tagged_ethereum,2024-03-08T09:05:11Z,5,1,Bitget,0.998486,1.0,252.0,0.001514,2,1,2,3,1.5,0.999009,0.4,0.0,0,0,1.0,0.0
0x4f10b1e332dc9202904f1ae68b98ba41fb8ef173,ethereum,0,Bitget,customer,tagged_ethereum,2024-07-16T07:59:23Z,9,1,,0.0,0.333333,1236.0,0.666667,3,5,3,6,2.0,1.429714,0.0,0.166667,1,1,0.0,0.0
0x4f1c318d8b2b40ea0920fad17a4ea72f7a388236,ethereum,0,Bitget,customer,tagged_ethereum,2024-12-20T07:27:59Z,67,1,,0.419291,0.292683,93348.0,0.230769,15,12,26,41,1.576923,4.329332,0.134328,0.073171,2,0,0.0,0.0
0x4f67f06765c6ea8fb865dff0aeab166653573ce3,ethereum,1,Bitget,explorer_tag,tagged_ethereum,2024-09-28T18:54:47Z,6,1,Bitget,0.998843,1.0,324.0,0.001157,1,1,3,3,1.0,0.835875,0.0,0.0,0,0,1.0,0.0
0x4f7b476454a071d0db5c83cd86da664f168add51,ethereum,1,Bilaxy,explorer_tag,tagged_ethereum,2021-07-03T02:33:29Z,3,1,Binance,1.0,1.0,18459621.5,0.0,1,1,2,1,0.5,,0.0,0.0,0,0,1.0,0.0
0x4f8b986ecffe7bed5dbeb2b49310fb00ca85a539,ethereum,0,other,labelled:entity,tagged_ethereum,2023-10-19T13:36:47Z,1,0,,,,,1.0,1,0,1,0,0.0,,0.0,,0,,,
0x4f90245bb3f881a889999518260caf9a46b5a371,ethereum,1,Bilaxy,explorer_tag,tagged_ethereum,2025-11-21T08:48:11Z,1,1,,,,,1.0,1,0,1,0,0.0,,0.0,,0,,,
0x4f98cb45e978e810c33a3448e69be3c4f9e44400,ethereum,0,Bitget,customer,tagged_ethereum,2025-02-09T21:31:59Z,8,1,,0.25,0.25,21756.0,0.0,2,4,4,4,1.0,0.36874,0.25,0.0,0,0,0.0,0.0
0x4f9ad923b27d3ab3de278010bc5bb2b84451f677,ethereum,1,Bilaxy,explorer_tag,tagged_ethereum,2023-11-24T15:24:59Z,1,1,,,,,1.0,1,0,1,0,0.0,,0.0,,0,,,
0x4fa8bb367c1c2034c292ff877699814b84788448,ethereum,1,Bilaxy,explorer_tag,tagged_ethereum,2024-09-03T13:47:23Z,38,1,Binance,0.955194,0.928571,402.0,0.416667,10,2,24,14,0.583333,0.28996,0.736842,0.071429,1,0,0.071429,0.0
0x5097fc0715e89840acc4311e97dc9ffea0ce75f0,ethereum,0,Bilaxy,customer,tagged_ethereum,2025-04-02T07:19:11Z,157,0,,0.133174,0.028777,539688.0,0.140124,7,89,18,139,7.722222,2.453041,0.573248,0.100719,1,0,0.0,0.0
0x50d830296c7d102675f236a89a610ccc361b69bd,ethereum,0,other,labelled:entity,tagged_ethereum,2025-11-20T12:48:35Z,124,1,,,,,1.0,1,0,124,0,0.0,,0.0,,0,,,
0x512c9e62eda7cf68b27cd2fb0c036783db38d4c4,ethereum,0,Bilaxy,customer,tagged_ethereum,2024-08-10T10:20:47Z,2,1,,0.99279,1.0,7380.0,0.00721,1,1,1,1,1.0,,0.0,0.0,0,1,0.0,0.0
0x51e3d44172868acc60d68ca99591ce4230bc75e0,ethereum,0,MEXC,labelled:exchange,tagged_ethereum,2022-02-27T21:59:29Z,13,1,MEXC,0.5,0.666667,94602.0,0.631759,9,2,10,3,0.3,0.426684,0.230769,0.333333,1,0,0.666667,0.333333
0x51fb21689470e8a7e907984f5b435d2ba244e4f5,ethereum,0,Bitget,customer,tagged_ethereum,2025-05-12T13:23:11Z,12,1,,0.215993,0.333333,14982.0,0.501849,5,4,6,6,1.0,1.348438,0.0,0.166667,1,1,0.0,0.0
0x520983d87a911a39f98b7c7c44d8180898681060,ethereum,0,Deribit,labelled:exchange,tagged_ethereum,2024-03-08T09:28:59Z,51,1,Deribit,0.99988,1.0,594.0,0.16963,16,1,36,15,0.416667,1.234441,0.54902,0.066667,1,0,1.0,0.066667
0x5245b037f49c9856748c272dc2d3f088c8cd382f,ethereum,0,other,labelled:entity,tagged_ethereum,2021-02-04T11:31:08Z,75,1,,0.179487,0.194444,13276.0,0.005049,16,17,39,36,0.923077,2.496941,0.053333,0.25,3,0,0.0,0.0
0x529b59e4f510f3110ef47e7f3092d75fd7d4dc7f,ethereum,0,Bitget,customer,tagged_ethereum,2025-01-19T23:15:11Z,4,1,Bitget,0.5,0.5,1668.0,0.449342,1,2,2,2,1.0,,0.5,1.0,1,1,0.0,1.0
0x52d3740c281689fe09fdab3ec2ff145186bb40d9,ethereum,1,Bitget,explorer_tag,tagged_ethereum,2024-03-17T20:36:59Z,3,1,Bitget,0.996974,1.0,16684164.0,0.003026,1,1,1,2,2.0,,0.0,0.0,0,0,1.0,0.0
0x5302ffaabed537243fb2eb3d39f3879ca94781b7,ethereum,1,Bitget,explorer_tag,tagged_ethereum,2024-04-10T03:50:11Z,10,1,Bitget,0.79996,0.75,348.0,0.1667,5,2,6,4,0.666667,0.821967,0.2,0.5,2,0,1.0,0.25
0x5314442ab94dd25f2d52d7e7b8acd1005ffc3f86,ethereum,0,Bilaxy,customer,tagged_ethereum,2024-03-24T12:08:59Z,6,1,,0.221787,0.25,4632.0,0.0,2,4,2,4,2.0,1.412156,0.0,0.5,1,1,0.0,0.0
0x53244e216d025e47fa66a5f031c83dcb68b9ab49,ethereum,1,Bitget,explorer_tag,tagged_ethereum,2024-08-10T02:24:59Z,7,1,Bitget,0.998805,1.0,6600990.0,0.001195,4,1,4,3,0.75,0.82379,0.0,0.0,0,0,1.0,0.0
0x533db64db1865876e46ed8b0a52ceb2ca3ad4509,ethereum,1,Bitget,explorer_tag,tagged_ethereum,2024-08-20T06:47:47Z,5,1,Bitget,0.998718,1.0,10028262.0,0.001282,1,1,2,3,1.5,0.999838,0.0,0.0,0,0,1.0,0.0
0x534979d7825243943ab6a7394ef18f4cb88a6b89,ethereum,1,Bilaxy,explorer_tag,tagged_ethereum,2024-03-08T21:03:59Z,1,1,,,,,1.0,1,0,1,0,0.0,,0.0,,0,,,
0x538ae45dea4e82b51cfe11ed1e62b06bb6cefef1,ethereum,1,Bilaxy,explorer_tag,tagged_ethereum,2023-09-04T21:36:11Z,6,1,Binance,1.0,1.0,95000928.0,0.8,4,1,5,1,0.2,,0.333333,0.0,0,0,1.0,0.0
0x5398cfce67d12f208b991b80abf09bd1aebe3af5,ethereum,0,Deribit,labelled:exchange,tagged_ethereum,2023-08-18T02:37:11Z,17,1,Deribit,0.99947,1.0,5985408.0,0.501574,10,1,15,2,0.133333,,0.294118,0.0,0,0,1.0,0.0
0x53a38ce95b2df6c195a64ad2e868e559dcce5dc3,ethereum,0,Bitget,customer,tagged_ethereum,2024-01-22T22:23:35Z,18,1,,0.272247,0.285714,1126296.0,0.181818,10,5,11,7,0.636364,1.257847,0.0,0.0,0,1,0.0,0.0
0x53c5d2386a17450eaa16c3a6439a23c278d0f0c4,ethereum,0,Deribit,labelled:exchange,tagged_ethereum,2024-08-05T03:19:35Z,7,1,Deribit,0.999971,1.0,84.0,0.250022,4,1,4,3,0.75,0.802713,0.0,0.0,0,0,1.0,0.0
0x54338ba8f9cb6cf030cc2b3536521bc4da6e9b78,ethereum,0,Bilaxy,customer,tagged_ethereum,2024-10-13T11:01:47Z,142,1,Binance,0.321693,0.328358,1214460.0,0.332826,41,15,75,67,0.893333,2.368097,0.0,0.044776,2,1,0.0,0.029851
0x544371d112e4bb00d11510b906c553b0e48ec077,ethereum,1,Bilaxy,explorer_tag,tagged_ethereum,2022-11-23T02:21:11Z,11,1,Binance,1.0,1.0,5352738.0,0.142857,4,1,7,4,0.571429,1.212589,0.909091,0.25,1,0,1.0,0.25
0x544b7da7fbcfc15c90064815fe5dbf964e88421a,ethereum,0,Bilaxy,customer,tagged_ethereum,2024-05-07T12:56:23Z,5,1,KuCoin,0.46729,0.5,49422.0,0.026869,2,2,3,2,0.666667,,0.0,0.5,1,0,0.0,0.5
0x550a817dfbad79d0262553a11025b10b26f21d41,ethereum,1,Bilaxy,explorer_tag,tagged_ethereum,2023-12-14T10:05:59Z,1,1,,,,,1.0,1,0,1,0,0.0,,0.0,,0,,,
0x550d87d4cf56b100cd4f909cf3b8ac1facdb228a,ethereum,1,Bilaxy,explorer_tag,tagged_ethereum,2025-07-15T13:24:11Z,2,1,,,,,1.0,2,0,2,0,0.0,,0.0,,0,,,
0x5537e88c74bdcb2c0f048b2f2780b5c8a9442206,ethereum,0,Bitget,customer,tagged_ethereum,2024-11-13T20:24:11Z,6,1,,0.303224,0.25,79818.0,0.500113,2,4,2,4,2.0,1.052059,0.0,0.0,0,1,0.0,0.0
0x55aae0ace7ea95cf2ba8e47695e02f126d78be44,ethereum,1,Bilaxy,explorer_tag,tagged_ethereum,2024-04-02T12:39:59Z,7,1,Binance,1.0,1.0,5507472.0,0.833333,4,1,6,1,0.166667,,0.0,0.0,0,0,1.0,0.0
0x567fdbe66195b7e6f4cab2290bbe2d83107a3ab3,ethereum,0,Bitget,customer,tagged_ethereum,2020-02-10T11:10:30Z,200,0,,0.068421,0.121212,3289.0,0.071158,87,39,134,66,0.492537,6.123185,0.235,0.0,0,0,0.0,0.0
0x56d8bf89371ba9ed001a27ac7a1fab640afe4f91,ethereum,0,other,labelled:entity,tagged_ethereum,2022-08-29T19:49:03Z,2,1,,,0.5,,,0,2,0,2,,,0.0,0.0,0,0,0.0,0.0
0x571d0a442345f5f1d4affb3b2f832575150b1260,ethereum,1,Bitget,explorer_tag,tagged_ethereum,2024-04-08T22:09:47Z,22,1,Bitget,0.999707,1.0,384.0,0.083602,6,1,12,10,0.833333,0.848262,0.363636,0.2,2,0,1.0,0.1
0x572fb1c9f98af5d354b62f96db6ba68b5fa555b5,ethereum,0,Deribit,labelled:exchange,tagged_ethereum,2025-07-16T15:00:59Z,40,1,Deribit,0.999984,1.0,264.0,0.242436,15,1,33,7,0.212121,0.837626,0.025,0.142857,3,0,1.0,0.142857
0x574481c2f74450c62eba2d7335672c07c03c3c4c,ethereum,0,Bitget,customer,tagged_ethereum,2026-07-03T12:54:47Z,10,1,,0.0,0.125,612.0,0.016574,2,8,2,8,4.0,1.031732,0.0,0.0,0,0,0.0,0.0
0x576791952e9747ab3ab702b4b5b25a2bebd72706,ethereum,1,Bitget,explorer_tag,tagged_ethereum,2024-02-22T19:25:11Z,8,1,Bitget,0.796806,0.666667,12806340.0,0.003194,3,2,5,3,0.6,0.280123,0.0,0.666667,2,0,1.0,0.333333
0x57dea6d353a6e944a3167902f563a096c0014c7c,ethereum,1,Bilaxy,explorer_tag,tagged_ethereum,2022-02-13T06:28:27Z,5,1,Binance,1.0,1.0,26328.0,0.75,3,1,4,1,0.25,,0.4,1.0,1,0,1.0,1.0
0x57e8d12ff4b1b82033cf34ec878ed4be1b5f2d96,ethereum,0,Bilaxy,customer,tagged_ethereum,2025-04-02T06:52:23Z,23,1,Binance,0.549045,0.615385,51588.0,0.0,7,2,10,13,1.3,2.112499,0.304348,0.307692,2,1,0.0,0.307692
0x582c9a99d85c4469b426bf9cd467de5d5f1c5d88,ethereum,1,Bitget,explorer_tag,tagged_ethereum,2024-03-18T15:35:11Z,3,1,Bitget,0.998064,1.0,16653600.0,0.001936,1,1,1,2,2.0,,0.0,0.0,0,0,1.0,0.0
0x5845e27768baa6d1b642e255f8590b1fea42fe14,ethereum,0,Bitget,customer,tagged_ethereum,2024-01-18T07:12:47Z,5,1,,0.0,0.333333,43572.0,0.5,2,3,2,3,1.5,0.997993,0.0,0.0,0,0,0.0,0.0
0x58edbde8a781e666a2ebcf31856a3202de383772,ethereum,0,Bitget,customer,tagged_ethereum,2024-07-28T10:31:11Z,5,1,,0.961545,0.5,936.0,0.0,1,3,1,4,4.0,1.398197,0.0,0.0,0,0,0.0,0.0
0x58fa177ed20134f6e14c512b7af3de46b662f86f,ethereum,0,Deribit,labelled:exchange,tagged_ethereum,2022-11-16T17:06:35Z,4,1,Deribit,0.999944,1.0,141432.0,5.6e-05,2,1,3,1,0.333333,,0.0,0.0,0,0,1.0,0.0
0x58fdfebc267937ff1d0522f0fba917238a45484f,ethereum,1,Bitget,explorer_tag,tagged_ethereum,2024-02-20T12:55:11Z,57,1,Bitget,0.967742,0.958333,408.0,0.060606,12,2,33,24,0.727273,1.324864,0.719298,0.166667,2,0,1.0,0.125
0x590f27c5bb83b717ad03d9b912f0e37b813bfb86,ethereum,0,Deribit,labelled:exchange,tagged_ethereum,2025-03-22T08:55:59Z,20,1,Deribit,0.999999,1.0,162.0,0.083334,6,1,12,8,0.666667,0.918968,0.25,0.25,1,0,1.0,0.25
0x592777261e3bd852c48eca95b3a44c5b7f2d422c,ethereum,0,other,labelled:entity,tagged_ethereum,2015-07-30T15:26:13Z,13,1,,0.9995,0.6,24397222.5,0.875,7,3,8,5,0.625,0.826887,0.0,0.0,0,1,0.0,0.0
0x594f7ff991eadbed4d8d7e925a57bee494d5b741,ethereum,0,Bilaxy,customer,tagged_ethereum,2023-01-18T10:51:47Z,184,1,Binance,0.480341,0.481013,4268856.0,0.249452,41,21,105,79,0.752381,3.964081,0.108696,0.037975,2,0,0.0,0.012658
0x595bf527b1e136e614d8ca6e1af709c2f6ee5181,ethereum,1,Bitget,explorer_tag,tagged_ethereum,2024-02-15T04:49:23Z,14,1,Bitget,0.999297,1.0,366.0,0.125615,6,1,8,6,0.75,1.443727,0.285714,0.333333,1,0,1.0,0.333333
0x59b9de16cae2999f8d063ac57cbb585c9fb1508e,ethereum,0,Bitget,customer,tagged_ethereum,2023-03-24T21:39:11Z,200,0,,0.141754,0.216216,62040.0,0.069802,22,25,89,111,1.247191,1.265,0.45,0.072072,5,0,0.0,0.0
0x59ca6782300cba58c6a5ccfa50ad967490a296c4,ethereum,0,other,labelled:entity,tagged_ethereum,2021-10-13T18:33:25Z,4,1,,0.156029,0.333333,274645.0,0.484115,1,3,1,3,3.0,0.905553,0.0,0.333333,1,0,0.0,0.0
0x5a0bfb0141126a54e9966ca647ea9d275d675089,ethereum,0,Bitget,customer,tagged_ethereum,2025-08-22T14:53:11Z,55,1,,0.0,0.2,312.0,0.0,45,9,45,10,0.222222,1.138477,0.0,0.1,44,0,0.0,0.0
0x5a159845489e0d7bd40f51a704cbe1074cb5b648,ethereum,1,Bilaxy,explorer_tag,tagged_ethereum,2023-10-08T21:09:59Z,2,1,,,,,1.0,2,0,2,0,0.0,,0.0,,0,,,
0x5a18ebebddcd86e7eea03c8a0ea1b81c48db7e6f,ethereum,1,Bitget,explorer_tag,tagged_ethereum,2024-04-02T11:57:23Z,27,1,Bitget,0.999729,1.0,336.0,0.18772,8,1,16,11,0.6875,1.669594,0.0,0.909091,3,0,1.0,0.909091
0x5a74dce93e048b76e927b5eb8a5814113bffb5c0,ethereum,0,other,labelled:entity,tagged_ethereum,2021-11-25T17:11:31Z,5,1,,0.5,0.333333,1741.0,0.03076,2,3,2,3,1.5,1.0,0.0,0.0,0,0,0.0,0.0
0x5a861aaa7c5bb28e504455646e3b1eaccc3dc134,ethereum,1,Bilaxy,explorer_tag,tagged_ethereum,2023-01-21T15:06:11Z,2,1,Binance,0.962796,1.0,408.0,0.037204,1,1,1,1,1.0,,0.0,0.0,0,0,1.0,0.0
0x5ace675b2dc44f2da35ece0837c1a85d73f744be,ethereum,0,Bitget,customer,tagged_ethereum,2023-02-13T20:44:47Z,68,1,,0.056516,0.117647,8300052.0,0.236093,13,27,17,51,3.0,2.008135,0.161765,0.0,0,0,0.0,0.0
0x5b2dada5a95b0a75c2e524c9bad0ef6ee3b28673,ethereum,0,Deribit,labelled:exchange,tagged_ethereum,2024-06-25T09:32:11Z,3,1,Deribit,0.999987,1.0,72.0,0.500007,2,1,2,1,0.5,,0.0,0.0,0,0,1.0,0.0
0x5b330ba2d8dd6e748eadb57251ef61b55884c35b,ethereum,0,Bilaxy,customer,tagged_ethereum,2024-01-24T03:53:11Z,197,0,,0.019721,0.166667,744270.0,0.780732,17,30,155,42,0.270968,5.767295,0.106599,0.095238,3,1,0.0,0.0
0x5b5c13a2cc0ef7d907c68ff9c3868f9c349c94dc,ethereum,0,Deribit,labelled:exchange,tagged_ethereum,2025-11-19T13:52:35Z,17,1,Deribit,0.999999,1.0,900.0,0.718013,9,1,16,1,0.0625,,0.117647,1.0,1,0,1.0,0.0
0x5bb9bd2ee9f5f5e83dd93ea8b3e78ea7fddb1e82,ethereum,0,Deribit,labelled:exchange,tagged_ethereum,2022-12-15T14:27:23Z,49,1,Deribit,1.0,1.0,3384.0,0.033396,14,1,30,19,0.633333,1.310629,0.408163,0.210526,1,0,1.0,0.210526
0x5bc2acdee3ca7de8f05ae742cbf731049cb49f7f,ethereum,0,Bilaxy,customer,tagged_ethereum,2025-03-14T10:20:23Z,189,0,,0.0,0.198413,33480.0,0.667542,36,44,63,126,2.0,3.557654,0.412698,0.031746,1,0,0.0,0.0
0x5be770881f8b4b26324b3beea15aed3d8db28196,ethereum,0,Deribit,labelled:exchange,tagged_ethereum,2022-11-09T15:52:47Z,35,1,Deribit,0.999936,1.0,84.0,0.250092,13,1,25,10,0.4,0.799386,0.0,0.0,0,0,1.0,0.0
0x5c1f3646035b4d535e91032d7a4de27b9fbb0d20,ethereum,0,Bilaxy,customer,tagged_ethereum,2023-06-03T02:31:23Z,8,1,,0.16369,0.333333,581334.0,0.022842,5,3,5,3,0.6,0.804466,0.0,0.0,0,0,0.0,0.0
0x5c3b32024aaffedea71a7aa0de4fa21a4a25aac4,ethereum,0,Bitget,customer,tagged_ethereum,2023-07-27T11:28:59Z,4,1,,,0.5,,,0,3,0,4,,0.586546,0.0,0.0,0,0,0.0,0.0
0x5c44deb5223c1ff02cc46a3c5dd392810f833f66,ethereum,0,Deribit,labelled:exchange,tagged_ethereum,2024-12-26T15:35:35Z,2,1,Deribit,0.99992,1.0,60.0,8e-05,1,1,1,1,1.0,,0.0,0.0,0,0,1.0,0.0
0x5c6183d10a00cd747a6dbb5f658ad514383e9419,ethereum,0,other,labelled:entity,tagged_ethereum,2017-12-31T10:55:22Z,7,0,,,,,1.0,7,0,7,0,0.0,,0.0,,0,,,
0x5c64e645a9460002783aa93c008f9cccb423f88f,ethereum,1,Bitget,explorer_tag,tagged_ethereum,2024-03-03T12:40:59Z,8,1,Bitget,0.99933,1.0,264.0,0.00067,3,1,4,4,1.0,0.545494,0.5,0.25,1,0,1.0,0.0
0x5c852c1c1cd407793d5d4433a4e42e0de77299b8,ethereum,0,Bilaxy,customer,tagged_ethereum,2023-10-04T15:48:23Z,12,1,,0.2,0.142857,264.0,0.0,5,7,5,7,1.4,1.036658,0.0,0.142857,2,0,0.0,0.0
0x5ca8daf15496d9b7329b7c5a8d740676a305bf4f,ethereum,0,Bilaxy,customer,tagged_ethereum,2021-11-02T05:07:50Z,27,1,OKX,0.336347,0.5,95498428.0,0.719082,20,3,21,6,0.285714,1.228878,0.0,0.166667,2,0,0.0,0.166667
0x5d05e841ab1e2d1ca8632d7001265eb73c60e960,ethereum,0,Bilaxy,customer,tagged_ethereum,2022-06-15T15:07:04Z,147,1,,0.301,0.225,259884.0,0.059701,25,34,67,80,1.19403,2.049711,0.632653,0.05,2,0,0.0,0.0
0x5d3881c99177b3fe85e838a32f02ee93372034bc,ethereum,0,other,labelled:defi,tagged_ethereum,2020-07-02T03:48:17Z,15,1,,0.714286,0.714286,7068.0,0.125,4,3,8,7,0.875,2.236068,0.133333,0.0,0,0,0.0,0.0
0x5d5d1540fcdf802c47f6cad3529cc2bd2e7ea155,ethereum,1,Bilaxy,explorer_tag,tagged_ethereum,2025-03-25T08:23:59Z,1,1,,,,,1.0,1,0,1,0,0.0,,0.0,,0,,,
0x5d63f34271eccba3a7a07452cd31bad8e43df767,ethereum,1,Bilaxy,explorer_tag,tagged_ethereum,2024-09-25T18:01:11Z,6,1,Binance,1.0,1.0,57334518.0,0.6,4,1,5,1,0.2,,0.5,0.0,0,0,1.0,0.0
0x5d8436c76786175648898c20a41235ab71b3e269,ethereum,0,Bilaxy,customer,tagged_ethereum,2023-11-15T08:03:11Z,55,1,,0.122613,0.093023,513774.0,0.090436,10,25,12,43,3.583333,4.245189,0.636364,0.0,0,0,0.0,0.0
0x5d883db24826857675c4e43cf6600a42f18349a6,ethereum,0,Bilaxy,customer,tagged_ethereum,2021-05-31T20:28:04Z,200,0,OKX,0.002174,0.142857,5705.5,0.28719,81,98,81,119,1.469136,3.8803,0.0,0.016807,1,0,0.008403,0.0
0x5da71d4ca729929593cf0a4d6d46d0da45243017,ethereum,1,Bilaxy,explorer_tag,tagged_ethereum,2024-02-22T12:06:59Z,13,1,Binance,0.999685,1.0,1428.0,0.129099,3,1,8,5,0.625,0.706532,0.0,0.0,0,0,1.0,0.0
0x5dc85ed8b51eaa54fb3cc292ba782a6f6805d745,ethereum,1,Bilaxy,explorer_tag,tagged_ethereum,2023-09-04T22:56:47Z,50,1,Binance,1.0,1.0,6797274.0,0.255814,20,1,43,7,0.162791,1.116387,0.78,0.142857,1,0,1.0,0.142857
0x5df84cae5f87d16f6ef6de9a62bc87466b15fc26,ethereum,1,Bilaxy,explorer_tag,tagged_ethereum,2021-06-11T02:31:40Z,5,1,Binance,0.995118,1.0,63632498.0,0.004882,1,1,2,3,1.5,0.396667,0.0,0.0,0,0,1.0,0.0
0x5e0614eddd92172d873e86a33c49bda96a695826,ethereum,1,Bitget,explorer_tag,tagged_ethereum,2024-10-19T22:40:35Z,9,1,Bitget,0.99966,1.0,13836252.0,0.00034,3,1,5,4,0.8,0.674234,0.0,0.25,1,0,1.0,0.25
0x5e3f56f5b91918b5915f32979b77a1a83e63a360,ethereum,0,Deribit,labelled:exchange,tagged_ethereum,2023-05-20T09:24:47Z,8,1,Deribit,0.999172,1.0,60.0,0.000828,1,1,5,3,0.6,0.954748,0.0,0.0,0,0,1.0,0.0
0x5e52d25c2a53b5d03bdf8c6f1d9fc6604ad5ce1e,ethereum,1,Bilaxy,explorer_tag,tagged_ethereum,2023-11-15T11:07:23Z,1,1,,,,,1.0,1,0,1,0,0.0,,0.0,,0,,,
0x5e7e1d0afe4a1d5b851d66519f864b185384ec19,ethereum,1,Bitget,explorer_tag,tagged_ethereum,2024-09-07T09:49:47Z,16,1,Bitget,0.999872,1.0,2556648.0,0.111225,4,1,9,7,0.777778,0.593342,0.0,0.0,0,0,1.0,0.0
0x5ec905229778e033d59c0f4b5088eb59e9e45f25,ethereum,0,Bilaxy,customer,tagged_ethereum,2025-02-28T15:54:47Z,4,1,,0.142185,0.5,492294.0,0.014063,2,2,2,2,1.0,,0.0,0.0,0,0,0.0,0.0
0x5f30e761b5f8274dd04ee0c4b1a15952d202be47,ethereum,0,other,labelled:entity,tagged_ethereum,2021-02-10T15:01:12Z,49,1,,0.090909,0.294118,4901857.0,0.65625,15,10,32,17,0.53125,2.489411,0.020408,0.0,0,0,0.0,0.0
0x5f517a814d1151838f0610b45617a679e5110acf,ethereum,0,Bilaxy,customer,tagged_ethereum,2024-12-31T17:23:35Z,200,0,,0.005444,0.026178,47736.0,0.381548,4,162,9,191,21.222222,5.272589,0.485,0.0,0,1,0.0,0.0
0x5f6b311a160d30dd38d7c05d044af8b6f8dc5bea,ethereum,0,Deribit,labelled:exchange,tagged_ethereum,2022-11-04T15:36:11Z,51,1,Deribit,0.999998,1.0,252.0,0.114291,8,1,35,16,0.457143,1.565648,0.431373,0.25,1,0,1.0,0.25
0x5f6b89cb5eb4e64adf6afa181b9ace37e40d37dc,ethereum,1,Bilaxy,explorer_tag,tagged_ethereum,2023-12-22T17:49:47Z,4,1,,1.0,1.0,96.0,0.666667,2,1,3,1,0.333333,,0.5,0.0,0,0,0.0,0.0
0x5f6cc8d69c438301c38879026983e4c32cb67fda,ethereum,0,Deribit,labelled:exchange,tagged_ethereum,2022-12-13T11:00:59Z,10,1,Deribit,0.999734,1.0,1298016.0,0.428723,5,1,7,3,0.428571,0.999736,0.2,0.333333,1,0,1.0,0.333333
0x5f81b1c7182543e0db342fc2a69525888d648e60,ethereum,0,other,labelled:entity,tagged_ethereum,2022-02-02T05:00:31Z,199,0,,0.004773,0.192771,24670.0,0.15297,15,14,33,166,5.030303,1.656727,0.0,0.0,0,0,0.0,0.0
0x5fe929fe5d2a836e01af119a5a6ef15b8a08dda7,ethereum,1,Bilaxy,explorer_tag,tagged_ethereum,2021-03-25T21:36:31Z,22,1,Binance,0.922872,1.0,22398105.0,0.179669,6,1,18,4,0.222222,0.711924,0.409091,0.0,0,0,1.0,0.0
0x5ff5f7eb12d480d672395dd0e4e38d0662b2bcb6,ethereum,0,Bitget,customer,tagged_ethereum,2023-05-16T09:45:47Z,125,1,,0.412384,0.484848,38986098.0,0.580711,33,10,92,33,0.358696,2.774674,0.0,0.0,0,0,0.0,0.0
0x603fa312d72aac4c8ce5916db5c3c5b7ae00c603,ethereum,0,Bitget,customer,tagged_ethereum,2018-03-22T16:33:49Z,199,1,,0.002391,0.511628,2374252.0,0.337513,18,50,27,172,6.37037,9.470349,0.0,0.0,0,0,0.0,0.0
0x6048a8121a38f99485cc8ffa36445173084d9e1c,ethereum,0,Bitget,customer,tagged_ethereum,2019-07-01T16:01:34Z,26,1,,0.57616,0.384615,19521684.0,0.085501,10,6,13,13,1.0,3.099304,0.0,0.0,0,1,0.0,0.0
0x60661b797914855283370e23a9fec377acf36d7a,ethereum,0,Bitget,customer,tagged_ethereum,2023-12-06T00:08:35Z,10,1,,0.519217,0.666667,2112.0,0.006053,4,3,4,6,1.5,0.735212,0.0,0.0,0,1,0.0,0.0
0x608ec316b105c4f46e0bd0f1852e56c29202f286,ethereum,1,Bilaxy,explorer_tag,tagged_ethereum,2023-06-18T10:49:35Z,13,1,Binance,0.992623,1.0,3804.0,0.125699,3,1,9,4,0.444444,0.858268,0.0,0.0,0,0,1.0,0.0
0x60e5e6b415b719e8f27677a637cdaa17dce7e34b,ethereum,0,Bitget,customer,tagged_ethereum,2024-03-29T05:16:23Z,17,1,,0.244569,0.181818,1404.0,0.006434,5,8,6,11,1.833333,1.576097,0.0,0.0,0,0,0.0,0.0
0x614b34aba17c843a91b2fd470af8ea3f26db793d,ethereum,0,Bilaxy,customer,tagged_ethereum,2023-09-12T06:12:23Z,151,1,,0.39507,0.191489,8166.0,0.047019,28,53,57,94,1.649123,5.959563,0.688742,0.021277,2,0,0.0,0.0
0x615c1f90060116f87f3b723473062fd64b92878e,ethereum,0,Deribit,labelled:exchange,tagged_ethereum,2024-11-02T00:56:35Z,13,1,Deribit,0.999995,1.0,10060212.0,0.406397,7,1,11,2,0.181818,,0.0,0.5,1,0,1.0,0.5
0x6167e70186ab838c4ec69a32096cb8f3b7692c0c,ethereum,0,Bilaxy,customer,tagged_ethereum,2024-01-11T15:17:59Z,116,1,,0.450736,0.185714,165072.0,0.044991,20,40,46,70,1.521739,3.172784,0.431034,0.014286,1,0,0.0,0.0
0x616b594cd8c47b50278def09eb1b430d955d9b73,ethereum,0,Bilaxy,customer,tagged_ethereum,2025-10-27T16:51:47Z,39,1,,0.0,0.137931,72810.0,0.200014,9,21,10,29,2.9,3.670362,0.230769,0.034483,1,0,0.0,0.0
0x61a87c7fdc09472435eb9faa775737dde35703e4,ethereum,1,Bitget,explorer_tag,tagged_ethereum,2024-04-02T15:09:11Z,12,1,Bitget,0.997051,1.0,444516.0,0.002949,3,1,7,5,0.714286,1.559349,0.0,0.2,1,0,1.0,0.0
0x61b00cb0165d4d803500de2141e1619d60b55629,ethereum,1,Bilaxy,explorer_tag,tagged_ethereum,2023-12-06T13:57:59Z,18,1,Binance,1.0,1.0,2424.0,0.461538,3,1,13,5,0.384615,0.069275,0.666667,0.4,1,0,1.0,0.4
0x61b6e0fd59612257613d09356fee530b825305fc,ethereum,0,Bitget,customer,tagged_ethereum,2024-01-16T19:04:59Z,189,0,,0.942369,0.325397,228174.0,0.040956,17,27,63,126,2.0,2.839665,0.359788,0.015873,1,0,0.0,0.0
0x61d6d83d1f9efa365970715d0cb8bd4b34684f44,ethereum,1,Bitget,explorer_tag,tagged_ethereum,2024-01-19T06:41:11Z,4,1,Bitget,0.999192,1.0,19209180.0,0.500404,2,1,2,2,1.0,,0.0,0.0,0,0,1.0,0.0
0x6226c539038359f950427003c38aa6473cfd724c,ethereum,1,Bitget,explorer_tag,tagged_ethereum,2024-10-20T10:46:35Z,6,1,Bitget,0.999252,1.0,420.0,0.000748,2,1,3,3,1.0,0.825446,0.0,0.333333,1,0,1.0,0.333333
0x6231a0e584fe18555f824ac51e76c9d61fd2556f,ethereum,0,Bilaxy,customer,tagged_ethereum,2021-02-15T08:53:13Z,32,1,Binance,0.221328,0.307692,2072845.0,0.398963,16,9,19,13,0.684211,1.94302,0.34375,0.384615,3,0,0.0,0.153846
0x62425cd6bdcb6bfe51558ea465b063486b70dc9f,ethereum,0,Bitget,customer,tagged_ethereum,2026-01-14T09:50:23Z,199,0,,,,,1.0,174,0,199,0,0.0,,0.0,,0,,,
0x6254b927ecc25ddd233aaecd5296d746b1c006b4,ethereum,0,Bilaxy,customer,tagged_ethereum,2021-05-11T17:41:47Z,200,0,,0.008839,0.054054,453.0,0.993197,96,34,163,37,0.226994,1.91665,0.175,0.513514,53,0,0.0,0.0
0x625c8102c3f939496673de8b8a96c8e4db1e69a6,ethereum,0,Bitget,customer,tagged_ethereum,2023-02-02T20:04:59Z,42,1,,0.291409,0.185185,211020.0,0.283485,10,19,15,27,1.8,2.486856,0.047619,0.074074,2,0,0.0,0.0
0x626c7c9853c609938ca7a3a5ea510574c4047ef9,ethereum,1,Bitget,explorer_tag,tagged_ethereum,2024-03-06T13:13:59Z,3,1,Bitget,0.99778,1.0,17927328.0,0.00222,1,1,1,2,2.0,,0.0,0.0,0,0,1.0,0.0
0x62985dbd3bfa932e3fb4b5cc2f24630c4e2634f3,ethereum,1,Bitget,explorer_tag,tagged_ethereum,2024-07-22T02:49:23Z,3,1,Bitget,0.997979,1.0,11289894.0,0.002021,1,1,1,2,2.0,,0.0,0.0,0,0,1.0,0.0
0x62cda9a79b5f90940c3feb61a046a6f64c168bc1,ethereum,0,Bilaxy,customer,tagged_ethereum,2025-09-22T13:46:35Z,28,1,Binance,0.518202,0.125,71958.0,0.079635,3,21,4,24,6.0,3.863157,0.0,0.166667,2,1,0.0,0.166667
0x62fd73fa8c532a056b2827a1885826edce9f834b,ethereum,1,Bitget,explorer_tag,tagged_ethereum,2024-03-17T22:46:35Z,31,1,Bitget,0.903274,0.8,1336824.0,0.001488,6,3,21,10,0.47619,1.227627,0.612903,0.3,3,0,1.0,0.2
0x632065283696f804c34a13d4cc6dfee1f97f419a,ethereum,1,Bilaxy,explorer_tag,tagged_ethereum,2023-10-04T15:58:47Z,12,1,Binance,0.8,0.8,360.0,0.073467,3,2,7,5,0.714286,1.143841,0.666667,0.0,0,0,0.2,0.0
0x632ef3f704bcee45b0f6c4aaaa51593cc9d72c92,ethereum,0,Bitget,customer,tagged_ethereum,2024-12-19T14:34:11Z,5,1,Bitget,0.154983,0.5,2749632.0,0.178351,3,2,3,2,0.666667,,0.6,0.5,1,0,0.0,0.5
0x638adc0eb925e33f8e9402a5fe4ca3e758f88351,ethereum,0,Bilaxy,customer,tagged_ethereum,2022-01-24T21:39:34Z,189,0,,0.126386,0.389474,88476.0,0.377559,53,47,94,95,1.010638,3.249524,0.0,0.010526,1,0,0.0,0.0
0x63a993502e74828ddba5710327afc6dc78d661b2,ethereum,0,Bilaxy,customer,tagged_ethereum,2021-09-27T12:54:14Z,200,0,,0.160646,0.444444,9165.5,0.973711,108,6,191,9,0.04712,1.812166,0.615,0.222222,2,1,0.0,0.0
0x63eb90dad69fc4983bf6493572b337dc46fa0123,ethereum,1,Bitget,explorer_tag,tagged_ethereum,2024-06-08T01:01:23Z,7,1,Bitget,0.664783,0.666667,9116766.0,0.167032,3,2,4,3,0.75,0.28981,0.0,0.0,0,0,1.0,0.0
0x63ecd163dd72c847381288da5ab655f6239f4919,ethereum,1,Bitget,explorer_tag,tagged_ethereum,2024-05-07T14:00:23Z,119,1,Bitget,0.589973,0.538462,852.0,0.015848,24,3,67,52,0.776119,1.9158,0.386555,0.25,3,0,1.0,0.211538
0x642326a878cec12c635a35bc45b91d006a53d307,ethereum,1,Bilaxy,explorer_tag,tagged_ethereum,2023-11-29T14:11:23Z,2,1,,,,,1.0,2,0,2,0,0.0,,0.0,,0,,,
0x6474fe3a5eb2da6273f27c636655930561a9116d,ethereum,1,Bitget,explorer_tag,tagged_ethereum,2024-08-07T06:36:59Z,4,1,Bitget,0.996399,1.0,21181260.0,0.003601,1,1,2,2,1.0,,0.0,0.5,1,0,1.0,0.0
0x647f1dce891e0d928f6fd18353aaf96fa785d2c8,ethereum,0,Bilaxy,customer,tagged_ethereum,2022-07-27T16:59:31Z,49,1,,0.100913,0.269231,306558.5,0.043478,12,10,23,26,1.130435,3.853752,0.0,0.076923,2,0,0.0,0.0
0x64c5cc449bd253d7fd57751c9080accd0216126d,ethereum,0,other,labelled:entity,tagged_ethereum,2020-04-20T16:05:06Z,198,0,,0.103909,0.417476,0.0,0.284211,37,20,95,103,1.084211,2.100762,0.116162,0.524272,9,0,0.0,0.0
0x6514782f5a3f28162c260381f97303e607761e2b,ethereum,0,Deribit,labelled:exchange,tagged_ethereum,2022-12-12T10:19:23Z,3,1,Deribit,0.999378,1.0,1041630.0,0.000622,1,1,2,1,0.5,,0.0,0.0,0,0,1.0,0.0
0x653afa4203bc0df6bdd34db52bc47658a385f057,ethereum,1,Bitget,explorer_tag,tagged_ethereum,2024-02-12T11:18:11Z,3,1,Bitget,0.998863,1.0,18163956.0,0.001137,1,1,1,2,2.0,,0.0,0.0,0,0,1.0,0.0
0x6561f2b7e59c5d91bec8349806618bf1eef14a59,ethereum,1,Bilaxy,explorer_tag,tagged_ethereum,2024-02-28T18:28:35Z,1,1,,,,,1.0,1,0,1,0,0.0,,0.0,,0,,,
0x6576482e44d6a2a88590e2e3cc1d600975434353,ethereum,0,Bilaxy,customer,tagged_ethereum,2022-12-01T16:10:47Z,178,0,,0.006097,0.088889,169872.0,0.063911,78,33,133,45,0.338346,2.210307,0.786517,0.0,0,0,0.0,0.0
0x65aa2d4ad284d4e6c08bc7ad91f4eabc1be66653,ethereum,1,Bilaxy,explorer_tag,tagged_ethereum,2025-01-08T21:45:35Z,8,1,Binance,1.0,1.0,336.0,0.666667,3,1,6,2,0.333333,,0.0,0.5,1,0,1.0,0.5
0x65c77bacf4df2e8ed8b9e2f3f36f1f3029d849c5,ethereum,0,Bilaxy,customer,tagged_ethereum,2024-05-06T23:42:47Z,12,1,,0.324399,0.333333,302052.0,0.330693,2,5,6,6,1.0,1.247656,0.416667,0.666667,1,0,0.0,0.0
0x65ee9bb9367c238c394fb530c3da6197781cf6aa,ethereum,1,Bilaxy,explorer_tag,tagged_ethereum,2022-02-05T21:50:02Z,2,1,Binance,1.0,1.0,1042816.0,0.0,1,1,1,1,1.0,,1.0,0.0,0,0,1.0,0.0
0x65f9e14f9a1c88451eedccf9ab84a4f8d060fcd2,ethereum,1,Bitget,explorer_tag,tagged_ethereum,2024-02-20T20:47:35Z,3,1,Bitget,0.998675,1.0,17808672.0,0.001325,1,1,1,2,2.0,,0.0,0.0,0,0,1.0,0.0
0x660629fe43b0825acf3402e10a999c563075a32c,ethereum,0,Coinbase,labelled:exchange,tagged_ethereum,2022-06-28T14:19:23Z,1,1,,,,,1.0,1,0,1,0,0.0,,0.0,,0,,,
0x660d50103f5f8a0f1e6278ea0e6345b426c7bcdd,ethereum,0,Deribit,labelled:exchange,tagged_ethereum,2024-12-09T10:55:11Z,6,1,Deribit,0.999982,1.0,790110.0,0.250036,4,1,4,2,0.5,,0.333333,0.5,1,0,1.0,0.5
0x665602c6c990ed0af82792affe5dd8bb19756d26,ethereum,0,Deribit,labelled:exchange,tagged_ethereum,2023-08-17T19:14:59Z,8,1,Deribit,1.0,1.0,2296740.0,0.6,2,1,5,3,0.6,0.321492,0.0,0.0,0,0,1.0,0.0
0x66a68e4d91db71032b18257bb26a7dd037343bbf,ethereum,1,Bilaxy,explorer_tag,tagged_ethereum,2024-03-11T12:43:59Z,17,1,Binance,1.0,1.0,33195588.0,0.6,8,1,15,2,0.133333,,0.470588,0.5,1,0,1.0,0.5
0x6700e2cca5106f4ed4cdf9e42ab0ae952d96219d,ethereum,0,Deribit,labelled:exchange,tagged_ethereum,2024-01-10T19:28:23Z,9,1,Deribit,0.999792,1.0,204.0,0.200166,4,1,5,4,0.8,0.819099,0.222222,0.0,0,0,1.0,0.0
0x6711f0436ae4b534de15aaa9a9f53dcb218966c9,ethereum,1,Bilaxy,explorer_tag,tagged_ethereum,2022-06-05T23:16:45Z,172,1,Binance,0.99428,1.0,1386.0,0.060578,34,1,104,68,0.653846,3.532516,0.610465,0.161765,5,0,1.0,0.044118
0x6734c1690652878ac3a72471c60254910d76bfbb,ethereum,0,Deribit,labelled:exchange,tagged_ethereum,2023-03-20T00:21:35Z,4,1,Deribit,0.999608,1.0,66.0,0.000392,1,1,2,2,1.0,,0.0,0.0,0,0,1.0,0.0
0x67568987b6dfb9aa2bd1cf14400b7a77663f34e7,ethereum,1,Bilaxy,explorer_tag,tagged_ethereum,2021-09-28T16:48:26Z,3,1,Binance,1.0,1.0,10895397.0,0.5,2,1,2,1,0.5,,0.0,1.0,1,0,1.0,1.0
0x676ea33c132274919c7940c70e2c6ecd64a61a80,ethereum,0,Bilaxy,customer,tagged_ethereum,2023-06-26T16:38:59Z,59,1,Deribit,0.448749,0.393939,75522.0,0.192308,15,17,26,33,1.269231,2.457836,0.0,0.181818,3,0,0.0,0.181818
0x67763b6e8cbf25bb9f8f828de7b5c8c1ffcad28d,ethereum,1,Bitget,explorer_tag,tagged_ethereum,2024-10-25T07:01:35Z,3,1,Bitget,0.998944,1.0,7174230.0,0.001056,1,1,1,2,2.0,,0.0,0.0,0,0,1.0,0.0
0x67b0e0293be3b6b61b13c0ee9354ec7c64bf1de3,ethereum,1,Bilaxy,explorer_tag,tagged_ethereum,2021-04-27T03:09:55Z,4,1,Binance,1.0,1.0,22128820.0,0.0,1,1,3,1,0.333333,,1.0,0.0,0,0,1.0,0.0
0x67d3e0bd4f2a8811e14c088e4f9dc2fe0fabe150,ethereum,0,Bitget,customer,tagged_ethereum,2024-02-18T02:05:59Z,32,1,,0.671903,0.222222,2654964.0,0.143322,9,11,14,18,1.285714,3.293331,0.34375,0.111111,1,0,0.0,0.0
0x682897bc4f8e89029120fcffb787c01a93e64184,ethereum,0,other,labelled:entity,tagged_ethereum,2015-07-30T15:26:13Z,49,1,,2e-06,0.2,25013706.5,0.965517,21,12,29,20,0.689655,3.885651,0.0,0.0,0,0,0.0,0.0
0x683eb034604fc22a9271b3fa7e9a4dfad459e0d0,ethereum,1,Bilaxy,explorer_tag,tagged_ethereum,2024-03-06T17:28:59Z,6,1,Binance,1.0,1.0,9084.0,0.8,3,1,5,1,0.2,,0.0,1.0,1,0,1.0,1.0
0x6852f98b0868c3ba618d11ae3ebc3c2f5a87fc13,ethereum,0,Bitget,customer,tagged_ethereum,2025-06-26T17:05:47Z,72,1,,0.022415,0.051724,23976.0,0.342256,8,48,14,58,4.142857,7.20355,0.0,0.568966,1,0,0.0,0.0
0x687372906a330c6100c867b2a000a5ef28868f46,ethereum,1,Bilaxy,explorer_tag,tagged_ethereum,2021-10-26T10:47:26Z,3,1,Binance,1.0,1.0,851301.0,0.5,2,1,2,1,0.5,,0.666667,0.0,0,0,1.0,0.0
0x68821eff8bf519529dcf93b12f2a813bc44b66de,ethereum,1,Bitget,explorer_tag,tagged_ethereum,2024-08-17T22:47:59Z,8,1,Bitget,0.999602,1.0,270.0,0.200319,5,1,5,3,0.6,0.267987,0.0,0.0,0,0,1.0,0.0
0x688a26018781df9008b81511d9d6fb045d6e1f25,ethereum,1,Bitget,explorer_tag,tagged_ethereum,2024-02-16T13:14:23Z,55,1,Bitget,0.785635,0.826087,894.0,0.125069,12,3,32,23,0.71875,1.426692,0.109091,0.043478,1,0,1.0,0.0
0x68c1fbbeca40e59ef7c85bf6f81c23f38452640e,ethereum,0,Bitget,customer,tagged_ethereum,2024-12-18T21:28:59Z,3,1,,0.888583,0.5,1158.0,0.000332,1,2,1,2,2.0,,0.0,0.0,0,1,0.0,0.0
0x68ca6ffa6521e3a5c4ef03b46439a8228a29aa29,ethereum,0,Bilaxy,customer,tagged_ethereum,2019-10-26T14:38:26Z,17,1,,0.5,0.3,1273884.0,0.444908,6,8,7,10,1.428571,2.207566,0.294118,0.0,0,1,0.0,0.0
0x695784952fa1f8e666e8b09e2a91c3d371618843,ethereum,1,Bitget,explorer_tag,tagged_ethereum,2024-09-04T14:04:59Z,120,1,Bitget,0.999908,1.0,144.0,9.2e-05,85,1,87,33,0.37931,3.718649,0.0,0.0,0,0,1.0,0.0
0x698510b224ed63a8b8d8f234cd02c57348b573ed,ethereum,1,Bitget,explorer_tag,tagged_ethereum,2024-10-15T07:33:47Z,11,1,Bitget,0.749275,0.8,5454894.0,0.333817,3,2,6,5,0.833333,0.536446,0.0,0.2,1,0,1.0,0.0
0x69c31cedb810fd39b2a1cd15712b3c6698c542ec,ethereum,0,Bitget,customer,tagged_ethereum,2024-12-29T14:05:35Z,3,1,,0.900279,0.5,4658718.0,0.009681,1,2,1,2,2.0,,0.0,0.0,0,1,0.0,0.0
0x69f421d5d268db2afef7deae534ac6dbaa277fbc,ethereum,1,Bitget,explorer_tag,tagged_ethereum,2024-04-18T21:57:59Z,25,1,Bitget,0.99793,1.0,21834.0,0.00207,3,1,16,9,0.5625,2.214006,0.52,0.333333,1,0,1.0,0.333333
0x6a012fb37d9f26e6ad6b0def1f3d8d37552c3f67,ethereum,0,Bitget,customer,tagged_ethereum,2024-06-22T07:39:35Z,104,1,,1.0,0.666667,366876.0,0.0,101,2,101,3,0.029703,0.972794,0.019231,0.0,0,1,0.0,0.0
0x6a4c99b760c94311b450942b860abfa66a010655,ethereum,0,Bitget,customer,tagged_ethereum,2024-10-20T23:40:47Z,41,1,Bitget,0.785714,0.703704,6012.0,0.052832,4,6,14,27,1.928571,1.901921,0.731707,0.037037,1,1,0.0,0.037037
0x6a990f77bd85e626a78fec60f93a59c987fffa15,ethereum,0,Bitget,customer,tagged_ethereum,2017-06-18T23:59:18Z,189,1,,0.475028,0.5,64053200.0,0.109712,18,3,183,6,0.032787,1.904211,0.0,0.0,0,0,0.0,0.0
0x6add962b8cdfcf4576b191427eeffc8e9f4332a7,ethereum,1,Bitget,explorer_tag,tagged_ethereum,2024-01-19T02:32:11Z,3,1,Bitget,0.997111,1.0,19220202.0,0.002889,1,1,1,2,2.0,,0.0,0.0,0,0,1.0,0.0
0x6aff75804184f878c1c1621796579d1dc561083d,ethereum,1,Bitget,explorer_tag,tagged_ethereum,2024-05-07T09:30:11Z,3,1,Bitget,0.99736,1.0,14564490.0,0.00264,1,1,1,2,2.0,,0.0,0.0,0,0,1.0,0.0
0x6b2b37cd7e92d383b3382a1c4f0ce3b65d5bfb6f,ethereum,1,Bitget,explorer_tag,tagged_ethereum,2024-01-13T13:06:59Z,7,1,Bitget,0.997182,0.75,984.0,0.002818,3,2,3,4,1.333333,1.414138,0.285714,0.75,1,0,0.75,0.75
0x6b44fa697312aad56087436aa23aa989e3e42b1e,ethereum,0,Bitget,customer,tagged_ethereum,2022-04-28T21:14:05Z,4,1,,0.00013,0.5,70381062.0,0.005041,2,2,2,2,1.0,,0.0,0.0,0,0,0.0,0.0
0x6b74a06fdc4cea6186e55039efb281ef5ccae9ea,ethereum,1,Bitget,explorer_tag,tagged_ethereum,2024-12-07T00:10:35Z,18,1,Bitget,0.665474,0.666667,996.0,0.500596,11,2,12,6,0.5,1.143506,0.0,0.5,3,0,1.0,0.666667
0x6b811a9ae229db4053332580bb0505117a102aeb,ethereum,0,Bitget,customer,tagged_ethereum,2024-10-25T07:01:35Z,1,1,,,1.0,,,0,1,0,1,,,0.0,0.0,0,1,0.0,0.0
0x6ba806259772b46452c26a23d1e22eb73a36d61a,ethereum,1,Bitget,explorer_tag,tagged_ethereum,2024-02-06T05:19:23Z,3,1,Bitget,0.99889,1.0,18433344.0,0.00111,1,1,1,2,2.0,,0.0,0.0,0,0,1.0,0.0
0x6be5a5ce4aec26431911aaaa36b36d588dc2df5a,ethereum,0,Deribit,labelled:exchange,tagged_ethereum,2024-03-26T12:28:23Z,8,1,Deribit,0.99986,1.0,11699430.0,0.00014,4,1,6,2,0.333333,,0.375,0.0,0,0,1.0,0.0
0x6c024cc2228fe6e6a893b2d7ed9e4a9a2e77d9ab,ethereum,1,Bilaxy,explorer_tag,tagged_ethereum,2021-04-22T23:47:58Z,2,1,Binance,1.0,1.0,22250717.0,0.0,1,1,1,1,1.0,,1.0,0.0,0,0,1.0,0.0
0x6c221d5fd2d995ddf5a0761ae6d28bc92b2bc1af,ethereum,1,Bitget,explorer_tag,tagged_ethereum,2024-02-17T17:49:35Z,11,1,Bitget,1.0,1.0,28179144.0,0.333333,6,1,6,5,0.833333,0.734178,0.181818,0.0,0,0,1.0,0.0
0x6c3370ec49348371f12d37c13b9b9b2e2dc4dc98,ethereum,0,Deribit,labelled:exchange,tagged_ethereum,2025-05-20T16:03:47Z,3,1,Deribit,0.99994,1.0,41142.0,6e-05,2,1,2,1,0.5,,0.0,0.0,0,0,1.0,0.0
0x6c37a68dbb44c3f437d15dc405c67bf5778b8637,ethereum,0,Coinbase,labelled:exchange,tagged_ethereum,2018-12-01T01:35:05Z,86,1,,0.020145,0.011765,399555.0,0.0,1,85,1,85,85.0,5.61886,0.0,0.0,0,1,0.0,0.0
0x6c643d1255c789289d5e0c257c834aeb1dc1b403,ethereum,1,Bitget,explorer_tag,tagged_ethereum,2024-11-12T16:25:35Z,21,1,Bitget,0.597962,0.6,1014.0,0.688137,12,3,16,5,0.3125,1.687882,0.095238,0.2,1,0,1.0,0.0
0x6c6b41efa1ef887f56c9a5339efb24249a380838,ethereum,0,Bitget,customer,tagged_ethereum,2024-11-01T22:35:23Z,70,1,,0.251381,0.146341,6138.0,0.04549,16,26,29,41,1.413793,3.332405,0.085714,0.439024,7,0,0.0,0.0
0x6c8814e501a67be56cad14af525fe21157cee279,ethereum,1,Bilaxy,explorer_tag,tagged_ethereum,2023-07-21T16:08:47Z,10,1,Binance,0.920467,1.0,660.0,0.335523,4,1,8,2,0.25,,0.0,1.0,1,0,1.0,0.0
0x6cc1e8d8d12747ef6b5d6faefff93417ec16eca6,ethereum,1,Bilaxy,explorer_tag,tagged_ethereum,2021-12-09T04:38:14Z,49,1,Binance,0.931977,0.846154,3019200.0,0.083333,7,2,36,13,0.361111,1.172476,0.897959,0.076923,1,0,0.846154,0.076923
0x6cdfb9ecee7b6e988f5ccb7c6adbe65f418bdf03,ethereum,0,Bitget,customer,tagged_ethereum,2024-12-02T15:59:59Z,20,1,,0.0,0.272727,5183244.0,0.111127,6,7,9,11,1.222222,2.07727,0.0,0.272727,1,0,0.0,0.0
0x6ce9077bb3db37eeeedd8d863988b2f19ff2b9a3,ethereum,0,other,labelled:bridge,tagged_ethereum,2022-09-02T20:48:32Z,2,1,,,,,1.0,2,0,2,0,0.0,,0.0,,0,,,
0x6d573e207d115fafee1718c1703db29e2a085b4e,ethereum,0,Bitget,customer,tagged_ethereum,2024-06-13T18:25:23Z,2,1,,0.998843,1.0,348.0,0.001157,1,1,1,1,1.0,,0.0,0.0,0,1,0.0,0.0
0x6d85afe5a9045fb322f1cd2925565555a404a08f,ethereum,0,Bitget,customer,tagged_ethereum,2025-05-21T19:48:59Z,61,1,,0.004252,0.074074,31722.0,0.013279,6,41,7,54,7.714286,6.878491,0.0,0.037037,1,0,0.0,0.0
0x6de63a606097758f8c94060567d1f51aea50148f,ethereum,0,Deribit,labelled:exchange,tagged_ethereum,2024-11-12T09:15:35Z,5,1,Deribit,0.999939,1.0,1509924.0,6.1e-05,3,1,3,2,0.666667,,0.4,0.0,0,0,1.0,0.0
0x6e0bc9049648cd0170a2dfb0f947b498534897a6,ethereum,0,Deribit,labelled:exchange,tagged_ethereum,2023-12-07T20:11:59Z,3,1,Deribit,0.998729,1.0,7127064.0,0.001271,2,1,2,1,0.5,,0.0,0.0,0,0,1.0,0.0
0x6e6ebd6c45370398ed26a05f56ad0bef47e8329a,ethereum,0,Bilaxy,customer,tagged_ethereum,2023-01-14T07:19:23Z,10,1,Binance,0.530664,0.6,549204.0,0.629918,3,3,5,5,1.0,1.323482,0.0,0.2,1,0,0.0,0.2
0x6f6f0ce5be9d9198343abe52ade895a403670f78,ethereum,0,Bilaxy,customer,tagged_ethereum,2022-01-03T22:14:15Z,30,1,,0.27128,0.166667,122142.0,0.370409,10,13,12,18,1.5,2.554821,0.233333,0.055556,1,0,0.0,0.0
0x6f85d2f420402d85db7376585213e31ee18514e4,ethereum,0,Bitget,customer,tagged_ethereum,2023-09-08T12:03:59Z,12,1,,0.45293,0.375,91944.0,0.000175,4,6,4,8,2.0,1.383479,0.0,0.0,0,0,0.0,0.0
0x6f96d7d509728c8e2a494d7b12080ace49f365c2,ethereum,0,Bitget,customer,tagged_ethereum,2026-08-28T15:12:35Z,24,1,,0.328508,0.133333,144.0,0.001452,8,11,9,15,1.666667,3.312454,0.25,0.4,5,1,0.0,0.0
0x6f9d3ed33d912d1549b0b9d7d9397ea34d9d212b,ethereum,0,Bitget,customer,tagged_ethereum,2023-11-14T07:20:23Z,147,1,OKX,0.093398,0.364706,238524.0,0.016251,24,26,62,85,1.370968,2.965837,0.115646,0.011765,1,0,0.023529,0.011765
0x7032fa818c44b4ca97698139e96d07d2a6c65e74,ethereum,0,Bitget,customer,tagged_ethereum,2024-06-27T03:40:11Z,4,1,,0.988223,0.666667,7836.0,0.0,1,2,1,3,3.0,0.961065,0.0,0.0,0,0,0.0,0.0
0x703d861ae6396d10d779616b922dd7afb8247e33,ethereum,1,Bitget,explorer_tag,tagged_ethereum,2024-06-25T16:07:11Z,34,1,Bitget,0.947068,0.928571,342.0,0.050285,5,2,20,14,0.7,1.488973,0.588235,0.285714,1,0,1.0,0.285714
0x703dc9a8550fd228b4b7512bba09f53ec3f406fc,ethereum,1,Bilaxy,explorer_tag,tagged_ethereum,2024-03-30T07:45:35Z,2,1,,,,,1.0,2,0,2,0,0.0,,0.0,,0,,,
0x704cc4890a4b9918e2bb550b2d4d81804b80393c,ethereum,1,Bilaxy,explorer_tag,tagged_ethereum,2024-01-17T18:10:59Z,7,1,Binance,1.0,1.0,29589672.0,0.833333,5,1,6,1,0.166667,,0.285714,0.0,0,0,1.0,0.0
0x7060c908b538b11a84551dde4c17b883bd54719e,ethereum,0,Deribit,labelled:exchange,tagged_ethereum,2022-12-19T05:11:59Z,8,1,Deribit,0.999824,1.0,72.0,0.666725,6,1,6,2,0.333333,,0.125,0.0,0,0,1.0,0.0
0x707db75779941fcc3007576000765a928285e8ed,ethereum,0,Bitget,customer,tagged_ethereum,2024-06-12T17:38:35Z,32,1,Bitget,0.20301,0.25,930.0,0.375,11,12,16,16,1.0,3.565768,0.0,0.0625,1,0,0.0,0.0625
0x70cba083d2747aad185831a6b97caf9023986f02,ethereum,1,Bilaxy,explorer_tag,tagged_ethereum,2020-04-05T23:05:24Z,4,1,Binance,0.995339,1.0,1871.0,0.376546,3,1,3,1,0.333333,,0.0,0.0,0,0,1.0,0.0
0x70f782c48e3e9b9eadd62ed23b3e703a1461d1ec,ethereum,1,Bitget,explorer_tag,tagged_ethereum,2024-03-08T15:23:35Z,5,1,Bitget,0.497051,0.666667,780.0,0.002949,1,2,2,3,1.5,0.999242,0.0,0.0,0,0,1.0,0.0
0x710247dfb1ce48e5add96537c8798a268f62f4ab,ethereum,0,other,labelled:entity,tagged_ethereum,2021-08-09T15:21:15Z,66,1,Binance,0.709271,0.625,2349.5,0.033443,18,12,34,32,0.941176,3.24734,0.0,0.3125,8,0,0.0,0.25
0x710cf9e0b52a702f8c3affe01f54ae6813943e4d,ethereum,0,Bilaxy,customer,tagged_ethereum,2025-08-17T07:47:35Z,11,1,,0.497004,0.428571,3996.0,0.0,4,3,4,7,1.75,2.163126,0.181818,0.714286,1,0,0.0,0.0
0x7139e72cd732d2e1c4898cfab67c0459f3a94a0b,ethereum,1,Bitget,explorer_tag,tagged_ethereum,2024-05-20T13:20:47Z,15,1,Bitget,0.999251,1.0,564.0,0.125656,2,1,8,7,0.875,1.261373,0.0,0.285714,1,0,1.0,0.0
0x7141e298eea467c0a45038259f8fe70980567355,ethereum,0,Bilaxy,customer,tagged_ethereum,2023-09-10T02:58:35Z,5,1,,0.166667,0.5,6005088.0,0.228908,2,2,3,2,0.666667,,0.0,0.0,0,0,0.0,0.0
0x71acd5b2364ef06e050bb2eaa7c0e2dfbe5a826e,ethereum,0,Bitget,customer,tagged_ethereum,2023-07-30T15:20:47Z,6,1,,0.0,0.25,44094.0,0.5,2,4,2,4,2.0,1.075408,0.0,0.0,0,0,0.0,0.0
0x71f0200d0439766c81e0bdfdbdb1e7f8bbfef6c7,ethereum,1,Bilaxy,explorer_tag,tagged_ethereum,2022-07-23T17:05:00Z,5,1,,,,,1.0,1,0,5,0,0.0,,0.0,,0,,,
0x71f0d0fcf70553d059654f1f114a8221105da9b4,ethereum,0,Bilaxy,customer,tagged_ethereum,2022-05-10T05:10:19Z,3,1,,0.962216,1.0,502812.0,0.037784,1,1,1,2,2.0,,0.0,0.0,0,1,0.0,0.0
0x721da447c2681d8e8355c4af412998c3b63e865d,ethereum,1,Bilaxy,explorer_tag,tagged_ethereum,2024-11-26T17:22:47Z,1,1,,,,,1.0,1,0,1,0,0.0,,0.0,,0,,,
0x7223d9e94bb32fa92ec357b1c19d5a0e664dc4f2,ethereum,0,Bitget,customer,tagged_ethereum,2024-10-08T23:16:35Z,16,1,,0.159184,0.333333,10596.0,0.131175,4,5,10,6,0.6,0.884428,0.75,0.0,0,0,0.0,0.0
0x724b2f6691b97e73b6956e673393c2524c6f07a4,ethereum,1,Bilaxy,explorer_tag,tagged_ethereum,2024-07-31T17:26:23Z,3,1,Binance,1.0,1.0,600.0,0.5,2,1,2,1,0.5,,0.666667,0.0,0,0,1.0,0.0
0x72703ba8b68a25d5b67d564268cdc8a899e24807,ethereum,1,Bilaxy,explorer_tag,tagged_ethereum,2023-06-28T12:19:59Z,9,1,Binance,0.973553,1.0,1632.0,0.221446,4,1,6,3,0.5,0.997332,0.222222,0.666667,2,0,1.0,0.333333
0x727f9ab913b0982ca629c91aad0fefe155a70926,ethereum,0,Bitget,customer,tagged_ethereum,2024-06-12T10:51:23Z,6,1,,0.598555,0.5,4002.0,0.000221,2,3,2,4,2.0,0.875657,0.0,0.0,0,0,0.0,0.0
0x7287bcce97a3ce183e754d93e621983db1c252c2,ethereum,0,Bitget,customer,tagged_ethereum,2024-02-29T04:18:47Z,6,1,,0.149854,0.333333,540.0,0.333361,3,3,3,3,1.0,0.978187,0.0,0.0,0,0,0.0,0.0
0x729c90d825e994ce105afa60fa48ae8149df5d71,ethereum,0,Bitget,customer,tagged_ethereum,2024-04-16T12:58:23Z,179,1,,0.486936,0.274809,166536.0,0.062176,13,37,48,131,2.729167,3.334527,0.581006,0.007634,1,1,0.0,0.0
0x731be414800e489c289345ee7da3c6e45947010a,ethereum,0,Bitget,customer,tagged_ethereum,2024-04-08T15:27:11Z,24,1,,0.423143,0.117647,1104.0,0.275823,6,15,7,17,2.428571,3.869721,0.0,0.117647,1,0,0.0,0.0
0x73264fd335dde3ffc688eb70e8d691c25d90d493,ethereum,0,Deribit,labelled:exchange,tagged_ethereum,2023-09-29T18:55:47Z,14,1,Deribit,0.999814,0.714286,258.0,0.000735,4,3,7,7,1.0,1.748449,0.285714,0.571429,1,0,0.714286,0.571429
0x737679ca2edbdb8ff661fef9ed1bd8440dae9048,ethereum,1,Bilaxy,explorer_tag,tagged_ethereum,2022-04-05T07:51:44Z,37,1,Binance,0.969489,0.833333,8277395.5,0.108563,13,2,31,6,0.193548,1.344661,0.054054,0.166667,1,0,0.833333,0.0
0x739120ade7ed878fca5bbdb806263a8258fe2360,ethereum,0,Coinbase,labelled:exchange,tagged_ethereum,2023-12-29T12:54:11Z,73,1,,,,,1.0,62,0,73,0,0.0,,0.123288,,0,,,
0x73a233426eff7e9b225380d7f14129fb2f38340f,ethereum,0,Bitget,customer,tagged_ethereum,2022-11-12T15:20:23Z,14,1,,0.410905,0.25,137796.0,0.166958,4,6,6,8,1.333333,1.107069,0.0,0.0,0,1,0.0,0.0
0x73aa7b1fa877c0d66d97aa0fd4d72f7b8edc4c59,ethereum,1,Bilaxy,explorer_tag,tagged_ethereum,2023-12-06T08:45:47Z,49,1,Binance,0.889457,0.833333,708.0,0.085416,6,3,31,18,0.580645,0.992289,0.122449,0.111111,2,0,0.888889,0.055556
0x73aed20158e4b057a458e84846c7989683965e51,ethereum,0,Bilaxy,customer,tagged_ethereum,2025-07-03T11:47:59Z,6,1,Binance,0.008746,0.333333,717750.0,0.003887,3,3,3,3,1.0,0.908845,0.0,0.333333,1,0,0.0,0.333333
0x73df4badccf87c2425d7615b7494df41f56544ed,ethereum,0,Bitget,customer,tagged_ethereum,2023-06-17T23:07:35Z,55,1,Bitget,0.046699,0.066667,1868364.0,0.24,18,29,25,30,1.2,1.182017,0.0,0.233333,5,0,0.0,0.166667
0x73e63ccf596caab059dcabbcce4b1c21e5e7d1de,ethereum,0,Bitget,customer,tagged_ethereum,2026-07-28T15:43:23Z,5,1,Bitget,0.5,0.5,540.0,0.348645,3,2,3,2,0.666667,,0.4,1.0,1,0,0.0,1.0
0x7440c4fb8bb5a43157d2b7a301b294c2f05c57b4,ethereum,0,Bilaxy,customer,tagged_ethereum,2023-05-17T16:38:35Z,200,0,Binance,0.346154,0.361905,99774.0,0.178947,28,8,95,105,1.105263,4.198432,0.0,0.2,8,0,0.0,0.2
0x7497e3d81e48a178d0f38ee532cd94ec07b2f200,ethereum,0,Deribit,labelled:exchange,tagged_ethereum,2024-08-03T08:09:35Z,3,1,Bitget,0.999963,1.0,330.0,3.7e-05,1,1,2,1,0.5,,0.0,1.0,1,0,1.0,1.0
0x7499b67bdda6a2105365990a337dddfa6c371652,ethereum,0,other,labelled:entity,tagged_ethereum,2023-05-05T21:28:23Z,12,1,,,1.0,,1.0,10,1,11,1,0.090909,,0.0,0.0,0,0,0.0,0.0
0x74a334701010c582cf30c46e54b3889c02e9231c,ethereum,0,other,labelled:defi,tagged_ethereum,2025-10-19T08:48:59Z,30,1,,0.052221,0.214286,55818.0,7.8e-05,9,9,16,14,0.875,3.218516,0.0,0.0,0,0,0.0,0.0
0x74a8c57aafe1c5f61774c95eb2abdcf93fa86ebc,ethereum,1,Bilaxy,explorer_tag,tagged_ethereum,2023-03-02T23:31:59Z,3,1,,,,,1.0,2,0,3,0,0.0,,0.0,,0,,,
0x74a9d0471886d764b9570df32f3a9fc5755d3812,ethereum,0,Bilaxy,customer,tagged_ethereum,2023-07-29T17:44:35Z,2,1,,0.990163,1.0,10991304.0,0.009837,1,1,1,1,1.0,,0.0,0.0,0,0,0.0,0.0
0x74c5d992c776a7507daae06ff6b05078548d2575,ethereum,1,Bitget,explorer_tag,tagged_ethereum,2024-06-13T12:22:59Z,5,1,Bitget,0.998432,1.0,2851212.0,0.001568,1,1,2,3,1.5,0.559915,0.0,0.0,0,0,1.0,0.0
0x74e3740c74b2cf69d3fae2255e4c9391147b7130,ethereum,0,Bitget,customer,tagged_ethereum,2024-02-02T05:55:35Z,28,1,,0.090941,0.181818,92076.0,0.352941,15,9,17,11,0.647059,1.443783,0.0,0.0,0,0,0.0,0.0
0x74e61d333b5646a2fc8991e05cf2aae2d578b055,ethereum,1,Bitget,explorer_tag,tagged_ethereum,2024-06-21T10:14:11Z,7,1,Bitget,0.999859,1.0,336.0,0.250106,4,1,4,3,0.75,0.966732,0.0,0.333333,1,0,1.0,0.333333
0x74f99b57950ab71b1f423ddb74a42136a32242ee,ethereum,0,Deribit,labelled:exchange,tagged_ethereum,2023-06-14T07:39:47Z,63,1,Deribit,0.999965,0.962963,72.0,0.083951,14,2,36,27,0.75,1.911886,0.555556,0.074074,1,0,0.962963,0.074074
0x74fb18db164049bb1dbe5f8e7fd741141c13dd43,ethereum,0,Bilaxy,customer,tagged_ethereum,2021-02-10T23:21:40Z,16,1,Binance,0.498603,0.3,9506332.0,0.044901,5,6,6,10,1.666667,1.001015,0.5,0.2,1,0,0.0,0.2
0x74fd20f04e32e38964af488f945cf0d4ad337900,ethereum,1,Bilaxy,explorer_tag,tagged_ethereum,2023-12-13T17:07:47Z,2,1,,,,,1.0,2,0,2,0,0.0,,0.0,,0,,,
0x751ef050b0551c52c480367ed16caf713aec2124,ethereum,0,Bilaxy,customer,tagged_ethereum,2020-09-08T04:55:30Z,200,0,,0.392801,0.032086,300.0,0.261873,2,162,13,187,14.384615,5.955771,0.985,0.0,0,0,0.0,0.0
0x7570c197410a8b5cd32f06658be5ec247cb4c6f0,ethereum,0,Deribit,labelled:exchange,tagged_ethereum,2023-04-06T09:45:59Z,18,1,Deribit,0.999997,1.0,84.0,0.166673,9,1,12,6,0.5,1.091423,0.555556,0.166667,1,0,1.0,0.166667
0x7573e8ca0c38ca3319b23de984a91c06af1be673,ethereum,0,other,labelled:entity,tagged_ethereum,2020-12-17T09:13:42Z,4,1,,1.0,1.0,92392709.0,0.666667,3,1,3,1,0.333333,,0.0,0.0,0,0,0.0,0.0
0x759855255de7a98a66a2b579538ab578c72fd3f1,ethereum,1,Bitget,explorer_tag,tagged_ethereum,2024-05-24T07:13:35Z,50,1,Bitget,0.999835,1.0,474.0,0.071581,6,1,28,22,0.785714,1.576342,0.0,0.090909,1,0,1.0,0.0
0x760431a6a6392d99288802fcfc7f258518f2ba7e,ethereum,1,Bilaxy,explorer_tag,tagged_ethereum,2025-08-20T10:09:23Z,5,1,Binance,0.976667,1.0,213744.0,0.345095,2,1,4,1,0.25,,0.0,0.0,0,0,1.0,0.0
0x762803b09b740dcc64ca61474e7a1fbd34b824cc,ethereum,0,Bilaxy,customer,tagged_ethereum,2024-03-24T09:32:11Z,7,1,,0.650434,0.25,150.0,0.007703,3,4,3,4,1.333333,0.816917,0.0,0.0,0,0,0.0,0.0
0x762946f3dbfdc803b53a2bb1a82616183bd3a598,ethereum,0,Bilaxy,customer,tagged_ethereum,2023-09-23T21:55:23Z,4,1,,0.025605,0.5,56952.0,0.000958,2,2,2,2,1.0,,0.0,0.0,0,0,0.0,0.0
0x7633c876a80a014f0460742f51ac2a0a968ba24e,ethereum,0,Deribit,labelled:exchange,tagged_ethereum,2024-03-26T01:59:47Z,3,1,Deribit,0.999908,1.0,1008.0,9.2e-05,1,1,2,1,0.5,,0.0,1.0,1,0,1.0,0.0
0x767049d95aee5e47dd9dbc35acf0fe7d27a9b430,ethereum,0,Bitget,customer,tagged_ethereum,2024-03-29T04:42:47Z,8,1,,0.541508,0.5,924.0,0.177498,3,3,4,4,1.0,1.141579,0.0,0.0,0,0,0.0,0.0
0x768008ee1a6e37185d8d2e19f93bf3a307feea18,ethereum,0,Bitget,customer,tagged_ethereum,2023-11-02T11:41:59Z,9,1,,0.017127,0.4,82122.0,0.000285,4,4,4,5,1.25,0.788843,0.0,0.0,0,1,0.0,0.0
0x76908caa6e56973aebcd3ba24dfe7de09d139cee,ethereum,0,Bilaxy,customer,tagged_ethereum,2024-05-02T01:11:47Z,4,1,Bybit,0.23014,0.5,11073204.0,0.371386,2,2,2,2,1.0,,0.0,0.5,1,1,0.0,0.5
0x769c21666b128d337954e507e1f24056cdba7220,ethereum,1,Bilaxy,explorer_tag,tagged_ethereum,2020-05-12T19:28:24Z,2,1,Binance,1.0,1.0,54354694.0,0.0,1,1,1,1,1.0,,0.0,0.0,0,0,1.0,0.0
0x76a8a5572d0c2790943c3d6761ca57e9da285070,ethereum,0,Bitget,customer,tagged_ethereum,2023-01-15T11:57:59Z,106,1,,0.61054,0.464286,2747808.0,0.181835,21,12,50,56,1.12,2.549551,0.424528,0.017857,1,0,0.0,0.0
0x76ea42c8cbfb881b0c84b51543357b95e4756e2a,ethereum,1,Bilaxy,explorer_tag,tagged_ethereum,2023-07-14T03:55:47Z,11,1,Binance,0.98025,1.0,264.0,0.100873,7,1,9,2,0.222222,,0.0,1.0,2,0,1.0,0.0
0x772fa215e460268fc16ff50491b8a6392c7ddeb3,ethereum,1,Bitget,explorer_tag,tagged_ethereum,2024-02-10T19:29:23Z,4,1,Bitget,0.999725,1.0,18240894.0,0.500138,2,1,2,2,1.0,,0.0,0.0,0,0,1.0,0.0
0x77523fc5064d302b49a938e7db011303206b21b4,ethereum,0,Bitget,customer,tagged_ethereum,2023-09-02T20:09:47Z,57,1,Bitget,0.88959,0.722222,29171148.0,0.359424,16,2,39,18,0.461538,2.635172,0.0,0.611111,1,0,0.0,0.611111
0x776c940663685ff2dec8da84133a1b4e913ac62b,ethereum,1,Bitget,explorer_tag,tagged_ethereum,2024-05-21T02:36:11Z,4,1,Bitget,0.999899,1.0,13973328.0,0.50005,2,1,2,2,1.0,,0.0,0.0,0,0,1.0,0.0
0x7784f1bfc8096143316bc4d1c6ff57cb3e0fa026,ethereum,1,Bitget,explorer_tag,tagged_ethereum,2024-08-20T22:37:23Z,31,1,Bitget,0.56196,0.533333,576.0,0.00054,10,3,16,15,0.9375,1.490414,0.0,0.066667,1,0,1.0,0.066667
0x779615558a473df39b15db6b7862fe356c311420,ethereum,1,Bitget,explorer_tag,tagged_ethereum,2024-02-17T05:05:11Z,181,1,Bitget,0.850526,0.855422,324.0,0.091895,10,3,98,83,0.846939,1.753537,0.751381,0.060241,2,0,1.0,0.048193
0x77ac84d78a85cec25c840898fedda387cc781265,ethereum,0,Bilaxy,customer,tagged_ethereum,2024-04-12T04:44:11Z,1,1,,,1.0,,,0,1,0,1,,,0.0,0.0,0,1,0.0,0.0
0x77dabe284fc8a0383f18714b1b57225d95fa9d6b,ethereum,0,Bilaxy,customer,tagged_ethereum,2021-09-05T07:32:09Z,11,1,,0.012572,0.25,22214558.0,0.022061,2,7,3,8,2.666667,1.146007,0.0,0.125,1,0,0.0,0.0
0x77fe39b03c4bcf9f1495ebfcaf1e7de972c53ed7,ethereum,0,Bilaxy,customer,tagged_ethereum,2022-11-07T20:44:23Z,63,1,Binance,0.026277,0.171429,73644.0,0.007962,17,22,28,35,1.25,2.057967,0.079365,0.314286,7,0,0.0,0.228571
0x7812abb5d93bb4688857e9b2681abe9aa33807bb,ethereum,1,Bilaxy,explorer_tag,tagged_ethereum,2022-09-15T13:43:59Z,1,1,,,,,1.0,1,0,1,0,0.0,,0.0,,0,,,
0x78caefb4a889e017a25010200074992455fa9a9d,ethereum,1,Bitget,explorer_tag,tagged_ethereum,2024-09-20T23:06:35Z,9,1,Bitget,0.998983,1.0,528.0,0.001017,2,1,5,4,0.8,1.2207,0.555556,0.25,1,0,1.0,0.0
0x79068263f3779608655d05d53653e055ff662537,ethereum,1,Bitget,explorer_tag,tagged_ethereum,2024-07-19T12:51:59Z,6,1,Bitget,0.999825,1.0,312.0,0.33345,3,1,3,3,1.0,0.294569,0.0,0.0,0,0,1.0,0.0
0x793f662a796b99b6884010fa3815e02ec846f456,ethereum,1,Bilaxy,explorer_tag,tagged_ethereum,2024-03-26T02:57:59Z,10,1,Binance,0.987054,1.0,41922864.0,0.519798,7,1,8,2,0.25,,0.3,0.0,0,0,1.0,0.0
0x796027236561a8da0f96cee99a868e0dea1897e8,ethereum,0,Bilaxy,customer,tagged_ethereum,2021-05-31T20:28:04Z,200,0,,0.005358,0.062937,2554.0,0.456436,57,125,57,143,2.508772,3.166026,0.0,0.006993,1,0,0.0,0.0
0x79e876c8b1f81a39f3e60481f90f2a57524bd69c,ethereum,0,Bilaxy,customer,tagged_ethereum,2023-09-05T14:09:23Z,6,1,,0.179009,0.25,5442.0,0.005619,2,4,2,4,2.0,1.377775,0.0,0.25,1,1,0.0,0.0
0x79f05f75df6c156b2b98ac1fbfb3637fc1e6f048,ethereum,0,other,labelled:entity,tagged_ethereum,2022-12-15T20:55:11Z,75,1,,0.287808,0.612903,0.0,0.019552,12,7,44,31,0.704545,3.154866,0.0,0.0,0,0,0.0,0.0
0x7a1cb4d5aaf3db179d905ca81ad65517fa42f79b,ethereum,0,Bilaxy,customer,tagged_ethereum,2023-12-06T23:33:11Z,59,1,,0.0,0.055556,5246760.0,0.541957,4,44,5,54,10.8,2.482043,0.033898,0.148148,2,0,0.0,0.0
0x7a67dc112e27d9c87db001e9759d879c0ed71bcf,ethereum,1,Bitget,explorer_tag,tagged_ethereum,2024-11-18T09:12:23Z,3,1,Bitget,0.996733,1.0,6142110.0,0.003267,1,1,1,2,2.0,,0.0,0.0,0,0,1.0,0.0
0x7a74630b81b90b50c05d44aa6a9cc3bd46605a4a,ethereum,1,Bilaxy,explorer_tag,tagged_ethereum,2023-12-13T09:00:35Z,1,1,,,,,1.0,1,0,1,0,0.0,,0.0,,0,,,
0x7a8c73da91008ef7fb6f9efb9fa82f36cdaaf51e,ethereum,1,Bilaxy,explorer_tag,tagged_ethereum,2024-01-14T17:41:35Z,8,1,,,,,1.0,7,0,8,0,0.0,,0.0,,0,,,
0x7abb7cba0fd24ab45dbf81b8c2bc14f9110060f6,ethereum,1,Bitget,explorer_tag,tagged_ethereum,2024-04-15T09:14:11Z,3,1,Bitget,0.998885,1.0,16240110.0,0.001115,1,1,1,2,2.0,,0.0,0.0,0,0,1.0,0.0
0x7ae6343eb8685ec24873571fd89b6a47bb295c12,ethereum,0,Bilaxy,customer,tagged_ethereum,2025-07-26T08:50:47Z,192,0,Binance,0.221217,0.243902,1500.0,0.176754,24,21,69,123,1.782609,7.045328,0.213542,0.04065,2,0,0.0,0.00813
0x7ae6e64e74955e936f1e3813b7da9fddab15b794,ethereum,1,Bilaxy,explorer_tag,tagged_ethereum,2025-01-01T18:19:11Z,1,1,,,,,1.0,1,0,1,0,0.0,,0.0,,0,,,
0x7b06abe4eaf0c0cff6874d0429310fb2e932d790,ethereum,0,Bitget,customer,tagged_ethereum,2023-09-15T07:29:23Z,50,1,,0.205024,0.636364,340098.0,0.165667,29,5,39,11,0.282051,2.844238,0.0,0.0,0,0,0.0,0.0
0x7b0ebe5322e1a36aac3effa2479db04492e44543,ethereum,1,Bilaxy,explorer_tag,tagged_ethereum,2025-07-20T08:36:59Z,4,1,,,,,1.0,3,0,4,0,0.0,,0.5,,0,,,
0x7b5ffee85ce872e292caae7d461c1ecbb3de0d34,ethereum,0,Bitget,customer,tagged_ethereum,2023-12-31T02:03:11Z,131,1,Bitget,0.242306,0.310811,110076.0,0.081763,29,27,57,74,1.298246,3.066239,0.0,0.027027,2,0,0.0,0.013514
0x7b76eedfaf53b7c76aac8b465db4be9ff68f8c93,ethereum,1,Bilaxy,explorer_tag,tagged_ethereum,2023-11-22T14:30:23Z,3,1,Binance,1.0,1.0,32412876.0,0.5,1,1,2,1,0.5,,0.0,0.0,0,0,1.0,0.0
0x7b93083ac9817307250c6d61cd88c8f0e7575a15,ethereum,0,Bitget,customer,tagged_ethereum,2023-08-07T18:46:23Z,17,1,,0.268913,0.375,632640.0,0.111111,9,6,9,8,0.888889,1.09953,0.0,0.0,0,1,0.0,0.0
0x7b9fb6c19f5651666a23bec7038fee54cec7315d,ethereum,1,Bitget,explorer_tag,tagged_ethereum,2024-11-06T06:17:35Z,3,1,Bitget,0.99709,1.0,6665406.0,0.00291,1,1,1,2,2.0,,0.0,0.0,0,0,1.0,0.0
0x7ba97e7287aa58dd461014cc2d3d5455e5959254,ethereum,0,Deribit,labelled:exchange,tagged_ethereum,2023-05-06T07:46:47Z,7,1,Deribit,0.999173,1.0,72.0,0.000827,4,1,4,3,0.75,0.999472,0.0,0.0,0,0,1.0,0.0
0x7bd4f2bd5ff8036afe5c6bde3398103aef0473e0,ethereum,0,Bilaxy,customer,tagged_ethereum,2023-09-23T21:40:59Z,11,1,,0.48567,0.375,1482.0,0.000702,2,6,3,8,2.666667,2.144716,0.0,0.0,0,1,0.0,0.0
0x7bf257e9fb53f906aee17d3c7a42753c3fda0836,ethereum,0,Deribit,labelled:exchange,tagged_ethereum,2025-09-01T12:07:47Z,8,1,Deribit,0.999991,1.0,162.0,8.9e-05,4,1,5,3,0.6,0.995306,0.25,0.333333,1,0,1.0,0.333333
0x7c5db9d249beccba7121245a2c2b39cdac50473f,ethereum,1,Bitget,explorer_tag,tagged_ethereum,2024-06-20T11:51:11Z,5,1,Bitget,0.99956,1.0,25315452.0,0.333627,2,1,3,2,0.666667,,0.0,0.5,1,0,1.0,0.0
0x7c9fab1db28ceec08a75e6d3e2ac6e21d86004de,ethereum,1,Bitget,explorer_tag,tagged_ethereum,2024-03-06T18:26:11Z,8,1,Bitget,0.749516,0.666667,21022392.0,0.200387,2,2,5,3,0.6,0.978645,0.0,0.0,0,0,1.0,0.0
0x7cd585b6c23c0587fbb3ee79abe04170d0a9c59e,ethereum,0,Bitget,customer,tagged_ethereum,2024-09-08T17:30:59Z,4,1,,0.5,0.5,402984.0,0.071682,2,2,2,2,1.0,,0.5,0.0,0,0,0.0,0.0
0x7ce4056f158db425873a67d60d487e9304ae5fb6,ethereum,1,Bitget,explorer_tag,tagged_ethereum,2024-02-25T04:27:47Z,7,1,Bitget,0.999099,1.0,252.0,0.250676,3,1,4,3,0.75,0.493898,0.0,0.0,0,0,1.0,0.0
0x7ceefdb3c08bcdaf2cae0f025b55089bca358f06,ethereum,0,Bitget,customer,tagged_ethereum,2022-01-12T01:16:04Z,61,1,,0.438756,0.264706,53633289.0,0.223584,11,16,27,34,1.259259,2.629782,0.065574,0.088235,1,0,0.0,0.0
0x7cfe96772aa19afd2bda303098eda98ea980ebca,ethereum,0,Bilaxy,customer,tagged_ethereum,2023-12-31T01:36:59Z,47,1,,0.520338,0.380952,5244.0,0.346154,20,13,26,21,0.807692,3.21878,0.425532,0.047619,1,1,0.0,0.0
0x7d832675cbe7b3f5c325ed85c4a796a7fb3dab46,ethereum,0,Deribit,labelled:exchange,tagged_ethereum,2022-11-06T16:04:35Z,5,1,Deribit,0.999884,1.0,2768130.0,0.000116,1,1,4,1,0.25,,0.0,0.0,0,0,1.0,0.0
0x7d9dbe03c63529a08a9919e40d14c088be860054,ethereum,0,Deribit,labelled:exchange,tagged_ethereum,2025-09-16T06:53:23Z,8,1,Deribit,0.999999,1.0,712812.0,0.333334,4,1,6,2,0.333333,,0.0,0.0,0,0,1.0,0.0
0x7e291faa5a1338b98d62c29cbe793664f3a8575d,ethereum,1,Bitget,explorer_tag,tagged_ethereum,2024-02-26T14:36:47Z,30,1,Bitget,0.999939,1.0,312.0,0.066723,7,1,15,15,1.0,2.70327,0.0,0.0,0,0,1.0,0.0
0x7ebc2ddace1973e87a5c06a8a45278092c96b96e,ethereum,0,Bilaxy,customer,tagged_ethereum,2026-01-04T05:28:35Z,64,1,,0.053552,0.137931,345804.0,0.428571,31,23,35,29,0.828571,2.702045,0.171875,0.206897,4,0,0.0,0.0
0x7ed0f16d1f557b2fd0a949a0281678dc950c5ac9,ethereum,0,Bilaxy,customer,tagged_ethereum,2024-04-12T04:42:11Z,1,1,,,1.0,,,0,1,0,1,,,0.0,0.0,0,1,0.0,0.0
0x7ed185992f2da09856f7447eaee705fa5425cdd5,ethereum,0,Deribit,labelled:exchange,tagged_ethereum,2024-02-27T06:03:35Z,4,1,Deribit,0.99962,1.0,126.0,0.164202,2,1,3,1,0.333333,,0.0,0.0,0,0,1.0,0.0
0x7ef2c76430b2e450ba0b7c56b7fd5ca32530753e,ethereum,0,other,labelled:defi,tagged_ethereum,2020-06-12T16:43:14Z,89,0,,0.048228,0.833333,0.0,0.130435,10,8,23,66,2.869565,6.171549,0.0,0.0,0,0,0.0,0.0
0x7f59393ff912fd6500719199308ba88797a01c7c,ethereum,0,Bitget,customer,tagged_ethereum,2022-07-18T14:07:52Z,49,1,,0.453683,0.391304,81189.0,0.307967,13,8,26,23,0.884615,3.70754,0.102041,0.130435,1,0,0.0,0.0
0x7f5c99e7b24521b41c5acea193a7435c1a1f14b8,ethereum,1,Bilaxy,explorer_tag,tagged_ethereum,2023-11-04T18:26:35Z,2,1,,,,,1.0,2,0,2,0,0.0,,0.0,,0,,,
0x7f6e877290cf3734f47be0d39882d134d302c57c,ethereum,1,Bitget,explorer_tag,tagged_ethereum,2024-05-17T05:16:59Z,3,1,Bitget,0.998349,1.0,14141430.0,0.001651,1,1,1,2,2.0,,0.0,0.0,0,0,1.0,0.0
0x7f84e5c1b910b6cf82473bf0284622f6b219b888,ethereum,0,Bitget,customer,tagged_ethereum,2021-12-17T09:43:31Z,200,0,,0.041646,0.320312,36042.0,0.092237,50,24,72,128,1.777778,2.740205,0.0,0.03125,2,0,0.0,0.0
0x7fa6611ddce098914474681fdf15c0cb138f253e,ethereum,1,Bilaxy,explorer_tag,tagged_ethereum,2021-08-06T02:59:08Z,4,1,Binance,1.0,1.0,14475934.0,0.333333,2,1,3,1,0.333333,,0.0,0.0,0,0,1.0,0.0
0x805b4d1c0332e766c0dbf566c127dd9131dea2a2,ethereum,0,Bilaxy,customer,tagged_ethereum,2023-08-07T21:09:59Z,114,1,Binance,0.33834,0.258065,99612.0,0.219819,33,23,52,62,1.192308,1.419761,0.0,0.451613,13,0,0.0,0.33871
0x8064bcf4a7892b99c1ce4b92d23252ab2fa129b6,ethereum,0,Bilaxy,customer,tagged_ethereum,2021-08-13T03:25:13Z,200,0,,0.000116,0.478261,939317.5,0.202974,4,7,154,46,0.298701,1.484499,0.89,0.0,0,0,0.0,0.0
0x807f086676d9ef43a7cd3f4133bf06f3ffd729be,ethereum,0,Bitget,customer,tagged_ethereum,2021-10-20T16:49:25Z,38,1,Binance,0.778699,0.2,1168553.0,0.111143,15,16,18,20,1.111111,1.794931,0.0,0.55,6,0,0.0,0.55
0x808b4da0be6c9512e948521452227efc619bea52,ethereum,0,BlockFi,labelled:custodial_wallet,tagged_ethereum,2019-09-10T13:46:37Z,67,0,,0.150217,0.4,3955780.0,0.83871,51,3,62,5,0.080645,0.924262,0.029851,0.0,0,0,0.0,0.0
0x809fec265c518c4d6a47e3408cc12c51630bdf27,ethereum,0,Deribit,labelled:exchange,tagged_ethereum,2023-06-18T06:40:35Z,18,1,Deribit,0.999887,0.714286,1596.0,0.181911,4,3,11,7,0.636364,1.104553,0.444444,0.285714,1,0,0.714286,0.285714
0x80e27d8d142af01178ce5d911ad605a9da4d2def,ethereum,1,Bitget,explorer_tag,tagged_ethereum,2024-01-12T06:05:59Z,4,1,Bitget,0.999173,1.0,19510176.0,0.500413,2,1,2,2,1.0,,0.0,0.0,0,0,1.0,0.0
0x80ee8cb19a2005e1a710bf8e79e078aff4a9a167,ethereum,1,Bitget,explorer_tag,tagged_ethereum,2024-07-19T04:18:59Z,3,1,Bitget,0.997728,1.0,11416362.0,0.002272,1,1,1,2,2.0,,0.0,0.0,0,0,1.0,0.0
0x80f683dc999932921f39c5e65a6702bf94957a71,ethereum,1,Bilaxy,explorer_tag,tagged_ethereum,2023-08-16T07:41:23Z,17,1,Binance,1.0,1.0,45260868.0,0.8,7,1,15,2,0.133333,,0.0,0.0,0,0,1.0,0.0
0x80fb3e8d121456af34348e966f30f8fa8bb936b1,ethereum,0,Bitget,customer,tagged_ethereum,2024-07-07T02:35:35Z,9,1,,0.65,0.5,22524.0,0.399935,3,3,5,4,0.8,0.836065,0.0,0.0,0,0,0.0,0.0
0x812696fdbbe5bee7137cdd35dfc5476c415a0428,ethereum,0,Bilaxy,customer,tagged_ethereum,2024-09-11T09:33:11Z,12,1,Binance,0.763541,0.5,1229958.0,0.071789,7,3,8,4,0.5,0.333308,0.666667,0.5,2,1,0.0,0.25
0x81378bbb2fbf3afb2be6efe6b2b678f4a6ad58fc,ethereum,1,Bitget,explorer_tag,tagged_ethereum,2024-11-27T21:11:59Z,3,1,Bitget,0.997508,1.0,5731578.0,0.002492,1,1,1,2,2.0,,0.0,0.0,0,0,1.0,0.0
0x81620df09a78208e0afb68b00f825f3ac6b17ba9,ethereum,1,Bitget,explorer_tag,tagged_ethereum,2024-01-28T11:07:11Z,70,1,Bitget,0.762105,0.709677,360.0,0.026667,5,3,39,31,0.794872,2.408226,0.4,0.16129,2,0,1.0,0.16129
0x81c21f2dabf63ef968cbbd80598b53b363fa0339,ethereum,1,Bitget,explorer_tag,tagged_ethereum,2024-04-28T05:16:23Z,4,1,Bitget,0.998163,1.0,14959974.0,0.001837,1,1,2,2,1.0,,0.0,0.5,1,0,1.0,0.0
0x81c672b1086ad7675208c95a24b7207047fd47c5,ethereum,1,Bilaxy,explorer_tag,tagged_ethereum,2025-11-21T14:03:11Z,1,1,,,,,1.0,1,0,1,0,0.0,,0.0,,0,,,
0x82415c0f7014cfc6247db12cef8f44640bc23ced,ethereum,0,Bitget,customer,tagged_ethereum,2024-10-10T04:46:59Z,23,1,,0.463812,0.363636,180.0,0.084183,5,7,12,11,0.916667,2.651576,0.086957,0.272727,3,0,0.0,0.0
0x827a3bd5a94f01e712b3feba3f78d5b0ba838b50,ethereum,1,Bilaxy,explorer_tag,tagged_ethereum,2024-10-30T06:11:59Z,1,1,,,,,1.0,1,0,1,0,0.0,,0.0,,0,,,
0x82864b98b407c19a184cfe9a7d10bb94be9912d1,ethereum,0,Bitget,customer,tagged_ethereum,2023-06-20T10:07:59Z,8,1,,0.977794,0.333333,693156.0,0.002761,2,5,2,6,3.0,1.452258,0.0,0.0,0,0,0.0,0.0
0x82b4d40363ab43d1fa9277337383d311d4e915a0,ethereum,0,Bilaxy,customer,tagged_ethereum,2021-04-09T18:51:42Z,200,0,,0.003167,0.020408,75588.0,0.267437,4,174,4,196,49.0,5.207457,0.0,0.0,0,1,0.0,0.0
0x82cbdf3b7eaa7f1521d7017a3371aa4f3af90004,ethereum,0,Bitget,customer,tagged_ethereum,2024-06-01T16:59:11Z,200,0,,0.337873,0.072289,252948.0,0.235357,115,73,117,83,0.709402,3.719027,0.0,0.337349,15,1,0.0,0.0
0x82e0b8cdd80af5930c4452c684e71c861148ec8a,ethereum,0,other,labelled:bridge,tagged_ethereum,2022-10-26T20:25:23Z,158,0,,,,,1.0,120,0,158,0,0.0,,0.0,,0,,,
0x83086ea8d266c542dd07acb064882f4ad67034c0,ethereum,0,Bilaxy,customer,tagged_ethereum,2023-08-09T05:23:23Z,200,0,,,,,1.0,68,0,200,0,0.0,,1.0,,0,,,
0x831462c10f75adcd3e231e4bbe7cc82fda6bab3a,ethereum,0,Bilaxy,customer,tagged_ethereum,2021-01-04T17:59:26Z,9,1,Binance,0.237938,0.25,32222.0,0.050538,3,4,5,4,0.8,1.138947,0.222222,0.25,1,1,0.0,0.25
0x833e7a45acfbacfb2bda00def333242812cf0f2b,ethereum,0,Bilaxy,customer,tagged_ethereum,2024-03-28T14:32:59Z,10,1,MEXC,0.2375,0.166667,3520152.0,0.0,4,6,4,6,1.5,1.939219,0.0,0.166667,1,0,0.0,0.166667
0x834e40f0534451c3d5486534f9decb791a73f4d3,ethereum,0,Bitget,customer,tagged_ethereum,2023-04-28T14:50:59Z,114,1,,0.447043,0.128205,7258560.0,0.186877,42,23,75,39,0.52,3.217104,0.026316,0.358974,10,1,0.0,0.0
0x8363d377886dc04d9da2ba84477f5202f15a1630,ethereum,1,Bitget,explorer_tag,tagged_ethereum,2024-02-15T21:52:59Z,4,1,Bitget,0.999582,1.0,18022020.0,0.500209,2,1,2,2,1.0,,0.0,0.0,0,0,1.0,0.0
0x83935248f6bb065a9871c8158671e50bc1fa0fb8,ethereum,1,Bilaxy,explorer_tag,tagged_ethereum,2022-09-20T20:52:23Z,17,1,Binance,1.0,1.0,34602708.0,0.166667,6,1,12,5,0.416667,1.671532,0.882353,0.0,0,0,1.0,0.0
0x842c34be2a0de45f7a719955f1779333393bf11b,ethereum,0,Deribit,labelled:exchange,tagged_ethereum,2024-01-15T15:24:59Z,4,1,Deribit,1.0,1.0,268512.0,0.0,2,1,2,2,1.0,,0.0,0.0,0,0,1.0,0.0
0x847ce53d8b149e850cffdc5ddd17c8f201e9f5c3,ethereum,0,Bitget,customer,tagged_ethereum,2024-04-21T08:18:47Z,45,1,,0.139702,0.166667,8278080.0,0.728158,20,14,27,18,0.666667,2.10806,0.311111,0.055556,1,1,0.0,0.0
0x847e9c1890f374e7e3d956374cd8b5762cbba53a,ethereum,1,Bilaxy,explorer_tag,tagged_ethereum,2025-11-21T16:10:35Z,2,1,,,,,1.0,2,0,2,0,0.0,,0.0,,0,,,
0x8499061c24ee7d9e987f6e958ac34ba6e834d3c5,ethereum,1,Bilaxy,explorer_tag,tagged_ethereum,2023-09-24T13:44:35Z,59,1,Binance,0.499595,0.56,708.0,0.059204,26,2,34,25,0.735294,2.133617,0.677966,0.04,1,0,0.56,0.0
0x84e16f15d089aae23c754fbf78df5205dca7422f,ethereum,0,Bitget,customer,tagged_ethereum,2023-11-03T13:02:47Z,8,1,,0.013114,0.4,79236.0,3.3e-05,3,4,3,5,1.666667,1.133017,0.0,0.0,0,1,0.0,0.0
0x850b24b57d4206a94d95971dd5ec56432f49f87a,ethereum,0,Bitget,customer,tagged_ethereum,2020-11-12T19:42:38Z,7,1,,0.722283,0.6,40636100.5,0.0,2,3,2,5,2.5,1.390442,0.0,0.0,0,0,0.0,0.0
0x852cfef392aab1a6b60d5321b0474a763e561ff8,ethereum,1,Bitget,explorer_tag,tagged_ethereum,2024-06-02T02:31:47Z,3,1,Bitget,0.997953,1.0,13454766.0,0.002047,1,1,1,2,2.0,,0.0,0.0,0,0,1.0,0.0
0x852dc1c875f0117ea0808610010893e4c576b6a9,ethereum,0,Bilaxy,customer,tagged_ethereum,2022-08-06T01:31:35Z,192,0,,3.6e-05,0.4,1417663.0,0.368907,183,3,187,5,0.026738,1.597925,0.083333,0.6,1,1,0.0,0.0
0x854035e5048d37781a4898d8ecf1329f051b6503,ethereum,1,Bitget,explorer_tag,tagged_ethereum,2024-10-19T13:49:47Z,11,1,Bitget,0.999581,1.0,13840236.0,0.000419,4,1,6,5,0.833333,0.954457,0.0,0.2,1,0,1.0,0.2
0x85ac393addd65bcf6ab0999f2a5c064e867f255f,ethereum,0,Bilaxy,customer,tagged_ethereum,2025-05-19T16:46:59Z,188,0,,0.019354,0.117647,154260.0,0.983729,34,50,120,68,0.566667,1.361284,0.058511,0.955882,27,0,0.0,0.0
0x85ba1fc2f689f5e9d024d74f62ff7f218de7e46e,ethereum,1,Bilaxy,explorer_tag,tagged_ethereum,2024-11-11T12:09:47Z,16,1,Binance,0.892772,0.75,10800.0,0.666667,9,2,12,4,0.333333,0.570903,0.5,0.5,1,0,0.75,0.5
0x860edda17381da33549d2a78e0329f655cb7ed08,ethereum,1,Bitget,explorer_tag,tagged_ethereum,2024-01-21T18:16:23Z,12,1,Bitget,0.99973,1.0,1020.0,0.143089,5,1,7,5,0.714286,1.16644,0.333333,0.2,1,0,1.0,0.0
0x8622bbf7349171a033e1b8ec4278ab7b945ff138,ethereum,0,Bitget,customer,tagged_ethereum,2025-05-21T12:19:59Z,16,1,,0.5,0.375,269238.0,0.0,2,5,8,8,1.0,0.905439,0.25,0.0,0,0,0.0,0.0
0x8635f4457754642468d244859b3fd131673f1cd9,ethereum,0,Bilaxy,customer,tagged_ethereum,2022-01-02T02:47:39Z,12,1,,0.597226,0.5,14811804.0,0.375,7,3,8,4,0.5,0.675236,0.0,0.0,0,0,0.0,0.0
0x86dffbd80766a4e4dcfaa763ce3db10cce9d150f,ethereum,0,Bitget,customer,tagged_ethereum,2022-07-05T07:31:13Z,124,1,,0.010649,0.130435,60384.0,0.309133,38,33,55,69,1.254545,3.131374,0.16129,0.130435,7,0,0.0,0.0
0x86eaf9387d15dcf85c712f88495804f0f002eeb6,ethereum,0,Bilaxy,customer,tagged_ethereum,2025-03-17T20:54:47Z,136,1,,0.191002,0.649123,142032.0,0.051473,24,12,79,57,0.721519,3.962116,0.080882,0.140351,3,1,0.0,0.0
0x87336783713986c196487b11fb37f2328cfdbec7,ethereum,0,Bilaxy,customer,tagged_ethereum,2023-04-01T14:46:59Z,94,1,Binance,0.158039,0.104167,822960.0,0.176959,27,32,46,48,1.043478,1.691462,0.042553,0.375,9,1,0.0,0.375
0x875eb27bd75f8e8f26e401f1234480e743420052,ethereum,0,Deribit,labelled:exchange,tagged_ethereum,2023-03-13T09:21:11Z,5,1,Deribit,0.999916,1.0,90.0,8.4e-05,2,1,2,3,1.5,0.28516,0.0,0.0,0,0,1.0,0.0
0x87896d88f40000018ade41ec599740e7f688582c,ethereum,1,Bitget,explorer_tag,tagged_ethereum,2024-10-19T16:45:35Z,11,1,Bitget,0.999627,1.0,13840488.0,0.000373,4,1,6,5,0.833333,0.954943,0.0,0.2,1,0,1.0,0.2
0x87cf36ad03c9eae9053abb5242de9117bb0f2a0b,ethereum,0,other,labelled:entity,tagged_ethereum,2015-07-30T15:26:13Z,14,1,Kraken,0.998,1.0,703281.0,0.923231,11,1,13,1,0.076923,,0.0,0.0,0,0,1.0,0.0
0x87da0f7d31d2d786956a50f1614bcd7cd06341ea,ethereum,0,Bilaxy,customer,tagged_ethereum,2021-10-27T19:06:22Z,200,0,Binance,0.194833,0.26087,370668.0,0.190118,34,31,131,69,0.526718,2.449708,0.085,0.202899,4,0,0.0,0.188406
0x87f1da94dcf324ed31471763c4c202e34c6f2a97,ethereum,1,Bitget,explorer_tag,tagged_ethereum,2024-01-26T11:51:35Z,6,1,Bitget,0.999309,1.0,786.0,0.000691,2,1,3,3,1.0,0.620314,0.0,0.0,0,0,1.0,0.0
0x88224bc493cf87d6229182d11ddb429aafa127b4,ethereum,0,Bilaxy,customer,tagged_ethereum,2025-12-27T11:43:59Z,5,1,,0.5,0.666667,4650.0,0.0,2,2,2,3,1.5,0.0,0.4,1.0,1,1,0.0,0.0
0x882bd3a2e9d74110b24961c53777f22f1f46dc5d,ethereum,0,other,labelled:entity,tagged_ethereum,2015-07-30T15:26:13Z,25,1,,0.357604,0.315789,28896584.0,0.5,5,10,6,19,3.166667,1.904062,0.0,0.0,0,0,0.0,0.0
0x88b8ef9becc6d31677f9fded10b4c976d29abf30,ethereum,1,Bitget,explorer_tag,tagged_ethereum,2024-09-24T16:53:23Z,6,1,Bitget,0.999497,1.0,342780.0,0.000635,1,1,3,3,1.0,0.919405,0.0,0.0,0,0,1.0,0.0
0x88eb5d8f34fe8aa59731206f166774a2157d5e05,ethereum,0,Deribit,labelled:exchange,tagged_ethereum,2023-10-17T21:16:11Z,2,1,Deribit,0.999948,1.0,60.0,5.2e-05,1,1,1,1,1.0,,0.0,0.0,0,0,1.0,0.0
0x8911fce375a8414b1b578be66ee691a8d2d4dbf7,ethereum,0,other,labelled:defi,tagged_ethereum,2021-06-08T18:21:23Z,200,0,,0.154983,0.192982,6946.5,0.714007,70,27,143,57,0.398601,2.632722,0.0,0.0,0,0,0.0,0.0
0x892628969a6cf034f50584da0352d2b8243f9370,ethereum,1,Bitget,explorer_tag,tagged_ethereum,2024-02-20T22:49:23Z,15,1,Bitget,0.713179,0.714286,846.0,0.125969,3,2,8,7,0.875,2.160756,0.0,0.142857,1,0,1.0,0.142857
0x89457d708df215512bc61cfe2c469fac357791ef,ethereum,1,Bitget,explorer_tag,tagged_ethereum,2024-08-04T09:03:11Z,3,1,Bitget,0.997247,1.0,10717698.0,0.002753,1,1,1,2,2.0,,0.0,0.0,0,0,1.0,0.0
0x895229463934055fe70e8ca3bd01fc75114367d4,ethereum,0,Bitget,customer,tagged_ethereum,2024-02-14T12:42:47Z,11,1,,0.973674,0.666667,104364.0,0.2,2,3,5,6,1.2,1.820588,0.0,0.0,0,1,0.0,0.0
0x89613d988bae5a23401e6c431d42960e83974c75,ethereum,0,Bitget,customer,tagged_ethereum,2023-02-22T16:55:11Z,40,1,,0.0,0.129032,4531056.0,0.555558,7,13,9,31,3.444444,3.103789,0.2,0.0,0,0,0.0,0.0
0x8a1585a74f89b3ed040823679347d7691c5d3e99,ethereum,0,Bitget,customer,tagged_ethereum,2024-10-23T19:10:47Z,5,1,,0.5,0.333333,17100.0,0.0,2,3,2,3,1.5,0.993007,0.0,0.0,0,0,0.0,0.0
0x8a30f7ab218c581b26a737b49c4a68b9698eb5a0,ethereum,1,Bilaxy,explorer_tag,tagged_ethereum,2024-07-12T00:27:11Z,7,1,Binance,1.0,1.0,168.0,0.666667,5,1,6,1,0.166667,,0.428571,0.0,0,0,1.0,0.0
0x8a34e4f4ef91fa1523482dc106e2ea0c40c2fbdf,ethereum,1,Bitget,explorer_tag,tagged_ethereum,2024-03-08T19:25:35Z,43,1,Bitget,0.957628,0.941176,1152606.0,0.077574,12,2,26,17,0.653846,1.096317,0.0,0.176471,3,0,1.0,0.117647
0x8a74681476cbea70a1d5c2ac6a5b1022efc0cb13,ethereum,0,Bilaxy,customer,tagged_ethereum,2022-05-11T06:52:04Z,3,1,,0.474757,1.0,61218107.0,0.525243,1,1,2,1,0.5,,0.0,0.0,0,0,0.0,0.0
0x8a80fa41a1c6771cb34f06f07d7fb59e67f2eaa7,ethereum,1,Bitget,explorer_tag,tagged_ethereum,2024-06-02T18:23:35Z,5,1,Bitget,0.998626,1.0,300.0,0.001374,1,1,2,3,1.5,0.703825,0.0,0.333333,1,0,1.0,0.0
0x8ac700896c9141bb853c8707252a5cb7a1504d85,ethereum,0,Bitget,customer,tagged_ethereum,2022-11-21T14:27:11Z,26,1,,0.5,0.375,62252388.0,0.555636,9,4,18,8,0.444444,2.435709,0.0,0.0,0,1,0.0,0.0
0x8acee4c5eff925ca250d32dd2f03b4d5db0ab2aa,ethereum,0,Bitget,customer,tagged_ethereum,2024-08-08T15:06:23Z,3,1,,0.433522,1.0,2675976.0,0.783239,2,1,2,1,0.5,,0.0,0.0,0,1,0.0,0.0
0x8ad5d20020778009efe4d367ce0c7a6594a264e3,ethereum,0,Deribit,labelled:exchange,tagged_ethereum,2022-11-13T11:39:35Z,27,1,Deribit,0.99972,0.833333,1820406.0,0.238309,7,2,21,6,0.285714,1.035712,0.296296,0.166667,1,0,0.833333,0.166667
0x8b033c4c7f2b5b4727ccbd60adaf5248adfacfa9,ethereum,1,Bilaxy,explorer_tag,tagged_ethereum,2021-08-04T02:52:06Z,4,1,Binance,1.0,1.0,8738211.5,0.0,1,1,2,2,1.0,,1.0,0.0,0,0,1.0,0.0
0x8b5d1bee9f09a6db6bdc1d4ccae308468923d48f,ethereum,0,Bilaxy,customer,tagged_ethereum,2023-01-04T05:25:23Z,27,1,,0.680243,0.375,146460.0,0.009003,2,10,11,16,1.454545,1.426966,0.0,0.25,1,0,0.0,0.0
0x8b68f9f61d38c58450372c394675557df115ba9e,ethereum,1,Bitget,explorer_tag,tagged_ethereum,2024-10-19T23:41:23Z,7,1,Bitget,0.997074,1.0,6918624.0,0.002926,2,1,4,3,0.75,0.874566,0.0,0.333333,1,0,1.0,0.333333
0x8bfb3fe3d2600d6200dce581d3a09fc9416ad4d8,ethereum,0,Deribit,labelled:exchange,tagged_ethereum,2025-01-28T13:27:23Z,26,1,Deribit,1.0,1.0,246624.0,0.866667,14,1,15,11,0.733333,1.513639,0.0,0.0,0,0,1.0,0.0
0x8c2754ded41ccb7643b05e93c66550f146feac1c,ethereum,0,Deribit,labelled:exchange,tagged_ethereum,2023-01-14T11:59:35Z,3,1,Deribit,1.0,1.0,1364856.0,0.0,1,1,1,2,2.0,,0.0,0.0,0,0,1.0,0.0
0x8c3cbab02927bfef1a7de6b1a79d9ce82c69596c,ethereum,0,Bitget,customer,tagged_ethereum,2024-10-29T16:57:23Z,48,1,,0.473735,0.266667,171780.0,0.113491,12,11,33,15,0.454545,1.21417,0.75,0.2,2,0,0.0,0.0
0x8cc9f97dd11a17df1d14d7ba966ede05405bdbee,ethereum,0,other,labelled:defi,tagged_ethereum,2022-04-26T22:58:21Z,200,0,,0.315072,0.505051,276918.0,0.201054,32,21,101,99,0.980198,1.894997,0.0,0.0,0,0,0.0,0.0
0x8e7a862e4d6b99a31aaa6421152677230566bbc4,ethereum,0,Bitget,customer,tagged_ethereum,2026-01-31T20:13:47Z,157,0,,0.0,0.243243,155256.0,0.997904,18,15,46,111,2.413043,4.894251,0.159236,0.369369,7,0,0.0,0.0
0x8e8821ab44864586e4881e3a9d8050a764638af8,ethereum,0,Bitget,customer,tagged_ethereum,2024-03-16T05:14:47Z,8,1,,0.005522,0.2,35640.0,0.0,2,5,3,5,1.666667,0.987634,0.0,0.0,0,1,0.0,0.0
0x8eb4167350c1ef88784c89f19bc06fbab2588735,ethereum,0,Bitget,customer,tagged_ethereum,2024-07-02T10:58:59Z,3,1,,,0.5,,1.0,1,2,1,2,2.0,,0.0,0.0,0,0,0.0,0.0
0x8ec8f08ad841677b41b9cfc84977d049a128e1d7,ethereum,0,Deribit,labelled:exchange,tagged_ethereum,2022-11-23T13:22:23Z,16,1,Deribit,0.999817,1.0,1113648.0,0.000183,6,1,10,6,0.6,0.747923,0.0,0.0,0,0,1.0,0.0
0x8edfd67be4aa91ad244281af44af8bbc3c4bd1c8,ethereum,1,Bilaxy,explorer_tag,tagged_ethereum,2023-05-20T20:37:11Z,20,1,Binance,0.972096,1.0,541218.0,0.119688,10,1,15,5,0.333333,1.028317,0.1,0.4,2,0,1.0,0.0
0x8ef7b6f12d54530b1a4fcdc23b92a8ea2e1c5867,ethereum,0,Bilaxy,customer,tagged_ethereum,2024-02-04T10:58:23Z,10,1,Binance,0.0,0.142857,1464.0,0.030632,3,7,3,7,2.333333,1.35487,0.0,0.428571,2,0,0.0,0.285714
0x8f0d024e780b7e2fd633a4d6d43631a96e8cb059,ethereum,0,Bitget,customer,tagged_ethereum,2023-12-12T10:36:35Z,200,0,,0.228848,0.093264,302844.0,0.182555,5,100,7,193,27.571429,1.722803,0.455,0.0,0,1,0.0,0.0
0x8f193ac8e66df1df31c5a1072c47ca52df9d9b12,ethereum,0,Bilaxy,customer,tagged_ethereum,2023-01-08T07:13:11Z,1,1,,,1.0,,,0,1,0,1,,,0.0,0.0,0,1,0.0,0.0
0x8f6a9c9302cc2b9d7175066478a872a61fbc2852,ethereum,0,Bilaxy,customer,tagged_ethereum,2023-01-08T13:22:23Z,4,1,,0.303349,0.5,103026.0,0.223228,2,2,2,2,1.0,,0.0,0.0,0,0,0.0,0.0
0x8f704900d24e5e6509222daddc93a68f54a187d1,ethereum,0,Deribit,labelled:exchange,tagged_ethereum,2025-05-05T00:14:23Z,9,1,Deribit,0.999998,1.0,46140.0,0.000504,4,1,7,2,0.285714,,0.555556,1.0,2,0,1.0,0.5
0x8f75500a2cf0994aade028cd10852b740e5cd8a4,ethereum,0,Bilaxy,customer,tagged_ethereum,2021-07-27T09:10:34Z,21,1,,0.559999,0.7,3147944.5,0.337318,3,3,11,10,0.909091,2.515463,0.0,0.0,0,1,0.0,0.0
0x8f860797dfd89edb4e0c3be2f25ab495ca29621c,ethereum,1,Bitget,explorer_tag,tagged_ethereum,2024-02-06T01:30:11Z,4,1,Bitget,0.999375,1.0,18439278.0,0.500313,2,1,2,2,1.0,,0.0,0.0,0,0,1.0,0.0
0x8f916896e7cb93fba928836b873e06be36139785,ethereum,0,Bitget,customer,tagged_ethereum,2017-10-20T07:14:48Z,200,0,OKX,0.03078,0.108108,2580.0,0.129961,33,48,89,111,1.247191,5.574032,0.07,0.225225,7,0,0.0,0.09009
0x8fb00078f36a3e6fb44ce430f1382feb2b84767a,ethereum,0,Deribit,labelled:exchange,tagged_ethereum,2023-11-16T05:54:23Z,11,1,Deribit,0.999814,1.0,103260.0,0.250139,5,1,8,3,0.375,0.99425,0.0,0.0,0,0,1.0,0.0
0x9007b99ac6d13818874353b020156fbb37d77115,ethereum,1,Bilaxy,explorer_tag,tagged_ethereum,2025-01-25T08:57:23Z,2,1,,,,,1.0,2,0,2,0,0.0,,0.0,,0,,,
0x902f28e4465e6e7a282da8332926b3145dd4a44f,ethereum,0,Bitget,customer,tagged_ethereum,2021-02-08T07:25:42Z,78,1,OKX,0.0,0.114286,603575.0,0.302972,25,20,43,35,0.813953,2.901377,0.0,0.057143,2,0,0.0,0.028571
0x9057653b8c5f7e2abfd3bfde6d6e117a526a249d,ethereum,1,Bitget,explorer_tag,tagged_ethereum,2024-06-07T03:43:35Z,28,1,Bitget,0.9992,1.0,146328.0,0.06325,3,1,16,12,0.75,2.018351,0.0,0.0,0,0,1.0,0.0
0x909df5698f0a8dc9242da143843faaac6e9bf5f3,ethereum,1,Bilaxy,explorer_tag,tagged_ethereum,2023-12-29T23:35:11Z,1,1,,,,,1.0,1,0,1,0,0.0,,0.0,,0,,,
0x90d0dee8777d5112ba16215be4b2cda3d3a40dce,ethereum,0,Bitget,customer,tagged_ethereum,2022-04-28T21:13:11Z,11,1,,0.0,0.285714,32729724.0,0.250303,4,6,4,7,1.75,2.229683,0.181818,0.0,0,0,0.0,0.0
0x90ddfa5c3cc85aa284eccf11420810994d0dc32b,ethereum,0,Deribit,labelled:exchange,tagged_ethereum,2023-06-21T16:49:47Z,5,1,Deribit,0.999842,1.0,11592246.0,0.000158,3,1,3,2,0.666667,,0.0,0.0,0,0,1.0,0.0
0x90f86774e792e91cf81b2ff9f341efca649343a6,ethereum,0,CoinEx,labelled:exchange,tagged_ethereum,2022-05-18T06:48:46Z,199,0,Binance,0.112788,0.063158,62367.0,0.840926,33,75,104,95,0.913462,1.084787,0.0,0.0,0,1,0.084211,0.0
0x9130e11f9181664d28dc5d943a5801ce85342784,ethereum,0,Bilaxy,customer,tagged_ethereum,2022-10-05T20:59:23Z,22,1,,0.366724,0.285714,5421774.0,0.039551,7,11,8,14,1.75,0.813729,0.0,0.071429,1,0,0.0,0.0
0x9140dcd3e36de36037b0d9cae91e659e168bd6ae,ethereum,1,Bilaxy,explorer_tag,tagged_ethereum,2021-11-06T13:41:57Z,3,1,Binance,1.0,1.0,952090.0,0.5,2,1,2,1,0.5,,0.666667,0.0,0,0,1.0,0.0
0x91bbbe34a2263646b9fb7ce5b1021f875eae381b,ethereum,0,Bilaxy,customer,tagged_ethereum,2024-05-02T01:21:59Z,6,1,Bybit,0.158853,0.333333,1560.0,0.274098,3,3,3,3,1.0,0.999864,0.0,0.666667,2,1,0.0,0.666667
0x91c5b35da96f3823c3854bab08940d4e3843c7ce,ethereum,0,Bitget,customer,tagged_ethereum,2024-03-08T07:04:35Z,45,1,,0.000311,0.1,493686.0,0.24001,20,15,25,20,0.8,2.645633,0.0,0.3,5,1,0.0,0.0
0x91e7accb84688972cb0632ada5077ce66f801e78,ethereum,0,Bilaxy,customer,tagged_ethereum,2025-08-05T10:19:47Z,194,0,,0.0,0.078125,64092.0,0.974834,7,88,66,128,1.939394,2.262213,0.046392,0.070312,3,0,0.0,0.0
0x91fb4af159924a7a64f62967da93818550e1b3b4,ethereum,1,Bilaxy,explorer_tag,tagged_ethereum,2021-10-07T02:25:08Z,86,1,Binance,0.996741,1.0,1260.0,0.046745,11,1,48,38,0.791667,0.943601,0.790698,0.078947,2,0,1.0,0.052632
0x926f7a22924c9de7e5ecbe6f31aa776632071084,ethereum,0,Bitget,customer,tagged_ethereum,2024-09-06T16:06:11Z,168,1,Bitget,0.452129,0.358333,253596.0,0.021124,19,20,48,120,2.5,6.027985,0.297619,0.066667,4,0,0.0,0.016667
0x928eef955cb06e30b539de5f34d74652936cf87b,ethereum,0,Bilaxy,customer,tagged_ethereum,2025-04-08T14:01:11Z,29,1,Binance,0.368611,0.230769,249924.0,0.255067,14,8,16,13,0.8125,2.146694,0.448276,0.230769,2,0,0.0,0.153846
0x929c7128fde4aefa62e0d6798dcd6e88b32e52bf,ethereum,1,Bilaxy,explorer_tag,tagged_ethereum,2025-08-16T02:49:35Z,2,1,,,,,1.0,1,0,2,0,0.0,,0.0,,0,,,
0x92c03a3b83cc42a7eb55cc9d851931c0a65ee1f8,ethereum,0,Bilaxy,customer,tagged_ethereum,2025-07-01T15:16:47Z,3,1,,1.0,1.0,876.0,0.5,2,1,2,1,0.5,,0.666667,1.0,1,1,0.0,0.0
0x92d2c19ef1485548c7fcfd975a8049a217292191,ethereum,0,other,labelled:entity,tagged_ethereum,2023-06-04T14:11:35Z,199,0,,0.998889,0.989247,0.0,0.139518,3,2,106,93,0.877358,1.512957,0.39196,0.182796,1,0,0.0,0.0
0x933ae37b8d15aced2fd1584e52f0cf3e67b349d0,ethereum,0,Bitget,customer,tagged_ethereum,2024-05-26T18:28:35Z,6,1,,0.333333,0.666667,168288.0,0.0,2,2,3,3,1.0,0.998289,0.0,0.0,0,1,0.0,0.0
0x9354503357df1ad8e1a698aaa74b08b77bc2b867,ethereum,1,Bilaxy,explorer_tag,tagged_ethereum,2024-03-21T06:16:11Z,1,1,,,,,1.0,1,0,1,0,0.0,,0.0,,0,,,
0x9364eb9642da85d9133349d9d001dc7fa08d4e32,ethereum,0,Bitget,customer,tagged_ethereum,2024-03-07T21:17:11Z,200,0,,0.494068,0.227273,60702.0,0.063776,46,58,90,110,1.222222,1.564127,0.23,0.181818,11,0,0.0,0.0
0x9384b4c7933184e989ea1a86f81608041fcaebfe,ethereum,1,Bilaxy,explorer_tag,tagged_ethereum,2025-01-26T22:04:47Z,2,1,,,,,1.0,2,0,2,0,0.0,,0.0,,0,,,
0x93b0912523bb08210957905008ad754d86b7b59e,ethereum,0,Bitget,customer,tagged_ethereum,2024-03-19T10:42:35Z,2,1,,0.971429,1.0,26959092.0,0.028571,1,1,1,1,1.0,,0.0,0.0,0,0,0.0,0.0
0x93beca7f3fbccf78f5e22d20f0d658abf76f9226,ethereum,1,Bilaxy,explorer_tag,tagged_ethereum,2024-05-08T18:00:59Z,5,1,Binance,0.960123,1.0,391788.0,0.081256,3,1,4,1,0.25,,0.0,0.0,0,0,1.0,0.0
0x93cac825ef96557cb62051b7da7e94fce747935f,ethereum,0,Deribit,labelled:exchange,tagged_ethereum,2022-11-09T22:09:23Z,23,1,Deribit,0.999945,1.0,72.0,0.00029,8,1,13,10,0.769231,1.098996,0.565217,0.1,1,0,1.0,0.1
0x93e7e9492217b827a86386d0697e1444af0f9ae2,ethereum,0,Bitget,customer,tagged_ethereum,2024-02-11T07:42:47Z,5,1,,0.0,0.333333,50148.0,0.5,2,3,2,3,1.5,0.997526,0.0,0.0,0,0,0.0,0.0
0x9496f8abe060c5685272b501086e144ec9180f56,ethereum,1,Bitget,explorer_tag,tagged_ethereum,2024-01-24T01:39:35Z,4,1,Bitget,0.999273,1.0,18995358.0,0.500364,2,1,2,2,1.0,,0.0,0.0,0,0,1.0,0.0
0x94d47b52d4b0038f7ce223d05891a63b80de7737,ethereum,0,Bilaxy,customer,tagged_ethereum,2024-06-14T23:56:35Z,27,1,,0.101057,0.294118,4101876.0,0.1,5,11,10,17,1.7,3.6239,0.148148,0.0,0,0,0.0,0.0
0x957850b40c4e18e1f28f9e3e8cab127f7c7e571f,ethereum,1,Bilaxy,explorer_tag,tagged_ethereum,2025-09-12T09:42:59Z,28,1,Binance,1.0,0.75,894.0,0.833333,23,2,24,4,0.166667,0.709597,0.25,0.5,1,0,0.0,0.5
0x9587db47e299871dfd785fa08e4c5928ffc19551,ethereum,0,Bitget,customer,tagged_ethereum,2024-07-20T01:59:11Z,3,1,,0.997975,1.0,324714.0,0.002025,2,1,2,1,0.5,,0.0,1.0,1,0,0.0,0.0
0x95884379009a5555f43b159040ad62ff3789bb80,ethereum,0,Bitget,customer,tagged_ethereum,2022-01-08T14:14:22Z,200,0,,0.013088,0.081081,162228.0,0.190682,41,48,89,111,1.247191,2.089727,0.22,0.0,0,0,0.0,0.0
0x959522f6369e16a37904fc58def5f13e61dfdfcc,ethereum,0,other,labelled:entity,tagged_ethereum,2025-10-23T09:50:35Z,49,1,,0.53416,0.44,0.0,0.041667,4,4,24,25,1.041667,4.789138,0.326531,0.0,0,0,0.0,0.0
0x95eb8e2ad1912d8c35ecb2589f020fc343aa0475,ethereum,1,Bitget,explorer_tag,tagged_ethereum,2024-01-24T02:25:59Z,200,0,Bitget,0.890425,0.875,558.0,0.01252,7,5,112,88,0.785714,2.498136,0.03,0.034091,3,0,1.0,0.022727
0x96a0a57cbe13093c6f2b8b8a8a55df0d6423f133,ethereum,1,Bitget,explorer_tag,tagged_ethereum,2024-03-27T12:56:47Z,3,1,Bitget,0.995923,1.0,17056896.0,0.004077,1,1,1,2,2.0,,0.0,0.0,0,0,1.0,0.0
0x96fce337d325265ad86d2ba2b1635a337ba9b351,ethereum,1,Bilaxy,explorer_tag,tagged_ethereum,2023-10-12T17:16:11Z,8,1,Binance,1.0,1.0,2640.0,0.4,4,1,5,3,0.6,0.997739,0.25,0.666667,1,0,1.0,0.666667
0x9706b3284e82ddf241bea3df6dee7b63ed1f5c02,ethereum,1,Bitget,explorer_tag,tagged_ethereum,2024-03-17T06:41:35Z,31,1,Bitget,0.999715,1.0,324.0,0.117899,6,1,17,14,0.823529,1.303281,0.419355,0.0,0,0,1.0,0.0
0x9748d705e8a92b134fe4c2a58a5d0ca9bbde3fd4,ethereum,1,Bilaxy,explorer_tag,tagged_ethereum,2023-12-19T18:43:35Z,5,1,Binance,1.0,1.0,8633160.0,0.333333,1,1,3,2,0.666667,,0.0,0.0,0,0,1.0,0.0
0x97a14f6f4564060a5e576eaed5cda05a02803557,ethereum,1,Bitget,explorer_tag,tagged_ethereum,2024-09-12T09:16:35Z,3,1,Bitget,0.997091,1.0,9024618.0,0.002909,1,1,1,2,2.0,,0.0,0.0,0,0,1.0,0.0
0x97c8cccf75f6c4c184a99cef71a3a6f5262b7eb2,ethereum,0,other,labelled:entity,tagged_ethereum,2025-11-26T07:35:11Z,196,0,,0.005563,0.31068,0.0,0.17208,5,12,93,103,1.107527,3.305059,0.5,1.0,1,0,0.0,0.0
0x9833fb3a91fdf6d378d33d976c52fd9d7b6968bb,ethereum,0,Bilaxy,customer,tagged_ethereum,2026-01-21T14:52:35Z,66,0,,0.075427,0.088889,13938.0,0.494896,18,42,21,45,2.142857,4.135049,0.727273,0.666667,7,1,0.0,0.0
0x98542e321ed519f7b3b3f12e66759f8bc79a1555,ethereum,1,Bilaxy,explorer_tag,tagged_ethereum,2023-08-13T16:34:11Z,5,1,Binance,0.884615,1.0,1271778.0,0.349206,3,1,3,2,0.666667,,0.4,0.5,1,0,1.0,0.5
0x985dd28729322a70b11a1156689ccb5ac3cf2417,ethereum,1,Bitget,explorer_tag,tagged_ethereum,2024-05-01T09:35:47Z,10,1,Bitget,0.999933,1.0,696.0,0.200053,4,1,5,5,1.0,1.011973,0.0,0.0,0,0,1.0,0.0
0x986b2ce02b01199b517e2f5efb98b6df8fbc62a0,ethereum,0,Deribit,labelled:exchange,tagged_ethereum,2023-03-30T08:29:11Z,11,1,Deribit,0.999926,1.0,8986716.0,0.500218,7,1,8,3,0.375,0.042656,0.181818,0.333333,1,0,1.0,0.333333
0x9896cc7cec32ef2be06551446e6dc075fc3d7ca7,ethereum,0,Deribit,labelled:exchange,tagged_ethereum,2024-02-14T16:12:59Z,4,1,Deribit,0.999963,1.0,120.0,0.333358,2,1,3,1,0.333333,,0.0,0.0,0,0,1.0,0.0
0x98bd9c9837ac0ce9eac0b3dde34fac79835ba90d,ethereum,0,Bilaxy,customer,tagged_ethereum,2025-09-10T15:17:23Z,10,1,,0.75,0.5,24204.0,0.002175,4,4,4,6,1.5,0.99293,0.5,0.166667,1,1,0.0,0.0
0x98bfbac3a4fddf066cf6af8df920e9680f7b4904,ethereum,0,Bilaxy,customer,tagged_ethereum,2024-03-24T09:14:23Z,7,1,,0.006937,0.25,156.0,0.007156,3,4,3,4,1.333333,0.816978,0.0,0.0,0,1,0.0,0.0
0x98d2691d854d3718a75b9fcd679abf073a681274,ethereum,0,Bitget,customer,tagged_ethereum,2022-04-26T11:19:52Z,113,1,,0.575909,0.65,516864.0,0.291814,17,10,73,40,0.547945,3.026821,0.035398,0.025,2,1,0.0,0.0
0x990a4ed6e7e52b962fce73de2b57af1da25e555a,ethereum,0,Deribit,labelled:exchange,tagged_ethereum,2023-07-03T14:40:47Z,5,1,Deribit,0.999979,1.0,66.0,0.333347,3,1,3,2,0.666667,,0.0,0.0,0,0,1.0,0.0
0x9958c239545e920357f1aa8e6d488d1053421c0e,ethereum,0,Bitget,customer,tagged_ethereum,2024-05-30T21:02:47Z,11,1,Bitget,0.417142,0.5,1116.0,0.000123,4,4,5,6,1.2,1.906667,0.0,0.333333,1,1,0.0,0.333333
0x9975be5053a3635c673fa86e1ba9d22287026b70,ethereum,1,Bitget,explorer_tag,tagged_ethereum,2024-02-03T22:41:23Z,4,1,Bitget,0.997356,1.0,18526938.0,0.002644,1,1,2,2,1.0,,0.0,0.5,1,0,1.0,0.0
0x99a58482bd75cbab83b27ec03ca68ff489b5788f,ethereum,0,other,labelled:defi,tagged_ethereum,2022-12-14T07:03:47Z,196,0,,0.319374,0.1875,0.0,0.040048,55,49,100,96,0.96,1.740321,0.591837,0.0,0,0,0.0,0.0
0x99b091515df5ea4bf6040ed14da4402235e85cc6,ethereum,1,Bitget,explorer_tag,tagged_ethereum,2024-01-20T14:48:11Z,4,1,Bitget,0.999185,1.0,19149570.0,0.500407,2,1,2,2,1.0,,0.0,0.0,0,0,1.0,0.0
0x99c1e3787dc855c413fa22b84ca787c3d3996529,ethereum,0,Bilaxy,customer,tagged_ethereum,2023-03-17T08:25:35Z,5,1,,0.535335,0.75,58412142.0,0.225339,1,2,1,4,4.0,1.408078,0.0,0.0,0,0,0.0,0.0
0x99cf732d3231180b90fa5ede306b8822434473f8,ethereum,1,Bitget,explorer_tag,tagged_ethereum,2024-06-07T08:31:47Z,3,1,Bitget,0.998874,1.0,13229124.0,0.001126,1,1,1,2,2.0,,0.0,0.0,0,0,1.0,0.0
0x9a4e61beaf2f7a96bddd2bf8bcde06522c7be8ec,ethereum,0,Bilaxy,customer,tagged_ethereum,2024-03-24T10:06:59Z,8,1,,0.333333,0.2,192.0,0.0,3,5,3,5,1.666667,1.06037,0.0,0.4,1,0,0.0,0.0
0x9aef634c774e7cd3ae18b4ae7fea94d869e4adff,ethereum,0,Bitget,customer,tagged_ethereum,2024-10-01T09:45:59Z,5,1,,0.502618,0.333333,396.0,0.000347,2,3,2,3,1.5,0.999997,0.0,0.0,0,1,0.0,0.0
0x9b1da82ee4d269eeeb4977e092b9ad2d7970c096,ethereum,0,other,labelled:entity,tagged_ethereum,2020-12-17T09:27:07Z,7,1,,0.34054,0.5,305588.0,0.0,2,2,3,4,1.333333,1.116189,0.0,0.0,0,0,0.0,0.0
0x9b952219702fd3067a8244922325c18fd7f1b2a3,ethereum,1,Bilaxy,explorer_tag,tagged_ethereum,2024-01-30T17:05:59Z,3,1,,,,,1.0,2,0,3,0,0.0,,0.0,,0,,,
0x9ba3582f4fe2f382fd3e8f06078f4c4ae69dd31b,ethereum,1,Bitget,explorer_tag,tagged_ethereum,2024-02-19T15:20:23Z,3,1,Bitget,0.996207,1.0,17863356.0,0.003793,1,1,1,2,2.0,,0.0,0.0,0,0,1.0,0.0
0x9bb69b2b4ba70321d9da78970027f5caef28a2c7,ethereum,0,Bitget,customer,tagged_ethereum,2022-12-01T19:21:47Z,8,1,,0.660012,0.333333,27581430.0,0.403993,5,3,5,3,0.6,0.95214,0.375,0.0,0,1,0.0,0.0
0x9bd07671c421a9727bb9425957f94f48035408f9,ethereum,1,Bilaxy,explorer_tag,tagged_ethereum,2021-11-21T17:07:24Z,4,1,Binance,1.0,1.0,55599.0,0.666667,3,1,3,1,0.333333,,0.5,1.0,1,0,1.0,1.0
0x9bdca764bc8bd7429e5c32bca67968825bd4f4b4,ethereum,0,Bilaxy,customer,tagged_ethereum,2025-01-29T14:23:47Z,135,1,Binance,0.018102,0.37037,144840.0,0.472298,10,9,108,27,0.25,2.515698,0.0,0.111111,2,0,0.0,0.074074
0x9c20a1ef99781b73e3f9e0c8277b16529bb20eb0,ethereum,0,Bitget,customer,tagged_ethereum,2024-11-14T17:54:59Z,8,1,,0.223466,0.166667,892338.0,0.027629,2,6,2,6,3.0,0.898332,0.0,0.0,0,1,0.0,0.0
0x9c3d75b6c2d24c8aa0e0dadc9032194153709cc3,ethereum,0,Bilaxy,customer,tagged_ethereum,2023-06-14T20:12:59Z,191,0,,0.295045,0.155689,957960.0,0.228318,9,61,24,167,6.958333,3.022399,0.497382,0.011976,1,1,0.0,0.0
0x9c4b103e51c924560ce9fdd1b7756ba2432e9ba1,ethereum,1,Bilaxy,explorer_tag,tagged_ethereum,2025-08-11T13:03:47Z,4,1,Binance,1.0,1.0,31714212.0,0.666667,2,1,3,1,0.333333,,0.5,0.0,0,0,1.0,0.0
0x9c7373f4152d8743b544fa8ed1faf0a0e97a7b2c,ethereum,1,Bilaxy,explorer_tag,tagged_ethereum,2023-11-09T12:50:23Z,13,1,Binance,1.0,1.0,750.0,0.333333,5,1,9,4,0.444444,0.746276,0.461538,0.5,1,0,1.0,0.5
0x9c918cc9440fe3ed42e50b0227a3bbe40c8ffed7,ethereum,0,Bitget,customer,tagged_ethereum,2024-06-23T01:29:11Z,199,0,Bitget,0.141159,0.571429,588.0,0.162663,13,12,80,119,1.4875,3.24201,0.0,0.042017,1,0,0.0,0.042017
0x9d8eb0f7123c43d20f599cbe62a422c2a4a6a159,ethereum,0,Deribit,labelled:exchange,tagged_ethereum,2023-01-04T07:59:11Z,15,1,Deribit,0.999976,1.0,72.0,0.400015,7,1,10,5,0.5,1.532427,0.133333,0.0,0,0,1.0,0.0
0x9dcc45dfee21ef2ea7a2364d015973d2bde3a383,ethereum,1,Bilaxy,explorer_tag,tagged_ethereum,2023-07-06T10:22:59Z,2,1,,,,,1.0,2,0,2,0,0.0,,0.0,,0,,,
0x9dd102e0a831e842fb2bfe4fe2f37f39bf7a4c8e,ethereum,0,Bitget,customer,tagged_ethereum,2024-06-11T02:41:35Z,8,1,,0.333333,0.75,945540.0,0.25,3,2,4,4,1.0,1.412817,0.0,0.0,0,1,0.0,0.0
0x9de29c6c4b385ef34ef0dfcb151b1dcf45df93f9,ethereum,0,Bilaxy,customer,tagged_ethereum,2024-10-15T02:42:59Z,117,1,Binance,0.28022,0.393443,146982.0,0.251929,21,28,56,61,1.089286,3.565374,0.0,0.295082,5,0,0.0,0.295082
0x9de29f5cd3a03a3ca897e68f052ffc5c70a8bdc3,ethereum,0,Bilaxy,customer,tagged_ethereum,2024-02-19T21:31:47Z,11,1,,0.0,0.25,2046.0,0.326667,2,7,3,8,2.666667,1.193244,0.0,0.0,0,0,0.0,0.0
0x9de46309001941d673e4a04e538509d97cccf34f,ethereum,0,Bilaxy,customer,tagged_ethereum,2024-03-27T05:40:11Z,28,1,,0.080333,0.2,23268.0,0.11022,2,14,3,25,8.333333,2.754291,0.0,0.2,2,0,0.0,0.0
0x9defaedc664d1debc9adb9febe3a6a83dd8383b9,ethereum,1,Bilaxy,explorer_tag,tagged_ethereum,2023-12-28T10:26:11Z,38,1,Binance,0.538462,0.583333,732.0,0.461643,15,2,26,12,0.461538,1.934682,0.684211,0.083333,1,0,0.416667,0.083333
0x9e17efc06841d12ba763098f27de76f39bae13c9,ethereum,1,Bitget,explorer_tag,tagged_ethereum,2024-06-13T21:09:35Z,200,0,Bitget,0.898034,0.803279,35616.0,0.040563,16,4,139,61,0.438849,1.149208,0.435,0.131148,5,0,1.0,0.032787
0x9e49884db0fc754f18613c6baaf9ea0942810608,ethereum,1,Bitget,explorer_tag,tagged_ethereum,2023-10-09T07:32:35Z,6,1,Bitget,0.999403,1.0,28382466.0,0.750149,3,1,4,2,0.5,,0.0,0.0,0,0,1.0,0.0
0x9e9c66afbae7c4406167d3097e599bce241b8f95,ethereum,0,Bitget,customer,tagged_ethereum,2022-05-01T16:48:58Z,10,1,,0.333239,0.666667,6722376.0,0.428801,7,2,7,3,0.428571,0.920968,0.0,0.333333,1,1,0.0,0.0
0x9ec29f4dd9c5d7a077bece3e0548f557fd2d71b9,ethereum,0,Deribit,labelled:exchange,tagged_ethereum,2023-01-30T07:23:35Z,6,1,Deribit,0.999981,1.0,516.0,0.000375,3,1,4,2,0.5,,0.333333,1.0,2,0,1.0,1.0
0x9f8d68bea543dcdefc590da2ab2dad64d952c8d7,ethereum,1,Bitget,explorer_tag,tagged_ethereum,2024-06-02T12:21:47Z,4,1,Bitget,0.997306,1.0,13690260.0,0.002694,1,1,2,2,1.0,,0.0,0.0,0,0,1.0,0.0
0x9f9961e567a722be8d7b882cfaca83f158d8646f,ethereum,1,Bilaxy,explorer_tag,tagged_ethereum,2023-11-15T16:45:59Z,2,1,,,,,1.0,2,0,2,0,0.0,,0.0,,0,,,
0x9fc9b27fab732bb76858a4dc71609cd150be5e5b,ethereum,1,Bilaxy,explorer_tag,tagged_ethereum,2023-08-19T03:08:11Z,5,1,,,,,1.0,2,0,5,0,0.0,,0.2,,0,,,
0x9fe581169327746922d6445ee1288c7c01dfc73f,ethereum,0,Bitget,customer,tagged_ethereum,2023-12-20T14:56:35Z,170,0,Bitget,0.0,0.284314,194340.0,0.707959,34,16,68,102,1.5,4.304307,0.041176,0.294118,5,0,0.0,0.039216
0x9ff47dc2b8187ac770b473ed1dfd4920bd248db5,ethereum,0,Deribit,labelled:exchange,tagged_ethereum,2022-12-15T11:29:35Z,61,1,Deribit,0.999905,1.0,72.0,0.062589,10,1,32,29,0.90625,1.980719,0.0,0.0,0,0,1.0,0.0
0xa00ed88e362df6a6c045e9554629172fd3c7bf4a,ethereum,0,Bitget,customer,tagged_ethereum,2024-03-01T17:47:59Z,200,0,,0.253783,0.376812,44100.0,0.001402,37,37,62,138,2.225806,1.868816,0.06,0.086957,9,1,0.0,0.0
0xa04197e5f7971e7aef78cf5ad2bc65aac1a967aa,ethereum,0,other,labelled:entity,tagged_ethereum,2020-08-17T07:14:23Z,89,1,,0.072451,0.114286,300599.0,0.112346,38,26,54,35,0.648148,1.68934,0.0,0.0,0,0,0.0,0.0
0xa04391454e3255b011e7a3c82e86ad3fccd480f4,ethereum,1,Bilaxy,explorer_tag,tagged_ethereum,2023-07-11T03:44:35Z,6,1,Binance,1.0,1.0,14634306.0,0.5,1,1,4,2,0.5,,0.0,0.5,1,0,1.0,0.0
0xa08a59eba502a7c0b78662e36de1c69f9ad5dd93,ethereum,1,Bilaxy,explorer_tag,tagged_ethereum,2024-04-29T12:25:59Z,2,1,,,,,1.0,2,0,2,0,0.0,,0.0,,0,,,
0xa0969e32df5a09f7a8a5e47b90f421318ddcbe24,ethereum,0,Bilaxy,customer,tagged_ethereum,2024-04-12T04:43:47Z,1,1,,,1.0,,,0,1,0,1,,,0.0,0.0,0,1,0.0,0.0
0xa0cedf5ae3dacc2f0adeb432457535f33bbef26d,ethereum,0,other,labelled:entity,tagged_ethereum,2025-11-21T12:06:23Z,3,1,,,,,1.0,1,0,3,0,0.0,,0.0,,0,,,
0xa0f0d1124ce76e2c842894d4d28a09c2610e0199,ethereum,0,Deribit,labelled:exchange,tagged_ethereum,2025-01-28T09:49:35Z,6,1,Deribit,0.999956,1.0,66.0,0.500022,4,1,4,2,0.5,,0.166667,0.0,0,0,1.0,0.0
0xa0fd4945e2560390f019e9b7e88a4b3ca341fb90,ethereum,0,Bilaxy,customer,tagged_ethereum,2024-07-21T22:04:59Z,5,1,,0.283287,0.333333,11100.0,0.216713,2,3,2,3,1.5,0.999626,0.6,0.333333,1,0,0.0,0.0
0xa1021fc0b0ca4b5ef7ac6ae17c92d7843711be60,ethereum,1,Bilaxy,explorer_tag,tagged_ethereum,2023-05-05T16:34:47Z,198,0,Binance,1.0,1.0,355056.0,0.092209,18,1,139,59,0.42446,0.897344,0.944444,0.050847,1,0,1.0,0.050847
0xa10ab7647632b225ec09ef57d016a6380e677ce2,ethereum,0,Bitget,customer,tagged_ethereum,2024-02-08T11:22:35Z,16,1,,0.842366,0.5,2794104.0,0.857851,13,2,14,2,0.142857,,0.0,0.0,0,1,0.0,0.0
0xa152f8bb749c55e9943a3a0a3111d18ee2b3f94e,ethereum,0,KuCoin,labelled:exchange,tagged_ethereum,2021-12-02T09:48:04Z,200,0,,,,,1.0,17,0,200,0,0.0,,0.0,,0,,,
0xa1b6bdc7b085a13c16400c59814a18e27374b62a,ethereum,1,Bitget,explorer_tag,tagged_ethereum,2024-03-06T08:04:23Z,87,1,Bitget,0.999333,1.0,996.0,0.00081,12,1,45,42,0.933333,1.805792,0.068966,0.047619,3,0,1.0,0.0
0xa22668568becf98c08f9b190da43c3c48660bdb5,ethereum,0,other,labelled:entity,tagged_ethereum,2020-09-28T11:06:37Z,182,0,,0.005141,0.108696,3549.5,0.069232,48,52,90,92,1.022222,3.736592,0.076923,0.163043,6,0,0.0,0.0
0xa2440dc6402efbf9ce5292dabd6a8fb989d53634,ethereum,1,Bilaxy,explorer_tag,tagged_ethereum,2024-09-06T18:40:11Z,2,1,,,,,1.0,2,0,2,0,0.0,,0.0,,0,,,
0xa24ab070bf757f9c192fcffc18535415c0aa0ce4,ethereum,1,Bilaxy,explorer_tag,tagged_ethereum,2022-02-03T21:17:52Z,2,1,Binance,1.0,1.0,348156.0,0.0,1,1,1,1,1.0,,0.0,0.0,0,0,1.0,0.0
0xa254dacd2b254d0ce7d95321bea4de7c4202df81,ethereum,1,Bitget,explorer_tag,tagged_ethereum,2024-03-11T23:16:47Z,31,1,Bitget,0.466667,0.466667,990.0,0.063041,5,3,16,15,0.9375,1.521251,0.0,0.066667,1,0,1.0,0.066667
0xa26221386dcf511c0d4bec2c333b4bfc4226e42f,ethereum,0,Deribit,labelled:exchange,tagged_ethereum,2023-01-12T10:30:35Z,2,1,Deribit,0.999551,1.0,60.0,0.000449,1,1,1,1,1.0,,0.0,0.0,0,0,1.0,0.0
0xa2630fc0233940779f25dfdcff3abbdc85682a4c,ethereum,0,other,labelled:entity,tagged_ethereum,2018-07-23T07:17:25Z,200,0,,0.251884,1.0,4931.0,0.7486,3,1,101,99,0.980198,1.360515,0.0,0.0,0,0,0.0,0.0
0xa28a9f5aee0f4f1ee85e55df74085f177229bf68,ethereum,0,Bitget,customer,tagged_ethereum,2024-10-08T06:01:11Z,71,1,Bitget,0.314414,0.444444,13044.0,0.171555,12,13,35,36,1.028571,2.035172,0.0,0.138889,1,0,0.0,0.138889
0xa2c7ba298b2c0e1ced67158e75da5f0f24a22efa,ethereum,1,Bitget,explorer_tag,tagged_ethereum,2024-03-13T18:51:47Z,52,1,Bitget,0.883796,0.88,408.0,0.037826,6,3,27,25,0.925926,1.989584,0.153846,0.08,1,0,1.0,0.08
0xa2f7eef740915f55a9dbd6b6ef9d27d5fe62d0ce,ethereum,0,Deribit,labelled:exchange,tagged_ethereum,2022-12-05T12:30:23Z,21,1,Deribit,0.99993,1.0,60.0,0.166725,5,1,12,9,0.75,1.098091,0.0,0.0,0,0,1.0,0.0
0xa31227af5d559ca10af81d65d2832b6618cae36c,ethereum,1,Bitget,explorer_tag,tagged_ethereum,2024-07-05T16:43:59Z,13,1,Bitget,0.99931,1.0,48900.0,0.143448,4,1,7,6,0.857143,1.285132,0.0,0.0,0,0,1.0,0.0
0xa31bd8321ecd53416611f0056dd04ed223688070,ethereum,0,Bitget,customer,tagged_ethereum,2024-02-07T05:31:35Z,8,1,,0.007574,0.5,72.0,0.00109,1,3,4,4,1.0,1.231615,0.0,0.75,1,1,0.0,0.0
0xa33173c6e4d0ed0ab7f572f834ea0c7b8404be6c,ethereum,1,Bitget,explorer_tag,tagged_ethereum,2024-09-05T04:43:11Z,6,1,Bitget,0.999975,1.0,9214524.0,0.250019,3,1,4,2,0.5,,0.0,0.0,0,0,1.0,0.0
0xa33f004985f9501eec160301ad555b87dd90cef5,ethereum,1,Bitget,explorer_tag,tagged_ethereum,2024-01-17T22:58:23Z,21,1,Bitget,0.916407,0.875,726.0,0.077162,10,2,13,8,0.615385,0.800566,0.333333,0.375,3,0,1.0,0.125
0xa341602449e93941964b5b4a92648a2258f06055,ethereum,1,Bitget,explorer_tag,tagged_ethereum,2024-05-15T20:15:11Z,5,1,Bitget,0.998052,1.0,13292586.0,0.001948,3,1,3,2,0.666667,,0.0,0.0,0,0,1.0,0.0
0xa347e312fa6051389d2ae6e9b8e04e350e4d1cea,ethereum,0,Bitget,customer,tagged_ethereum,2024-01-22T02:09:23Z,5,1,,0.0,0.333333,86634.0,0.5,2,3,2,3,1.5,0.995846,0.0,0.0,0,0,0.0,0.0
0xa3fc1206534b1fe15dea34f2e3910a4a731497c9,ethereum,0,Bitget,customer,tagged_ethereum,2023-07-27T21:46:11Z,4,1,,0.999824,1.0,40931646.0,0.333451,3,1,3,1,0.333333,,0.0,0.0,0,0,0.0,0.0
0xa4003e3783d1aa123e2ab85913bc1c63e10d2899,ethereum,1,Bitget,explorer_tag,tagged_ethereum,2024-12-02T10:28:59Z,3,1,Bitget,0.996647,1.0,5532108.0,0.003353,1,1,1,2,2.0,,0.0,0.0,0,0,1.0,0.0
0xa4346478f3a516f1be81bce01d990baeff36e834,ethereum,1,Bitget,explorer_tag,tagged_ethereum,2024-07-20T03:39:11Z,3,1,Bitget,0.997673,1.0,11374200.0,0.002327,1,1,1,2,2.0,,0.0,0.0,0,0,1.0,0.0
0xa448504667737b4603e7ce9a866f7da88688c9ae,ethereum,1,Bilaxy,explorer_tag,tagged_ethereum,2025-10-19T23:29:11Z,2,1,,,,,1.0,1,0,2,0,0.0,,0.0,,0,,,
0xa45aa11ea4fc65f805c7e2e93efb91840f01bfaf,ethereum,1,Bitget,explorer_tag,tagged_ethereum,2024-04-06T22:06:35Z,78,1,Bitget,0.999428,1.0,353652.0,0.020969,14,1,49,29,0.591837,1.742657,0.166667,0.137931,3,0,1.0,0.034483
0xa4cec37785b4fb9d57cb830eb7c3feada593a09e,ethereum,0,Bitget,customer,tagged_ethereum,2024-01-20T14:52:23Z,193,0,Binance,0.254874,0.196262,26118.0,0.216665,23,34,86,107,1.244186,2.826526,0.331606,0.224299,7,0,0.0,0.140187
0xa52afe29cd7df201897ab1f50553da0d45bc1c8b,ethereum,0,Bilaxy,customer,tagged_ethereum,2023-01-04T21:33:11Z,112,1,,0.042195,0.273684,327588.0,0.001238,8,29,17,95,5.588235,1.598407,0.0,0.0,0,1,0.0,0.0
0xa5b9cf24d174f328f9333d3b0fb422b8aaf849ed,ethereum,1,Bilaxy,explorer_tag,tagged_ethereum,2024-03-26T19:52:11Z,1,1,,,,,1.0,1,0,1,0,0.0,,0.0,,0,,,
0xa5d2bf1d5a9c7eb835d85aa8a612fb248523202e,ethereum,0,Bilaxy,customer,tagged_ethereum,2022-07-26T16:54:23Z,195,0,,0.298707,0.089385,6912.0,0.078161,4,26,16,179,11.1875,3.206551,0.0,0.011173,2,1,0.0,0.0
0xa5def57b118c40c526e9022627b8c3c0d8486e25,ethereum,1,Bilaxy,explorer_tag,tagged_ethereum,2023-12-28T01:45:23Z,1,1,,,,,1.0,1,0,1,0,0.0,,0.0,,0,,,
0xa5ec082d5e0fa5adf67b2fa63fd0b269a01c8ce5,ethereum,1,Bitget,explorer_tag,tagged_ethereum,2024-03-10T13:25:59Z,13,1,Bitget,0.570815,0.6,864.0,0.125537,4,2,8,5,0.625,1.676974,0.0,0.6,2,0,1.0,0.6
0xa5f88e961bab4b52e5397629d220382fa922adf7,ethereum,0,Bilaxy,customer,tagged_ethereum,2023-10-06T09:59:59Z,2,1,,0.995084,1.0,288.0,0.004916,1,1,1,1,1.0,,0.0,1.0,1,0,0.0,0.0
0xa60b58f232b716dcad497d1bf5e1c8ef48429d05,ethereum,1,Bitget,explorer_tag,tagged_ethereum,2024-04-05T15:34:35Z,147,1,Bitget,0.915402,0.909091,324.0,0.123537,10,2,81,66,0.814815,1.324451,0.455782,0.045455,3,0,1.0,0.015152
0xa65257dafa1fe8e531cfb9f0f9c0cd0eeee1828e,ethereum,1,Bitget,explorer_tag,tagged_ethereum,2023-12-23T05:40:11Z,5,1,Bitget,0.370478,0.666667,17667540.0,0.000527,1,2,2,3,1.5,0.73356,0.0,0.0,0,0,1.0,0.0
0xa66e824eb3f8f8779d6a0bbb48e73bf0cc1841dd,ethereum,0,Bilaxy,customer,tagged_ethereum,2022-03-05T09:15:15Z,29,1,,0.44025,0.222222,1289640.0,0.092234,7,9,11,18,1.636364,1.557198,0.655172,0.0,0,1,0.0,0.0
0xa69c92232abd38974c28d56de372a2b4d98859a3,ethereum,0,Bitget,customer,tagged_ethereum,2024-09-10T14:12:59Z,21,1,Bitget,0.199625,0.181818,3228.0,0.18937,7,9,10,11,1.1,2.583261,0.0,0.363636,1,0,0.0,0.363636
0xa6ce523e89c6e42e31cdae36e4958da868d62f41,ethereum,1,Bitget,explorer_tag,tagged_ethereum,2024-03-22T14:51:23Z,6,1,Bitget,0.664672,0.666667,948.0,0.001995,3,2,3,3,1.0,0.985971,0.0,0.333333,1,0,1.0,0.333333
0xa6fbf1979939bdfcfd1cf54fdeecc81d17c7ed15,ethereum,1,Bilaxy,explorer_tag,tagged_ethereum,2023-01-25T12:07:59Z,25,1,Binance,1.0,1.0,972.0,0.2,5,1,15,10,0.666667,1.042107,0.88,0.2,1,0,1.0,0.2
0xa7158b4a00574d32625d636731427ddf89db8316,ethereum,1,Bilaxy,explorer_tag,tagged_ethereum,2024-06-28T20:10:59Z,7,1,,1.0,1.0,32113104.0,0.833333,4,1,6,1,0.166667,,0.0,0.0,0,0,0.0,0.0
0xa74395832277b695105fdf4f0540e1c8c7e527b5,ethereum,0,Bilaxy,customer,tagged_ethereum,2022-10-05T20:57:47Z,28,1,,0.11588,0.277778,1050732.0,0.000278,8,12,10,18,1.8,1.031697,0.0,0.111111,2,0,0.0,0.0
0xa76ab89778bb5540db02e1a1e3ed0761d2e7d4da,ethereum,1,Bitget,explorer_tag,tagged_ethereum,2024-08-26T04:55:11Z,11,1,Bitget,0.997525,1.0,300.0,0.002475,4,1,6,5,0.833333,1.451428,0.545455,0.0,0,0,1.0,0.0
0xa777460766c4c4c39bd8559b0afc16fcb7c59de0,ethereum,0,other,labelled:defi,tagged_ethereum,2021-06-18T03:58:22Z,68,1,,0.453349,0.612903,28700.5,0.006533,2,3,37,31,0.837838,4.463254,0.470588,0.0,0,0,0.0,0.0
0xa840a2e4f293ac9cd6e0f16668dc906f7dd2358b,ethereum,0,Bilaxy,customer,tagged_ethereum,2021-09-05T08:42:07Z,9,1,,0.50996,0.5,2721680.0,0.024967,3,4,3,6,2.0,1.190391,0.0,0.0,0,1,0.0,0.0
0xa84dcd9251bfef490697633192ebbd24c45b18ab,ethereum,0,Bilaxy,customer,tagged_ethereum,2024-02-22T05:31:59Z,42,1,,0.184452,0.315789,240.0,0.053626,13,8,23,19,0.826087,2.15122,0.285714,0.210526,1,0,0.0,0.0
0xa861678bee80035114b47615142e9302139a8c32,ethereum,0,Kraken,labelled:exchange,tagged_ethereum,2022-03-23T10:34:40Z,200,0,Binance,0.098801,0.153846,112488.0,0.171424,60,26,135,65,0.481481,2.457565,0.0,0.0,0,1,0.030769,0.0
0xa8ca8d9cefd49b5e50abb0f83dee90c294a530b6,ethereum,1,Bitget,explorer_tag,tagged_ethereum,2024-01-20T15:04:59Z,4,1,Bitget,0.999208,1.0,19149384.0,0.500396,2,1,2,2,1.0,,0.0,0.0,0,0,1.0,0.0
0xa8d9f961402c2f9c8695af339a886b338385af40,ethereum,1,Bitget,explorer_tag,tagged_ethereum,2024-04-15T11:31:35Z,3,1,Bitget,0.998959,1.0,16235922.0,0.001041,1,1,1,2,2.0,,0.0,0.0,0,0,1.0,0.0
0xa8ee1df5d44b128469e913569ef6ac81eeda4fc8,ethereum,0,other,labelled:entity,tagged_ethereum,2015-07-30T15:26:13Z,16,1,,0.999995,1.0,62079165.0,0.571431,6,1,7,9,1.285714,2.591636,0.0,0.111111,1,0,0.0,0.0
0xa934a9cd13382bea5821f7a7b1bc03185846bb3d,ethereum,0,Bilaxy,customer,tagged_ethereum,2025-11-02T16:51:35Z,5,1,,0.097669,0.666667,85032.0,0.402331,1,2,2,3,1.5,0.472992,0.0,0.0,0,1,0.0,0.0
0xa9bcbd5065cbceb17b5c2fbf6bba290daffc238d,ethereum,0,Bilaxy,customer,tagged_ethereum,2022-12-06T02:25:47Z,24,1,KuCoin,0.051794,0.166667,135588.0,0.278011,3,15,6,18,3.0,1.80856,0.041667,0.055556,1,0,0.0,0.055556
0xa9dab068b3b05cd9c6127579941a889d9c16ab51,ethereum,0,Bitget,customer,tagged_ethereum,2023-11-03T07:15:11Z,16,1,,0.005852,0.222222,19104.0,0.143421,6,7,7,9,1.285714,1.422095,0.0,0.0,0,1,0.0,0.0
0xaa0605898d431ce73beb44717c190489228483b6,ethereum,1,Bilaxy,explorer_tag,tagged_ethereum,2024-03-15T20:26:11Z,5,1,Binance,1.0,1.0,2436.0,0.75,4,1,4,1,0.25,,0.4,1.0,1,0,1.0,1.0
0xaa1a89aa5491795f7546ac6f615f3cd188c92a48,ethereum,1,Bitget,explorer_tag,tagged_ethereum,2024-01-23T15:02:47Z,15,1,Bitget,0.996943,1.0,348.0,0.003057,4,1,8,7,0.875,1.268031,0.533333,0.285714,1,0,1.0,0.285714
0xaa8ba7d4611437141192e7ceced531bc0a133efb,ethereum,0,Bilaxy,customer,tagged_ethereum,2025-09-11T04:11:23Z,190,0,Revolut,0.0,0.038217,408.0,0.954051,18,123,33,157,4.757576,1.264218,0.442105,0.0,0,0,0.006369,0.0
0xab098633eeee0ccefdf632f9575456f6dd80fc86,ethereum,0,other,labelled:entity,tagged_ethereum,2015-07-30T15:26:13Z,15,1,,0.999995,1.0,31190629.0,0.928572,12,1,14,1,0.071429,,0.0,0.0,0,0,0.0,0.0
0xab13b2e5d618e111b6815203e7a1882aa4bd3eae,ethereum,1,Bilaxy,explorer_tag,tagged_ethereum,2024-07-23T19:31:23Z,65,1,Binance,1.0,1.0,106050.0,0.155556,10,1,45,20,0.444444,1.899779,0.892308,0.05,1,0,1.0,0.05
0xab2693da9c4308a910b1a049e71454cae67410ba,ethereum,0,Deribit,labelled:exchange,tagged_ethereum,2023-10-02T15:17:11Z,10,1,Deribit,0.999567,1.0,72.0,0.333622,2,1,6,4,0.666667,0.991676,0.0,0.0,0,0,1.0,0.0
0xab4f09db67963354a0791318734d18719cf081ff,ethereum,1,Bitget,explorer_tag,tagged_ethereum,2024-04-16T09:24:23Z,197,1,Bitget,0.999923,1.0,360.0,0.084183,61,1,107,90,0.841121,1.854098,0.010152,0.233333,14,0,1.0,0.044444
0xab8d02b80dbff992c1e18b51ba292f5549bb1d50,ethereum,1,Bitget,explorer_tag,tagged_ethereum,2024-06-05T14:37:35Z,58,1,Bitget,0.708651,0.692308,366.0,0.032244,6,3,32,26,0.8125,2.149073,0.465517,0.076923,2,0,1.0,0.038462
0xabaf76b11dcf2cb19ceb8262e81c94d659083bc4,ethereum,0,Bilaxy,customer,tagged_ethereum,2022-09-26T07:26:11Z,31,1,,0.155087,0.157895,931842.0,0.0,8,15,12,19,1.583333,1.152252,0.0,0.105263,2,0,0.0,0.0
0xabc86ffb149bb2075691d9ae348d4ccc38924e78,ethereum,1,Bilaxy,explorer_tag,tagged_ethereum,2023-07-20T20:14:47Z,15,1,Binance,0.954286,1.0,684.0,0.513084,5,1,11,4,0.363636,1.027657,0.0,0.0,0,0,1.0,0.0
0xabd8e2f213420b05e89851734493cc3651fb61d7,ethereum,0,Bitget,customer,tagged_ethereum,2024-01-12T20:49:47Z,37,1,Bitget,0.073421,0.454545,1029684.0,0.505947,15,12,15,22,1.466667,2.688916,0.0,0.090909,2,0,0.0,0.045455
0xabeac422c306e84271d0aa3b0aa18eda8791a1eb,ethereum,0,Bitget,customer,tagged_ethereum,2024-09-20T14:40:47Z,177,1,,0.057692,0.620253,23094.0,0.469388,69,29,98,79,0.806122,6.863451,0.0,0.0,0,0,0.0,0.0
0xaca0dfa3adde24d6546680c999aadab7bf66a558,ethereum,0,Bilaxy,customer,tagged_ethereum,2023-07-04T17:20:59Z,158,0,,0.266916,0.101562,186534.0,0.329777,11,59,30,128,4.266667,3.353719,0.493671,0.03125,1,0,0.0,0.0
0xacf5530525988e3449f6ba653a849565bc88d224,ethereum,1,Bitget,explorer_tag,tagged_ethereum,2024-03-29T05:21:59Z,5,1,Bitget,0.998952,1.0,16981908.0,0.001048,2,1,2,3,1.5,0.999968,0.0,0.0,0,0,1.0,0.0
0xad15ca7331e9ea5dd67d371e97dc88a8aae429a0,ethereum,1,Bitget,explorer_tag,tagged_ethereum,2024-08-05T00:59:35Z,31,1,Bitget,0.866387,0.866667,372.0,0.062762,6,3,16,15,0.9375,1.288683,0.387097,0.2,2,0,1.0,0.0
0xad192787b9351edb3babac81545753b7d45eea40,ethereum,1,Bilaxy,explorer_tag,tagged_ethereum,2023-10-20T22:20:11Z,12,1,Binance,1.0,0.75,4260.0,0.625,5,2,8,4,0.5,0.929786,0.166667,0.5,1,0,0.75,0.5
0xad743963f16676acbee18e967efdd287587b72c7,ethereum,0,other,labelled:entity,tagged_ethereum,2023-04-11T22:14:11Z,200,0,,0.0,0.169231,2408346.0,0.142857,30,25,70,130,1.857143,5.822233,0.015,0.123077,3,0,0.0,0.0
0xae2ff65fbba8b87e9dfa109d75c8c6693110c925,ethereum,0,Bilaxy,customer,tagged_ethereum,2021-02-23T02:22:57Z,183,1,Binance,0.087445,0.211268,498426.0,0.199108,22,37,41,142,3.463415,5.492697,0.420765,0.232394,9,1,0.0,0.204225
0xae4f60915bf5ba62036f9b3559a3634e7fec1330,ethereum,0,Bitget,customer,tagged_ethereum,2023-12-22T13:24:11Z,71,1,,0.192799,0.137931,7692060.0,0.047668,15,17,42,29,0.690476,2.569848,0.0,0.137931,3,0,0.0,0.0
0xae57cc129a96a89981dac60d2ffb877d5dc5e432,ethereum,0,other,labelled:entity,tagged_ethereum,2015-07-30T15:26:13Z,46,1,,0.090904,0.75,88109710.0,0.941176,28,4,34,12,0.352941,2.844138,0.0,0.0,0,0,0.0,0.0
0xae7bad934e40d58e7cb425e84b696bebd248a1f3,ethereum,0,Bilaxy,customer,tagged_ethereum,2024-03-24T12:22:11Z,6,1,,0.286711,0.333333,5069520.0,0.0,2,3,3,3,1.0,0.263031,0.0,0.666667,2,1,0.0,0.0
0xae868bbd2081238dd4c15bec2a595e4b9cf8e7d6,ethereum,1,Bilaxy,explorer_tag,tagged_ethereum,2024-03-04T02:30:59Z,2,1,,,,,1.0,1,0,2,0,0.0,,0.0,,0,,,
0xaebcd3f5a2d7b36a646b3a2a064c57fe191dcc5f,ethereum,0,Deribit,labelled:exchange,tagged_ethereum,2023-02-23T15:24:35Z,10,1,Deribit,0.999534,1.0,198.0,0.147609,5,1,7,3,0.428571,0.319776,0.4,0.333333,1,0,1.0,0.333333
0xaeec34a1c047304c76986f8301cadcd0336404c0,ethereum,1,Bilaxy,explorer_tag,tagged_ethereum,2021-04-26T09:20:14Z,2,1,Binance,1.0,1.0,21957204.0,0.0,1,1,1,1,1.0,,1.0,0.0,0,0,1.0,0.0
0xaef37c54241c8824d1b58573da9837a19f137740,ethereum,0,Bitget,customer,tagged_ethereum,2023-06-28T04:46:23Z,8,1,OKX,0.992165,0.333333,100104.0,0.002545,1,5,2,6,3.0,1.432576,0.0,0.333333,1,0,0.0,0.333333
0xaf6315903ac4dde6de323d09ccbef7a8ae85f877,ethereum,0,other,labelled:entity,tagged_ethereum,2021-12-18T08:43:52Z,31,1,,0.562719,0.5,45574.0,0.002244,3,7,17,14,0.823529,0.68255,0.064516,0.0,0,1,0.0,0.0
0xaf64515a78d8fdb374a8a049de0ae09612fb9ad3,ethereum,0,Bitget,customer,tagged_ethereum,2024-08-16T17:02:11Z,2,1,,0.999661,1.0,107160.0,0.000339,1,1,1,1,1.0,,0.0,0.0,0,1,0.0,0.0
0xaf89fa246dec2138e2f0903c40215425b91da89c,ethereum,1,Bilaxy,explorer_tag,tagged_ethereum,2025-01-02T13:07:59Z,5,1,Binance,1.0,1.0,360.0,0.75,3,1,4,1,0.25,,0.0,0.0,0,0,1.0,0.0
0xafc3ee41b72543d249f744fef05e78ee8d52c180,ethereum,0,Deribit,labelled:exchange,tagged_ethereum,2023-07-17T20:18:35Z,13,1,Deribit,0.999997,1.0,498.0,0.500001,4,1,6,7,1.166667,1.766097,0.0,0.142857,1,0,1.0,0.0
0xafe08b5eed5af03f688698fc67be25ef50a6b4d3,ethereum,0,Bitget,customer,tagged_ethereum,2024-01-19T07:25:23Z,5,1,,0.0,0.333333,57366.0,0.5,2,3,2,3,1.5,0.997221,0.0,0.0,0,0,0.0,0.0
0xb01f503eccd9a30b7e8b46d7eb54a4edccfab045,ethereum,1,Bilaxy,explorer_tag,tagged_ethereum,2024-10-19T03:34:47Z,6,1,Binance,0.5,0.5,1926.0,0.5,2,2,4,2,0.5,,0.333333,0.5,1,0,0.5,0.5
0xb09e2b77168da98fa362fded27aada1f2ae702d0,ethereum,0,Deribit,labelled:exchange,tagged_ethereum,2023-03-11T04:16:23Z,14,1,Deribit,0.999997,0.8,60.0,0.333336,4,2,9,5,0.555556,1.003493,0.357143,0.4,1,0,0.8,0.4
0xb0ae7cd24e2b405af51897b0f05cdfff8147103c,ethereum,1,Bitget,explorer_tag,tagged_ethereum,2024-04-05T07:42:47Z,3,1,Bitget,0.998876,1.0,16674894.0,0.001124,1,1,1,2,2.0,,0.0,0.0,0,0,1.0,0.0
0xb0bc1e3b18ef884c448dae0d1a6bea9a3d84d23d,ethereum,1,Bilaxy,explorer_tag,tagged_ethereum,2025-05-12T17:54:11Z,3,1,Binance,1.0,1.0,27258876.0,0.5,1,1,2,1,0.5,,0.666667,0.0,0,0,1.0,0.0
0xb0c60084b9a7472d8d809753d33e1eb44215c563,ethereum,0,Bitget,customer,tagged_ethereum,2026-05-07T14:13:59Z,9,1,,0.333333,0.25,624.0,0.2,5,4,5,4,0.8,1.412198,0.0,0.0,0,1,0.0,0.0
0xb0ed7ef727331bca6bf45e5598dae6c8f164d9bc,ethereum,0,other,labelled:entity,tagged_ethereum,2020-09-01T04:37:09Z,200,0,Crypto.Com,0.265145,0.287234,191065.0,0.145217,36,38,106,94,0.886792,2.157115,0.01,0.191489,4,0,0.010638,0.180851
0xb0fd5f31f12788c41e3b80937e53dbaf6c389931,ethereum,0,Bitget,customer,tagged_ethereum,2023-08-24T08:19:35Z,17,1,OKX,0.413035,0.181818,9438.0,0.166667,5,7,6,11,1.833333,1.756371,0.0,0.181818,1,0,0.0,0.181818
0xb135b31665bd67c4497f6eb3d5964e8897e5feb7,ethereum,0,other,labelled:defi,tagged_ethereum,2020-08-02T07:41:47Z,200,0,,0.340339,0.3,0.0,0.290095,19,17,130,70,0.538462,3.667506,0.0,0.0,0,0,0.0,0.0
0xb16d01cae84d9528093953a2ace5fbf3c755be72,ethereum,0,Bilaxy,customer,tagged_ethereum,2026-05-21T11:29:23Z,1,1,,,1.0,,,0,1,0,1,,,0.0,0.0,0,1,0.0,0.0
0xb20cb55edf81bacfd271f5468e7fc56a3ea4510b,ethereum,0,other,labelled:entity,tagged_ethereum,2025-08-30T10:26:23Z,4,1,,,,,1.0,4,0,4,0,0.0,,0.0,,0,,,
0xb232ba3997b50de20caf149836f3458db891edd7,ethereum,1,Bitget,explorer_tag,tagged_ethereum,2024-06-12T21:48:11Z,3,1,Bitget,0.998437,1.0,12988488.0,0.001563,1,1,1,2,2.0,,0.0,0.0,0,0,1.0,0.0
0xb25479a1be69a5ea4bfec0bb8cbb30bf82c5a02f,ethereum,0,Deribit,labelled:exchange,tagged_ethereum,2025-11-03T01:25:35Z,5,1,Deribit,0.999999,1.0,72.0,0.333334,3,1,3,2,0.666667,,0.0,0.0,0,0,1.0,0.0
0xb2eb0dc37f42f6cb7bf0567aa6e8578f43fd334d,ethereum,1,Bitget,explorer_tag,tagged_ethereum,2024-10-20T08:58:47Z,6,1,Bitget,0.999276,1.0,408.0,0.000724,2,1,3,3,1.0,0.825823,0.0,0.333333,1,0,1.0,0.333333
0xb353734fb6da186facba2785ae0132ca86c6215c,ethereum,0,Deribit,labelled:exchange,tagged_ethereum,2022-11-04T18:25:59Z,23,1,Deribit,0.999994,1.0,84.0,0.076955,7,1,13,10,0.769231,1.889309,0.521739,0.2,1,0,1.0,0.2
0xb38b59143991b3ca01d6181a6bbc2b57a870cb58,ethereum,0,Bitget,customer,tagged_ethereum,2024-10-17T08:01:23Z,3,1,,,1.0,,1.0,1,1,1,2,2.0,,0.0,0.0,0,1,0.0,0.0
0xb40d3fd88abe8736a4978562bd707a91bee2dabb,ethereum,0,Deribit,labelled:exchange,tagged_ethereum,2025-09-12T05:53:11Z,8,1,Deribit,0.999998,1.0,114.0,3e-05,3,1,5,3,0.6,0.998488,0.5,0.333333,1,0,1.0,0.333333
0xb4162b28738a3863dfda180dc4a1526d743367dc,ethereum,0,other,labelled:entity,tagged_ethereum,2024-01-05T18:08:47Z,2,1,,1.0,1.0,246168.0,0.0,1,1,1,1,1.0,,1.0,0.0,0,1,0.0,0.0
0xb42784127b9c41e064d793625793e62293ac556e,ethereum,0,Deribit,labelled:exchange,tagged_ethereum,2023-03-13T10:31:11Z,2,1,Deribit,0.999362,1.0,60.0,0.000638,1,1,1,1,1.0,,0.0,0.0,0,0,1.0,0.0
0xb4a381229e9d6606d3e2c3ea8bede55dcb9bb474,ethereum,1,Bilaxy,explorer_tag,tagged_ethereum,2025-06-23T10:21:47Z,2,1,,,,,1.0,2,0,2,0,0.0,,0.0,,0,,,
0xb4ca9440615ba5a7ce2eccd2e4f1e276cc10681f,ethereum,1,Bitget,explorer_tag,tagged_ethereum,2024-05-30T03:39:23Z,3,1,Bitget,0.997971,1.0,13582014.0,0.002029,1,1,1,2,2.0,,0.0,0.0,0,0,1.0,0.0
0xb4f3aacfae20c856ef65fac43b89ab2531081565,ethereum,0,Bilaxy,customer,tagged_ethereum,2023-07-19T17:17:23Z,48,1,Binance,0.089478,0.227273,9816.0,0.001626,11,12,26,22,0.846154,1.920439,0.0,0.772727,9,0,0.0,0.5
0xb5001b9e62d34e0c5d331a24eef989c14f779ce4,ethereum,1,Bilaxy,explorer_tag,tagged_ethereum,2025-06-16T13:08:23Z,10,1,Binance,1.0,1.0,1472610.0,0.25,2,1,8,2,0.25,,0.8,0.0,0,0,1.0,0.0
0xb507fbbaa0da1a39f22b986c2d4cb3b8084e8b94,ethereum,0,Bilaxy,customer,tagged_ethereum,2020-12-09T04:10:05Z,199,0,,0.180649,0.414634,23637.5,0.994116,7,39,117,82,0.700855,4.496891,0.211055,0.0,0,0,0.0,0.0
0xb5548727b459a8582cf41ccd89a5248f7bfdebda,ethereum,0,Bitget,customer,tagged_ethereum,2023-04-20T12:29:35Z,12,1,,0.021444,0.285714,1764.0,0.336258,5,5,5,7,1.4,2.23466,0.166667,0.0,0,0,0.0,0.0
0xb56b453f4ed9da56d988c989f59aa6bc75e75b0e,ethereum,1,Bilaxy,explorer_tag,tagged_ethereum,2023-07-19T23:45:59Z,8,1,Binance,1.0,1.0,21692016.0,0.4,2,1,5,3,0.6,0.110288,0.0,0.666667,1,0,1.0,0.666667
0xb56efa1ac435988ec48561523b2a735e19d89904,ethereum,1,Bilaxy,explorer_tag,tagged_ethereum,2024-06-27T14:55:35Z,200,0,Binance,1.0,1.0,1098.0,0.009414,3,1,181,19,0.104972,0.903441,0.995,0.052632,1,0,1.0,0.052632
0xb5d089967ce35de767e74d40fcc69eccb21542b3,ethereum,1,Bilaxy,explorer_tag,tagged_ethereum,2023-11-11T06:12:11Z,7,1,,,,,1.0,4,0,7,0,0.0,,0.0,,0,,,
0xb629a4bb56949c16d68ec1af617969a1ebf6a2e2,ethereum,1,Bilaxy,explorer_tag,tagged_ethereum,2021-11-10T05:39:30Z,3,1,Binance,1.0,1.0,1139023.0,0.5,2,1,2,1,0.5,,0.0,1.0,1,0,1.0,1.0
0xb66152a9264c3383ec2c040daa8e846d01a3b214,ethereum,0,Bitget,customer,tagged_ethereum,2023-04-13T20:03:47Z,14,1,,0.111111,0.2,67476.0,0.00901,5,5,9,5,0.555556,0.957671,0.0,0.6,2,0,0.0,0.0
0xb685760ebd368a891f27ae547391f4e2a289895b,ethereum,0,Bitget,customer,tagged_ethereum,2024-07-22T06:52:35Z,200,0,,0.078405,0.169811,936.0,0.368533,56,65,94,106,1.12766,1.285817,0.81,0.698113,14,0,0.0,0.0
0xb68f90b2f05e076d50ec56c094e2d4f38f9f06b5,ethereum,1,Bitget,explorer_tag,tagged_ethereum,2024-03-03T06:34:59Z,8,1,Bitget,0.998892,1.0,10916760.0,0.001108,4,1,4,4,1.0,0.178046,0.0,0.0,0,0,1.0,0.0
0xb6cd1103f903e4d1080aa618861229d8aee6927d,ethereum,0,Bitget,customer,tagged_ethereum,2024-04-24T08:17:35Z,11,1,,0.666667,0.285714,51600.0,0.25,3,6,4,7,1.75,1.602922,0.0,0.0,0,0,0.0,0.0
0xb6e2937c0d4d63d833260b6d423d46371a771348,ethereum,0,Bilaxy,customer,tagged_ethereum,2024-04-12T04:43:11Z,1,1,,,1.0,,,0,1,0,1,,,0.0,0.0,0,1,0.0,0.0
0xb6f795f1b637bf8bf4766a74ad250761ff32e845,ethereum,1,Bitget,explorer_tag,tagged_ethereum,2024-04-24T06:13:47Z,3,1,Bitget,0.999001,1.0,15855978.0,0.000999,1,1,1,2,2.0,,0.0,0.0,0,0,1.0,0.0
0xb6ffe0b7bcff41b8830e25822c410f6cb22f38d9,ethereum,0,Bitget,customer,tagged_ethereum,2024-12-14T12:27:23Z,199,0,,0.459934,0.564356,110268.0,0.27404,12,21,98,101,1.030612,4.95368,0.396985,0.009901,1,0,0.0,0.0
0xb703d3c05b71c4d9c3119f6f69121fe8876fdd84,ethereum,0,Bitget,customer,tagged_ethereum,2024-01-31T13:55:11Z,8,1,,0.958192,0.5,141228.0,0.5,3,3,4,4,1.0,1.238727,0.0,0.0,0,1,0.0,0.0
0xb79f793b1ba36d077d1def5a22bd0fbfe4146952,ethereum,1,Bitget,explorer_tag,tagged_ethereum,2024-02-22T02:28:11Z,32,1,Bitget,0.999336,1.0,348.0,0.053261,5,1,19,13,0.684211,1.629912,0.5625,0.076923,1,0,1.0,0.0
0xb7a97e487a32a115e70ba8a79f3e91ec24b76ce9,ethereum,1,Bilaxy,explorer_tag,tagged_ethereum,2024-02-03T10:14:59Z,28,1,Binance,1.0,1.0,1056.0,0.263158,11,1,19,9,0.473684,2.119363,0.821429,0.111111,1,0,1.0,0.111111
0xb82589ad6888b71101813f85622af4e6f3d88136,ethereum,1,Bilaxy,explorer_tag,tagged_ethereum,2024-02-12T04:25:23Z,5,1,Binance,1.0,1.0,44314188.0,0.75,1,1,4,1,0.25,,0.0,0.0,0,0,1.0,0.0
0xb82e86fef37dcbb0c2a38972a736150fda8867b9,ethereum,1,Bitget,explorer_tag,tagged_ethereum,2024-08-09T09:15:11Z,7,1,Bitget,0.999642,1.0,23893776.0,0.000358,1,1,3,4,1.333333,0.513101,0.0,0.0,0,0,1.0,0.0
0xb8490de0cdc28da7c82208b15e988d4898c1414e,ethereum,0,Bitget,customer,tagged_ethereum,2024-12-22T08:45:23Z,4,1,Bitget,0.998078,1.0,349806.0,0.001922,2,1,2,2,1.0,,0.0,0.5,1,1,0.0,0.5
0xb87180bad9161ab7259a0ed2e6174e63fd5a8388,ethereum,0,Bitget,customer,tagged_ethereum,2025-04-28T15:44:59Z,189,0,,0.205479,0.130841,1992.0,0.101481,40,41,82,107,1.304878,2.300989,0.169312,0.046729,3,0,0.0,0.0
0xb8bbdf53bb9741b588378c96be9c078cc7351f51,ethereum,1,Bitget,explorer_tag,tagged_ethereum,2024-06-01T12:17:59Z,11,1,Bitget,0.999916,1.0,360.0,0.166737,4,1,6,5,0.833333,1.632782,0.181818,0.2,1,0,1.0,0.2
0xb98214a1c14343d740f7d80055fa3fe73414f10b,ethereum,1,Bilaxy,explorer_tag,tagged_ethereum,2024-01-15T06:02:47Z,17,1,Binance,1.0,1.0,4980.0,0.615385,8,1,13,4,0.307692,0.185689,0.294118,0.5,2,0,1.0,0.25
0xb9aee277b210d2ab44dbecc80ee3ed331221691d,ethereum,1,Bilaxy,explorer_tag,tagged_ethereum,2024-12-23T06:19:35Z,2,1,,,,,1.0,2,0,2,0,0.0,,0.0,,0,,,
0xba0a109092f8841e97bcbb2b5b9ad14e7ff1e97d,ethereum,1,Bilaxy,explorer_tag,tagged_ethereum,2020-06-14T22:23:20Z,2,1,Binance,1.0,1.0,52020752.0,0.0,1,1,1,1,1.0,,0.0,0.0,0,0,1.0,0.0
0xba223b871b43157a73fe2fbd6420ddd815e80e45,ethereum,0,Deribit,labelled:exchange,tagged_ethereum,2022-11-08T21:48:47Z,25,1,Deribit,0.999811,1.0,1141848.0,0.58508,8,1,21,4,0.190476,0.629773,0.32,0.0,0,0,1.0,0.0
0xba366fdf0bb34ee201cbd15cc79d9bdbf24ecc11,ethereum,1,Bilaxy,explorer_tag,tagged_ethereum,2022-03-23T15:38:00Z,64,1,Binance,1.0,1.0,2373315.5,0.037037,6,1,27,37,1.37037,1.010143,0.0,0.054054,2,0,1.0,0.054054
0xba7e8e0540de412b6b15285aa78e4a5864ad5137,ethereum,0,Bilaxy,customer,tagged_ethereum,2020-11-05T02:56:51Z,20,1,HTX,0.498886,0.222222,5310315.0,0.273032,9,8,11,9,0.818182,1.635436,0.3,0.222222,2,1,0.0,0.111111
0xba80a70bacfc81156a6bb4f806bfad046a484015,ethereum,1,Bilaxy,explorer_tag,tagged_ethereum,2021-07-25T20:55:55Z,111,1,Binance,0.997789,1.0,1008.0,0.049014,14,1,64,47,0.734375,1.825898,0.90991,0.06383,1,0,1.0,0.06383
0xbabdc1db88e7c46ef497b920d3daada2de8b5301,ethereum,1,Bitget,explorer_tag,tagged_ethereum,2024-02-27T06:01:47Z,3,1,Bitget,0.998864,1.0,17533386.0,0.001136,1,1,1,2,2.0,,0.0,0.0,0,0,1.0,0.0
0xbadf6216956b759fd653c6dfece2ad9cb1ebaaa9,ethereum,1,Bilaxy,explorer_tag,tagged_ethereum,2023-08-06T15:28:59Z,6,1,Binance,1.0,1.0,1104.0,0.5,2,1,4,2,0.5,,0.0,0.5,1,0,1.0,0.5
0xbae0ba9fc3bb1f3c54b50a0777c0b4177f4990cb,ethereum,1,Bilaxy,explorer_tag,tagged_ethereum,2021-08-11T14:27:19Z,2,1,Binance,1.0,1.0,12604483.0,0.0,1,1,1,1,1.0,,1.0,0.0,0,0,1.0,0.0
0xbb5eb7d2d7280f377d8645bbcc83b811a5698870,ethereum,1,Bilaxy,explorer_tag,tagged_ethereum,2025-01-20T10:33:59Z,4,1,,,,,1.0,2,0,4,0,0.0,,0.0,,0,,,
0xbb65d68f18f87ccb078c3ea1a60649ec50fca806,ethereum,0,Bitget,customer,tagged_ethereum,2024-05-08T10:52:47Z,7,1,,0.69079,0.5,69306.0,0.333443,3,3,3,4,1.333333,1.289789,0.0,0.0,0,0,0.0,0.0
0xbb889249df5ad4abde81325dfe596a0f874287d7,ethereum,0,Deribit,labelled:exchange,tagged_ethereum,2022-11-12T19:40:11Z,13,1,Deribit,0.999912,1.0,24964800.0,0.727461,9,1,11,2,0.181818,,0.153846,0.5,1,0,1.0,0.5
0xbbc0dbca8c86debde0d981e717cafc7776f10eeb,ethereum,1,Bilaxy,explorer_tag,tagged_ethereum,2023-06-15T05:47:35Z,11,1,Binance,0.997841,1.0,22952928.0,0.672229,6,1,9,2,0.222222,,0.181818,0.0,0,0,1.0,0.0
0xbbcca696c92d5d46da7fb969c3277dbbb53ac2c3,ethereum,1,Bilaxy,explorer_tag,tagged_ethereum,2021-03-30T10:21:30Z,2,1,Binance,1.0,1.0,24887367.0,0.0,1,1,1,1,1.0,,1.0,0.0,0,0,1.0,0.0
0xbc1a2f8d026194f110865b0d0290c271b403a3d8,ethereum,1,Bilaxy,explorer_tag,tagged_ethereum,2024-06-21T14:00:59Z,17,1,Binance,1.0,1.0,22662.0,0.692308,4,1,13,4,0.307692,0.468162,0.117647,0.0,0,0,1.0,0.0
0xbc4defe480c76c38e43237642cb41071bffc0659,ethereum,1,Bitget,explorer_tag,tagged_ethereum,2024-02-02T14:15:35Z,3,1,Bitget,0.997975,1.0,18592908.0,0.002025,1,1,1,2,2.0,,0.0,0.0,0,0,1.0,0.0
0xbc5904f920dba0dba8adec703512544b7fde074a,ethereum,0,Bilaxy,customer,tagged_ethereum,2025-06-27T05:34:59Z,12,1,,0.08183,0.3,936372.0,0.0,2,7,2,10,5.0,1.683429,0.0,0.1,1,0,0.0,0.0
0xbc5f628624997080c8b87dcc0c76118e56db8cb5,ethereum,1,Bilaxy,explorer_tag,tagged_ethereum,2025-07-19T23:59:23Z,4,1,,,,,1.0,1,0,4,0,0.0,,0.0,,0,,,
0xbca0c0d8069d726744e6a6c7bb68e4734a2ea4b3,ethereum,0,Bitget,customer,tagged_ethereum,2024-04-10T13:20:11Z,52,1,,0.086957,0.103448,26748.0,2.7e-05,12,21,23,29,1.26087,3.571979,0.134615,0.068966,1,0,0.0,0.0
0xbca5f32ce32f98528df87fa4055aa5f20fb37eaa,ethereum,0,Bitget,customer,tagged_ethereum,2021-12-30T19:31:16Z,83,1,,0.535866,0.333333,39139536.0,0.376493,33,12,53,30,0.566038,1.880331,0.0,0.1,3,0,0.0,0.0
0xbcafc75cdefce438e19932d92a554a193fc645da,ethereum,0,Bitget,customer,tagged_ethereum,2024-07-06T20:51:11Z,9,1,,0.65,0.5,960.0,0.400039,3,3,5,4,0.8,0.708458,0.0,0.0,0,0,0.0,0.0
0xbcb7008220e9fccce13e7a9e6d26a161f42451e2,ethereum,1,Bilaxy,explorer_tag,tagged_ethereum,2022-11-28T03:12:35Z,11,1,Binance,1.0,1.0,408.0,0.625,3,1,8,3,0.375,0.104935,0.363636,0.0,0,0,1.0,0.0
0xbcc52b57d48280ecb977a8a7cf6becb42d06c9e2,ethereum,1,Bitget,explorer_tag,tagged_ethereum,2024-07-20T07:43:11Z,6,1,Bitget,0.999855,1.0,372.0,0.33343,3,1,3,3,1.0,0.145736,0.333333,0.0,0,0,1.0,0.0
0xbd02c51150a4ab6ce97b9de2025644594f3e75b8,ethereum,0,Bitget,customer,tagged_ethereum,2019-10-03T10:23:17Z,200,0,,0.095915,0.175,243089.0,0.213524,38,25,120,80,0.666667,2.307807,0.655,0.0,0,1,0.0,0.0
0xbd6b7ab56dce9bb91d598ecc423a290e6859c82f,ethereum,1,Bilaxy,explorer_tag,tagged_ethereum,2025-01-09T20:52:11Z,1,1,,,,,1.0,1,0,1,0,0.0,,0.0,,0,,,
0xbd7ee3eafe8e735c879476592c673dda6e7af230,ethereum,0,Bilaxy,customer,tagged_ethereum,2024-11-21T10:37:59Z,37,1,,0.182018,0.315789,2538.0,0.02771,8,6,18,19,1.055556,3.633454,0.540541,0.263158,1,1,0.0,0.0
0xbd8af34a85b2ffacc93c7c40211b83c8b41ad67a,ethereum,1,Bitget,explorer_tag,tagged_ethereum,2024-04-14T03:40:23Z,11,1,Bitget,0.798651,0.833333,624.0,0.001349,2,2,5,6,1.2,1.456783,0.0,0.0,0,0,1.0,0.0
0xbda69279d220832d2eeca005a15a1dde09d54a97,ethereum,1,Bilaxy,explorer_tag,tagged_ethereum,2023-11-07T21:41:59Z,8,1,Binance,1.0,1.0,64679016.0,0.857143,5,1,7,1,0.142857,,0.25,0.0,0,0,1.0,0.0
0xbdb825ba7094028b6cc0e0eea45218183290e83a,ethereum,1,Bitget,explorer_tag,tagged_ethereum,2024-05-11T10:37:59Z,22,1,Bitget,0.230769,0.333333,882.0,0.002306,6,3,13,9,0.692308,2.643019,0.0,0.777778,3,0,1.0,1.0
0xbdf823961782f48ecb44989ac0c1af413b57de8d,ethereum,0,Bitget,customer,tagged_ethereum,2026-02-05T10:34:23Z,2,1,,,0.5,,,0,2,0,2,,,0.0,0.0,0,0,0.0,0.0
0xbdf891b6fb87392005ff3f5c7deddc113b57de8d,ethereum,0,Bitget,customer,tagged_ethereum,2025-10-14T18:53:59Z,78,0,,0.0,0.209302,304248.0,0.82126,21,16,35,43,1.228571,2.944767,0.346154,0.046512,3,0,0.0,0.0
0xbe058b4b999a502565af3ecd696e2e5ae0e86532,ethereum,1,Bitget,explorer_tag,tagged_ethereum,2024-10-20T10:10:11Z,6,1,Bitget,0.999323,1.0,444.0,0.000677,2,1,3,3,1.0,0.825577,0.0,0.333333,1,0,1.0,0.333333
0xbe4bb6b0b34048a0942c1ffb6106ca71f33c998b,ethereum,1,Bilaxy,explorer_tag,tagged_ethereum,2021-06-30T08:00:36Z,4,1,Binance,1.0,1.0,14526171.0,0.0,2,1,3,1,0.333333,,0.0,0.0,0,0,1.0,0.0
0xbe55b2cb3c7114f5677acf47a5ef1bf6aa0386b7,ethereum,0,Bilaxy,customer,tagged_ethereum,2025-11-28T23:32:35Z,7,1,,0.68628,0.666667,1452.0,0.0,2,2,4,3,0.75,0.953846,0.0,1.0,1,1,0.0,0.0
0xbe56ddd7434312916fea115f976d082becbf22e2,ethereum,1,Bitget,explorer_tag,tagged_ethereum,2024-12-02T06:13:59Z,3,1,Bitget,0.997821,1.0,5539182.0,0.002179,1,1,1,2,2.0,,0.0,0.0,0,0,1.0,0.0
0xbe69dde0a051e72e18871be52cf506e419058f11,ethereum,0,other,labelled:entity,tagged_ethereum,2022-04-17T07:55:29Z,200,0,,0.03514,1.0,0.0,0.98306,78,1,154,46,0.298701,1.125034,0.0,0.195652,1,0,0.0,0.0
0xbecb7299016657889763f5a3c462132028ff48f0,ethereum,1,Bilaxy,explorer_tag,tagged_ethereum,2021-09-05T12:13:30Z,2,1,Binance,1.0,1.0,12820741.0,0.0,1,1,1,1,1.0,,0.0,0.0,0,0,1.0,0.0
0xbeeece4a86f3cb44b03b2d56bdcc84bc87d61470,ethereum,0,Bilaxy,customer,tagged_ethereum,2021-02-20T18:28:05Z,200,0,,0.007328,0.090909,49523.0,0.543152,52,63,57,143,2.508772,2.145256,0.645,0.104895,2,0,0.0,0.0
0xbeefbabeea323f07c59926295205d3b7a17e8638,ethereum,0,other,labelled:entity,tagged_ethereum,2022-05-31T19:26:37Z,198,0,,0.058219,0.428571,58817.0,0.997408,6,5,191,7,0.036649,1.616003,0.035354,0.142857,1,0,0.0,0.0
0xbf02e77c31fe8d42cf9ebe8abdad7cdf8e412831,ethereum,1,Bilaxy,explorer_tag,tagged_ethereum,2021-12-23T21:41:10Z,4,1,Binance,1.0,1.0,245800.5,0.333333,2,1,3,1,0.333333,,0.75,0.0,0,0,1.0,0.0
0xbf1ad513d9d99f79cb004bc50b365cd9b9e53048,ethereum,1,Bilaxy,explorer_tag,tagged_ethereum,2021-10-07T00:43:11Z,10,1,Binance,0.882792,1.0,649917.0,0.260177,4,1,6,4,0.666667,0.807153,0.2,0.5,1,0,1.0,0.5
0xbf4893a496dadf8df64668de480943775a25dd45,ethereum,0,Deribit,labelled:exchange,tagged_ethereum,2024-12-06T16:35:11Z,21,1,Deribit,0.999845,1.0,72.0,0.077066,7,1,13,8,0.615385,1.386184,0.0,0.0,0,0,1.0,0.0
0xbf68d28aaf1eeefef646b65e8cc8d190f6c6da9c,ethereum,0,other,labelled:entity,tagged_ethereum,2015-07-30T15:26:13Z,6,1,Kraken,0.99995,1.0,16766564.0,0.750012,3,1,4,2,0.5,,0.0,0.0,0,0,1.0,0.0
0xbfabc9cb878074516728351c19cfe9f142f26dff,ethereum,1,Bitget,explorer_tag,tagged_ethereum,2024-02-05T08:33:11Z,4,1,Bitget,0.999523,1.0,18468642.0,0.500238,2,1,2,2,1.0,,0.0,0.0,0,0,1.0,0.0
0xc014722f5ced65c3d5ed8af328fafa7e2ee7cd8c,ethereum,1,Bitget,explorer_tag,tagged_ethereum,2024-06-23T18:52:11Z,22,1,Bitget,0.997955,1.0,360.0,0.002045,5,1,14,8,0.571429,0.622478,0.545455,0.125,1,0,1.0,0.125
0xc014a48f5a09bed90d63c09fc600e0a6e19c2c40,ethereum,0,Bitget,customer,tagged_ethereum,2023-07-19T16:21:11Z,200,0,Bitget,0.386532,0.25,24192.0,0.253901,27,29,100,100,1.0,3.981597,0.065,0.65,8,0,0.0,0.43
0xc038d9ecdca53f53e2e1292a9d89e91568699d65,ethereum,1,Bilaxy,explorer_tag,tagged_ethereum,2024-12-24T16:22:35Z,3,1,Binance,0.986007,1.0,228.0,0.082754,1,1,2,1,0.5,,0.0,0.0,0,0,1.0,0.0
0xc0599da0db702d7e525baaefd47496607f8d0b9f,ethereum,1,Bilaxy,explorer_tag,tagged_ethereum,2023-12-15T22:08:47Z,54,1,Binance,0.999994,1.0,596688.0,0.108114,15,1,37,17,0.459459,2.667634,0.166667,0.058824,1,0,1.0,0.0
0xc06f75cf8ee17f7e2dcafd8d7444a32aaaca71b1,ethereum,1,Bilaxy,explorer_tag,tagged_ethereum,2023-04-26T12:09:35Z,9,1,Binance,0.916309,1.0,936.0,0.348869,3,1,6,3,0.5,0.372588,0.444444,0.333333,1,0,1.0,0.0
0xc0b5c0e55dca06a183ddffd3e28455275dc71ebf,ethereum,0,Bilaxy,customer,tagged_ethereum,2024-04-26T13:44:59Z,12,1,Deribit,0.022964,0.333333,2247744.0,0.0,5,5,6,6,1.0,1.844924,0.0,0.166667,2,0,0.0,0.333333
0xc0ca342c5773a4d2469bef1d540bd3fd3fcfcffd,ethereum,1,Bilaxy,explorer_tag,tagged_ethereum,2024-03-16T09:49:59Z,4,1,,,,,1.0,1,0,4,0,0.0,,0.0,,0,,,
0xc0fc3ddfec95ca45a0d2393f518d3ea1ccf44f8b,ethereum,0,other,labelled:defi,tagged_ethereum,2024-06-24T10:16:47Z,135,0,,1.0,1.0,49572.0,0.114943,1,1,87,48,0.551724,6.652595,0.02963,0.0,0,0,0.0,0.0
0xc1505b782e679931254251e480e9f298684c63b7,ethereum,1,Bitget,explorer_tag,tagged_ethereum,2024-11-23T12:03:23Z,12,1,Bitget,0.499396,0.5,1044.0,0.000604,4,3,8,4,0.5,1.379818,0.0,0.75,3,0,1.0,0.5
0xc1694deb7b22b20b526d4294160c2bd5c3c38059,ethereum,1,Bitget,explorer_tag,tagged_ethereum,2024-06-06T12:40:59Z,3,1,Bitget,0.997882,1.0,13264974.0,0.002118,1,1,1,2,2.0,,0.0,0.0,0,0,1.0,0.0
0xc16b4a58a31d5b430a427e06e64b6962c9d52901,ethereum,0,Bitget,customer,tagged_ethereum,2017-06-16T14:16:49Z,29,1,,0.747412,0.5,203802865.0,0.764754,11,5,17,12,0.705882,2.685633,0.0,0.0,0,0,0.0,0.0
0xc16fe842aea15bd0dd2df030a3ee4148e8e857ca,ethereum,0,Bilaxy,customer,tagged_ethereum,2023-06-15T20:41:35Z,72,1,Binance,0.05756,0.177778,52146.0,0.148222,19,21,27,45,1.666667,3.187544,0.027778,0.111111,5,0,0.0,0.044444
0xc181eb472f01607f90bff79beb0576fbf51ac6b8,ethereum,0,other,labelled:defi,tagged_ethereum,2021-01-30T16:00:01Z,16,1,,2.2e-05,0.166667,137899398.0,0.600959,7,6,10,6,0.6,1.966494,0.0,0.0,0,0,0.0,0.0
0xc187fb061dff936268cbe7be15b9ca2230610881,ethereum,0,Bitget,customer,tagged_ethereum,2024-01-04T19:31:11Z,199,0,Bitget,0.068293,0.359551,101232.0,0.56191,30,13,110,89,0.809091,2.407512,0.020101,0.05618,2,0,0.0,0.05618
0xc1af2be911e126c2cbccfed6efc4558fa5958ab5,ethereum,1,Bitget,explorer_tag,tagged_ethereum,2024-08-10T03:42:11Z,3,1,Bitget,0.99646,1.0,10468146.0,0.00354,1,1,1,2,2.0,,0.0,0.0,0,0,1.0,0.0
0xc1bec32be8a68346ad9dabbb0a67ce220d43997c,ethereum,0,other,labelled:entity,tagged_ethereum,2021-10-22T09:20:37Z,18,1,,0.5,0.5,18813503.5,0.928157,15,2,16,2,0.125,,0.055556,0.5,1,0,0.0,0.0
0xc1ea9afc343c63434af749fce3fb901a1d277b2c,ethereum,0,Bilaxy,customer,tagged_ethereum,2025-10-14T00:30:11Z,4,1,,0.991628,1.0,19854.0,0.008372,2,1,2,2,1.0,,0.0,1.0,1,1,0.0,0.0
0xc1ef6d9cdec61b777894748230603c78346ec17b,ethereum,1,Bitget,explorer_tag,tagged_ethereum,2024-06-26T14:18:59Z,5,1,Bitget,0.999287,1.0,8808.0,0.000713,1,1,2,3,1.5,0.99974,0.4,0.0,0,0,1.0,0.0
0xc1fabfb4e312573e51f38e4c9d726dbe564bcd72,ethereum,0,Bitget,customer,tagged_ethereum,2024-02-16T13:03:35Z,47,1,,0.659393,0.423077,1895340.0,0.095428,9,8,21,26,1.238095,2.026569,0.0,0.153846,2,0,0.0,0.0
0xc241c9c773567a87108c965c82bd493eb76102d8,ethereum,1,Bitget,explorer_tag,tagged_ethereum,2024-04-12T23:43:47Z,12,1,Bitget,0.599794,0.666667,942.0,0.166838,3,2,6,6,1.0,0.913748,0.0,0.0,0,0,1.0,0.0
0xc2a1fca7a62f2e18247408a9d01023a76219d4a9,ethereum,0,Bilaxy,customer,tagged_ethereum,2023-08-13T18:39:59Z,63,1,,0.521409,0.711111,271176.0,0.002683,9,9,18,45,2.5,3.902972,0.0,0.022222,1,1,0.0,0.0
0xc2cdcfe5ceec25c839429a98d870e7de08cb0851,ethereum,1,Bilaxy,explorer_tag,tagged_ethereum,2021-06-03T15:35:43Z,2,1,Binance,1.0,1.0,19673976.0,0.0,1,1,1,1,1.0,,1.0,0.0,0,0,1.0,0.0
0xc2fe8bcc71142f85551902955a169fda4896947e,ethereum,1,Bitget,explorer_tag,tagged_ethereum,2024-05-22T03:39:23Z,3,1,Bitget,0.998229,1.0,13928052.0,0.001771,1,1,1,2,2.0,,0.0,0.0,0,0,1.0,0.0
0xc304f62d146795bc6e3a5729f636f6535acd0b10,ethereum,1,Bitget,explorer_tag,tagged_ethereum,2024-01-25T07:33:11Z,22,1,Bitget,0.998016,1.0,702678.0,0.005841,13,1,17,5,0.294118,0.780375,0.0,0.0,0,0,1.0,0.0
0xc32cb2b5c5ce8b6b2b6d459c7de2ca3e6e36a4cf,ethereum,0,other,labelled:entity,tagged_ethereum,2020-01-21T15:10:41Z,200,0,,0.466376,0.979798,76080.5,0.192286,4,2,101,99,0.980198,2.965932,0.0,0.0,0,0,0.0,0.0
0xc348cae7f14b9b39da5a364d18eeb1ce1a75c64f,ethereum,0,Bilaxy,customer,tagged_ethereum,2020-05-19T18:36:53Z,134,1,,0.315663,0.141509,203296.5,0.0,20,80,28,106,3.785714,5.535504,0.0,0.009434,1,0,0.0,0.0
0xc3ab5f5fbc83387feec991716052fefc11e60930,ethereum,1,Bitget,explorer_tag,tagged_ethereum,2024-03-10T05:20:23Z,4,1,Bitget,1.0,1.0,14603628.0,0.0,2,1,2,2,1.0,,0.0,0.0,0,0,1.0,0.0
0xc3ae71fe59f5133ba180cbbd76536a70dec23d40,ethereum,0,Bilaxy,customer,tagged_ethereum,2022-11-03T12:32:35Z,200,0,,,,,1.0,183,0,200,0,0.0,,0.0,,0,,,
0xc42b1f42e70434642f73bfa85f2be35df3945afe,ethereum,1,Bitget,explorer_tag,tagged_ethereum,2024-02-05T10:18:35Z,53,1,Bitget,0.997562,1.0,272754.0,0.029399,6,1,37,16,0.432432,2.884451,0.283019,0.125,2,0,1.0,0.0
0xc43f5d4f5486ec9ce14174cd03528f2f8790e3e4,ethereum,0,Deribit,labelled:exchange,tagged_ethereum,2025-05-14T14:42:35Z,9,1,Deribit,0.999936,1.0,60.0,0.571478,5,1,7,2,0.285714,,0.111111,0.0,0,0,1.0,0.0
0xc44817b7ac1fc837c343470eeea2a9bb6ca1cd46,ethereum,1,Bilaxy,explorer_tag,tagged_ethereum,2023-01-08T01:34:47Z,11,1,Binance,1.0,1.0,21613716.0,0.8,7,1,10,1,0.1,,0.090909,0.0,0,0,1.0,0.0
0xc44f9ffaf6d90de4e6b3ef0d50dae8f28527baef,ethereum,1,Bitget,explorer_tag,tagged_ethereum,2024-03-21T03:09:35Z,5,1,Bitget,0.997869,1.0,16164270.0,0.002131,1,1,2,3,1.5,0.865433,0.0,0.0,0,0,1.0,0.0
0xc489013424f9db0d17399e96b9e80e668b275c5b,ethereum,1,Bitget,explorer_tag,tagged_ethereum,2024-05-13T03:30:59Z,10,1,Bitget,0.999782,1.0,13608132.0,0.200175,2,1,5,5,1.0,1.619138,0.0,0.0,0,0,1.0,0.0
0xc50aa96a08998e27fe292814ce9af0cda4ed7bc1,ethereum,1,Bitget,explorer_tag,tagged_ethereum,2024-01-17T16:19:47Z,12,1,Bitget,0.997794,1.0,1311372.0,0.002206,1,1,7,5,0.714286,1.058415,0.166667,0.0,0,0,1.0,0.0
0xc53e33d6ae7e8b08d5359f137296d8db2e5a7d4e,ethereum,0,Bitget,customer,tagged_ethereum,2026-08-04T08:34:35Z,71,1,Bitget,0.0,0.333333,7776.0,0.078986,34,7,38,33,0.868421,1.636438,0.084507,0.121212,2,0,0.0,0.090909
0xc542ea6ff097ea61a9a2e3d4f48724b20c1f95f5,ethereum,1,Bilaxy,explorer_tag,tagged_ethereum,2024-10-29T23:44:11Z,33,1,Binance,1.0,1.0,8184.0,0.423077,5,1,26,7,0.269231,1.432606,0.0,0.142857,1,0,1.0,0.142857
0xc58efd2d5975464b323310f7bd61db895449ec8a,ethereum,1,Bitget,explorer_tag,tagged_ethereum,2024-10-24T12:35:23Z,4,1,Bitget,0.999641,1.0,7211508.0,0.500179,2,1,2,2,1.0,,0.0,0.0,0,0,1.0,0.0
0xc5d266838ff9a6488b1581ddeeecac7dafd962ee,ethereum,1,Bilaxy,explorer_tag,tagged_ethereum,2023-12-07T09:13:11Z,9,1,Binance,1.0,1.0,87088908.0,0.625,4,1,8,1,0.125,,0.444444,0.0,0,0,1.0,0.0
0xc5d8a58f329d6121ef390faa7be7534afa9ceb4b,ethereum,1,Bilaxy,explorer_tag,tagged_ethereum,2024-06-29T09:31:23Z,10,1,Binance,1.0,1.0,2868.0,0.75,4,1,8,2,0.25,,0.0,0.5,1,0,1.0,0.5
0xc5e60bef94ddb0c50a0d85e065f4eada9e94dd8f,ethereum,0,Bitget,customer,tagged_ethereum,2024-09-30T02:00:11Z,9,1,Bitget,0.737645,0.6,153252.0,0.009232,2,3,4,5,1.25,1.7311,0.0,0.8,1,0,0.0,0.8
0xc5e6bc917e8d8a3550ff04f7950b499f70e48542,ethereum,0,Bitget,customer,tagged_ethereum,2022-05-06T06:54:24Z,28,1,,0.0,0.111111,824940.0,0.400069,9,16,10,18,1.8,1.327601,0.071429,0.0,0,0,0.0,0.0
0xc5ece52a3283a117ed20ccfdfc924ccc7f7cfdd6,ethereum,1,Bitget,explorer_tag,tagged_ethereum,2024-03-12T12:12:47Z,5,1,Bitget,0.99753,1.0,153708.0,0.00247,2,1,2,3,1.5,0.981868,0.0,0.0,0,0,1.0,0.0
0xc60b1704717f678cf1c998adc88a651d122993aa,ethereum,0,Bitget,customer,tagged_ethereum,2021-08-25T22:09:11Z,174,0,Coinbase,0.27316,0.304762,69490.5,0.319594,43,49,69,105,1.521739,3.5306,0.218391,0.047619,4,0,0.0,0.038095
0xc65c7b02127c48b7c082d717ccd593a7a7dfd273,ethereum,1,Bitget,explorer_tag,tagged_ethereum,2024-04-09T03:35:35Z,30,1,Bitget,0.998358,1.0,318144.0,0.001642,1,1,17,13,0.764706,1.455973,0.0,0.076923,1,0,1.0,0.0
0xc676b47e920a09662b8fd980b08f456a6c7e331c,ethereum,0,Deribit,labelled:exchange,tagged_ethereum,2023-01-12T21:04:23Z,68,1,Deribit,0.999406,1.0,72.0,0.010031,2,1,44,24,0.545455,2.92188,0.0,0.041667,1,0,1.0,0.0
0xc6d1a91e61a8137b753a4cf29d2869d40c845b8a,ethereum,1,Bitget,explorer_tag,tagged_ethereum,2024-04-02T03:10:59Z,3,1,Bitget,0.998848,1.0,16813764.0,0.001152,1,1,1,2,2.0,,0.0,0.0,0,0,1.0,0.0
0xc6e1db5fd3b41fe5c2c0135b9e50d5ab605cb7bc,ethereum,1,Bitget,explorer_tag,tagged_ethereum,2024-05-31T23:31:11Z,7,1,Bitget,0.997821,1.0,360.0,0.002179,2,1,4,3,0.75,0.109756,0.285714,0.666667,2,0,1.0,0.333333
0xc6ee323609b2033a364e39117f424258cf563cdf,ethereum,1,Bilaxy,explorer_tag,tagged_ethereum,2021-09-24T03:21:07Z,3,1,,,,,1.0,2,0,3,0,0.0,,0.0,,0,,,
0xc7197edabf68c790254831e95627036c1ccf8834,ethereum,0,Bitget,customer,tagged_ethereum,2023-04-07T01:26:23Z,11,1,,0.253881,0.571429,888.0,0.093768,4,4,4,7,1.75,1.863153,0.454545,0.142857,1,0,0.0,0.0
0xc7223dd73d9099b1a9a6e4a5518554afee8c7191,ethereum,0,Bilaxy,customer,tagged_ethereum,2026-05-31T21:59:59Z,1,1,,,1.0,,,0,1,0,1,,,0.0,0.0,0,1,0.0,0.0
0xc743c3f6d30fd34e1c8aa113a5f17666a1e2984d,ethereum,0,Bitget,customer,tagged_ethereum,2025-01-17T01:57:23Z,46,1,Bitget,0.674366,0.1875,7098.0,0.306409,29,12,30,16,0.533333,3.629655,0.0,0.125,1,0,0.0,0.125
0xc75371e3c1fd9e0a215f597682abe26ddccfe4c6,ethereum,0,Bilaxy,customer,tagged_ethereum,2021-04-27T10:10:22Z,200,0,Binance,0.004999,0.172131,88284.0,0.188437,36,55,78,122,1.564103,2.692838,0.085,0.122951,6,0,0.0,0.122951
0xc7576de93acff71a4516476431a03a1a7f20f3a6,ethereum,0,Bitget,customer,tagged_ethereum,2023-04-09T06:44:59Z,200,0,MEXC,0.080766,0.198113,53310.0,0.060636,34,37,94,106,1.12766,4.911902,0.0,0.075472,3,0,0.0,0.009434
0xc78d4723493d242142249b2916e2a5f8cb5b0e9a,ethereum,1,Bilaxy,explorer_tag,tagged_ethereum,2024-03-04T20:12:23Z,1,1,,,,,1.0,1,0,1,0,0.0,,0.0,,0,,,
0xc7a6d8f3eeb6df2fdfcd5da49516f0b500d4a3c9,ethereum,1,Bitget,explorer_tag,tagged_ethereum,2024-08-27T16:09:35Z,4,1,Bitget,0.996925,1.0,19409424.0,0.003075,2,1,2,2,1.0,,0.0,0.5,1,0,1.0,0.5
0xc7d354a15243cad8828736b9377e3340da308532,ethereum,0,Deribit,labelled:exchange,tagged_ethereum,2025-01-06T08:28:11Z,55,1,Deribit,0.999988,1.0,66.0,0.151525,11,1,33,22,0.666667,1.243459,0.036364,0.090909,2,0,1.0,0.0
0xc7ff87f75d23cda8f346c88fbba7b1eb9453a441,ethereum,0,Bilaxy,customer,tagged_ethereum,2021-05-31T20:28:04Z,200,0,,0.00231,0.066667,5006.0,0.501896,65,118,65,135,2.076923,4.528932,0.0,0.014815,1,0,0.0,0.0
0xc80e92b410620ea7768d926b8ab7948dcb2018e6,ethereum,1,Bitget,explorer_tag,tagged_ethereum,2024-01-24T01:47:35Z,3,1,Bitget,0.999128,1.0,18997758.0,0.000872,1,1,1,2,2.0,,0.0,0.0,0,0,1.0,0.0
0xc84c1e9750bfef1750dc8b5011727e679c221ef9,ethereum,1,Bilaxy,explorer_tag,tagged_ethereum,2021-02-04T17:22:20Z,57,1,Binance,0.866932,0.666667,399505.5,0.0,12,2,48,9,0.1875,1.311821,0.754386,0.0,0,0,1.0,0.0
0xc864a0cced70e5ca3c2d4a1e3be59d535be36a7b,ethereum,1,Bitget,explorer_tag,tagged_ethereum,2024-03-06T16:24:59Z,27,1,Bitget,0.614453,0.583333,690.0,0.134141,5,3,15,12,0.8,1.986692,0.222222,0.166667,1,0,1.0,0.166667
0xc866851462c4844670ef28ad10ea38aff2ae32af,ethereum,1,Bitget,explorer_tag,tagged_ethereum,2024-08-26T02:57:47Z,3,1,Bitget,0.996501,1.0,9763248.0,0.003499,1,1,1,2,2.0,,0.0,0.0,0,0,1.0,0.0
0xc879d4499abeacfa8ecb696dd43161fd6eaaa544,ethereum,1,Bitget,explorer_tag,tagged_ethereum,2024-09-14T17:09:35Z,4,1,Bitget,0.999652,1.0,8924058.0,0.500174,2,1,2,2,1.0,,0.0,0.0,0,0,1.0,0.0
0xc885d3a9116d6e40c6a5feaa10fbff20c4dcf35b,ethereum,0,Bilaxy,customer,tagged_ethereum,2023-03-22T02:06:59Z,5,1,Binance,0.666667,0.5,996.0,0.0,2,2,3,2,0.666667,,0.0,1.0,2,1,0.0,1.0
0xc90638489e25f24447bb792872e5a04a62f5be28,ethereum,0,Bilaxy,customer,tagged_ethereum,2024-04-25T21:58:35Z,30,1,,0.045025,0.5,1250928.0,0.005898,9,3,26,4,0.153846,1.204101,0.866667,0.0,0,1,0.0,0.0
0xc917e5f88d680438106ee428adcfce3064ba9669,ethereum,1,Bilaxy,explorer_tag,tagged_ethereum,2025-10-06T14:03:59Z,4,1,,,,,1.0,4,0,4,0,0.0,,0.0,,0,,,
0xc982351910ab1e111c738927cd79594f8369fe8d,ethereum,0,Bilaxy,customer,tagged_ethereum,2024-05-30T11:45:23Z,4,1,Binance,0.961733,1.0,81516.0,0.038267,2,1,2,2,1.0,,0.5,1.0,1,1,0.0,1.0
0xc993e8db1356cad57de06c8158175e989024e342,ethereum,0,Bilaxy,customer,tagged_ethereum,2026-07-08T18:13:11Z,24,1,,0.0,0.333333,236076.0,0.333333,4,7,9,15,1.666667,3.597945,0.375,0.4,1,0,0.0,0.0
0xc9adbad07bd63a3f80af6e58d28b55297dc9b3aa,ethereum,0,Bilaxy,customer,tagged_ethereum,2024-04-12T04:43:11Z,1,1,,,1.0,,,0,1,0,1,,,0.0,0.0,0,1,0.0,0.0
0xc9d0874cdaf94a26b408c46218e7493a8a5f4fbe,ethereum,1,Bitget,explorer_tag,tagged_ethereum,2024-10-17T08:01:23Z,4,1,Bitget,0.995768,1.0,15056808.0,0.004232,1,1,2,2,1.0,,0.0,0.5,1,0,1.0,0.0
0xc9ded87a8841a04d0e4e12e4f160454cdb756de9,ethereum,1,Bitget,explorer_tag,tagged_ethereum,2024-09-19T06:33:59Z,9,1,Bitget,0.998726,1.0,51426.0,0.001274,2,1,5,4,0.8,0.811371,0.0,0.0,0,0,1.0,0.0
0xc9f101cae4c899de6a2072b484436c863b2100df,ethereum,0,Bilaxy,customer,tagged_ethereum,2024-03-24T10:22:11Z,8,1,,0.333333,0.2,246.0,0.0,3,5,3,5,1.666667,1.060353,0.0,0.0,0,0,0.0,0.0
0xc9fad2c54ce4895bd49f5ceb375b88f71f7ebdc5,ethereum,1,Bitget,explorer_tag,tagged_ethereum,2024-08-05T08:29:11Z,7,1,Bitget,0.664864,0.75,336.0,0.001803,2,2,3,4,1.333333,1.413831,0.0,0.0,0,0,1.0,0.0
0xca0f274a4b30ee68fddf821da65041a7848e7e27,ethereum,1,Bilaxy,explorer_tag,tagged_ethereum,2024-03-19T06:23:59Z,8,1,Binance,1.0,1.0,1452.0,0.666667,5,1,6,2,0.333333,,0.0,0.5,1,0,1.0,0.5
0xca23f62dff0d6460036c62e840aec5577e0befd2,ethereum,0,other,labelled:entity,tagged_ethereum,2015-07-30T15:26:13Z,46,1,,0.333404,0.142857,70080551.0,0.843767,24,11,32,14,0.4375,1.375569,0.0,0.071429,1,0,0.0,0.0
0xca2566e4e647614a1ce6b219f77bab1c620ddd53,ethereum,0,Bitget,customer,tagged_ethereum,2024-01-25T18:00:23Z,8,1,,0.834731,0.6,9012.0,0.33337,3,3,3,5,1.666667,1.714204,0.0,0.0,0,0,0.0,0.0
0xca6ef3b79143cc14e5961ede2d9375810b505141,ethereum,0,Bilaxy,customer,tagged_ethereum,2025-11-15T08:41:35Z,2,1,Binance,1.0,1.0,2028.0,0.0,1,1,1,1,1.0,,0.0,1.0,1,1,0.0,1.0
0xca78c510606d38578115df9ae7e08161786d6b99,ethereum,1,Bitget,explorer_tag,tagged_ethereum,2024-03-08T18:55:47Z,28,1,Bitget,0.999672,1.0,19188.0,0.066973,3,1,15,13,0.866667,2.754023,0.071429,0.0,0,0,1.0,0.0
0xca8ab0fe5b19dd3069118f3b1a1dd98b219b524c,ethereum,1,Bilaxy,explorer_tag,tagged_ethereum,2021-10-30T11:41:29Z,5,1,Binance,1.0,1.0,1482250.0,0.333333,3,1,3,2,0.666667,,0.4,0.5,1,0,1.0,0.5
0xcade42e92e7557347b216d494168850bf8b01d88,ethereum,0,Bilaxy,customer,tagged_ethereum,2025-03-11T14:00:59Z,200,0,,0.009313,0.020548,49044.0,0.023314,43,125,54,146,2.703704,3.246764,0.0,0.273973,19,0,0.0,0.0
0xcafb10ee663f465f9d10588ac44ed20ed608c11e,ethereum,0,Bitfinex,labelled:exchange,tagged_ethereum,2016-03-10T15:56:36Z,200,0,Bitfinex,0.483535,0.958333,83849.5,0.519352,1,2,176,24,0.136364,1.076182,0.0,0.0,0,0,0.958333,0.0
0xcb455bdb2e68259d6446d0800d74915a081255b7,ethereum,1,Bilaxy,explorer_tag,tagged_ethereum,2021-04-27T05:02:41Z,2,1,Binance,1.0,1.0,22122053.0,0.0,1,1,1,1,1.0,,1.0,0.0,0,0,1.0,0.0
0xcb53930feb39c894aa68a668985f3d69be80c1de,ethereum,0,Bilaxy,customer,tagged_ethereum,2022-11-06T03:49:59Z,15,1,OKX,0.277771,0.428571,600.0,0.112614,8,4,8,7,0.875,1.560101,0.333333,0.857143,4,0,0.0,0.285714
0xcb847ac9b6c1500ff9f990787c001c616ee8500d,ethereum,1,Bilaxy,explorer_tag,tagged_ethereum,2024-02-22T21:03:11Z,1,1,,,,,1.0,1,0,1,0,0.0,,0.0,,0,,,
0xcbb3cedf33de3cf6310379de3e604b3aeefa099b,ethereum,0,Bilaxy,customer,tagged_ethereum,2026-03-20T23:58:59Z,5,1,Deribit,0.234827,0.666667,470112.0,0.5,2,2,2,3,1.5,0.797239,0.0,0.333333,1,1,0.0,0.333333
0xcc22ed5cbaeaca067ec0e7a751a5ca3d62853936,ethereum,1,Bitget,explorer_tag,tagged_ethereum,2024-10-20T08:36:11Z,9,1,Bitget,0.9995,1.0,330.0,0.2004,4,1,5,4,0.8,0.683762,0.0,0.25,1,0,1.0,0.25
0xcc8bdb371b3f018d06896a264182c9ae46559490,ethereum,0,Deribit,labelled:exchange,tagged_ethereum,2022-11-03T05:17:11Z,10,1,Deribit,0.99995,1.0,783372.0,0.28575,2,1,7,3,0.428571,0.475637,0.3,0.0,0,0,1.0,0.0
0xcc9e6d10646170238914d0ba2126804721e1e973,ethereum,0,Bitget,customer,tagged_ethereum,2022-06-07T10:46:02Z,194,0,,0.076404,0.125,27043.5,0.037266,17,43,58,136,2.344828,4.615343,0.231959,0.0,0,0,0.0,0.0
0xccb19e707af099351ac465a23423a590c8899d0c,ethereum,0,Bitget,customer,tagged_ethereum,2024-08-15T01:44:11Z,27,1,,0.0,0.3,100758.0,0.117756,9,7,17,10,0.588235,1.404371,0.148148,0.2,1,0,0.0,0.0
0xccc840751a798b7135f78005e1352a6be4b34240,ethereum,0,Bitget,customer,tagged_ethereum,2020-12-27T15:41:15Z,39,1,,0.0,0.4,70936340.0,0.705882,20,3,34,5,0.147059,1.731979,0.0,0.0,0,1,0.0,0.0
0xccec680e7654f55889e158f57f2c047f9df95edf,ethereum,1,Bitget,explorer_tag,tagged_ethereum,2024-06-24T13:56:35Z,109,1,Bitget,0.592152,0.584906,360.0,0.036139,7,5,56,53,0.946429,1.719265,0.201835,0.0,0,0,1.0,0.0
0xcd1fff51d036d395515c6d1e4ee0d8febb231c24,ethereum,1,Bilaxy,explorer_tag,tagged_ethereum,2023-08-07T03:18:11Z,6,1,Binance,1.0,1.0,2088.0,0.4,3,1,5,1,0.2,,0.666667,1.0,1,0,1.0,1.0
0xcd850dc4b671f25e67c23b15fe02173d5f73de01,ethereum,1,Bilaxy,explorer_tag,tagged_ethereum,2023-05-23T15:20:23Z,8,1,Binance,1.0,1.0,13188.0,0.5,3,1,6,2,0.333333,,0.625,1.0,1,0,1.0,1.0
0xcd8d3ba0afdd0c3328ce8f0f87f869beda06887b,ethereum,0,Bilaxy,customer,tagged_ethereum,2023-10-02T17:04:35Z,9,1,,0.008152,0.2,156.0,0.015999,3,5,4,5,1.25,0.923327,0.0,0.0,0,1,0.0,0.0
0xcdd37ada79f589c15bd4f8fd2083dc88e34a2af2,ethereum,0,Bitget,customer,tagged_ethereum,2018-12-14T11:26:44Z,192,0,,0.008659,0.1875,27390.5,0.725679,86,74,96,96,1.0,4.036176,0.098958,0.0625,5,0,0.0,0.0
0xcde2a728188c7ac3e788c1611f3e07105facb1af,ethereum,0,Deribit,labelled:exchange,tagged_ethereum,2024-11-03T19:13:23Z,6,1,Deribit,0.999988,1.0,72.0,0.250009,2,1,4,2,0.5,,0.0,0.5,1,0,1.0,0.0
0xcdf6895fc1779f36f3387b93cd76c066d98b98f7,ethereum,1,Bitget,explorer_tag,tagged_ethereum,2024-01-16T01:43:35Z,3,1,Bitget,0.999101,1.0,19351008.0,0.000899,1,1,1,2,2.0,,0.0,0.0,0,0,1.0,0.0
0xce6a300e8dc54c52ebd0c9e9c1233778e1da7aa8,ethereum,1,Bilaxy,explorer_tag,tagged_ethereum,2024-08-12T04:58:35Z,1,1,,,,,1.0,1,0,1,0,0.0,,0.0,,0,,,
0xce741dce24c26b088c06b6cc999fc5d406026cdf,ethereum,0,Bilaxy,customer,tagged_ethereum,2021-05-20T17:04:27Z,9,1,,0.416047,0.4,36117456.0,0.25,4,4,4,5,1.25,0.634906,0.0,0.0,0,0,0.0,0.0
0xce8bf7e7d25d57624d38efa16ea8c5035a054bcc,ethereum,1,Bitget,explorer_tag,tagged_ethereum,2024-07-02T10:58:59Z,4,1,Bitget,0.999821,1.0,12138516.0,0.50009,2,1,2,2,1.0,,0.0,0.0,0,0,1.0,0.0
0xce9172c9e10e3df8f1a374489a68b2ca5daf5eca,ethereum,1,Bitget,explorer_tag,tagged_ethereum,2024-03-01T20:42:59Z,4,1,Bitget,0.999415,1.0,17379696.0,0.500292,2,1,2,2,1.0,,0.0,0.0,0,0,1.0,0.0
0xce9786d3712fa200e9f68537eeaa1a06a6f45a4b,ethereum,0,other,labelled:entity,tagged_ethereum,2015-07-30T15:26:13Z,6,1,,0.999999,1.0,45979801.5,0.75,3,1,4,2,0.5,,0.0,0.0,0,1,0.0,0.0
0xcea4bf3c27b5b556d1e1b87e071d78232d1a8b27,ethereum,0,Deribit,labelled:exchange,tagged_ethereum,2024-03-15T10:09:11Z,27,1,Deribit,0.999981,1.0,120.0,0.062518,7,1,16,11,0.6875,2.097457,0.444444,0.181818,1,0,1.0,0.181818
0xcefc0197caeff342e28b67c3717e5e1f580970d1,ethereum,0,Bilaxy,customer,tagged_ethereum,2023-02-10T23:05:47Z,111,1,Binance,0.488396,0.19403,46536.0,0.045455,21,25,44,67,1.522727,3.042541,0.117117,0.149254,9,0,0.0,0.029851
0xcf2ebdf02b68c057d4ad2ae227f11fb6692d227a,ethereum,0,Bitget,customer,tagged_ethereum,2022-01-14T11:20:49Z,7,1,Coinbase,0.128259,0.333333,3162.5,0.121741,3,3,4,3,0.75,0.999962,0.0,0.333333,1,1,0.0,0.333333
0xcf583652537ed51b73fb9e51c8f54cf6e1f8ae3b,ethereum,0,Bitget,customer,tagged_ethereum,2025-07-09T10:52:47Z,12,1,,0.016577,0.090909,4308.0,0.000489,1,11,1,11,11.0,2.214314,0.0,0.0,0,0,0.0,0.0
0xcfacfc627e4b476f5019e26cc7dc91cd04a7be42,ethereum,1,Bitget,explorer_tag,tagged_ethereum,2024-02-05T15:31:47Z,7,1,Bitget,0.997708,1.0,18305640.0,0.002292,2,1,3,4,1.333333,1.395525,0.0,0.0,0,0,1.0,0.0
0xcfe871509b95d1c5ac0b48555fec80f5b83398e6,ethereum,0,Bilaxy,customer,tagged_ethereum,2025-05-16T15:14:11Z,9,1,Binance,0.486267,0.5,1752.0,0.003901,4,3,5,4,0.8,1.155255,0.0,1.0,4,1,0.0,1.0
0xd033cab4b6eeab702a1d1e1ba00cb120ae42ba2c,ethereum,0,Bitget,customer,tagged_ethereum,2023-12-24T13:12:59Z,68,1,MEXC,0.037682,0.113636,268944.0,0.166667,18,30,24,44,1.833333,1.608187,0.102941,0.181818,4,0,0.0,0.068182
0xd056f2d685b9de70b79d06706c4cd54083bb739c,ethereum,0,Bilaxy,customer,tagged_ethereum,2022-04-05T16:37:51Z,20,1,,0.951721,0.9,4477.0,0.04786,6,2,10,10,1.0,1.255358,0.0,0.5,4,1,0.0,0.0
0xd0865e896e9094c6367c189a52a1ee28f7384c33,ethereum,1,Bitget,explorer_tag,tagged_ethereum,2024-01-21T17:45:59Z,3,1,Bitget,0.998899,1.0,19098804.0,0.001101,1,1,1,2,2.0,,0.0,0.0,0,0,1.0,0.0
0xd0941698c352792e0bc1e885943b66a3ffbdcd22,ethereum,0,Bitget,customer,tagged_ethereum,2024-03-29T18:24:59Z,22,1,Bitget,0.555405,0.4,93240.0,0.083372,6,5,12,10,0.833333,1.787082,0.0,0.4,2,1,0.0,0.4
0xd0c4f361236b5749fc6e27ff2d7d3c1dd47f38ab,ethereum,0,Bilaxy,customer,tagged_ethereum,2024-05-02T01:28:35Z,3,1,,0.488287,1.0,14140368.0,0.511713,2,1,2,1,0.5,,0.0,0.0,0,1,0.0,0.0
0xd0f3ebd82a5307e8becc08e8c08028850d61d1cd,ethereum,0,Bitget,customer,tagged_ethereum,2024-02-19T09:01:59Z,19,1,,0.0,0.058824,1068.0,0.500071,2,17,2,17,8.5,3.871926,0.0,0.0,0,0,0.0,0.0
0xd0f751644d1271865a27c503ad31ed9ade50005f,ethereum,0,Bitget,customer,tagged_ethereum,2024-04-05T21:21:23Z,10,1,,0.0125,0.333333,88692.0,0.0,3,3,4,6,1.5,1.996194,0.2,0.5,1,0,0.0,0.0
0xd123b64dd4b4e7678311a4c24b928f5476020ea4,ethereum,1,Bilaxy,explorer_tag,tagged_ethereum,2021-10-01T12:36:47Z,2,1,Binance,1.0,1.0,9474959.0,0.0,1,1,1,1,1.0,,1.0,0.0,0,0,1.0,0.0
0xd15bc4ae1ca978663752b906d6e7f5e979332fca,ethereum,1,Bitget,explorer_tag,tagged_ethereum,2024-02-03T12:52:59Z,3,1,Bitget,0.99739,1.0,18546030.0,0.00261,1,1,1,2,2.0,,0.0,0.0,0,0,1.0,0.0
0xd1ab3fa0a53073ca1da710eabfacb5a473ecb8a4,ethereum,0,Bitget,customer,tagged_ethereum,2018-07-30T01:42:57Z,15,1,,0.784578,0.8,156407380.0,0.507711,8,2,10,5,0.5,1.73174,0.0,0.0,0,0,0.0,0.0
0xd1cec054109d7e9d489d7c6c89fd614de6b6ea28,ethereum,0,Bitget,customer,tagged_ethereum,2024-02-16T09:51:23Z,41,1,,0.184864,0.4,270300.0,0.349494,18,6,26,15,0.576923,2.196303,0.170732,0.0,0,1,0.0,0.0
0xd1ea110c9436529265fcd733ecbb12f947debb3a,ethereum,1,Bitget,explorer_tag,tagged_ethereum,2023-02-17T11:41:35Z,20,1,Bitget,0.519671,0.571429,58230.0,0.000866,4,3,13,7,0.538462,1.412837,0.0,0.285714,1,0,1.0,0.285714
0xd2c707dca36ead778967baa8520a813adfc15f06,ethereum,0,Bilaxy,customer,tagged_ethereum,2025-01-18T20:58:35Z,2,1,,0.911555,1.0,67524.0,0.088445,1,1,1,1,1.0,,0.0,0.0,0,1,0.0,0.0
0xd2dbaffc98fa7f5481479a5dfd4ef32fc0e80f31,ethereum,1,Bilaxy,explorer_tag,tagged_ethereum,2023-05-18T12:19:59Z,1,1,,,,,1.0,1,0,1,0,0.0,,0.0,,0,,,
0xd2e5cea85f1d1d9fbe38537df2abe403ff29f8b5,ethereum,1,Bitget,explorer_tag,tagged_ethereum,2024-02-25T17:11:11Z,63,1,Bitget,0.940473,0.96,372.0,0.105893,11,2,38,25,0.657895,0.946916,0.253968,0.24,1,0,1.0,0.24
0xd2ecfc5605c87cb85ffbbf30f9b287725fa99d5a,ethereum,0,Bitget,customer,tagged_ethereum,2022-05-07T20:05:44Z,91,1,Binance,0.416725,0.115385,28800.0,0.000369,26,36,39,52,1.333333,2.014755,0.032967,0.326923,14,0,0.0,0.153846
0xd2edd1ddd6d86dc005baeb541d22b640d5c7cae5,ethereum,0,other,labelled:entity,tagged_ethereum,2015-07-30T15:26:13Z,17,1,,0.0,0.5,284975926.0,0.933334,11,2,15,2,0.133333,,0.0,0.0,0,0,0.0,0.0
0xd2fd7f28e8cacd8a9fe121fb89bb1dd4094d5254,ethereum,1,Bilaxy,explorer_tag,tagged_ethereum,2023-10-15T20:21:11Z,3,1,,,,,1.0,2,0,3,0,0.0,,0.0,,0,,,
0xd38e6db372ae5e2c27fe0e4745f08710e26c97dc,ethereum,1,Bilaxy,explorer_tag,tagged_ethereum,2025-03-07T20:08:59Z,6,1,,,,,1.0,3,0,6,0,0.0,,0.0,,0,,,
0xd39704d344b76ccb11f2f8bdda7599af61b7b2af,ethereum,1,Bitget,explorer_tag,tagged_ethereum,2024-02-22T08:20:35Z,5,1,Bitget,0.99868,1.0,16575426.0,0.00132,2,1,2,3,1.5,0.86834,0.0,0.0,0,0,1.0,0.0
0xd3ae0973d8c7cd6b22000f90a22950be81d162cd,ethereum,0,Bitget,customer,tagged_ethereum,2024-10-06T15:32:35Z,6,1,,0.999781,1.0,2065500.0,0.000219,3,1,3,3,1.0,0.866667,0.0,0.0,0,0,0.0,0.0
0xd3cc22b1cdb7a3aad345047d64d066fe5bafddd5,ethereum,0,Deribit,labelled:exchange,tagged_ethereum,2023-11-08T09:33:11Z,2,1,Deribit,0.999705,1.0,348.0,0.000295,1,1,1,1,1.0,,0.0,0.0,0,0,1.0,0.0
0xd434c057ae730f3c4183fe07c8a444ede887caaf,ethereum,0,Deribit,labelled:exchange,tagged_ethereum,2023-11-10T15:29:35Z,10,1,Deribit,0.999848,1.0,60.0,0.166794,3,1,6,4,0.666667,1.10543,0.0,0.0,0,0,1.0,0.0
0xd468cd8d85cb4cf583dfabd4f4b4436122869eca,ethereum,1,Bitget,explorer_tag,tagged_ethereum,2024-08-03T19:35:23Z,6,1,Bitget,0.998357,1.0,300.0,0.001643,3,1,3,3,1.0,0.924725,0.0,0.333333,1,0,1.0,0.333333
0xd496dd6d54ec811cb6a06b2e60218f036df117c3,ethereum,0,Bilaxy,customer,tagged_ethereum,2022-11-11T13:36:47Z,200,0,,0.007738,0.095238,53910.0,0.087201,20,36,95,105,1.105263,1.739704,0.99,0.0,0,0,0.0,0.0
0xd4c7f0d18ddc5fb40203c5b5050798b9d8d5efcc,ethereum,1,Bitget,explorer_tag,tagged_ethereum,2024-11-15T05:27:11Z,3,1,Bitget,0.996606,1.0,6279270.0,0.003394,1,1,1,2,2.0,,0.0,0.0,0,0,1.0,0.0
0xd52109d81a5b398363fca44a9bd448473cfd5df6,ethereum,1,Bilaxy,explorer_tag,tagged_ethereum,2024-04-04T16:05:23Z,3,1,,,,,1.0,2,0,3,0,0.0,,0.0,,0,,,
0xd5302b49f86917eb36ddfca6a5f490a29a30cdca,ethereum,1,Bilaxy,explorer_tag,tagged_ethereum,2021-08-01T12:30:43Z,3,1,Binance,1.0,1.0,15925495.0,0.5,2,1,2,1,0.5,,0.0,1.0,1,0,1.0,1.0
0xd553189f2cc2565b261dec43013d257627b2671e,ethereum,0,Deribit,labelled:exchange,tagged_ethereum,2023-07-03T19:36:47Z,7,1,Deribit,0.999992,1.0,60.0,0.250006,4,1,4,3,0.75,0.999705,0.0,0.0,0,0,1.0,0.0
0xd5960385b2c4d084a74f4528808f3105b257a1b6,ethereum,0,other,labelled:entity,tagged_ethereum,2020-12-17T06:19:01Z,15,1,,0.382975,0.777778,26832.0,0.0,2,2,6,9,1.5,1.31199,0.0,0.0,0,0,0.0,0.0
0xd5b8a3d5bca27f6a4009e2714b895ee4f0d28d59,ethereum,0,Bitget,customer,tagged_ethereum,2026-08-06T06:05:35Z,199,0,,0.290154,0.455782,7920.0,0.129692,24,37,52,147,2.826923,3.351947,0.145729,0.217687,14,1,0.0,0.0
0xd5ce7d07c0d81df969e77cb248660c69c25dedb3,ethereum,0,Bitget,customer,tagged_ethereum,2024-03-21T14:27:59Z,35,1,Binance,0.432704,0.470588,9516252.0,0.111111,10,7,18,17,0.944444,2.447688,0.0,0.352941,3,0,0.0,0.294118
0xd5dccffd63a52ec5fa7bd319bbb6aefa7f2ecd27,ethereum,0,Bitget,customer,tagged_ethereum,2026-04-22T12:46:11Z,5,1,,0.274,0.5,1382412.0,0.333333,2,2,3,2,0.666667,,0.8,0.5,1,0,0.0,0.0
0xd60d84abf817dab679b59c18bb13d315e82dd618,ethereum,0,Deribit,labelled:exchange,tagged_ethereum,2025-11-17T07:53:59Z,27,1,Deribit,0.999999,1.0,1734.0,0.150003,8,1,20,7,0.35,1.537313,0.481481,0.571429,3,0,1.0,0.285714
0xd618b0f63074bc70897a65382556ab6b79cb11dd,ethereum,1,Bilaxy,explorer_tag,tagged_ethereum,2022-05-10T12:41:47Z,25,1,Binance,0.996658,1.0,472047.5,0.07249,7,1,17,8,0.470588,0.813286,0.08,0.0,0,0,1.0,0.0
0xd6ae7f747f76d319d56096a05f94fa9791f65874,ethereum,1,Bitget,explorer_tag,tagged_ethereum,2024-07-04T01:59:11Z,54,1,Bitget,0.644824,0.636364,924.0,0.031577,11,2,32,22,0.6875,2.366114,0.111111,0.181818,3,0,1.0,0.045455
0xd7188aebb83f6d18bc9b8c41bfd256e9054ba7c7,ethereum,1,Bitget,explorer_tag,tagged_ethereum,2024-06-24T11:35:35Z,7,1,Bitget,0.999881,1.0,24958956.0,0.250089,2,1,4,3,0.75,0.999913,0.0,0.0,0,0,1.0,0.0
0xd75496c0a6a36308cfda58e317ab97ea46b8f6b5,ethereum,0,other,labelled:entity,tagged_ethereum,2018-02-04T13:22:35Z,25,0,,0.995999,0.625,39344.0,0.352991,13,4,17,8,0.470588,1.123241,0.0,0.0,0,0,0.0,0.0
0xd7a60511afdacb81ceee8d9917082f6ee3f24f3c,ethereum,1,Bilaxy,explorer_tag,tagged_ethereum,2024-08-03T21:43:35Z,3,1,,,,,1.0,1,0,3,0,0.0,,0.0,,0,,,
0xd7ae0966361e3c5b2bfcc46457ca90cd60181036,ethereum,1,Bitget,explorer_tag,tagged_ethereum,2024-10-08T09:32:47Z,8,1,Bitget,0.999855,1.0,372.0,0.200116,4,1,5,3,0.6,0.924605,0.0,0.333333,1,0,1.0,0.0
0xd7e6d9a2e6f86324cf8acf906d96d07184dc4ef0,ethereum,0,Bilaxy,customer,tagged_ethereum,2023-09-05T15:53:23Z,158,0,,0.000556,0.020134,10416.0,0.706722,2,130,9,149,16.555556,9.435098,0.303797,0.020134,1,1,0.0,0.0
0xd7ea6863cfb8d1b16d4e31cc2963c0f8a8bd6849,ethereum,0,other,labelled:entity,tagged_ethereum,2024-03-11T21:41:11Z,21,1,,,,,1.0,13,0,21,0,0.0,,0.190476,,0,,,
0xd7f73cba68f4825aa23ff72229aecd22544691e3,ethereum,1,Bilaxy,explorer_tag,tagged_ethereum,2021-08-15T11:40:17Z,4,1,Binance,1.0,1.0,13098626.0,0.0,2,1,3,1,0.333333,,0.0,0.0,0,0,1.0,0.0
0xd82291413b02f85d4c780c5963096376dd51dc26,ethereum,0,Bilaxy,customer,tagged_ethereum,2020-12-29T07:38:05Z,200,0,,5.8e-05,0.024096,6039.0,0.485347,114,81,117,83,0.709402,2.651378,0.0,0.012048,1,0,0.0,0.0
0xd831fb161104fc7c460da091a5bd598b4fed97b9,ethereum,0,Bilaxy,customer,tagged_ethereum,2025-08-21T13:41:35Z,5,1,Binance,0.478556,0.333333,336.0,0.004206,2,3,2,3,1.5,0.975523,0.0,0.666667,2,0,0.0,0.666667
0xd89afb79dc22f1607a422bbe50e86e09f3c361ca,ethereum,0,Bilaxy,customer,tagged_ethereum,2023-05-28T20:13:11Z,32,1,Binance,0.20646,0.111111,923268.0,0.142873,11,17,14,18,1.285714,1.724337,0.0,0.111111,2,1,0.0,0.055556
0xd8b9de19f10ae1291e3b4dc96616c068416f9c3a,ethereum,0,Bilaxy,customer,tagged_ethereum,2024-01-26T16:30:59Z,29,1,,0.404212,0.428571,27269748.0,0.208441,12,4,15,14,0.933333,1.953041,0.0,0.0,0,0,0.0,0.0
0xd8cdde7a8d730caefd6ae2e90037685cab7fa949,ethereum,0,Bitget,customer,tagged_ethereum,2023-10-12T10:00:23Z,184,0,,0.0,0.047619,49704.0,0.880415,44,79,58,126,2.172414,2.452549,0.298913,0.071429,2,0,0.0,0.0
0xd90e008a59d429aea0683e1f8029f4a45c08917e,ethereum,0,Bitget,customer,tagged_ethereum,2023-09-04T20:26:47Z,8,1,,0.989619,0.4,107208.0,0.333333,3,4,3,5,1.666667,0.998569,0.0,0.0,0,0,0.0,0.0
0xd91bb1474fbba9069fe72beec398e8689a51de28,ethereum,0,Bilaxy,customer,tagged_ethereum,2022-03-06T11:58:38Z,196,0,,0.009358,0.090226,352053.0,0.22232,27,64,63,133,2.111111,5.465764,0.280612,0.0,0,0,0.0,0.0
0xd96ab13ce87ab2e199ff90e626476ecf00b9c70f,ethereum,0,Bilaxy,customer,tagged_ethereum,2025-07-20T08:59:23Z,8,1,Binance,0.465172,0.5,417876.0,0.0,3,3,4,4,1.0,0.695571,0.0,0.25,1,0,0.0,0.25
0xd96fe1a91fb68e41280e7de0ab4fcca5dcf7ec09,ethereum,1,Bilaxy,explorer_tag,tagged_ethereum,2024-01-04T14:05:11Z,18,1,Binance,0.982365,1.0,12435072.0,0.228142,12,1,14,4,0.285714,0.508287,0.111111,0.25,1,0,1.0,0.25
0xd98fa0fefa3fc51e27820cb099a5d4aadfe6154a,ethereum,1,Bitget,explorer_tag,tagged_ethereum,2023-11-27T06:17:47Z,12,1,Bitget,0.813789,0.666667,87036.0,0.000952,1,2,6,6,1.0,1.753977,0.0,0.0,0,0,1.0,0.0
0xd99e39f246cb4145d7ddffbb915d63622bf78f7f,ethereum,0,Bitget,customer,tagged_ethereum,2024-08-25T18:00:11Z,29,1,,0.790917,0.391304,6458166.0,0.333496,5,7,6,23,3.833333,1.834551,0.0,0.043478,1,1,0.0,0.0
0xd9a03aba57f089a997a14ddfe692ee05378ece33,ethereum,1,Bilaxy,explorer_tag,tagged_ethereum,2022-10-13T21:50:11Z,24,1,Binance,0.994896,1.0,6529260.0,0.129466,4,1,16,8,0.5,1.535004,0.0,0.5,1,0,1.0,0.0
0xda03d25827cbe6d7130def08b7c5c2358ed6debe,ethereum,0,Bilaxy,customer,tagged_ethereum,2023-02-01T21:03:35Z,59,0,,0.416106,0.191489,1343856.0,0.271816,8,18,12,47,3.916667,4.751187,0.661017,0.0,0,1,0.0,0.0
0xda11092ca274c4d2141e5c43bd3d8e75c0abe0d6,ethereum,0,Bilaxy,customer,tagged_ethereum,2024-02-22T14:18:35Z,11,1,,0.0,0.25,144.0,0.666667,2,7,3,8,2.666667,2.273026,0.0,0.0,0,0,0.0,0.0
0xda21bc33d1748e0c4706e2971edf4eaa724972ef,ethereum,0,Bilaxy,customer,tagged_ethereum,2021-09-05T10:38:26Z,5,1,,0.285714,0.25,26342.5,0.0,1,4,1,4,4.0,1.371215,0.0,0.25,1,0,0.0,0.0
0xda34b2eae30bafe8daeccde819a794cd89e09549,ethereum,0,other,labelled:entity,tagged_ethereum,2015-07-30T15:26:13Z,66,1,,,1.0,,1.0,50,1,65,1,0.015385,,0.0,0.0,0,0,0.0,0.0
0xdaa00a94d2480ba2c8a431befdd2bc72ff479d22,ethereum,0,Bitget,customer,tagged_ethereum,2021-01-18T06:59:04Z,197,0,FTX,0.035604,0.137255,32737.0,0.053429,38,51,95,102,1.073684,2.175455,0.228426,0.009804,1,0,0.0,0.009804
0xdb18abf99d44412559d47dbdb9c8054a9515757d,ethereum,0,Bilaxy,customer,tagged_ethereum,2024-02-08T14:34:47Z,17,1,,0.041772,0.25,92118.0,0.222222,8,7,9,8,0.888889,1.673418,0.0,0.25,2,0,0.0,0.0
0xdb1df9c4bfc341001dd6f831ec70ac3b4c77f2f2,ethereum,1,Bilaxy,explorer_tag,tagged_ethereum,2022-08-07T13:30:32Z,66,1,Binance,0.977684,1.0,2653080.0,0.109806,23,1,55,11,0.2,2.394282,0.212121,0.363636,4,0,1.0,0.0
0xdb50e0a5aa3308f4271d6b2f7212348e3e67976f,ethereum,1,Bitget,explorer_tag,tagged_ethereum,2024-08-29T23:00:47Z,3,1,Bitget,0.99821,1.0,9597474.0,0.00179,1,1,1,2,2.0,,0.0,0.0,0,0,1.0,0.0
0xdb8d6bdb91645eef563c9b87b7d187717f4699d0,ethereum,0,Bitget,customer,tagged_ethereum,2024-07-07T15:44:35Z,9,1,,0.653333,0.5,798.0,0.40053,3,3,5,4,0.8,0.737376,0.0,0.0,0,0,0.0,0.0
0xdba2e94029f8b9fe98062478d5e53a8d05d9f61c,ethereum,0,Bilaxy,customer,tagged_ethereum,2021-09-02T16:25:26Z,9,1,,0.187257,0.333333,2953128.0,0.0,2,5,3,6,2.0,0.973345,0.0,0.166667,1,0,0.0,0.0
0xdba7b4c9af46de2c269f6d63b81c92c2ef95b68e,ethereum,1,Bitget,explorer_tag,tagged_ethereum,2024-02-13T17:09:23Z,51,1,Bitget,0.964153,0.952381,528.0,0.066791,16,2,30,21,0.7,1.867471,0.313725,0.190476,4,0,1.0,0.047619
0xdbed64a9e1a9259e4406f2fcf11b6adabb3dd897,ethereum,1,Bilaxy,explorer_tag,tagged_ethereum,2021-08-08T16:37:49Z,3,1,Binance,1.0,1.0,14767265.5,0.0,1,1,2,1,0.5,,0.0,0.0,0,0,1.0,0.0
0xdc4d002eaf13e73755c3bab88c0edc003bab3b39,ethereum,1,Bitget,explorer_tag,tagged_ethereum,2024-03-07T11:13:23Z,79,1,Bitget,0.999857,0.891892,312.0,0.047755,15,3,42,37,0.880952,2.031478,0.810127,0.027027,1,0,0.891892,0.027027
0xdc85107f52b51b98d8ab320a5e233017a4bbb87a,ethereum,0,other,labelled:entity,tagged_ethereum,2025-09-08T17:49:11Z,43,0,,0.209159,0.129032,346716.0,0.608727,2,9,12,31,2.583333,2.703402,0.0,0.0,0,0,0.0,0.0
0xdce838ab69d1d97f689000d02d685cb2a037f262,ethereum,1,Bilaxy,explorer_tag,tagged_ethereum,2024-03-30T06:21:23Z,5,1,Binance,1.0,1.0,696.0,0.75,2,1,4,1,0.25,,0.0,0.0,0,0,1.0,0.0
0xdd39d5a5e7fe08c25683f84bbbb1887987349e19,ethereum,1,Bilaxy,explorer_tag,tagged_ethereum,2022-10-10T00:00:47Z,14,1,Binance,0.920533,1.0,1492122.0,0.321461,5,1,11,3,0.272727,0.377168,0.357143,0.333333,1,0,1.0,0.333333
0xddb6ead9683e7a84f1e15030922c132b0d2958a6,ethereum,0,Bilaxy,customer,tagged_ethereum,2025-07-03T12:01:47Z,7,1,,0.296523,0.5,1374114.0,0.03681,2,2,3,4,1.333333,0.841022,0.571429,0.0,0,0,0.0,0.0
0xddba60575e267de3581fb81759ac77b3a6138485,ethereum,1,Bitget,explorer_tag,tagged_ethereum,2024-07-13T10:42:23Z,3,1,Bitget,0.998069,1.0,11664792.0,0.001931,1,1,1,2,2.0,,0.0,0.0,0,0,1.0,0.0
0xddd9e6eb0b1508091763a8750038f013a9d65d0b,ethereum,1,Bitget,explorer_tag,tagged_ethereum,2024-01-25T08:22:11Z,182,1,Bitget,0.708376,0.688312,348.0,0.019403,20,3,105,77,0.733333,1.837672,0.252747,0.103896,6,0,1.0,0.012987
0xddde3b9ddffe5f600fdb0ccc5a9b1ef79f65b341,ethereum,1,Bitget,explorer_tag,tagged_ethereum,2024-09-11T14:18:35Z,14,1,Bitget,0.998477,1.0,372.0,0.001523,5,1,7,7,1.0,0.954811,0.571429,0.142857,1,0,1.0,0.142857
0xdde54bcc6b0a01f9d6481720f3dcc731d6062d64,ethereum,0,other,labelled:entity,tagged_ethereum,2021-02-01T16:03:17Z,1,1,,,,,1.0,1,0,1,0,0.0,,1.0,,0,,,
0xdeb0801a11d674fa73fd3f52abc476ccd4b6c847,ethereum,0,Bilaxy,customer,tagged_ethereum,2017-12-18T22:18:26Z,48,1,Binance,0.016939,0.382353,35006.0,0.50047,9,8,14,34,2.428571,4.504841,0.083333,0.205882,2,0,0.0,0.088235
0xdeb16a51c2fa008196447d730c6c48af10effd9d,ethereum,0,Bitget,customer,tagged_ethereum,2024-08-15T13:40:11Z,9,1,,0.271179,0.25,1494.0,0.200035,3,4,5,4,0.8,1.390271,0.0,0.0,0,0,0.0,0.0
0xdeefed03dcbcc24e36c96920dec8ad130985f0c5,ethereum,1,Bitget,explorer_tag,tagged_ethereum,2024-04-25T10:25:59Z,8,1,Bitget,0.999575,1.0,2189646.0,0.250318,2,1,4,4,1.0,0.928638,0.0,0.0,0,0,1.0,0.0
0xdf21dbd3ee765a11f2513498082ae633e25559de,ethereum,1,Bilaxy,explorer_tag,tagged_ethereum,2024-01-21T18:22:47Z,2,1,,,,,1.0,2,0,2,0,0.0,,0.0,,0,,,
0xdf237ba4af842523422d058c5d31d070d01ab601,ethereum,0,other,labelled:defi,tagged_ethereum,2022-06-26T14:06:45Z,42,1,,0.640014,0.157895,346467.5,0.000196,14,15,23,19,0.826087,2.193934,0.0,0.0,0,0,0.0,0.0
0xdf40b417a673e6f97ccc2d01018cd1c9b3ba9192,ethereum,0,other,labelled:entity,tagged_ethereum,2022-11-03T06:43:35Z,200,0,Coinbase,0.706029,0.807692,603216.0,0.024857,24,2,174,26,0.149425,0.879427,0.0,0.423077,1,0,0.0,0.423077
0xdf4d4b9681d1da1132c608d50c401bd2450fb6a2,ethereum,0,Bitget,customer,tagged_ethereum,2024-03-29T06:45:11Z,7,1,,0.5,0.5,7914.0,0.403421,4,2,5,2,0.4,,0.0,0.5,1,0,0.0,0.0
0xdf6398d5609cdb0e2b3c4b090c57faa12a0ab373,ethereum,1,Bilaxy,explorer_tag,tagged_ethereum,2023-12-02T16:29:35Z,3,1,,,,,1.0,3,0,3,0,0.0,,0.0,,0,,,
0xdf99fdd072b2e5f72a5b38c2b8a1b2440b39462a,ethereum,0,Bilaxy,customer,tagged_ethereum,2025-06-12T19:36:35Z,200,0,,0.021945,0.060109,10194.0,0.03,14,141,17,183,10.764706,7.104433,0.0,0.071038,5,1,0.0,0.0
0xdfb9ab8596520da8d1f0a63c79b9829eb492a9e9,ethereum,1,Bilaxy,explorer_tag,tagged_ethereum,2023-06-20T20:41:23Z,14,1,Binance,1.0,1.0,1239744.0,0.545455,7,1,11,3,0.272727,0.952619,0.428571,0.666667,1,0,1.0,0.666667
0xdffddd43287ea461cc64013a4f25d449b517ea37,ethereum,0,Deribit,labelled:exchange,tagged_ethereum,2023-11-09T13:50:47Z,16,1,Deribit,0.999165,1.0,96.0,0.117588,3,1,10,6,0.6,1.991272,0.0,0.0,0,0,1.0,0.0
0xdfffb7ba70eabd7138d9c89e02d9e5a15d7fe096,ethereum,0,Celsius,labelled:custodial_wallet,tagged_ethereum,2020-05-29T21:17:55Z,200,0,,0.004,0.01005,365147.0,0.602,1,198,1,199,199.0,6.125985,0.0,0.0,0,1,0.0,0.0
0xe02320715500b84008e336a96ea5fc1d03f4c848,ethereum,1,Bilaxy,explorer_tag,tagged_ethereum,2021-08-17T11:21:50Z,3,1,Binance,1.0,1.0,13363073.0,0.0,1,1,2,1,0.5,,0.0,0.0,0,0,1.0,0.0
0xe036cce08cf4e23d33bc6b18e53caf532afa8513,ethereum,0,other,labelled:defi,tagged_ethereum,2020-07-03T03:32:55Z,199,0,,0.010974,0.096774,0.0,0.617949,41,40,137,62,0.452555,4.312513,0.0,0.0,0,0,0.0,0.0
0xe08d419fe9b3c6672e6c7b7dea3dba2b1c3dfb19,ethereum,0,Bilaxy,customer,tagged_ethereum,2023-04-11T13:29:11Z,2,1,,0.882256,1.0,216.0,0.117744,1,1,1,1,1.0,,0.0,1.0,1,1,0.0,0.0
0xe122a868af0bf08abbd19aa3aff4c7fc6260d757,ethereum,1,Bitget,explorer_tag,tagged_ethereum,2024-04-04T15:48:11Z,12,1,Bitget,0.999402,1.0,37068.0,0.167165,2,1,6,6,1.0,1.292308,0.0,0.0,0,0,1.0,0.0
0xe137ee6325f1d507788ec1e26129ce29ed626f4d,ethereum,0,Bilaxy,customer,tagged_ethereum,2023-05-19T14:33:35Z,194,0,,0.172105,0.115385,90720.0,0.090919,71,28,142,52,0.366197,3.380753,0.865979,0.0,0,1,0.0,0.0
0xe16c9734543d43256036b618484d9857133b70c9,ethereum,1,Bitget,explorer_tag,tagged_ethereum,2024-10-22T12:30:23Z,3,1,Bitget,0.997581,1.0,7296888.0,0.002419,1,1,1,2,2.0,,0.0,0.0,0,0,1.0,0.0
0xe1e00ee3c6cb7072e08c5b2029af2cf87deb43be,ethereum,0,Bitget,customer,tagged_ethereum,2023-08-24T05:18:11Z,15,1,OKX,0.405748,0.2,888.0,0.0,3,7,5,10,2.0,1.560276,0.0,0.2,1,0,0.0,0.2
0xe1e0b7911dbc63658931f764a6fb610346537ed9,ethereum,1,Bilaxy,explorer_tag,tagged_ethereum,2025-03-16T12:33:35Z,17,1,Binance,0.832458,0.6,14291808.0,0.000875,6,3,12,5,0.416667,1.297611,0.352941,0.0,0,0,0.6,0.0
0xe22674b77abbdd34af5f5d2251399a3a4eb997af,ethereum,0,Bilaxy,customer,tagged_ethereum,2020-12-28T16:42:05Z,25,1,,0.194729,0.25,814683.0,0.07118,4,7,17,8,0.470588,1.661388,0.8,0.0,0,0,0.0,0.0
0xe25a329d385f77df5d4ed56265babe2b99a5436e,ethereum,0,Paxos,labelled:custodial_wallet,tagged_ethereum,2021-03-10T22:09:11Z,200,0,Paxos,0.284225,0.315789,6969.0,0.180296,111,7,181,19,0.104972,4.036446,0.0,0.0,0,0,0.210526,0.0
0xe2ccd8c9d97b1ffdccd0ca727238cd422f7d1354,ethereum,1,Bitget,explorer_tag,tagged_ethereum,2024-02-06T17:49:47Z,77,1,Bitget,0.658423,0.59375,780.0,0.088992,11,4,45,32,0.711111,1.643137,0.025974,0.09375,2,0,1.0,0.09375
0xe2f88bf62021d46a44dc59e3d4ddfb57872c3caf,ethereum,0,Bilaxy,customer,tagged_ethereum,2022-05-13T05:40:10Z,2,1,,0.699743,1.0,256.0,0.300257,1,1,1,1,1.0,,0.0,1.0,1,1,0.0,0.0
0xe32bf0bfbb17b1139e83991bf3a881be6618b4ec,ethereum,0,Bilaxy,customer,tagged_ethereum,2024-04-19T08:21:59Z,26,1,,0.020606,0.1875,158208.0,0.0284,9,10,10,16,1.6,1.08666,0.307692,0.0,0,0,0.0,0.0
0xe34e325939e7699b3939571698d527dba0459dc0,ethereum,0,Bitget,customer,tagged_ethereum,2024-03-21T21:04:35Z,4,1,Bitget,0.999127,1.0,1008.0,0.000873,1,1,2,2,1.0,,0.0,0.5,1,1,0.0,0.5
0xe35474e9bcf238d2c8354b6c561a0e69985bba69,ethereum,1,Bitget,explorer_tag,tagged_ethereum,2024-12-04T08:08:47Z,13,1,Bitget,0.666388,0.666667,792.0,0.143096,7,2,7,6,0.857143,1.958479,0.0,0.333333,1,0,1.0,0.333333
0xe36521f9e0da813205708ba5793e02995dda40b8,ethereum,0,Deribit,labelled:exchange,tagged_ethereum,2024-12-12T02:02:11Z,3,1,Deribit,0.999848,1.0,510.0,0.000152,1,1,2,1,0.5,,0.0,1.0,1,0,1.0,0.0
0xe384d480b537d6f779f20fabd1644010195a661e,ethereum,0,Bilaxy,customer,tagged_ethereum,2023-05-03T11:09:35Z,35,1,Binance,0.123213,0.210526,33018.0,0.000554,11,10,16,19,1.1875,2.66444,0.0,0.578947,5,0,0.0,0.473684
0xe3923701d62131ae223832870e33ec4ab8e048db,ethereum,0,Bilaxy,customer,tagged_ethereum,2024-04-12T04:44:11Z,1,1,,,1.0,,,0,1,0,1,,,0.0,0.0,0,1,0.0,0.0
0xe3afd254f4c1dbb2797c947ee8fb5170713b0db8,ethereum,0,other,labelled:entity,tagged_ethereum,2024-06-02T15:20:47Z,5,1,,0.980842,1.0,31345188.0,0.019158,2,1,3,2,0.666667,,0.0,0.5,1,0,0.0,0.0
0xe471996d6796f62186038a866958855ebd5b4041,ethereum,1,Bilaxy,explorer_tag,tagged_ethereum,2021-01-22T00:40:15Z,92,1,Binance,0.62141,0.645161,57810.0,0.034527,37,2,61,31,0.508197,2.819969,0.0,0.0,0,0,1.0,0.0
0xe4731fd8f593444a018554ccdb30de400c4b2bb0,ethereum,0,Bitget,customer,tagged_ethereum,2023-07-20T14:52:47Z,200,0,Binance,0.729634,0.682927,400500.0,0.017926,14,8,118,82,0.694915,1.918302,0.025,0.036585,3,1,0.0,0.012195
0xe53c9d692d60421f679dc974f22ad8142e0315a1,ethereum,0,Bitget,customer,tagged_ethereum,2023-09-19T12:52:23Z,64,1,,0.512042,0.470588,5570928.0,0.334083,22,10,30,34,1.133333,2.566032,0.140625,0.029412,1,0,0.0,0.0
0xe5430d868e091c952d2e0e1476c1cd04b9542db8,ethereum,0,Deribit,labelled:exchange,tagged_ethereum,2023-02-24T06:36:59Z,9,1,Deribit,1.0,1.0,60.0,0.28587,4,1,7,2,0.285714,,0.111111,0.0,0,0,1.0,0.0
0xe5597935a38d805d03c17bfb23cd6716f50d825e,ethereum,1,Bilaxy,explorer_tag,tagged_ethereum,2021-10-15T05:54:57Z,5,1,Binance,0.9827,1.0,537.5,0.034247,1,1,3,2,0.666667,,0.0,0.0,0,0,1.0,0.0
0xe56be40504a711bf28fdad254e6c2e075f7768ba,ethereum,1,Bitget,explorer_tag,tagged_ethereum,2024-12-02T19:04:35Z,3,1,Bitget,0.997942,1.0,5520162.0,0.002058,1,1,1,2,2.0,,0.0,0.0,0,0,1.0,0.0
0xe5cbd5c700a311ae23ac1f17de336ac1c74ccb77,ethereum,0,Bitget,customer,tagged_ethereum,2026-09-02T09:52:23Z,8,1,,0.327485,0.25,180.0,0.25408,4,4,4,4,1.0,1.41384,0.375,1.0,2,1,0.0,0.0
0xe5ed9fff761e628109a1f5745325fe6e9889f0ab,ethereum,1,Bitget,explorer_tag,tagged_ethereum,2024-07-21T05:24:35Z,15,1,Bitget,0.999814,1.0,71304.0,0.125163,5,1,8,7,0.875,1.328833,0.0,0.0,0,0,1.0,0.0
0xe65c9e23b23aa77c08ff1a5fba2943d8d55fc7f1,ethereum,0,Bilaxy,customer,tagged_ethereum,2023-10-04T15:49:23Z,11,1,,0.015948,0.142857,720.0,0.0,4,7,4,7,1.75,1.036665,0.0,0.428571,2,1,0.0,0.0
0xe65e0b6f7461d3a919ca787ca4acfba7e22020e6,ethereum,0,Deribit,labelled:exchange,tagged_ethereum,2025-08-24T14:49:23Z,5,1,Deribit,1.0,1.0,54.0,0.333333,2,1,3,2,0.666667,,0.0,0.0,0,0,1.0,0.0
0xe6756ab9409bcba7457dc3c862747eb62e8477ad,ethereum,1,Bilaxy,explorer_tag,tagged_ethereum,2022-08-17T00:14:43Z,8,1,Binance,0.972943,1.0,9692723.0,0.122055,3,1,6,2,0.333333,,0.0,0.0,0,0,1.0,0.0
0xe6a8db7d6e8919fe0d360f4deebde942381b3861,ethereum,0,Bilaxy,customer,tagged_ethereum,2022-09-08T15:52:07Z,17,1,,0.59674,0.142857,870.0,0.127463,4,7,10,7,0.7,2.098599,0.352941,0.428571,2,0,0.0,0.0
0xe6ad967bb849af58ecd95319a36257e7e85e9bac,ethereum,1,Bilaxy,explorer_tag,tagged_ethereum,2025-09-23T15:30:47Z,12,1,Binance,1.0,1.0,27073140.0,0.7,6,1,10,2,0.2,,0.25,0.5,1,0,1.0,0.5
0xe6b1caf3b32b3c6c6477e1385a7b902e3e8ca2f2,ethereum,0,Bilaxy,customer,tagged_ethereum,2024-03-24T11:47:59Z,8,1,,0.333333,0.2,62466.0,0.0,3,5,3,5,1.666667,1.06882,0.0,0.4,1,0,0.0,0.0
0xe6f0ed8b35ffae8eb4515cbc70b943a212a61947,ethereum,1,Bilaxy,explorer_tag,tagged_ethereum,2023-12-02T23:06:47Z,178,1,Binance,0.971875,0.907407,26724.0,0.14156,25,3,124,54,0.435484,2.266504,0.578652,0.0,0,0,0.907407,0.0
0xe6fa6576db6b782377883926ca8e93e3640b18c8,ethereum,0,Bilaxy,customer,tagged_ethereum,2021-09-16T20:32:20Z,2,1,,0.999559,1.0,127417263.0,0.000441,1,1,1,1,1.0,,0.0,0.0,0,0,0.0,0.0
0xe7028f16a3c3f29ef45639232704088b9ec64250,ethereum,1,Bitget,explorer_tag,tagged_ethereum,2024-10-15T10:18:47Z,7,1,Bitget,0.998928,1.0,6734610.0,0.001072,2,1,3,4,1.333333,0.74078,0.0,0.0,0,0,1.0,0.0
0xe70b4bab1390d2ce4671e131ee3fc50016cdf456,ethereum,0,Bitget,customer,tagged_ethereum,2024-02-24T13:43:59Z,9,1,,0.75,0.4,44304.0,0.0,4,4,4,5,1.25,1.720568,0.0,0.2,1,1,0.0,0.0
0xe76b005619929335cf3e04c01b73920869453063,ethereum,0,Bilaxy,customer,tagged_ethereum,2023-08-25T17:16:59Z,200,0,Kraken,0.029441,0.078431,48.0,0.090143,4,35,98,102,1.040816,2.382203,0.91,0.029412,1,0,0.0,0.029412
0xe77655a2962dfe79b7acf9a19f93527e5315244b,ethereum,0,Bilaxy,customer,tagged_ethereum,2024-04-18T09:25:59Z,17,1,,0.492643,0.375,684120.0,0.333333,5,5,9,8,0.888889,1.611446,0.588235,0.125,1,0,0.0,0.0
0xe7847d2ac171c9062872ecf5f8314d76cf50b51f,ethereum,0,Bilaxy,customer,tagged_ethereum,2026-02-12T05:02:11Z,143,0,,0.009723,0.027778,3780.0,0.585033,52,70,71,72,1.014085,7.572913,0.608392,0.611111,10,1,0.0,0.0
0xe78f0df1f052e859c0aa2a2688cb9bf16358918f,ethereum,1,Bitget,explorer_tag,tagged_ethereum,2024-06-17T09:46:23Z,3,1,Bitget,0.997636,1.0,12788556.0,0.002364,1,1,1,2,2.0,,0.0,0.0,0,0,1.0,0.0
0xe80155645634125179305db1a5da6de2b533660b,ethereum,1,Bilaxy,explorer_tag,tagged_ethereum,2023-08-21T21:53:47Z,3,1,Binance,0.8125,1.0,384.0,0.568012,1,1,2,1,0.5,,0.0,1.0,1,0,1.0,0.0
0xe81fb7d8b378dcbe505a2cd2bddce96e933fbfec,ethereum,0,Bitget,customer,tagged_ethereum,2022-05-16T18:50:35Z,30,1,Bitget,0.63655,0.625,27905076.0,0.591974,17,4,22,8,0.363636,1.872781,0.0,0.5,1,0,0.0,0.5
0xe873a6424a915beee3e3fcad78914aa50bac0c3f,ethereum,0,Bilaxy,customer,tagged_ethereum,2025-09-15T22:04:59Z,11,1,OKX,0.494064,0.428571,4356.0,0.0,4,4,4,7,1.75,2.134859,0.272727,0.428571,1,1,0.0,0.428571
0xe87eac6d602b4109c9671bf57b950c2cfdb99d55,ethereum,0,other,labelled:entity,tagged_ethereum,2015-07-30T15:26:13Z,5,1,,0.999992,1.0,52100177.0,0.750002,3,1,4,1,0.25,,0.0,0.0,0,1,0.0,0.0
0xe8817b1150fd86874e97cae91bb7003107a4a064,ethereum,0,Bilaxy,customer,tagged_ethereum,2024-03-24T09:52:59Z,8,1,,0.333333,0.2,264.0,0.0,3,5,3,5,1.666667,1.06035,0.0,0.0,0,0,0.0,0.0
0xe8b1e1e8d0616ae441c636908990408453bfb6bf,ethereum,0,Bitget,customer,tagged_ethereum,2024-07-18T11:32:11Z,5,1,,0.955618,0.5,3084.0,0.0,1,3,1,4,4.0,1.378373,0.0,0.0,0,0,0.0,0.0
0xe8fd2f4d9b546582566abf9cb8a59beb1c252608,ethereum,0,Bitget,customer,tagged_ethereum,2024-06-12T08:16:23Z,17,1,,0.166667,0.25,10402950.0,0.333333,7,7,9,8,0.888889,1.068891,0.0,0.0,0,0,0.0,0.0
0xe904a0829806363a22e3c4ecb8505c34219598b6,ethereum,0,Bitget,customer,tagged_ethereum,2024-02-24T00:01:47Z,200,0,Bitget,0.164998,0.350746,71376.0,0.407022,14,16,66,134,2.030303,7.639334,0.01,0.0,0,0,0.358209,0.0
0xe943f8ca3c35e181530a04fdcf94a01d38279e6a,ethereum,1,Bitget,explorer_tag,tagged_ethereum,2024-02-15T11:55:35Z,10,1,Bitget,0.999471,1.0,1494.0,0.200423,2,1,5,5,1.0,1.395973,0.0,0.0,0,0,1.0,0.0
0xe946fe4678ca3b6020e74a895360dc94dace4efd,ethereum,1,Bilaxy,explorer_tag,tagged_ethereum,2024-08-18T02:03:35Z,1,1,,,,,1.0,1,0,1,0,0.0,,0.0,,0,,,
0xe95e893647c075651d6828a24114af7c17b58d54,ethereum,1,Bilaxy,explorer_tag,tagged_ethereum,2023-05-11T15:45:11Z,64,1,Binance,0.99426,1.0,3684.0,0.129916,13,1,41,23,0.560976,1.593381,0.0,0.130435,4,0,1.0,0.043478
0xe968b9174b8fc6f0a407ecf77d69398ec94178ce,ethereum,1,Bitget,explorer_tag,tagged_ethereum,2024-07-28T06:09:23Z,3,1,Bitget,0.997864,1.0,11023596.0,0.002136,1,1,1,2,2.0,,0.0,0.0,0,0,1.0,0.0
0xe9873edd1c653f021c89da1f0fb2dddb59bfdee4,ethereum,0,Bilaxy,customer,tagged_ethereum,2024-03-25T00:42:11Z,6,1,,0.008183,0.25,250248.0,0.013752,1,4,2,4,2.0,1.2091,0.0,0.0,0,0,0.0,0.0
0xe9e34a382253108c3fd678210c3a266548220510,ethereum,1,Bitget,explorer_tag,tagged_ethereum,2024-02-04T21:32:47Z,40,1,Bitget,0.522585,0.473684,852.0,0.001224,3,4,21,19,0.904762,1.354314,0.2,0.157895,2,0,1.0,0.157895
0xea418a835720b8c4cbac305b7840e47dbc29c168,ethereum,1,Bitget,explorer_tag,tagged_ethereum,2024-04-03T06:47:35Z,6,1,Bitget,0.999387,1.0,16760976.0,0.333742,2,1,3,3,1.0,0.999689,0.0,0.0,0,0,1.0,0.0
0xea7c8106cff13bf0a3e6f07e6e1beba270b83372,ethereum,0,Bilaxy,customer,tagged_ethereum,2023-10-24T09:26:59Z,5,1,,0.067351,0.333333,41400.0,0.00676,2,3,2,3,1.5,0.999651,0.0,0.333333,1,1,0.0,0.0
0xeadb5d5d6367fa3c1cbc0e528fb26a8865396538,ethereum,0,Bitget,customer,tagged_ethereum,2023-12-15T14:50:11Z,76,1,Bitget,0.122199,0.490196,885480.0,0.0,14,13,25,51,2.04,5.084814,0.0,0.215686,5,0,0.0,0.019608
0xeb761d4723cfbc776de533087c889d7bbd52fa46,ethereum,1,Bitget,explorer_tag,tagged_ethereum,2024-03-21T17:41:47Z,9,1,Bitget,0.997691,1.0,288.0,0.002309,3,1,5,4,0.8,1.409968,0.444444,0.25,1,0,1.0,0.25
0xeb8a2bf4d8e04abfce2b7f873f2309adb3596c5c,ethereum,1,Bilaxy,explorer_tag,tagged_ethereum,2025-04-07T13:58:59Z,2,1,,,,,1.0,2,0,2,0,0.0,,0.0,,0,,,
0xeb8eb32bdaff1e27321a1f8bb26fde319002c21d,ethereum,0,Bilaxy,customer,tagged_ethereum,2020-12-29T07:37:18Z,200,0,,0.137021,0.020408,7669.0,0.410599,99,96,102,98,0.960784,2.681979,0.0,0.030612,1,0,0.0,0.0
0xeba4dd6771c3e8ba3f168e47d052819abcc87cb2,ethereum,0,other,labelled:defi,tagged_ethereum,2020-04-26T07:46:24Z,195,0,,0.029178,0.39759,87922.0,0.507411,7,7,112,83,0.741071,1.470867,0.169231,0.0,0,0,0.0,0.0
0xec3a48d73016e9b1342c44c3baf32d112a41189e,ethereum,0,Bitget,customer,tagged_ethereum,2022-06-22T22:49:00Z,200,0,Deribit,0.112744,0.412371,481632.0,0.023435,25,22,103,97,0.941748,2.622549,0.02,0.175258,5,0,0.0,0.092784
0xec78c37e5ef8674c921ae65bfd93c97659d668ba,ethereum,1,Bilaxy,explorer_tag,tagged_ethereum,2024-05-08T16:40:35Z,3,1,,,,,1.0,3,0,3,0,0.0,,0.0,,0,,,
0xec8791c83b1ea8139f3e084de2aa1e7425ec4573,ethereum,1,Bilaxy,explorer_tag,tagged_ethereum,2024-06-01T08:57:35Z,4,1,Binance,1.0,1.0,72463488.0,0.666667,2,1,3,1,0.333333,,0.5,0.0,0,0,1.0,0.0
0xec8918cc0b39f1ed0c1c365e0325f53d972f1f5a,ethereum,0,Bilaxy,customer,tagged_ethereum,2023-02-15T01:44:47Z,19,1,Bybit,0.12531,0.142857,3051102.0,0.433538,8,7,12,7,0.583333,1.066198,0.421053,0.428571,1,0,0.0,0.428571
0xecb73e8769be5810ee4204a10349e46f5c0cd737,ethereum,0,Bitget,customer,tagged_ethereum,2024-04-04T21:28:23Z,54,1,,0.077565,0.189189,414144.0,0.025636,4,20,17,37,2.176471,2.244399,0.703704,0.081081,1,0,0.0,0.0
0xecdb363a460facb302343cf0dcccd7acad393ce7,ethereum,1,Bilaxy,explorer_tag,tagged_ethereum,2021-10-06T01:14:49Z,8,1,Binance,0.93007,1.0,12897831.0,0.246459,1,1,7,1,0.142857,,0.0,0.0,0,0,1.0,0.0
0xed040c6ce736035d194f99c7f270385404ebbe56,ethereum,0,Bitget,customer,tagged_ethereum,2024-06-16T05:12:59Z,7,1,,0.5,0.666667,2576322.0,0.0,2,2,4,3,0.75,0.999925,0.0,0.666667,2,1,0.0,0.0
0xed99af71b4566cda4a9c9b6080e99f7bf765da8f,ethereum,1,Bilaxy,explorer_tag,tagged_ethereum,2025-01-10T15:35:35Z,49,1,Binance,0.759141,0.705882,540.0,0.281378,15,2,32,17,0.53125,1.125433,0.510204,0.058824,1,0,0.705882,0.058824
0xeda46555c99347b7daa0f0eff032baacaa1014a4,ethereum,1,Bilaxy,explorer_tag,tagged_ethereum,2021-02-05T04:34:40Z,4,1,Binance,1.0,1.0,83821480.0,0.0,1,1,2,2,1.0,,0.0,0.0,0,0,1.0,0.0
0xedcf1e03b07862a59d4842d05d85f52411ce167a,ethereum,0,Bilaxy,customer,tagged_ethereum,2024-11-09T15:26:47Z,7,1,Coinbase,0.666667,0.5,12192.0,0.0,3,3,3,4,1.333333,1.41397,0.285714,0.25,1,0,0.0,0.25
0xede68d2ae668b4a57c6b8c8d7e00aa8525fa29f4,ethereum,1,Bitget,explorer_tag,tagged_ethereum,2024-08-03T19:16:11Z,19,1,Bitget,0.999653,1.0,294.0,0.000347,4,1,11,8,0.727273,1.541548,0.0,0.125,3,0,1.0,0.0
0xedf835737a4d47cd07e34d7ede8b28fb1a4a648d,ethereum,0,other,labelled:defi,tagged_ethereum,2021-11-01T15:14:37Z,14,1,,0.035045,0.6,763577.0,0.815002,2,3,9,5,0.555556,1.731891,0.0,0.0,0,0,0.0,0.0
0xee191b49a6e7351f340deee4884b0a8ed401cf2a,ethereum,0,Bilaxy,customer,tagged_ethereum,2026-02-04T03:01:47Z,125,0,,0.0,0.198198,126048.0,0.976463,11,23,14,111,7.928571,5.268411,0.088,0.531532,2,0,0.0,0.0
0xee417f56efe1f01c02669be80231b61ba962d5a5,ethereum,0,Bitget,customer,tagged_ethereum,2024-01-23T00:01:35Z,13,1,,0.651469,0.375,610602.0,0.056099,4,6,5,8,1.6,0.586145,0.769231,0.0,0,0,0.0,0.0
0xee7ae85f2fe2239e27d9c1e23fffe168d63b4055,ethereum,0,Bitget,customer,tagged_ethereum,2025-08-05T06:09:59Z,200,0,Binance,1e-06,0.107692,348.0,0.427423,1,158,5,195,39.0,5.1046,1.0,0.0,0,0,0.005128,0.0
0xee9b78f2d2cc62015b6482e09e9d4275bfc44a50,ethereum,0,Bitget,customer,tagged_ethereum,2021-01-11T13:34:07Z,24,1,Bitget,0.561126,0.307692,8522133.5,0.001443,6,8,11,13,1.181818,1.694655,0.416667,0.230769,1,0,0.0,0.230769
0xeea2d2ce173a56a31770454a276559c6a0ea1981,ethereum,1,Bilaxy,explorer_tag,tagged_ethereum,2023-04-14T07:50:59Z,41,1,Binance,0.690364,0.705882,816.0,0.25,12,2,24,17,0.708333,1.631919,0.853659,0.117647,1,0,0.705882,0.117647
0xeeb983ffc758361ac04c78946c96f125925cec3d,ethereum,0,other,labelled:entity,tagged_ethereum,2022-11-11T23:01:59Z,60,1,,0.627654,0.413793,91200.0,0.290323,8,4,31,29,0.935484,1.835521,0.85,0.034483,1,1,0.0,0.0
0xeedb8b30332956afdeba11dc8a2063e1240aef59,ethereum,0,Bilaxy,customer,tagged_ethereum,2024-05-02T00:51:23Z,4,1,,0.22548,0.5,10904820.0,0.456499,2,2,2,2,1.0,,0.0,0.0,0,1,0.0,0.0
0xeedbe092780ea5da44f8f45526c83ac046e6814d,ethereum,0,Deribit,labelled:exchange,tagged_ethereum,2023-10-03T18:37:23Z,5,1,Deribit,0.999041,1.0,60.0,0.000959,2,1,3,2,0.666667,,0.0,0.0,0,0,1.0,0.0
0xeeedac8686ae12183129e80e632e922dd8daecc4,ethereum,0,other,labelled:entity,tagged_ethereum,2018-10-10T20:37:54Z,9,0,,,,,1.0,1,0,9,0,0.0,,0.0,,0,,,
0xef37fac86302c14543c622cc81103135afb57c1a,ethereum,1,Bitget,explorer_tag,tagged_ethereum,2024-05-12T07:30:47Z,3,1,Bitget,0.998461,1.0,14353050.0,0.001539,1,1,1,2,2.0,,0.0,0.0,0,0,1.0,0.0
0xef3d5c27dd9e05e5b0a27a4d7f9f6ed2acf995ba,ethereum,0,Bitget,customer,tagged_ethereum,2022-04-12T13:01:27Z,109,1,Bitget,0.202756,0.290909,1506.5,0.018806,33,13,54,55,1.018519,2.120014,0.0,0.018182,1,0,0.0,0.018182
0xef4d427a306f367bde621c43f67b6b7f4a4d8846,ethereum,0,Bitget,customer,tagged_ethereum,2020-01-17T10:53:52Z,14,1,,0.118424,0.25,135203.0,0.500075,6,4,10,4,0.4,0.829003,0.0,0.0,0,1,0.0,0.0
0xef8ab0fac2fb886edf610aa39a9e58b331d06fa7,ethereum,0,Bitget,customer,tagged_ethereum,2023-09-26T20:21:11Z,127,1,,0.203713,0.175,525162.0,0.148936,14,21,47,80,1.702128,3.818922,0.141732,0.025,1,0,0.0,0.0
0xef9aa13553111e8a0a5fd47e02ea4ad65168873b,ethereum,0,Deribit,labelled:exchange,tagged_ethereum,2023-10-02T08:19:23Z,2,1,Deribit,,1.0,,,0,1,0,2,,,0.0,0.0,0,0,1.0,0.0
0xefff7ee7a7059842c2998e1a1b8749022a2bd69f,ethereum,0,Bitget,customer,tagged_ethereum,2023-10-07T14:57:59Z,144,0,,0.0,0.163934,149124.0,0.144837,8,37,22,122,5.545455,3.596014,0.4375,0.032787,1,0,0.0,0.0
0xf0638096047ef0183d0f3232e82205b118e100dd,ethereum,0,Bitget,customer,tagged_ethereum,2022-04-20T22:54:29Z,200,0,,0.409489,0.416667,4060709.0,0.81383,88,6,188,12,0.06383,1.113461,0.12,0.0,0,1,0.0,0.0
0xf08ee4521c4591ce1aa58f45d92c95c999b573bd,ethereum,1,Bitget,explorer_tag,tagged_ethereum,2024-02-23T17:55:11Z,4,1,Bitget,0.999458,1.0,17683662.0,0.500271,2,1,2,2,1.0,,0.0,0.0,0,0,1.0,0.0
0xf0b28dc524a3c6f220ac824cce2e60c81d1603b3,ethereum,1,Bitget,explorer_tag,tagged_ethereum,2024-02-22T21:16:11Z,3,1,Bitget,0.995881,1.0,17726256.0,0.004119,1,1,1,2,2.0,,0.0,0.0,0,0,1.0,0.0
0xf0bc8fddb1f358cef470d63f96ae65b1d7914953,ethereum,0,Korbit,labelled:exchange,tagged_ethereum,2021-12-28T12:46:29Z,200,0,,0.178629,0.109091,235457.0,0.694122,13,55,90,110,1.222222,2.032901,0.01,0.0,0,0,0.0,0.0
0xf0dd100effd5e88fc222a36a25c9ad12f60736f6,ethereum,0,Deribit,labelled:exchange,tagged_ethereum,2023-07-21T12:38:35Z,67,1,Deribit,0.99995,1.0,72.0,0.04922,10,1,41,26,0.634146,2.022648,0.671642,0.076923,1,0,1.0,0.076923
0xf0eb6f0c8fe086b10b5b8aba5eea6a9ad349b6cd,ethereum,0,Bilaxy,customer,tagged_ethereum,2025-03-11T13:32:35Z,200,0,,0.02637,0.031646,33396.0,0.039125,35,126,42,158,3.761905,2.428423,0.0,0.132911,16,0,0.0,0.0
0xf119c7ed309300c8fd3ede9c84b0b1d663e14cb4,ethereum,0,Bitget,customer,tagged_ethereum,2017-08-01T14:57:36Z,30,1,,0.658125,0.5,229908959.0,0.812572,12,5,16,14,0.875,0.905301,0.0,0.071429,2,1,0.0,0.0
0xf127dfb54098a925bf5b32aed7e1de1fcd4c8f3a,ethereum,1,Bitget,explorer_tag,tagged_ethereum,2024-04-30T20:34:11Z,22,1,Bitget,0.999644,1.0,330.0,0.083659,9,1,12,10,0.833333,1.555518,0.636364,0.0,0,0,1.0,0.0
0xf173a7a055340c91dbdf3083ce3babaa7535a03c,ethereum,0,other,labelled:defi,tagged_ethereum,2020-12-03T07:12:56Z,122,1,,0.075758,0.090909,5932646.0,0.027382,39,38,67,55,0.820896,1.737083,0.0,0.0,0,0,0.0,0.0
0xf187059705d100e1c432ca1489c383cf68b179d6,ethereum,1,Bilaxy,explorer_tag,tagged_ethereum,2021-11-08T04:44:35Z,3,1,Binance,1.0,1.0,6726701.0,0.5,2,1,2,1,0.5,,0.0,0.0,0,0,1.0,0.0
0xf1b3ef2d5be8998d9ef61019fadc3a81c9e6693e,ethereum,0,Bilaxy,customer,tagged_ethereum,2025-07-21T16:06:59Z,4,1,,0.049332,0.5,62196.0,0.011576,1,2,2,2,1.0,,0.0,0.5,1,0,0.0,0.0
0xf1e93003cb2ba8e8ef34115dab0fa45c9e6c2fed,ethereum,0,Deribit,labelled:exchange,tagged_ethereum,2022-11-08T21:45:47Z,8,1,Deribit,0.999931,1.0,72.0,6.9e-05,2,1,4,4,1.0,1.368825,0.0,0.0,0,0,1.0,0.0
0xf1ea7382914a0c654050b4b2c42fe809548ce940,ethereum,0,Bilaxy,customer,tagged_ethereum,2022-04-22T19:24:13Z,20,1,FTX,0.025535,0.230769,1098633.0,0.007524,3,9,7,13,1.857143,2.438294,0.0,0.153846,2,0,0.0,0.076923
0xf1eed7a962235027bf23f74065edacc39477b4a8,ethereum,0,Bitget,customer,tagged_ethereum,2023-12-05T17:57:59Z,6,1,,0.485671,0.25,6836628.0,0.0,2,4,2,4,2.0,1.413979,0.0,0.0,0,0,0.0,0.0
0xf1ef1f147b89a467582fafb27477eee660a0b7b8,ethereum,0,Bitget,customer,tagged_ethereum,2024-02-21T06:26:47Z,9,1,,0.861861,0.666667,1608.0,0.333358,3,3,3,6,2.0,1.952531,0.0,0.0,0,0,0.0,0.0
0xf20be63bd12ee03d3cc7f83e22d77b8bac815907,ethereum,0,Bitget,customer,tagged_ethereum,2023-03-21T01:10:35Z,20,1,OKX,0.30644,0.181818,8803632.0,0.111111,9,9,9,11,1.222222,1.028089,0.2,0.181818,2,0,0.0,0.090909
0xf20fe6e919f63af5bd51a2766ac5b5b3733d976e,ethereum,0,Bitget,customer,tagged_ethereum,2023-10-29T18:20:59Z,37,1,,0.942051,0.65,3972.0,0.059197,10,3,17,20,1.176471,2.355492,0.0,0.05,1,0,0.0,0.0
0xf22c5d38b939ab1b5b95f25c7671452141d613a9,ethereum,0,Deribit,labelled:exchange,tagged_ethereum,2023-01-11T22:35:35Z,2,1,Deribit,0.999856,1.0,60.0,0.000144,1,1,1,1,1.0,,0.0,0.0,0,0,1.0,0.0
0xf24ad619e169dc06cdef429c6a521d488b2cdf28,ethereum,1,Bitget,explorer_tag,tagged_ethereum,2024-02-14T13:17:11Z,7,1,Bitget,0.997563,1.0,17452554.0,0.501218,3,1,4,3,0.75,0.989636,0.0,0.0,0,0,1.0,0.0
0xf27a71bcb88d99e5efddc5ba1946f08157f93b06,ethereum,0,Bilaxy,customer,tagged_ethereum,2025-05-23T09:36:23Z,10,1,OKX,0.420956,0.2,175080.0,0.6,5,5,5,5,1.0,0.974319,0.0,0.2,1,1,0.0,0.2
0xf27da5b0b0e1235af17fe71dfe074ec8f7fc9ad7,ethereum,0,Bilaxy,customer,tagged_ethereum,2024-01-24T14:47:59Z,13,1,,0.884331,0.833333,4608.0,0.012445,1,2,7,6,0.857143,0.559882,0.0,0.5,1,0,0.0,0.0
0xf2d2ba33dd53cce649985e10805b13838e9726de,ethereum,1,Bilaxy,explorer_tag,tagged_ethereum,2024-10-18T11:01:47Z,1,1,,,,,1.0,1,0,1,0,0.0,,0.0,,0,,,
0xf2e0d80428a4391d3a5ba0a6ccae7eb899935749,ethereum,0,Bitget,customer,tagged_ethereum,2022-11-14T10:45:11Z,132,1,Binance,0.0,0.133333,8719764.0,0.333939,19,40,42,90,2.142857,2.876577,0.30303,0.011111,1,0,0.0,0.011111
0xf31d64838308d480213628ec6e1a9c496c5e5f7e,ethereum,1,Bilaxy,explorer_tag,tagged_ethereum,2021-10-29T08:29:04Z,4,1,Binance,1.0,1.0,2512514.5,0.333333,2,1,3,1,0.333333,,0.75,0.0,0,0,1.0,0.0
0xf3768815b4e7afea5dd0b5fad55bf114058bc2c6,ethereum,1,Bilaxy,explorer_tag,tagged_ethereum,2021-07-27T23:04:27Z,4,1,Binance,1.0,1.0,13109612.0,0.0,2,1,3,1,0.333333,,0.0,0.0,0,0,1.0,0.0
0xf3ad2ffb97a8f21da6ebd153d81c65525223ea49,ethereum,1,Bitget,explorer_tag,tagged_ethereum,2024-02-01T15:07:59Z,33,1,Bitget,0.999779,1.0,390.0,0.111307,7,1,18,15,0.833333,1.051643,0.30303,0.0,0,0,1.0,0.0
0xf3d39e4854456a98b46c1802143d4efd640e36c3,ethereum,1,Bitget,explorer_tag,tagged_ethereum,2024-08-22T02:27:35Z,3,1,Bitget,0.997808,1.0,9951204.0,0.002192,1,1,1,2,2.0,,0.0,0.0,0,0,1.0,0.0
0xf47f4bc50f1cb91851f7a83157ed0b5cb836bae6,ethereum,1,Bilaxy,explorer_tag,tagged_ethereum,2025-09-10T15:45:11Z,52,1,Binance,0.995238,0.8,19028814.0,0.280132,28,2,47,5,0.106383,1.429961,0.173077,0.2,1,0,0.8,0.0
0xf4cd34e999a16201aa528fa378c0feeb30dd714f,ethereum,1,Bilaxy,explorer_tag,tagged_ethereum,2023-10-19T08:50:23Z,61,1,Binance,0.991767,1.0,5496936.0,0.062063,28,1,54,7,0.12963,0.665623,0.213115,0.428571,3,0,1.0,0.0
0xf4e17864bfc90c6c388cf200253bd250a2332700,ethereum,0,Bilaxy,customer,tagged_ethereum,2023-03-20T14:53:23Z,2,1,,0.639167,1.0,30516996.0,0.360833,1,1,1,1,1.0,,0.0,0.0,0,0,0.0,0.0
0xf57881541b638d78aa8131551274177cbb73bf08,ethereum,1,Bilaxy,explorer_tag,tagged_ethereum,2024-07-19T14:06:47Z,4,1,Binance,1.0,1.0,20914200.0,0.666667,3,1,3,1,0.333333,,0.5,0.0,0,0,1.0,0.0
0xf59dea2163ab2500951d14d46c62799945dbd374,ethereum,0,Bitget,customer,tagged_ethereum,2026-01-22T14:04:11Z,9,1,,0.166667,0.25,828.0,0.2,5,4,5,4,0.8,0.585133,0.0,0.0,0,1,0.0,0.0
0xf62c22a4fb55c6ef0e2d298d56fb9fd781de0f2c,ethereum,0,Bilaxy,customer,tagged_ethereum,2021-03-12T16:21:39Z,183,0,,0.17653,0.14,317150.5,0.584059,58,38,83,100,1.204819,2.214834,0.147541,0.0,0,0,0.0,0.0
0xf63718c60688f891e097fb4f08bb7070d9277823,ethereum,1,Bilaxy,explorer_tag,tagged_ethereum,2024-09-30T08:36:23Z,9,1,Binance,0.99171,1.0,444.0,0.189417,5,1,6,3,0.5,0.860902,0.555556,0.0,0,0,1.0,0.0
0xf64360a389ce679c1cfea15fb4b2656b02e939dd,ethereum,1,Bitget,explorer_tag,tagged_ethereum,2024-01-20T07:16:59Z,23,1,Bitget,0.99958,1.0,516.0,0.077311,4,1,13,10,0.769231,2.444809,0.217391,0.1,1,0,1.0,0.0
0xf645dd7c890093e8e4c8aa92a6bb353522d3dc98,ethereum,0,other,labelled:entity,tagged_ethereum,2015-07-30T15:26:13Z,12,1,Kraken,0.007268,0.5,144902586.5,0.90002,8,2,10,2,0.2,,0.0,0.0,0,0,0.5,0.0
0xf660195b6a949a3d3bbedba77dd305fd03b45ecf,ethereum,1,Bilaxy,explorer_tag,tagged_ethereum,2024-09-14T18:35:23Z,16,1,Binance,0.995142,1.0,3712362.0,0.180281,9,1,15,1,0.066667,,0.0,0.0,0,0,1.0,0.0
0xf66e6b108bd9dc21ffb0e8846d25f7239acf9001,ethereum,1,Bilaxy,explorer_tag,tagged_ethereum,2021-06-24T09:29:30Z,2,1,Binance,1.0,1.0,18039835.0,0.0,1,1,1,1,1.0,,1.0,0.0,0,0,1.0,0.0
0xf67452002338d8a507a0cf9dc8976665aa897b1e,ethereum,0,Deribit,labelled:exchange,tagged_ethereum,2023-03-16T12:50:47Z,4,1,Deribit,0.999894,1.0,66.0,0.000106,1,1,2,2,1.0,,0.0,0.0,0,0,1.0,0.0
0xf683f48dd2920c0aedd88ff068e5bfaaef83540a,ethereum,0,Bilaxy,customer,tagged_ethereum,2023-03-23T16:35:35Z,200,0,,0.091724,0.183486,27216.0,0.081297,51,48,91,109,1.197802,1.110698,0.0,0.110092,9,0,0.0,0.0
0xf69c250c3c56c92d0aa4a1126167e9b022782dea,ethereum,1,Bilaxy,explorer_tag,tagged_ethereum,2022-12-01T14:59:35Z,13,1,Binance,1.0,1.0,900.0,0.583333,7,1,12,1,0.083333,,0.461538,0.0,0,0,1.0,0.0
0xf756a65a5ee5aeefa8ebee56ee2ae69ebf11b747,ethereum,1,Bitget,explorer_tag,tagged_ethereum,2023-09-09T13:36:23Z,7,1,Bitget,0.381212,0.666667,18516384.0,0.500255,3,2,4,3,0.75,0.487489,0.0,0.0,0,0,1.0,0.0
0xf7785f5c358909983d842d9466690096e557548d,ethereum,1,Bitget,explorer_tag,tagged_ethereum,2024-01-16T01:38:59Z,4,1,Bitget,0.999263,1.0,19351128.0,0.500368,2,1,2,2,1.0,,0.0,0.0,0,0,1.0,0.0
0xf78ed703ce064cb2461d14172e39b50a73b13190,ethereum,0,Bilaxy,customer,tagged_ethereum,2022-02-08T15:08:08Z,10,1,,0.56946,0.428571,2462704.5,0.333333,3,5,3,7,2.333333,1.317206,0.0,0.0,0,0,0.0,0.0
0xf79679ba6624a3fe99fdfd630967dc624cd856b0,ethereum,1,Bilaxy,explorer_tag,tagged_ethereum,2018-12-04T09:21:18Z,27,1,Binance,0.633368,0.538462,2185.0,0.001196,6,2,14,13,0.928571,1.6097,0.148148,0.0,0,0,1.0,0.0
0xf7a7ae90fc73983723ce1cd041bbf2db6fd5b87f,ethereum,1,Bilaxy,explorer_tag,tagged_ethereum,2021-08-14T17:10:52Z,4,1,Binance,1.0,1.0,8378580.0,0.333333,2,1,3,1,0.333333,,0.75,0.0,0,0,1.0,0.0
0xf7a7e58c634b084a49c2d2e754bd5f521b14f441,ethereum,0,other,labelled:entity,tagged_ethereum,2025-12-20T02:03:11Z,193,0,,0.84,0.84,0.0,0.854359,4,3,168,25,0.14881,1.680335,0.253886,0.0,0,0,0.0,0.0
0xf7b19187b7a570afbb47bbe84952e16794ef0553,ethereum,0,Bilaxy,customer,tagged_ethereum,2023-09-13T16:47:47Z,11,1,,0.333333,0.125,587088.0,0.0,3,8,3,8,2.666667,0.885353,0.0,0.125,1,0,0.0,0.0
0xf7d6dd9b98e22d133fd2c97b8a780f0db2c98003,ethereum,1,Bitget,explorer_tag,tagged_ethereum,2024-02-19T12:48:59Z,4,1,Bitget,0.99913,1.0,17865756.0,0.500435,2,1,2,2,1.0,,0.0,0.0,0,0,1.0,0.0
0xf7dfcc768b01318527981c11d4e1016bbfd8983d,ethereum,1,Bilaxy,explorer_tag,tagged_ethereum,2023-05-20T21:16:23Z,106,1,Binance,0.988727,1.0,1010124.0,0.295099,11,1,80,26,0.325,2.214595,0.0,0.461538,1,0,1.0,0.0
0xf8711981cd8cd31304a3e1e4728a6f9cfa72d373,ethereum,0,Bitget,customer,tagged_ethereum,2024-02-19T11:14:35Z,5,1,,0.00147,0.333333,42486.0,0.5,2,3,2,3,1.5,0.997913,0.0,0.0,0,1,0.0,0.0
0xf8ad3525f8715484428d8cd994589fa8569bc41a,ethereum,1,Bitget,explorer_tag,tagged_ethereum,2024-10-15T05:22:23Z,6,1,Bitget,0.999634,1.0,14879232.0,0.333578,3,1,3,3,1.0,0.176982,0.0,0.0,0,0,1.0,0.0
0xf8d258cc780c3ca1adeb8e1c1bdcf9bc48cb93fd,ethereum,1,Bitget,explorer_tag,tagged_ethereum,2024-05-23T13:32:23Z,3,1,Bitget,0.998456,1.0,13868130.0,0.001544,1,1,1,2,2.0,,0.0,0.0,0,0,1.0,0.0
0xf8d4804d50d30684173d5744c904e60cd4dc6a0c,ethereum,0,Bitget,customer,tagged_ethereum,2023-11-24T10:15:23Z,155,1,,0.443649,0.663043,94068.0,0.00149,13,16,63,92,1.460317,4.039085,0.03871,0.369565,3,0,0.0,0.0
0xf8ee873f159ae8531a3a7002d360a941b8bedfb1,ethereum,1,Bilaxy,explorer_tag,tagged_ethereum,2025-10-03T06:14:23Z,12,1,Binance,0.993232,1.0,252516.0,0.423808,5,1,10,2,0.2,,0.0,0.0,0,0,1.0,0.0
0xf91ead2da2da028caa4b652d0403ccd6d92c4259,ethereum,0,Deribit,labelled:exchange,tagged_ethereum,2023-12-19T11:45:47Z,29,1,Deribit,0.999577,1.0,103368.0,0.078878,8,1,21,8,0.380952,1.187923,0.137931,0.0,0,0,1.0,0.0
0xf94458caee2513731bdbc78280b78b97f337083b,ethereum,1,Bilaxy,explorer_tag,tagged_ethereum,2023-12-07T06:14:11Z,1,1,,,,,1.0,1,0,1,0,0.0,,0.0,,0,,,
0xf96bb645b95841d91f75d847345e22651d8078aa,ethereum,1,Bitget,explorer_tag,tagged_ethereum,2024-05-17T23:53:35Z,40,1,Bitget,0.57097,0.466667,996.0,0.120385,12,3,25,15,0.6,1.6925,0.0,0.4,4,0,1.0,0.333333
0xf9887c2399bf1ac5576195db59925b339d3f7e84,ethereum,0,Bitget,customer,tagged_ethereum,2024-06-16T03:17:35Z,90,1,,0.0,0.205882,741504.0,0.680252,28,11,56,34,0.607143,1.968363,0.0,0.029412,1,0,0.0,0.0
0xfab1b529c18876f673c51458181e5213ede6c1c6,ethereum,0,Bilaxy,customer,tagged_ethereum,2023-04-21T08:56:59Z,200,0,,0.06419,0.061798,2141214.0,0.364744,10,124,22,178,8.090909,3.127138,0.025,0.0,0,0,0.0,0.0
0xfadd76d8dc441f326553fa12fe3bfa51030c3edb,ethereum,0,Bitget,customer,tagged_ethereum,2023-12-23T18:46:11Z,12,1,,0.168801,0.333333,82944.0,0.001512,3,5,6,6,1.0,1.399459,0.0,0.0,0,1,0.0,0.0
0xfb60d7dc7b155a1d3d3fc17e63989e17821eae7d,ethereum,1,Bilaxy,explorer_tag,tagged_ethereum,2022-07-08T17:53:29Z,42,1,Binance,0.988499,0.923077,3208134.0,0.327314,15,2,29,13,0.448276,1.082515,0.190476,0.0,0,0,0.923077,0.0
0xfb7c616e94f3ac4fb78ef962f02c6760c7e7354a,ethereum,0,Bitget,customer,tagged_ethereum,2024-09-09T05:59:11Z,4,1,,0.781675,0.666667,7656.0,0.0,1,2,1,3,3.0,0.945057,0.0,0.0,0,0,0.0,0.0
0xfba573bd276c1083bd32e7e411a4c47af47eca2a,ethereum,0,Bitget,customer,tagged_ethereum,2024-08-22T02:08:11Z,47,1,,0.0,0.3125,38598.0,0.0,8,12,15,32,2.133333,2.569693,0.319149,0.125,2,0,0.0,0.0
0xfbd7b928525bc0234115705365dbb9e535243cbc,ethereum,0,Bilaxy,customer,tagged_ethereum,2023-03-24T18:10:47Z,21,1,Binance,0.061271,0.1,29658.0,0.09422,8,10,11,10,0.909091,1.598112,0.095238,0.3,3,0,0.0,0.3
0xfc1453171d7ecae5cdc4819e64812757da971294,ethereum,0,Bitget,customer,tagged_ethereum,2025-01-14T11:21:11Z,14,1,,0.462535,0.666667,871794.0,0.125,2,2,8,6,0.75,1.24262,0.928571,0.166667,1,0,0.0,0.0
0xfc1c1b974e9b757807e342648ae7076b26548185,ethereum,0,Bitget,customer,tagged_ethereum,2024-02-04T22:04:11Z,7,1,MEXC,0.333333,0.333333,12177078.0,0.25,3,3,4,3,0.75,0.148535,0.285714,0.333333,1,0,0.0,0.333333
0xfc2a5b0f9206b76743da07445999e44bc3e72034,ethereum,1,Bitget,explorer_tag,tagged_ethereum,2024-03-14T10:09:35Z,30,1,Bitget,0.846154,0.666667,744.0,0.066667,7,3,15,15,1.0,1.285401,0.333333,0.066667,1,0,0.8,0.066667
0xfc6b5f8daa44c44972ae17d81f88d9ccdca6f52e,ethereum,1,Bilaxy,explorer_tag,tagged_ethereum,2024-02-25T14:05:11Z,35,1,Binance,0.995343,1.0,1044.0,0.039712,33,1,33,2,0.060606,,0.0,0.5,1,0,1.0,0.5
0xfc7e22a503ec5abe9b08c50bd14999f520fa4884,ethereum,0,other,labelled:entity,tagged_ethereum,2015-07-30T15:26:13Z,8,1,,1.0,1.0,60938051.0,0.8,4,1,5,3,0.6,0.127273,0.0,0.0,0,0,0.0,0.0
0xfc822e91fb430051ed05d928350713d552013c5c,ethereum,0,Bilaxy,customer,tagged_ethereum,2024-02-04T10:04:23Z,5,1,,0.074253,0.25,444.0,0.028692,1,4,1,4,4.0,0.835185,0.0,0.5,1,1,0.0,0.0
0xfc86127ca2ce86be3483cf4bc6960872d906a5c6,ethereum,0,Bilaxy,customer,tagged_ethereum,2025-08-04T09:28:23Z,20,1,,0.0,0.125,869460.0,0.008296,2,12,4,16,4.0,2.305666,0.0,0.125,1,0,0.0,0.0
0xfcbf620691693196b0fec5fd3230bd6bf7fbbea2,ethereum,1,Bilaxy,explorer_tag,tagged_ethereum,2021-02-27T22:35:38Z,13,1,Binance,0.707375,0.75,41426556.0,0.5745,8,2,9,4,0.444444,0.219907,0.153846,0.0,0,0,1.0,0.0
0xfcd7287c2cee1622649c9c35c6da23a49049edc8,ethereum,0,Bitget,customer,tagged_ethereum,2024-07-01T13:37:35Z,198,0,OKX,0.23347,0.539823,321036.0,0.088276,14,9,85,113,1.329412,6.633355,0.30303,0.088496,2,0,0.0,0.088496
0xfd54ec2c7fc3fdc611215af9a90b90765b9972f8,ethereum,1,Bitget,explorer_tag,tagged_ethereum,2024-04-15T09:55:35Z,3,1,Bitget,0.998916,1.0,16240032.0,0.001084,1,1,1,2,2.0,,0.0,0.0,0,0,1.0,0.0
0xfd71420bb3729696c99f80e4308f8a032a3ca5f1,ethereum,0,Bitget,customer,tagged_ethereum,2022-12-17T17:21:47Z,47,1,,0.967496,0.388889,264.0,0.310637,14,6,29,18,0.62069,2.734832,0.0,0.444444,2,0,0.0,0.0
0xfd71f850dc65662af896a71b091a085ba245a5f1,ethereum,0,Bitget,customer,tagged_ethereum,2026-02-02T08:34:11Z,1,1,,,1.0,,,0,1,0,1,,,0.0,0.0,0,0,0.0,0.0
0xfd84f3ea973e86dc525c1177ace7686d5a2e9eff,ethereum,1,Bitget,explorer_tag,tagged_ethereum,2024-03-26T20:53:11Z,3,1,Bitget,0.998737,1.0,17085684.0,0.001263,1,1,1,2,2.0,,0.0,0.0,0,0,1.0,0.0
0xfdc2b899dd65b9f56d896e395c31cd8e6ef3083a,ethereum,0,Bilaxy,customer,tagged_ethereum,2024-01-14T14:12:47Z,6,1,Bybit,0.0,0.333333,1800.0,0.0,3,3,3,3,1.0,0.863865,0.0,0.666667,3,0,0.0,1.0
0xfddde6372ce6ba9a2f5cdac5fc8c36c9fd0d266d,ethereum,1,Bitget,explorer_tag,tagged_ethereum,2024-04-06T04:22:23Z,4,1,Bitget,0.998474,1.0,27381024.0,0.001526,1,1,2,2,1.0,,0.0,0.0,0,0,1.0,0.0
0xfe1bb5a50fb92f4309c464094209f9d95e866b3d,ethereum,0,other,labelled:defi,tagged_ethereum,2023-05-11T06:13:35Z,198,1,,0.500183,0.262626,132.0,0.000291,36,59,99,99,1.0,7.784008,0.0,0.0,0,0,0.0,0.0
0xfe748c1b82fa749f4d66f4f498660ea313e937b8,ethereum,1,Bilaxy,explorer_tag,tagged_ethereum,2021-09-12T09:57:27Z,2,1,Binance,1.0,1.0,12323133.0,0.0,1,1,1,1,1.0,,0.0,0.0,0,0,1.0,0.0
0xfe8aaf73a7cd59ee40085bb435aade1685ddcda9,ethereum,0,Bitget,customer,tagged_ethereum,2024-06-26T07:51:23Z,26,1,,0.025112,0.5,165216.0,0.002678,24,2,24,2,0.083333,,0.0,0.5,2,1,0.0,0.0
0xfe8bfe557dea3f401421bb5122a2d4044c15b056,ethereum,1,Bilaxy,explorer_tag,tagged_ethereum,2025-05-01T11:45:47Z,8,1,Binance,1.0,1.0,1261158.0,0.333333,6,1,6,2,0.333333,,0.75,0.5,1,0,1.0,0.5
0xfe977e8fceb9c976b735eb66475c8babcc67e397,ethereum,0,Bilaxy,customer,tagged_ethereum,2023-07-19T09:17:47Z,84,1,Binance,0.095644,0.133333,22056.0,0.113292,17,22,39,45,1.153846,2.023692,0.0,0.511111,7,0,0.0,0.555556
0xfeadd2691e3117e97df2b1712d02fff839d47a9e,ethereum,0,Deribit,labelled:exchange,tagged_ethereum,2024-11-13T09:10:23Z,3,1,Deribit,0.999984,1.0,60.0,0.500008,2,1,2,1,0.5,,0.0,0.0,0,0,1.0,0.0
0xfec259cd7704a7215982e80d3d6f1a9b77563a48,ethereum,0,Bilaxy,customer,tagged_ethereum,2024-02-20T13:58:35Z,12,1,,0.498708,0.333333,156.0,0.166966,4,5,6,6,1.0,1.050681,0.166667,0.0,0,0,0.0,0.0
0xfec9e110d021d66c823a893bb4f827e78365d000,ethereum,0,Bilaxy,customer,tagged_ethereum,2021-05-31T20:28:04Z,200,0,,0.008228,0.166667,5391.0,0.545124,91,89,92,108,1.173913,4.798585,0.0,0.009259,1,0,0.0,0.0
0xfed2399b20011af1fc985d5354f12cbc57ed48f9,ethereum,1,Bitget,explorer_tag,tagged_ethereum,2024-05-23T23:09:23Z,200,0,Bitget,0.402062,0.50495,876.0,0.026837,22,4,99,101,1.020202,5.640669,0.0,0.0,0,0,1.0,0.0
0xfee8c6f9d0a0f4a235e7eb439b6687b556bc8c1d,ethereum,0,Bilaxy,customer,tagged_ethereum,2022-11-06T04:02:23Z,13,1,,0.129016,0.25,148704.0,0.161367,7,4,9,4,0.444444,1.27678,0.384615,0.75,4,0,0.0,0.0
0xff05f3e8947f0b165b1c0dfd0558c1e13620278f,ethereum,1,Bilaxy,explorer_tag,tagged_ethereum,2024-02-21T07:49:59Z,10,1,Binance,0.867414,1.0,461034.0,0.242554,7,1,9,1,0.111111,,0.0,0.0,0,0,1.0,0.0
0xff13175359933a92c9b4e2d8fd532298acc1b9e9,ethereum,1,Bilaxy,explorer_tag,tagged_ethereum,2024-02-27T15:22:47Z,11,1,Binance,0.99318,1.0,2256.0,0.143156,5,1,8,3,0.375,0.281191,0.0,0.333333,1,0,1.0,0.333333
0xff25b9c448aa3134e9732d9a00c9347c68428923,ethereum,1,Bilaxy,explorer_tag,tagged_ethereum,2025-09-29T06:29:59Z,7,1,Binance,1.0,1.0,28094532.0,0.833333,2,1,6,1,0.166667,,0.285714,0.0,0,0,1.0,0.0
0xff2bc0a6cb3b1846cb8541c6fc10692c8f043dfc,ethereum,1,Bitget,explorer_tag,tagged_ethereum,2024-03-15T08:01:47Z,12,1,Bitget,0.999559,1.0,23572800.0,0.286029,3,1,7,5,0.714286,0.705981,0.0,0.2,1,0,1.0,0.0
0xff5c37f87ecf7f0e0cb8903aa7142778e1659e2b,ethereum,0,Bilaxy,customer,tagged_ethereum,2020-12-29T07:37:18Z,200,0,,0.00767,0.02381,4352.0,0.294378,111,82,116,84,0.724138,3.344766,0.0,0.142857,1,0,0.0,0.0
0xff8e06b30e7c540ce6cd7c44115307ae1350abdc,ethereum,0,Bilaxy,customer,tagged_ethereum,2021-04-07T09:18:56Z,47,1,Binance,0.108431,0.222222,5922195.5,0.345304,25,12,29,18,0.62069,2.138589,0.12766,0.166667,3,1,0.0,0.277778
0xffc29f69e553c7e87eabbf14ffa20ba3c923ab07,ethereum,0,Bitget,customer,tagged_ethereum,2024-02-14T14:42:59Z,8,1,,0.882137,0.6,504.0,0.333361,3,3,3,5,1.666667,1.709982,0.0,0.0,0,0,0.0,0.0
0xffe856fd5e02671471defb8547fe9a29d6ce8f6d,ethereum,0,Bilaxy,customer,tagged_ethereum,2026-02-04T20:32:35Z,37,1,,0.999505,0.75,748662.0,0.040546,11,3,25,12,0.48,2.201305,0.0,0.166667,2,1,0.0,0.0
