tree
version=v4
num_class=1
num_tree_per_iteration=1
label_index=0
max_feature_idx=13
objective=binary sigmoid:1
feature_names=Column_0 Column_1 Column_2 Column_3 Column_4 Column_5 Column_6 Column_7 Column_8 Column_9 Column_10 Column_11 Column_12 Column_13
feature_infos=[0:1] [0.02:1] [0:1063002] [0:1] [0:50] [0:50] [0:50] [0:50] [0:49] [3.3000000000000003e-05:6.78233] none [0:1] [0:22] [0:1]
tree_sizes=670 677 1290 676 884 1396 788 1090 783 681 792 791 882 786 897 892 1092 893 894 892 995 990 683 887 997 889 1192 895 996 685 1004 893 893 1304 683 684 1103 789 786 683 790 993 1516 887 789 894 789 1306 680 1200 994 996 894 999 1314 1212 889 997 894 1313 1203 1533 1108 1103 1203 783 1316 1107 1746 1104 994 1524 1319 1207 1319 1425 1212 1417 1421 1847 2169 1423 1639 1422 1409 1743 1319 1422 1433 2086 2179 1849 1525 991 1538 1641 2071 1421 1307 1316 1649 1208 1219 1639 1432 1435 1990 1544 2317 893 2420 1996 1651 1867 1331 1858 2219 1996 1332 2113 2435 1112 2652 1337 1111 1446 1881 2999 2898 3010 1913 1220 2121 1454 2002 2347 1554 2352 2330 2675 3016 2678 3158 1539 2686 3276 1659 3038 2235 2016 3150 1788 1445 3053 3832 3617 2248 2256 3272 2479 4078 3263 1564 1563 2384 1561 2716 1563 3050 1236 2235 2818 3732 3278 2590 1571 3034 1126 1687 1906 3742 2715 3149 3625 1341 1696 2356 2378 2722 2150 3055 1016 2712 1019 2131 1132 1907 2291 3047 1922 1699 903 2705 3038 3626 1803 2943 2387 1463 1452 2266 2492 2711 1132 1682 3277 2158 2507 1578 2953 1245 1937 3854 1361 2370 2488 1589 3056 2259 2065 2964 3148 1014 2949 1926 2486 3057 2036 1922 3074 1817 2495 1821 2039 1458 2382 1921 3298 2848 2504 2381 2740 2391 1142 1581 2047 2379 2614 1826 2275 3109 3894 1028 2642 1941 3067 1925 3299 1248 1373 2061 2849 2416 2382 2616 4221 1590 1469 1033 1690 2506 2756 2133 2174 925 1254 2049 4006 1038 2289 1388 2402 1941 3202 1941 1827 3311 1700 2625 1462

Tree=0
num_leaves=5
num_cat=0
split_feature=5 13 2 11
split_gain=3463.68 855.086 3.45531 0.573043
threshold=1.5000000000000002 1.0000000180025095e-35 83.250000000000014 0.4382620000000001
decision_type=2 8 8 10
left_child=1 3 -3 -1
right_child=-2 2 -4 -5
leaf_value=0.15236423046347453 -0.043135005091030382 0.014232159637856637 -0.041278984143802933 0.19612633521230083
leaf_weight=6.9790752232074729 484.42369048297405 8.8285891413688642 55.158143982291222 540.66446349024773
leaf_count=30 1941 36 221 2350
internal_value=0.0765751 0.171437 -0.0347742 0.195699
internal_weight=1096.05 611.63 63.9867 547.644
internal_count=4578 2637 257 2380
is_linear=0
shrinkage=1


Tree=1
num_leaves=5
num_cat=0
split_feature=0 13 2 2
split_gain=3347.69 413.441 7.68405 7.42322
threshold=0.99999950000000004 1.0000000180025095e-35 64.500000000000014 83.250000000000014
decision_type=10 10 8 10
left_child=2 -2 -1 -3
right_child=1 3 -4 -5
leaf_value=-0.049495467617789619 0.10838312626828993 -0.044353313646497576 -0.11656659662621985 -0.11344003122273406
leaf_weight=8.2798262834548932 535.55318747460842 9.264364540576933 507.3537857234478 27.488219901919365
leaf_count=34 2346 38 2031 110
internal_value=-0.00482123 0.095004 -0.115587 -0.0976612
internal_weight=1087.94 572.306 515.634 36.7526
internal_count=4559 2494 2065 148
is_linear=0
shrinkage=0.06


Tree=2
num_leaves=11
num_cat=0
split_feature=0 11 6 2 0 2 6 2 2 2
split_gain=3014.44 71.2094 28.5936 87.9499 4.12481 4.67487 1.90599 1.6779 8.01975 0.764078
threshold=0.99999950000000004 0.30495200000000006 1.5000000000000002 52.500000000000007 0.93676900000000007 2104.5000000000005 3.5000000000000004 52.500000000000007 212.25000000000003 299470.50000000006
decision_type=10 10 2 8 10 10 2 10 10 10
left_child=4 -2 3 -3 -1 -6 7 -4 -9 -10
right_child=1 2 6 -5 5 -7 -8 8 9 -11
leaf_value=-0.11075720346996923 -0.082735884079610009 0.099337485181902538 0.10151324915610525 -0.081024190465022294 -0.02988949469980896 -0.095609526651446161 0.10029041444885355 0.01703135921945486 0.08804273903033237 0.050322444890805396
leaf_weight=494.57563835382462 7.6374778747558585 31.546021699905396 32.662610918283463 13.015743687748907 7.2509408742189434 12.387092381715773 412.78503100574017 7.719915658235549 52.334051579236984 6.8946267366409293
leaf_count=1991 31 140 145 53 30 50 1830 33 231 30
internal_value=-0.00451467 0.0911254 0.0936536 0.0460348 -0.109498 -0.0739678 0.0976971 0.0860607 0.0771387 0.0845603
internal_weight=1078.81 564.595 556.958 44.5618 514.214 19.638 512.396 99.6112 66.9486 59.2287
internal_count=4564 2493 2462 193 2071 80 2269 439 294 261
is_linear=0
shrinkage=0.06


Tree=3
num_leaves=5
num_cat=0
split_feature=0 13 2 2
split_gain=2702.95 332.751 5.27763 3.60446
threshold=0.99999950000000004 1.0000000180025095e-35 64.500000000000014 94.500000000000014
decision_type=10 10 8 10
left_child=2 -2 -1 -3
right_child=1 3 -4 -5
leaf_value=-0.046994145220420357 0.099247402725809314 -0.04919822797654623 -0.10501904645350503 -0.10659023611889279
leaf_weight=8.0212608277797681 520.00223754346371 7.8054303377866736 498.3205182403326 25.27358278632164
leaf_count=33 2348 32 2030 102
internal_value=-0.0041377 0.0874861 -0.104194 -0.0948889
internal_weight=1059.42 553.081 506.342 33.079
internal_count=4545 2482 2063 134
is_linear=0
shrinkage=0.06


Tree=4
num_leaves=7
num_cat=0
split_feature=0 11 6 2 2 6
split_gain=2419.49 71.1766 25.5749 68.2625 4.95832 0.845258
threshold=0.99999950000000004 0.32993200000000006 1.5000000000000002 52.500000000000007 64.500000000000014 3.5000000000000004
decision_type=10 10 2 10 8 2
left_child=4 -2 3 -3 -1 -4
right_child=1 2 5 -5 -6 -7
leaf_value=-0.044389031634731207 -0.08008286914473102 0.091404138160468676 0.080148754183120799 -0.064491846801334088 -0.10044489657360052 0.092159499222381869
leaf_weight=7.9955412149429312 8.7060480266809446 29.900283873081207 94.702513322234154 14.179141283035277 489.35025838017464 396.85393372178078
leaf_count=33 36 138 432 59 2027 1829
internal_value=-0.00407393 0.0832591 0.0860582 0.0409385 -0.0996346 0.0900129
internal_weight=1041.69 544.342 535.636 44.0794 497.346 491.556
internal_count=4554 2494 2458 197 2060 2261
is_linear=0
shrinkage=0.06


Tree=5
num_leaves=12
num_cat=0
split_feature=0 11 6 2 2 6 2 2 11 2 2
split_gain=2179.81 57.6419 21.1269 56.0532 6.27101 3.20476 2.36659 3.64491 1.26379 0.14413 0.10532
threshold=0.99999950000000004 0.30495200000000006 1.5000000000000002 52.500000000000007 64.500000000000014 2.5000000000000004 52.500000000000007 299.25000000000006 0.43019450000000004 5602.5000000000009 139933.50000000003
decision_type=10 10 2 10 8 2 10 10 10 10 10
left_child=4 -2 3 -3 -1 6 -4 -8 -7 -9 -11
right_child=1 2 5 -5 -6 8 7 9 -10 10 -12
leaf_value=-0.036536073379740963 -0.074056035120569033 0.087916674012866639 0.088417205786225014 -0.057203104361172277 -0.096597706930363597 0.051128534174046648 0.016096951548815658 0.077826434100678299 0.088481195303893853 0.034725036578434301 0.061068432704941854
leaf_weight=7.955103948712348 7.8910292088985434 27.493350818753242 16.745940774679184 13.602976933121679 480.40389357507229 7.9733807742595664 7.6625270992517462 11.33895778656006 421.82548744976521 6.8411347717046729 8.0386245995759946
leaf_count=33 33 130 79 57 2032 36 34 53 1990 31 37
internal_value=-0.0043724 0.0798909 0.0823575 0.0396639 -0.095696 0.0859196 0.067659 0.0551585 0.0879085 0.0655635 0.0519062
internal_weight=1017.77 529.413 521.522 41.0963 488.359 480.426 50.6272 33.8812 429.799 26.2187 14.8798
internal_count=4545 2480 2447 187 2065 2260 234 155 2026 121 68
is_linear=0
shrinkage=0.06


Tree=6
num_leaves=6
num_cat=0
split_feature=0 13 0 2 11
split_gain=1982.95 303.654 5.68893 5.29343 3.43517
threshold=0.99999950000000004 1.0000000180025095e-35 0.93676900000000007 2104.5000000000005 0.71198150000000016
decision_type=10 10 10 10 10
left_child=2 -2 -1 -4 -3
right_child=1 4 3 -5 -6
leaf_value=-0.093524171064779199 0.089513722381491551 -0.056257502280529434 -0.011867352163370265 -0.078314331247829716 -0.10723013375568234
leaf_weight=462.58546614646912 480.05210711061954 10.895667895674704 7.2666605412960079 11.347183421254156 23.478638887405396
leaf_count=2005 2329 46 31 49 96
internal_value=-0.00467057 0.077153 -0.0921227 -0.0543017 -0.0931204
internal_weight=995.626 514.426 481.199 18.6138 34.3743
internal_count=4556 2471 2085 80 142
is_linear=0
shrinkage=0.06


Tree=7
num_leaves=9
num_cat=0
split_feature=0 11 6 0 5 6 7 11
split_gain=1809.51 53.3921 15.8746 6.07453 6.23681 1.33904 0.516955 0.137395
threshold=0.99999950000000004 0.30495200000000006 1.5000000000000002 0.93676900000000007 1.5000000000000002 3.5000000000000004 1.5000000000000002 0.43614150000000002
decision_type=10 10 2 10 2 2 2 10
left_child=3 -2 -3 -1 -5 6 -4 -7
right_child=1 2 5 4 -6 7 -8 -9
leaf_value=-0.090473853660615541 -0.067514814816491409 0.040492759925875921 0.050399279422947266 -0.015310031234322183 -0.084545560189592986 0.051798486899292596 0.073488262822047151 0.083333924614033314
leaf_weight=448.91122581064701 8.6119262576103193 41.898483917117119 14.240663453936575 9.862888842821123 8.9679123759269697 6.5461883395910254 74.545698449015617 358.10492527484894
leaf_count=2001 37 201 68 43 39 31 365 1791
internal_value=-0.0041018 0.0747096 0.0773134 -0.0889919 -0.0508832 0.0806191 0.0703875 0.082911
internal_weight=971.69 503.948 495.336 467.742 18.8308 453.437 88.7864 364.651
internal_count=4576 2493 2456 2083 82 2255 433 1822
is_linear=0
shrinkage=0.06


Tree=8
num_leaves=6
num_cat=0
split_feature=0 13 0 5 9
split_gain=1658.03 264.424 3.44692 3.95169 0.281673
threshold=0.99999950000000004 1.0000000180025095e-35 0.93676900000000007 1.5000000000000002 1.1644045000000003
decision_type=10 10 10 2 8
left_child=2 -2 -1 -4 -3
right_child=1 4 3 -5 -6
leaf_value=-0.08779472898396555 0.085113004443740939 -0.063478891449134475 -0.022392138741784626 -0.081884828670882759 -0.095686331929513854
leaf_weight=430.5516315549612 454.62576414644718 11.315540209412573 8.8992048799991625 8.3269303739070875 22.452851325273514
leaf_count=1979 2344 47 39 37 94
internal_value=-0.00332871 0.0730572 -0.0866205 -0.0540651 -0.08703
internal_weight=936.172 488.394 447.778 17.2261 33.7684
internal_count=4540 2485 2055 76 141
is_linear=0
shrinkage=0.06


Tree=9
num_leaves=5
num_cat=0
split_feature=0 13 2 11
split_gain=1531.95 237.999 3.94659 3.93781
threshold=0.99999950000000004 1.0000000180025095e-35 64.500000000000014 0.71198150000000016
decision_type=10 10 8 10
left_child=2 -2 -1 -3
right_child=1 3 -4 -5
leaf_value=-0.033529844863394102 0.08287488162655364 -0.047035820228408146 -0.085117922312440364 -0.10069272785928678
leaf_weight=7.1588187813758841 444.58425675332546 10.003547966480257 424.6304207444191 21.560861423611641
leaf_count=31 2374 44 2016 90
internal_value=-0.0026007 0.0715468 -0.0843421 -0.0856541
internal_weight=907.938 476.149 431.789 31.5644
internal_count=4555 2508 2047 134
is_linear=0
shrinkage=0.06


Tree=10
num_leaves=6
num_cat=0
split_feature=0 13 0 2 11
split_gain=1404.65 232.841 6.13251 5.22558 5.02991
threshold=0.99999950000000004 1.0000000180025095e-35 0.94233850000000008 3057.0000000000005 0.71198150000000016
decision_type=10 10 10 10 10
left_child=2 -2 -1 -4 -3
right_child=1 4 3 -5 -6
leaf_value=-0.08331715504607036 0.081206803397434829 -0.040369057366034015 -0.00022349275285505694 -0.068338804258624194 -0.097642743230458087
leaf_weight=406.78877620398998 428.85806225240231 9.9151538461446744 6.7363577038049689 9.2098498195409757 23.173740908503532
leaf_count=2002 2377 44 30 43 98
internal_value=-0.00290046 0.0693522 -0.0818324 -0.0412752 -0.0821683
internal_weight=884.682 461.947 422.735 15.9462 33.0889
internal_count=4594 2519 2075 73 142
is_linear=0
shrinkage=0.06


Tree=11
num_leaves=6
num_cat=0
split_feature=0 13 0 2 11
split_gain=1273.7 218.076 5.15379 5.32952 3.52684
threshold=0.99999950000000004 1.0000000180025095e-35 0.93676900000000007 2044.5000000000002 0.65108700000000008
decision_type=10 10 10 10 10
left_child=2 -2 -1 -4 -3
right_child=1 4 3 -5 -6
leaf_value=-0.081409158669013368 0.079025330177536671 -0.043787899640777617 -0.0012230707264551629 -0.068576399797333876 -0.093659921067293123
leaf_weight=394.40776066482067 404.62264829874039 10.196566864848135 6.7777078002691296 10.413624331355093 22.658641830086708
leaf_count=2015 2332 46 30 50 98
internal_value=-0.00427456 0.0669323 -0.0799372 -0.0435492 -0.0799328
internal_weight=849.077 437.478 411.599 17.1913 32.8552
internal_count=4571 2476 2095 80 144
is_linear=0
shrinkage=0.06


Tree=12
num_leaves=7
num_cat=0
split_feature=0 13 0 5 2 2
split_gain=1176.26 199.52 7.95773 7.67461 4.60884 0.593502
threshold=0.99999950000000004 1.0000000180025095e-35 0.93676900000000007 1.5000000000000002 83.250000000000014 368287.50000000006
decision_type=10 10 10 2 10 10
left_child=2 5 -1 -4 -3 -2
right_child=1 4 3 -5 -6 -7
leaf_value=-0.0796728882320384 0.077726098739962474 -0.029984266198127055 0.0053814900116544379 -0.074623783554942189 -0.0883160089560035 0.04145053759213202
leaf_weight=377.32239475846291 390.99230951070786 7.723397731781005 8.6794313788414019 7.3479625135660163 24.70353464782238 5.2572626769542685
leaf_count=2005 2347 33 40 36 112 29
internal_value=-0.00305835 0.065621 -0.0778824 -0.0335264 -0.0757353 0.0773504
internal_weight=822.026 428.677 393.35 16.0274 32.4269 396.25
internal_count=4602 2521 2081 76 145 2376
is_linear=0
shrinkage=0.06


Tree=13
num_leaves=6
num_cat=0
split_feature=0 13 2 2 2
split_gain=1095.24 182.921 5.83232 4.41655 0.390938
threshold=0.99999950000000004 1.0000000180025095e-35 64.500000000000014 83.250000000000014 368287.50000000006
decision_type=10 10 8 10 10
left_child=2 4 -1 -3 -2
right_child=1 3 -4 -5 -6
leaf_value=-0.01744558339989942 0.076288574573298573 -0.028705964264149394 -0.077710231824966294 -0.086000569739892549 0.043574137142898581
leaf_weight=6.5464926064014426 373.31046745181084 7.6998118013143566 374.35598044097424 23.623562812805176 5.8056808710098258
leaf_count=30 2337 33 2066 110 33
internal_value=-0.00355385 0.064371 -0.0767229 -0.0732404 0.0759035
internal_weight=791.342 410.44 380.902 31.3234 379.116
internal_count=4609 2513 2096 143 2370
is_linear=0
shrinkage=0.06


Tree=14
num_leaves=7
num_cat=0
split_feature=0 13 0 11 2 11
split_gain=1012.36 166.537 4.81494 4.43992 4.15729 0.452149
threshold=0.99999950000000004 1.0000000180025095e-35 0.93676900000000007 0.74456500000000003 3057.0000000000005 0.44636000000000003
decision_type=10 10 10 10 10 10
left_child=2 5 -1 -3 -4 -2
right_child=1 3 4 -5 -6 -7
leaf_value=-0.076728544289816694 0.042639876196567124 -0.032126977967956619 -0.00081562337602264132 -0.085879623198112695 -0.062664701543852161 0.075301445583853197
leaf_weight=347.35870645940304 5.8992148339748374 9.7962149679660815 6.4491934180259696 20.406946823000908 9.0522435903549177 356.83815222978592
leaf_count=2004 35 47 30 95 47 2333
internal_value=-0.00305287 0.0636001 -0.0752076 -0.0700336 -0.0385419 0.074889
internal_weight=755.801 392.941 362.86 30.2032 15.5014 362.737
internal_count=4591 2510 2081 142 77 2368
is_linear=0
shrinkage=0.06


Tree=15
num_leaves=7
num_cat=0
split_feature=0 13 0 2 2 11
split_gain=926.411 154.919 5.28866 4.73671 3.88904 0.473688
threshold=0.99999950000000004 1.0000000180025095e-35 0.94233850000000008 3321.0000000000005 83.250000000000014 0.4382620000000001
decision_type=10 10 10 10 10 10
left_child=2 5 -1 -4 -3 -2
right_child=1 4 3 -5 -6 -7
leaf_value=-0.075594490890363505 0.040725332173273267 -0.02592365380135208 0.0034491610694340849 -0.064220042341450706 -0.08193429226825602 0.073929390702639403
leaf_weight=331.26581674814224 5.558637708425521 7.0636842548847225 6.5693284720182401 7.3140844404697418 21.758422687649727 337.56058511137962
leaf_count=1996 33 31 30 39 107 2307
internal_value=-0.00334546 0.0622697 -0.0740296 -0.0341201 -0.0695369 0.0735114
internal_weight=717.091 371.941 345.149 13.8834 28.8221 343.119
internal_count=4543 2478 2065 69 138 2340
is_linear=0
shrinkage=0.06


Tree=16
num_leaves=9
num_cat=0
split_feature=1 3 11 7 2 8 2 3
split_gain=821.664 51.0343 34.4545 11.0336 11.675 30.429 3.21057 0.315362
threshold=0.97916650000000016 0.53303850000000008 0.30495200000000006 1.5000000000000002 52.500000000000007 0.98000000000000009 161619.75000000003 0.26600150000000006
decision_type=10 8 10 2 10 10 10 10
left_child=-1 2 -2 4 -4 6 -6 -5
right_child=1 -3 3 7 5 -7 -8 -9
leaf_value=-0.074808990513895057 -0.061066371875798983 -0.061206431143089587 0.071225267800089323 0.068248634990936183 0.0068195674555239184 -0.064255480398532697 0.062908534451540044 0.038178235945123547
leaf_weight=312.75989200174809 7.4650248885154715 12.068552643060682 21.945589646697044 296.09753467142582 4.8017701506614712 10.844828233122824 19.378397613763809 5.4649340957403174
leaf_count=1963 40 74 151 2081 30 60 134 38
internal_value=-0.00299323 0.0564578 0.0604939 0.0631877 0.0378597 0.0155571 0.0524834 0.0678317
internal_weight=690.827 378.067 365.998 358.533 56.9706 35.025 24.1802 301.562
internal_count=4571 2608 2534 2494 375 224 164 2119
is_linear=0
shrinkage=0.06


Tree=17
num_leaves=7
num_cat=0
split_feature=0 13 2 0 5 2
split_gain=795.861 138.461 7.22252 5.57463 5.17147 0.874647
threshold=0.99999950000000004 1.0000000180025095e-35 83.250000000000014 0.93676900000000007 1.5000000000000002 368287.50000000006
decision_type=10 10 10 10 2 10
left_child=3 5 -3 -1 -5 -2
right_child=1 2 -4 4 -6 -7
leaf_value=-0.073170271130425235 0.071946367480667753 -0.010302144868345643 -0.080027364570726234 0.0006832853041860333 -0.068122241045105697 0.033995496830315261
leaf_weight=301.77314610779285 313.17418064177036 7.4071564972400692 21.852243468165398 8.2095082253217679 6.5137829035520545 4.8286658972501746
leaf_count=1990 2336 33 113 40 37 31
internal_value=-0.00266733 0.0599733 -0.0632999 -0.0713695 -0.0321538 0.0714785
internal_weight=663.759 347.262 29.2594 316.496 14.7233 318.003
internal_count=4580 2513 146 2067 77 2367
is_linear=0
shrinkage=0.06


Tree=18
num_leaves=7
num_cat=0
split_feature=0 13 2 2 2 0
split_gain=746.908 123.455 6.93582 4.62805 1.12066 0.311505
threshold=0.99999950000000004 1.0000000180025095e-35 64.500000000000014 83.250000000000014 368287.50000000006 0.94233850000000008
decision_type=10 10 8 10 10 10
left_child=2 4 -1 -3 -2 -4
right_child=1 3 5 -5 -6 -7
leaf_value=-0.0070106936917775234 0.071389534286841458 -0.017349101662365158 -0.07229619775323283 -0.077731308286479145 0.029529050191515211 -0.047973571214964039
leaf_weight=6.3331990242004386 298.34312225878239 6.7830797433853176 286.56367817521095 19.330272644758224 4.2522148489952079 9.9442812204360944
leaf_count=31 2334 30 1984 104 27 55
internal_value=-0.00246064 0.0600825 -0.0703203 -0.0632651 0.0709005 -0.0716445
internal_weight=631.55 328.709 302.841 26.1134 302.595 296.508
internal_count=4565 2495 2070 134 2361 2039
is_linear=0
shrinkage=0.06


Tree=19
num_leaves=7
num_cat=0
split_feature=0 13 0 11 2 2
split_gain=676.398 126.433 7.05386 5.91181 4.99724 1.18084
threshold=0.99999950000000004 1.0000000180025095e-35 0.94233850000000008 0.65108700000000008 2568.7500000000005 368287.50000000006
decision_type=10 10 10 10 10 10
left_child=2 5 -1 -3 -4 -2
right_child=1 3 4 -5 -6 -7
leaf_value=-0.071266561883430585 0.069939750566850631 -0.016672748321593607 0.01345521677112746 -0.080311911475870648 -0.055398572802134137 0.027544588731396785
leaf_weight=274.98470291495323 284.29519555717707 7.8774257749319103 6.3457441329956037 19.694318100810051 7.3895542323589325 4.1285147070884696
leaf_count=1992 2331 42 30 103 43 27
internal_value=-0.00288863 0.0576814 -0.0691509 -0.0633497 -0.0248336 0.0694302
internal_weight=604.715 315.995 288.72 27.5717 13.7353 288.424
internal_count=4568 2503 2065 145 73 2358
is_linear=0
shrinkage=0.06


Tree=20
num_leaves=8
num_cat=0
split_feature=0 13 11 0 6 2 11
split_gain=634.921 112.345 5.56138 4.44354 2.43568 1.48294 0.012824
threshold=0.99999950000000004 1.0000000180025095e-35 0.65108700000000008 0.94233850000000008 5.5000000000000009 398782.50000000006 0.4382620000000001
decision_type=10 10 10 10 2 10 10
left_child=3 5 -3 -1 -5 6 -2
right_child=1 2 -4 4 -6 -7 -8
leaf_value=-0.070428219660216243 0.039773815488913157 -0.015816421105481277 -0.078390830067666756 -0.052052208333318736 -0.00057703326232194446 0.022275236449393127 0.069479359620788939
leaf_weight=261.48907078057528 4.5610883533954611 7.8249672353267696 17.939023584127426 6.9083526432514173 5.7292713969945908 3.6453268229961386 266.58378870785236
leaf_count=1987 33 42 97 38 31 24 2300
internal_value=-0.002797 0.0573429 -0.060687 -0.0687035 -0.0304694 0.0685891 0.0691277
internal_weight=574.681 300.554 25.764 274.127 12.6376 274.79 271.145
internal_count=4552 2496 139 2056 69 2357 2333
is_linear=0
shrinkage=0.06


Tree=21
num_leaves=8
num_cat=0
split_feature=0 13 11 2 2 11 2
split_gain=589.614 102.873 5.65578 5.31005 1.60155 0.122036 0.0864547
threshold=0.99999950000000004 1.0000000180025095e-35 0.71198150000000016 83.250000000000014 398782.50000000006 0.4382620000000001 252.75000000000003
decision_type=10 10 10 8 10 10 8
left_child=3 4 -3 -1 5 -2 -5
right_child=1 2 -4 6 -6 -7 -8
leaf_value=-0.01221149183818831 0.037040225182945648 -0.01480252558837347 -0.07656571309495698 -0.044967012138073865 0.019607069981838539 0.06894967508797524 -0.070042738020096515
leaf_weight=6.4477711021900168 4.1350219994783393 8.4390676617622393 16.773341417312622 7.4216644614934912 3.3997639864683142 251.04500570893288 246.13014726340771
leaf_count=35 30 45 95 56 22 2277 1951
internal_value=-0.00298275 0.0567233 -0.0572458 -0.0681201 0.0680133 0.0685792 -0.0694883
internal_weight=543.792 283.792 25.2124 260 258.58 255.18 253.552
internal_count=4511 2469 140 2042 2329 2307 2007
is_linear=0
shrinkage=0.06


Tree=22
num_leaves=5
num_cat=0
split_feature=1 13 2 2
split_gain=533.782 158.789 5.74752 0.123907
threshold=0.97916650000000016 1.0000000180025095e-35 64.500000000000014 368287.50000000006
decision_type=10 10 8 10
left_child=-1 3 -3 -2
right_child=1 2 -4 -5
leaf_value=-0.069626445069842752 0.06902475025257801 -0.0049389642697769756 -0.07310091928871873 0.036599003816973681
leaf_weight=237.34524615108967 247.53934706002474 5.3383034318685523 31.405831187963486 3.9879921674728385
leaf_count=1978 2338 24 209 28
internal_value=-0.00314728 0.0516391 -0.0635914 0.0686576
internal_weight=525.617 288.271 36.7441 251.527
internal_count=4577 2599 233 2366
is_linear=0
shrinkage=0.06


Tree=23
num_leaves=7
num_cat=0
split_feature=0 13 2 1 2 2
split_gain=516.28 87.5667 6.44294 4.16172 8.60473 1.64715
threshold=0.99999950000000004 1.0000000180025095e-35 83.250000000000014 0.97916650000000016 1388.2500000000002 398782.50000000006
decision_type=10 10 10 10 8 10
left_child=3 5 -3 -1 -5 -2
right_child=1 2 -4 4 -6 -7
leaf_value=-0.068551872578335615 0.067237943724341706 -0.0042315869522552788 -0.071572770920490067 0.032745230712694862 -0.058405822503893257 0.01812452557298672
leaf_weight=220.49917101860046 234.8292523548007 7.385956525802615 16.655432306230068 4.3795032426714924 12.721377246081827 3.3702139854431143
leaf_count=1939 2349 35 107 22 99 23
internal_value=-0.00234144 0.0556021 -0.0518795 -0.0662592 -0.0345428 0.0666217
internal_weight=499.841 262.241 24.0414 237.6 17.1009 238.199
internal_count=4574 2514 142 2060 121 2372
is_linear=0
shrinkage=0.06


Tree=24
num_leaves=8
num_cat=0
split_feature=0 13 0 11 1 2 11
split_gain=473.129 77.1091 6.77214 6.30597 5.33396 1.75429 0.404692
threshold=0.99999950000000004 1.0000000180025095e-35 0.93676900000000007 0.67333350000000014 0.94975450000000017 398782.50000000006 0.4382620000000001
decision_type=10 10 10 8 8 10 10
left_child=2 5 -1 -3 -4 6 -2
right_child=1 3 4 -5 -6 -7 -8
leaf_value=-0.067580867058269642 0.031158237890192463 -0.0069332308200764619 -0.062192016495081819 -0.073088016783916937 0.010440995031611335 0.015874353521823269 0.067065275743766778
leaf_weight=208.35944239795208 3.6531731784343711 8.3265426754951495 5.3993570804595921 13.832908026874064 7.8886661082506189 3.2133576795458785 218.80858328938484
leaf_count=1935 30 47 38 86 42 22 2311
internal_value=-0.00137998 0.0554771 -0.0649182 -0.0496027 -0.0213593 0.0659684 0.0666177
internal_weight=469.482 247.835 221.647 22.1595 13.288 225.675 222.462
internal_count=4511 2496 2015 133 80 2363 2341
is_linear=0
shrinkage=0.06


Tree=25
num_leaves=7
num_cat=0
split_feature=0 13 2 0 8 2
split_gain=447.483 81.1209 4.42706 3.90299 4.91267 0.52664
threshold=0.99999950000000004 1.0000000180025095e-35 83.250000000000014 0.93676900000000007 0.98000000000000009 398782.50000000006
decision_type=10 10 10 10 10 10
left_child=3 5 -3 -1 -5 -2
right_child=1 2 -4 4 -6 -7
leaf_value=-0.067286391543108212 0.06601358721522263 -0.010281861663445845 -0.069424731649567806 0.013257043594045203 -0.057776589156347244 0.02614803023632865
leaf_weight=203.15023311972618 209.77523799985647 6.8212559372186687 15.595508523285387 5.3140590265393239 7.7758893892168999 2.9598020613193503
leaf_count=1985 2325 33 109 31 50 21
internal_value=-0.00303907 0.054139 -0.0526356 -0.0651807 -0.0300452 0.0655839
internal_weight=451.392 235.152 22.4168 216.24 13.0899 212.735
internal_count=4554 2488 142 2066 81 2346
is_linear=0
shrinkage=0.06


Tree=26
num_leaves=10
num_cat=0
split_feature=0 11 12 6 2 1 2 7 6
split_gain=414.976 22.7009 11.7041 6.54301 13.7424 5.84639 11.6664 0.565203 0.30691
threshold=0.99999950000000004 0.30495200000000006 2.5000000000000004 1.5000000000000002 52.500000000000007 0.97916650000000016 372.75000000000006 1.5000000000000002 2.5000000000000004
decision_type=10 10 2 2 10 10 8 2 2
left_child=5 -2 3 4 -3 -1 -7 8 -5
right_child=1 2 -4 7 -6 6 -8 -9 -10
leaf_value=-0.067116334613361653 -0.062384073886745925 0.059249476163967134 -0.048974754514843247 0.019091096986153432 -0.042141923935245108 0.049517121718564358 -0.058944809635752098 0.062343583440046278 0.04810667681244029
leaf_weight=189.96970532089472 5.1815602630376807 11.97559927403927 3.0408929586410514 3.5495148524642017 6.7670904994010916 4.363506875932214 10.145462714135647 184.55821148306131 12.572255760431288
leaf_count=1946 35 136 20 34 54 21 89 2113 132
internal_value=-0.00240691 0.0532094 0.0561689 0.0578417 0.0223616 -0.0642819 -0.0252358 0.061028 0.0432065
internal_weight=432.124 227.645 222.464 219.423 18.7427 204.479 14.509 200.68 16.1218
internal_count=4580 2524 2489 2469 190 2056 110 2279 166
is_linear=0
shrinkage=0.06


Tree=27
num_leaves=7
num_cat=0
split_feature=0 13 11 1 0 11
split_gain=386.124 75.7771 5.07073 4.89456 3.40412 1.96975
threshold=0.99999950000000004 1.0000000180025095e-35 0.67333350000000014 0.97916650000000016 0.88425100000000012 0.42678550000000004
decision_type=10 10 8 10 10 10
left_child=3 5 -3 -1 -5 -2
right_child=1 2 -4 4 -6 -7
leaf_value=-0.0663333526953373 0.012199772227066783 -0.011551989435798712 -0.071668493864409891 -0.058203079301883884 -0.002894480631997075 0.064787331485587352
leaf_weight=181.82766219973564 3.1245139837265006 8.2619023472070712 14.082564815878866 6.4744010418653479 8.8726629167795164 192.52153112739325
leaf_count=1962 26 49 95 68 51 2352
internal_value=-0.00286198 0.0520576 -0.0508874 -0.0635358 -0.0283604 0.0640138
internal_weight=415.165 217.991 22.3445 197.175 15.3471 195.646
internal_count=4603 2522 144 2081 119 2378
is_linear=0
shrinkage=0.06


Tree=28
num_leaves=8
num_cat=0
split_feature=0 13 0 2 2 2 11
split_gain=355.757 71.0935 6.47399 3.87218 3.57668 2.24034 0.60536
threshold=0.99999950000000004 1.0000000180025095e-35 0.93676900000000007 2568.7500000000005 83.250000000000014 421130.25000000006 0.41763600000000006
decision_type=10 10 10 10 10 10 10
left_child=2 5 -1 -4 -3 6 -2
right_child=1 4 3 -5 -6 -7 -8
leaf_value=-0.065473727988937983 0.025093432179124273 -0.011752963884164877 0.017748825027472308 -0.046802908487191666 -0.068125811077302881 0.0058001134029413825 0.064785198089993834
leaf_weight=173.00939108431339 3.0799051374196997 6.1682916879653957 5.4820298552513105 6.2116066440939903 14.27924459427595 2.6018877923488608 180.22199345380068
leaf_count=1977 27 30 28 48 108 18 2332
internal_value=-0.00223669 0.0517895 -0.0625489 -0.0175266 -0.052461 0.0634753 0.0642581
internal_weight=391.054 206.351 184.703 11.6936 20.4475 185.904 183.302
internal_count=4568 2515 2053 76 138 2377 2359
is_linear=0
shrinkage=0.06


Tree=29
num_leaves=5
num_cat=0
split_feature=1 13 2 2
split_gain=325.909 109.781 5.99171 0.863494
threshold=0.97916650000000016 1.0000000180025095e-35 52.500000000000007 398782.50000000006
decision_type=10 10 10 10
left_child=-1 3 -3 -2
right_child=1 2 -4 -5
leaf_value=-0.066050874465210491 0.065540025837297039 -0.0039788857005229432 -0.070692523492899992 0.019514408339724922
leaf_weight=162.86669245362282 174.81528995931149 6.1720302700996426 23.891552865505219 2.519826114177703
leaf_count=1950 2347 50 183 19
internal_value=-0.00274762 0.0470418 -0.0575653 0.0649991
internal_weight=370.265 207.399 30.0636 177.335
internal_count=4549 2599 233 2366
is_linear=0
shrinkage=0.06


Tree=30
num_leaves=8
num_cat=0
split_feature=0 13 0 13 11 2 11
split_gain=308.846 63.0912 6.11572 18.1232 4.87259 2.47457 0.817611
threshold=0.99999950000000004 1.0000000180025095e-35 0.88425100000000012 1.0000000180025095e-35 0.71198150000000016 421130.25000000006 0.41763600000000006
decision_type=10 10 10 10 10 10 10
left_child=2 5 -1 -4 -3 6 -2
right_child=1 4 3 -5 -6 -7 -8
leaf_value=-0.064871256073097003 0.02026154461112542 -0.0070691411424664563 0.069909240572779294 -0.066474908260012969 -0.06876567959518512 0.00095716184828551875 0.063892014568074113
leaf_weight=155.19906670600176 2.7215703278779975 7.250343084335328 4.3736937493085835 9.2873029038310051 12.968096040189266 2.3562249168753615 161.05655977874994
leaf_count=1979 25 47 25 75 100 16 2319
internal_value=-0.00288344 0.0502469 -0.0614683 -0.0210202 -0.0480171 0.0624213 0.0632944
internal_weight=355.213 186.353 168.86 13.661 20.2184 166.134 163.778
internal_count=4586 2507 2079 100 147 2360 2344
is_linear=0
shrinkage=0.06


Tree=31
num_leaves=7
num_cat=0
split_feature=0 13 11 0 5 11
split_gain=292.384 57.9508 5.25751 4.78685 3.08673 2.61312
threshold=0.99999950000000004 1.0000000180025095e-35 0.67333350000000014 0.93676900000000007 1.5000000000000002 0.41763600000000006
decision_type=10 10 8 10 2 10
left_child=3 5 -3 -1 -5 -2
right_child=1 2 -4 4 -6 -7
leaf_value=-0.064171909038894623 0.0017503686621466229 -0.0043474613595580018 -0.067846022168974146 0.0043139334557302754 -0.056137699217714082 0.063597664787061553
leaf_weight=147.71172975003719 2.5571232438087454 7.5347907021641758 12.119211629033087 7.0124717503786069 4.1989503130316734 154.84423261880875
leaf_count=1981 23 48 96 41 38 2341
internal_value=-0.00240384 0.050492 -0.0448916 -0.061282 -0.0210698 0.0626103
internal_weight=335.979 177.055 19.654 158.923 11.2114 157.401
internal_count=4568 2508 144 2060 79 2364
is_linear=0
shrinkage=0.06


Tree=32
num_leaves=7
num_cat=0
split_feature=0 13 2 2 2 0
split_gain=275.704 53.4481 8.19729 3.60405 3.15655 0.34372
threshold=0.99999950000000004 1.0000000180025095e-35 64.500000000000014 64.500000000000014 421130.25000000006 0.94233850000000008
decision_type=10 10 10 8 10 10
left_child=3 4 -3 -1 -2 -5
right_child=1 2 -4 5 -6 -7
leaf_value=-0.0076620433304435817 0.063593494591069374 0.018619324751457826 -0.066205818255752141 -0.06408750507582868 -0.0078863329379821549 -0.03788264382405461
leaf_weight=4.6534492149949065 145.47404894605279 5.1853159964084652 13.62189796566963 138.17054515331984 2.0469174906611434 6.9936675354838362
leaf_count=31 2318 25 117 1965 15 55
internal_value=-0.00260874 0.0504271 -0.0430595 -0.0614333 0.0625553 -0.0630928
internal_weight=316.146 166.328 18.8072 149.818 147.521 145.164
internal_count=4526 2475 142 2051 2333 2020
is_linear=0
shrinkage=0.06


Tree=33
num_leaves=11
num_cat=0
split_feature=1 12 0 12 7 2 8 2 3 7
split_gain=247.709 21.5676 13.6402 9.89266 5.53003 4.44942 9.17267 2.5789 1.76272 0.262983
threshold=0.97916650000000016 1.0000000180025095e-35 0.88425100000000012 2.5000000000000004 1.5000000000000002 52.500000000000007 0.50757600000000014 115158.75000000001 0.26600150000000006 24.500000000000004
decision_type=10 2 10 2 2 10 8 10 10 2
left_child=-1 -2 -3 4 5 -4 7 -7 9 -6
right_child=1 2 3 -5 8 6 -8 -9 -10 -11
leaf_value=-0.064599722180630814 -0.061841061223553387 -0.051839209895184792 0.05845830163480608 -0.048398261064962693 0.060610727967022382 -0.015972093440310073 -0.05057487346299841 0.049730359339604305 0.0064372501931499017 0.023286851610446999
leaf_weight=129.59523553028703 5.7244291380047789 3.9255798384547225 9.5135779120028037 2.7379712462425223 126.16789999231696 2.1827549934387234 5.4384589716792098 9.6328894570469838 2.4994119927287093 2.339422643184661
leaf_count=1914 53 55 147 22 2025 24 56 143 36 30
internal_value=-0.00237253 0.0451201 0.0491949 0.0519715 0.0540072 0.0276193 0.00834431 0.0372936 0.0591487 0.0601163
internal_weight=299.758 170.162 164.438 160.512 157.774 26.7677 17.2541 11.8156 131.007 128.507
internal_count=4505 2591 2538 2483 2461 370 223 167 2091 2055
is_linear=0
shrinkage=0.06


Tree=34
num_leaves=5
num_cat=0
split_feature=1 13 2 2
split_gain=239.311 78.9946 6.9699 1.44079
threshold=0.97916650000000016 1.0000000180025095e-35 39.750000000000007 421130.25000000006
decision_type=10 10 10 10
left_child=-1 3 -3 -2
right_child=1 2 -4 -5
leaf_value=-0.064600933238540423 0.063449307480754308 0.0082248770520571522 -0.068610917318841294 0.0060881839037969267
leaf_weight=126.74232416972518 135.60951343178749 5.1254402250051525 19.273675292730331 1.8211916461586941
leaf_count=1978 2355 47 170 14
internal_value=-0.00313543 0.0451044 -0.0527819 0.0627386
internal_weight=288.572 161.83 24.3991 137.431
internal_count=4564 2586 217 2369
is_linear=0
shrinkage=0.06


Tree=35
num_leaves=5
num_cat=0
split_feature=1 13 2 2
split_gain=226.656 73.5819 8.24306 1.42858
threshold=0.97916650000000016 1.0000000180025095e-35 52.500000000000007 454735.50000000006
decision_type=10 10 10 10
left_child=-1 3 -3 -2
right_child=1 2 -4 -5
leaf_value=-0.064303230381489621 0.063987771269867766 0.0098218047143202019 -0.066967478717688447 0.0058470245655313736
leaf_weight=120.04485929012299 128.06632355228066 6.4565434902906444 18.607117310166359 1.7535394504666317
leaf_count=1980 2335 52 178 12
internal_value=-0.00271306 0.0451296 -0.0475682 0.0632531
internal_weight=274.928 154.884 25.0637 129.82
internal_count=4557 2577 230 2347
is_linear=0
shrinkage=0.06


Tree=36
num_leaves=9
num_cat=0
split_feature=0 13 2 2 2 3 0 0
split_gain=204.487 44.9133 7.28992 3.01903 1.31634 0.273103 0.10982 0.782106
threshold=0.99999950000000004 1.0000000180025095e-35 36.750000000000007 83.250000000000014 421130.25000000006 0.26600150000000006 0.94233850000000008 0.99431400000000014
decision_type=10 10 8 10 10 10 10 10
left_child=2 4 -1 -3 5 -2 -4 -8
right_child=1 3 6 -5 -6 -7 7 -9
leaf_value=0.020782454267735478 0.061685337415021912 -0.0070396771117717718 -0.062821269735448285 -0.062804566004030227 0.0053737163561209259 0.032076852573625886 -0.013737019216639822 -0.056590399458280288
leaf_weight=3.5299698114395133 113.70390597730875 5.4380088970065108 110.7537766136229 10.410866755992172 1.7676457464694966 4.5634578168392173 3.5929218009114257 3.5450602471828461
leaf_count=21 2249 30 1953 107 13 82 32 31
internal_value=-0.00286392 0.0475359 -0.0591943 -0.0452241 0.060056 0.0608214 -0.0617437 -0.0393586
internal_weight=257.306 135.884 121.422 15.8489 120.035 118.267 117.892 7.13798
internal_count=4518 2481 2037 137 2344 2331 2016 63
is_linear=0
shrinkage=0.06


Tree=37
num_leaves=6
num_cat=0
split_feature=1 13 2 11 2
split_gain=196.336 66.7356 6.05563 1.87277 0.0320369
threshold=0.97916650000000016 1.0000000180025095e-35 52.500000000000007 0.40862700000000002 421130.25000000006
decision_type=10 10 10 10 10
left_child=-1 3 -3 -2 -5
right_child=1 2 -4 4 -6
leaf_value=-0.063410478153234529 0.0033090262742823257 0.0040821480256374573 -0.065591771573003096 0.063388473841234916 0.02355362666255344
leaf_weight=106.21637759357691 2.0361249074339858 5.8357004076242474 16.982341937720776 115.15394799038768 1.6137370690703381
leaf_count=1956 22 49 178 2353 12
internal_value=-0.00207283 0.0440524 -0.0483495 0.062055 0.0630426
internal_weight=247.838 141.622 22.818 118.804 116.768
internal_count=4570 2614 227 2387 2365
is_linear=0
shrinkage=0.06


Tree=38
num_leaves=6
num_cat=0
split_feature=1 13 2 11 2
split_gain=183.977 62.4303 6.82477 2.26656 0.0458868
threshold=0.97916650000000016 1.0000000180025095e-35 64.500000000000014 0.40862700000000002 454735.50000000006
decision_type=10 10 8 10 10
left_child=-1 3 -3 -2 -5
right_child=1 2 -4 4 -6
leaf_value=-0.063548972995227673 -0.0005170874818088843 0.010518849024897105 -0.063904160708821947 0.063046884691771166 0.02306482656085394
leaf_weight=100.45187876373529 2.0647439435124388 5.5336477607488659 17.137987695634365 108.5520229190588 1.5992911458015431
leaf_count=1955 22 27 203 2335 12
internal_value=-0.0024213 0.0432336 -0.0460622 0.061522 0.0626791
internal_weight=235.34 134.888 22.6716 112.216 110.151
internal_count=4554 2599 230 2369 2347
is_linear=0
shrinkage=0.06


Tree=39
num_leaves=5
num_cat=0
split_feature=1 13 2 2
split_gain=170.657 63.5582 5.00043 0.0691502
threshold=0.97916650000000016 1.0000000180025095e-35 64.500000000000014 421130.25000000006
decision_type=10 10 8 10
left_child=-1 3 -3 -2
right_child=1 2 -4 -5
leaf_value=-0.063049821327013464 0.062435853097084736 0.0044568173057801634 -0.06322313668358559 0.021880360628077935
leaf_weight=95.20368966460228 103.47131111472845 4.8651446849107769 17.018574416637421 1.5307350084185589
leaf_count=1964 2337 24 216 12
internal_value=-0.00269196 0.0427341 -0.0486394 0.0620566
internal_weight=222.089 126.886 21.8837 105.002
internal_count=4553 2589 240 2349
is_linear=0
shrinkage=0.06


Tree=40
num_leaves=6
num_cat=0
split_feature=1 13 9 9 3
split_gain=156.865 63.7089 1.34935 1.45925 0.0181487
threshold=0.97916650000000016 1.0000000180025095e-35 0.54668450000000013 0.99209000000000003 0.26600150000000006
decision_type=10 10 8 10 10
left_child=-1 4 -3 -4 -2
right_child=1 2 3 -5 -6
leaf_value=-0.062703114295924733 0.061595465696683442 -0.011527268690136285 -0.064955020905738237 -0.0107596511961058 0.034269535354235096
leaf_weight=90.146335154771805 96.976467430591583 3.1566617079079178 15.353369381278755 2.5077890232205382 4.2566633448004714
leaf_count=1966 2287 26 193 20 91
internal_value=-0.00303659 0.0411125 -0.0521346 -0.0583196 0.0607929
internal_weight=212.397 122.251 21.0178 17.8612 101.233
internal_count=4583 2617 239 213 2378
is_linear=0
shrinkage=0.06


Tree=41
num_leaves=8
num_cat=0
split_feature=0 13 2 0 6 2 9
split_gain=149.948 26.1121 14.9803 4.86183 3.57649 3.44022 0.283458
threshold=0.99999950000000004 1.0000000180025095e-35 52.500000000000007 0.94233850000000008 7.5000000000000009 454735.50000000006 1.9207165000000002
decision_type=10 10 10 10 2 10 10
left_child=3 5 -3 -1 -5 6 -2
right_child=1 2 -4 4 -6 -7 -8
leaf_value=-0.061522341371094462 0.060141421287648572 0.074470497883717846 -0.062581886571141387 -0.040286773139031749 0.034165080841236282 -0.018977867538480155 0.01909636325596735
leaf_weight=85.336061455309391 88.392070785164833 2.9039885848760596 10.512197356671093 4.5540268234908572 3.0402452610433102 1.6206426396965969 1.7713994756340969
leaf_count=1987 2299 13 124 45 21 11 42
internal_value=-0.00224819 0.0466066 -0.0298084 -0.0574608 -0.00997391 0.0579771 0.0595533
internal_weight=198.131 105.2 13.4162 92.9303 7.59427 91.7841 90.1635
internal_count=4542 2489 137 2053 66 2352 2341
is_linear=0
shrinkage=0.06


Tree=42
num_leaves=13
num_cat=0
split_feature=5 11 0 12 6 2 2 7 2 2 8 8
split_gain=137.458 19.1308 8.01912 5.91879 3.42418 5.00453 2.28129 2.49389 1.89825 1.02173 0.115256 0.0736076
threshold=1.5000000000000002 0.32993200000000006 0.88425100000000012 2.5000000000000004 2.5000000000000004 52.500000000000007 148.50000000000003 1.5000000000000002 24.750000000000004 203465.25000000003 0.10818700000000002 0.28759400000000007
decision_type=2 10 10 2 2 10 8 2 10 10 10 8
left_child=1 -1 -3 4 5 -4 -7 9 -6 -8 -10 -2
right_child=11 2 3 -5 8 6 7 -9 10 -11 -12 -13
leaf_value=-0.059152885427686389 -0.027512397479317725 -0.045813941775227573 0.057508784719426276 -0.043138385744379677 -0.010651108869575166 -0.042081820646859856 -0.039694491730042927 0.041170804283597075 0.018428286698038306 0.0095227427224448893 0.058272183372656543 -0.063392907092305079
leaf_weight=5.7584084793925276 2.3589689284563056 2.5738481990993014 9.4283577576279658 1.7503605857491482 1.1940220296382893 2.4337350092828247 2.0389073751866817 4.7168881669640541 1.4115906469523896 2.4205453768372536 77.392829760909081 76.779945507645607
leaf_count=85 59 51 230 18 19 27 32 115 32 37 1976 1865
internal_value=-0.00268503 0.0402211 0.0461574 0.0488797 0.0508809 0.0273403 0.000223326 0.0144761 0.0566578 -0.0161289 0.0577983 -0.06268
internal_weight=190.258 111.119 105.361 102.787 101.037 21.0384 11.6101 9.17634 79.9984 4.45945 78.8044 79.1389
internal_count=4546 2622 2537 2486 2468 441 211 184 2027 69 2008 1924
is_linear=0
shrinkage=0.06


Tree=43
num_leaves=7
num_cat=0
split_feature=5 13 2 2 3 8
split_gain=126.58 54.0591 9.04497 0.323395 0.263057 0.134396
threshold=1.5000000000000002 1.0000000180025095e-35 52.500000000000007 454735.50000000006 0.26600150000000006 0.28759400000000007
decision_type=2 8 8 10 10 8
left_child=1 3 -3 4 -1 -2
right_child=5 2 -4 -5 -6 -7
leaf_value=0.061540110099966676 -0.025518955433330975 0.03278084448765356 -0.063428856317730375 0.014014529536102998 0.028369399223148205 -0.063208959944690321
leaf_weight=79.548070523887873 2.1826823167502871 3.6900528073310879 17.336971499025822 1.241285167634486 3.3785144165158263 73.640486270189285
leaf_count=2246 56 17 252 10 84 1893
internal_value=-0.00382353 0.0386385 -0.0458232 0.0600293 0.0605428 -0.0624703
internal_weight=181.018 105.195 21.027 84.1679 82.9266 75.8232
internal_count=4558 2609 269 2340 2330 1949
is_linear=0
shrinkage=0.06


Tree=44
num_leaves=6
num_cat=0
split_feature=1 13 2 11 2
split_gain=124.178 43.6903 10.9223 2.93245 0.357647
threshold=0.97916650000000016 1.0000000180025095e-35 39.750000000000007 0.40862700000000002 454735.50000000006
decision_type=10 10 8 10 10
left_child=-1 3 -3 -2 -5
right_child=1 2 -4 4 -6
leaf_value=-0.062247056663609572 -0.018315547345982442 0.052269010900839505 -0.060880292244366224 0.061375306420233783 0.013670283723107159
leaf_weight=72.526933200657368 1.3054559566080559 2.9603702872991589 15.571451868861912 78.307293549180031 1.2320893555879582
leaf_count=1974 17 13 221 2318 10
internal_value=-0.00302428 0.0403871 -0.0410546 0.0593293 0.0608153
internal_weight=171.904 99.3767 18.5318 80.8448 79.5394
internal_count=4553 2579 234 2345 2328
is_linear=0
shrinkage=0.06


Tree=45
num_leaves=7
num_cat=0
split_feature=1 13 2 11 3 3
split_gain=117.835 42.9382 7.39569 0.662486 0.174872 0.0622939
threshold=0.97916650000000016 1.0000000180025095e-35 39.750000000000007 0.40862700000000002 0.26600150000000006 0.35811350000000003
decision_type=10 10 8 10 10 10
left_child=-1 3 -3 -2 -5 -6
right_child=1 2 -4 4 5 -7
leaf_value=-0.061783046481584961 0.010197258469946627 0.033868666324382173 -0.059906663631902266 0.061380809976149794 0.0078766250241185942 0.034097462709855524
leaf_weight=69.182111606001854 1.4104452542960633 3.0732559859752682 14.428735654801129 72.878198336809874 1.2364434041082852 1.7600870095193384
leaf_count=1995 19 14 218 2280 34 46
internal_value=-0.00273616 0.0405554 -0.0424997 0.0596666 0.0604416 0.0279561
internal_weight=163.969 94.7872 17.502 77.2852 75.8747 2.99653
internal_count=4606 2611 232 2379 2360 80
is_linear=0
shrinkage=0.06


Tree=46
num_leaves=6
num_cat=0
split_feature=1 13 2 11 2
split_gain=109.726 38.7626 7.8326 1.42553 0.491197
threshold=0.97916650000000016 1.0000000180025095e-35 39.750000000000007 0.37171050000000005 454735.50000000006
decision_type=10 10 8 10 10
left_child=-1 3 -3 -2 -5
right_child=1 2 -4 4 -6
leaf_value=-0.060996440036741414 -0.0035356217976419565 0.040826227375836327 -0.058769536838796599 0.060829796474187486 0.0096639614790950904
leaf_weight=64.389946753159165 1.1756659746170033 2.7693617194891003 13.703241918236015 71.832722036167979 1.1001138240098942
leaf_count=1972 14 12 219 2365 9
internal_value=-0.00163982 0.0407594 -0.0406473 0.0591545 0.0601992
internal_weight=154.971 90.5811 16.4726 74.1085 72.9328
internal_count=4591 2619 231 2388 2374
is_linear=0
shrinkage=0.06


Tree=47
num_leaves=11
num_cat=0
split_feature=1 11 2 0 8 2 2 7 2 3
split_gain=102.941 11.446 5.93605 2.86194 1.61843 0.625875 9.51469 0.367771 1.6987 0.925632
threshold=0.97916650000000016 0.19782600000000003 563536.50000000012 0.99999950000000004 1.0208335000000002 52.500000000000007 94.500000000000014 1.5000000000000002 75891.000000000015 0.26600150000000006
decision_type=10 10 8 10 10 10 10 2 10 10
left_child=-1 -2 3 -3 5 -5 -7 8 -8 -9
right_child=1 2 -4 4 -6 6 7 9 -10 -11
leaf_value=-0.061331521658573702 -0.058788992699393396 0.0059561804402172881 -0.046158203726904587 0.066623227134385787 -0.011036159612453382 -0.051745027939630359 -0.019682197300875334 0.055737508459407802 0.043701979617928551 0.0035962093724740685
leaf_weight=60.220301469787955 3.1960020363330832 5.9180131554603568 1.7668978124856938 14.503423590213059 1.1929779145866621 2.5880100205540648 1.3591280058026303 48.676714541390538 5.3503316286951303 1.4032305516302574
leaf_count=1951 48 53 36 455 21 23 35 1753 147 40
internal_value=-0.00174154 0.0402327 0.044713 0.0472342 0.050367 0.0514927 0.0467547 0.0520612 0.0299748 0.0543755
internal_weight=146.175 85.9547 82.7587 80.9918 75.0738 73.8808 59.3774 56.7894 6.70946 50.0799
internal_count=4562 2611 2563 2527 2474 2453 1998 1975 182 1793
is_linear=0
shrinkage=0.06


Tree=48
num_leaves=5
num_cat=0
split_feature=1 13 2 2
split_gain=96.5246 36.8662 7.79343 2.28868
threshold=0.97916650000000016 1.0000000180025095e-35 52.500000000000007 505266.00000000006
decision_type=10 10 8 10
left_child=-1 3 -3 -2
right_child=1 2 -4 -5
leaf_value=-0.061154326208536426 0.060213910979870944 0.029375306521874145 -0.060849069481623462 -0.014566388472687677
leaf_weight=57.524139331653714 65.917235830798745 3.9249927699565914 12.725615384057162 1.1482365280389775
leaf_count=1966 2373 18 221 8
internal_value=-0.0019085 0.0390426 -0.0391215 0.0587384
internal_weight=141.24 83.7161 16.6506 67.0655
internal_count=4586 2620 239 2381
is_linear=0
shrinkage=0.06


Tree=49
num_leaves=10
num_cat=0
split_feature=1 11 0 2 8 8 7 2 2
split_gain=93.5761 9.08698 6.65816 4.50543 1.59572 0.627557 0.353806 0.25266 3.30552
threshold=0.97916650000000016 0.12701600000000005 0.99999950000000004 372.75000000000006 1.0208335000000002 0.095454500000000012 2.5000000000000004 52.500000000000007 212.25000000000003
decision_type=10 10 10 8 10 10 2 10 10
left_child=-1 -2 3 -3 5 -4 7 -7 -9
right_child=1 2 4 -5 -6 6 -8 8 -10
leaf_value=-0.062206162221507572 -0.055153922895653969 0.035615311991653652 -0.00043939943613443335 -0.046557866701748961 -0.010477244548288736 0.054369095670325232 0.056020879786421139 -0.02778516376070149 0.042642563873832841
leaf_weight=54.387184049934149 2.6775256842374793 3.5985790938138953 0.82913938350975414 4.069346085190773 1.2413525413721789 5.4156852886080769 44.665609044954181 2.1751154027879229 12.954479971900581
leaf_count=1964 45 20 21 74 24 214 1699 40 426
internal_value=-0.00248773 0.0396114 0.0436785 -0.00833396 0.0496415 0.050911 0.0515606 0.039714 0.0314226
internal_weight=132.014 77.6268 74.9493 7.66793 67.2814 66.04 65.2109 20.5453 15.1296
internal_count=4527 2563 2518 94 2424 2400 2379 680 466
is_linear=0
shrinkage=0.06


Tree=50
num_leaves=8
num_cat=0
split_feature=1 13 2 11 2 3 3
split_gain=82.8388 32.5585 6.014 3.83659 0.903324 0.356351 0.122385
threshold=0.97916650000000016 1.0000000180025095e-35 39.750000000000007 0.37171050000000005 505266.00000000006 0.26600150000000006 0.35024200000000005
decision_type=10 10 8 10 10 10 10
left_child=-1 3 -3 -2 5 -5 -7
right_child=1 2 -4 4 -6 6 -8
leaf_value=-0.060337386642766493 -0.033004339467208682 0.028939910623175691 -0.057944665030852369 0.061478408143078006 -0.0025408996268914577 0.0033401268836094613 0.031144611592638698
leaf_weight=51.17041857726872 1.0644264891743649 3.0186882019042942 11.896171500906348 55.896770818158984 0.7571425586938848 1.073969949036836 1.5743474066257475
leaf_count=1971 11 14 209 2280 6 35 50
internal_value=-0.00208991 0.0377741 -0.0396462 0.0572367 0.059377 0.0602069 0.0238752
internal_weight=126.452 75.2815 14.9149 60.3667 59.3022 58.5451 2.64832
internal_count=4576 2605 223 2382 2371 2365 85
is_linear=0
shrinkage=0.06


Tree=51
num_leaves=8
num_cat=0
split_feature=0 13 5 11 0 13 11
split_gain=73.8444 19.1727 5.18997 4.20766 3.42727 6.33588 2.6429
threshold=0.99999950000000004 1.0000000180025095e-35 1.5000000000000002 0.71198150000000016 0.88425100000000012 1.0000000180025095e-35 0.37171050000000005
decision_type=10 10 2 10 10 10 10
left_child=4 2 6 -3 -1 -6 -2
right_child=1 3 -4 -5 5 -7 -8
leaf_value=-0.059189166242679801 -0.022445029358733753 0.01319808114580532 -0.058084560318435674 -0.058901521406700026 0.037311101285852175 -0.05812318821583419 0.0584522911452263
leaf_weight=47.787336267530918 1.0057099685072888 4.2965259291231614 0.6902649849653234 6.402716189622879 3.7517400570213777 4.3943417221307755 53.248378541320562
leaf_count=1971 11 44 3 99 27 75 2356
internal_value=-0.00295575 0.0399381 0.0541207 -0.031295 -0.0531134 -0.0148964 0.0565736
internal_weight=121.577 65.6436 54.9444 10.6992 55.9334 8.14608 54.2541
internal_count=4586 2513 2370 143 2073 102 2367
is_linear=0
shrinkage=0.06


Tree=52
num_leaves=7
num_cat=0
split_feature=1 13 9 12 9 6
split_gain=77.5962 27.4058 4.95338 3.92337 1.79265 0.369102
threshold=0.97916650000000016 1.0000000180025095e-35 0.43483700000000008 1.0000000180025095e-35 0.93701000000000012 1.5000000000000002
decision_type=10 10 8 2 10 2
left_child=-1 3 -3 -2 -4 -5
right_child=1 2 4 5 -6 -7
leaf_value=-0.061769466278659743 -0.041541042641527581 0.039233251857447381 -0.057369694044005312 0.031045708991387796 0.00029598858732550806 0.061604359802945256
leaf_weight=45.73465415276587 0.75412166863679786 2.0913553107529852 10.174756811931728 4.7403306011110535 2.336217464879156 48.99915973469615
leaf_count=1952 5 18 196 155 24 2209
internal_value=-0.00190006 0.0380434 -0.0332528 0.0574032 -0.0473767 0.0595252
internal_weight=114.831 69.0959 14.6023 54.4936 12.511 53.7395
internal_count=4559 2607 238 2369 220 2364
is_linear=0
shrinkage=0.06


Tree=53
num_leaves=8
num_cat=0
split_feature=1 13 2 12 2 8 8
split_gain=69.1879 28.7358 4.99086 4.34077 0.771496 0.253805 0.36255
threshold=0.97916650000000016 1.0000000180025095e-35 52.500000000000007 1.0000000180025095e-35 505266.00000000006 0.28759400000000007 0.19523800000000005
decision_type=10 10 8 2 10 8 10
left_child=5 3 -3 -2 -5 6 -1
right_child=1 2 -4 4 -6 -7 -8
leaf_value=-0.033130119917861703 -0.050175243903095003 0.01945245441958883 -0.058954604711608634 0.060040298686783927 0.001194273588914046 -0.061147137779377837 0.0081741597431393732
leaf_weight=1.1722030993551005 0.62335368990898032 3.4135334193706486 10.071937624365091 50.391745572909713 0.85643377900123496 41.684126749634743 0.67710579186677922
leaf_count=53 4 16 209 2378 7 1898 30
internal_value=-0.00208222 0.0367626 -0.0391349 0.0568612 0.0590986 -0.0599161 -0.0204458
internal_weight=108.89 65.357 13.4855 51.8715 51.2482 43.5334 1.84931
internal_count=4595 2614 225 2389 2385 1981 83
is_linear=0
shrinkage=0.06


Tree=54
num_leaves=11
num_cat=0
split_feature=1 13 11 11 3 3 8 8 6 8
split_gain=62.1048 26.6993 4.40996 3.97431 2.8537 0.399197 0.313264 0.271611 0.25661 0.20474
threshold=0.97916650000000016 1.0000000180025095e-35 0.35355400000000009 0.74456500000000003 1.0000000180025095e-35 0.26600150000000006 0.28759400000000007 0.24621200000000001 1.5000000000000002 0.17156900000000003
decision_type=10 10 10 10 8 10 8 10 2 8
left_child=6 2 -2 4 -3 8 9 -7 -4 -1
right_child=1 3 5 -5 -6 7 -8 -9 -10 -11
leaf_value=-0.02964014963559149 -0.049588410863967716 0.031590722035677817 0.031853381503567896 -0.061107927049844329 -0.044434020877618746 0.029910561818227873 -0.061476713031929253 -0.0048848132874726958 0.060528186341494879 0.0030314198703528263
leaf_weight=0.93519147112965462 0.71467419713735481 3.6062504313886139 4.879128571599721 8.4485192615538836 1.8969894461333749 1.52973991818726 38.956872396171093 0.82374124974012364 41.46363945864141 0.8109590020030738
leaf_count=44 5 32 161 166 42 58 1860 31 2116 36
internal_value=-0.00313737 0.0338497 0.0543384 -0.0374932 0.00258177 0.0568307 -0.0601464 0.0199069 0.0582458 -0.0188881
internal_weight=104.066 63.3627 49.4109 13.9518 5.50324 48.6962 40.703 2.35348 46.3428 1.74615
internal_count=4551 2611 2371 240 74 2366 1940 89 2277 80
is_linear=0
shrinkage=0.06


Tree=55
num_leaves=10
num_cat=0
split_feature=1 13 2 12 2 3 8 8 8
split_gain=59.9423 24.6325 5.01565 4.31215 0.986642 0.516291 0.288869 0.286675 0.188295
threshold=0.97916650000000016 1.0000000180025095e-35 52.500000000000007 1.0000000180025095e-35 505266.00000000006 0.26600150000000006 0.24621200000000001 0.28759400000000007 0.17156900000000003
decision_type=10 10 8 2 10 10 10 8 8
left_child=7 3 -3 -2 5 -5 -7 8 -1
right_child=1 2 -4 4 -6 6 -8 -9 -10
leaf_value=-0.029844495753960979 -0.0482031434816289 0.019729086318124065 -0.058179313583384629 0.059932572913318147 -0.006013999411617248 0.029085678046225801 -0.0063840857923988569 -0.061313473977330127 0.0019835381785294585
leaf_weight=0.94898273050784943 0.7196832150220861 3.5980273932218525 9.3218430634588003 43.20641235075891 0.69306871294975181 1.4805866982787841 0.78331117145717133 37.187531964853406 0.84069558419287216
leaf_count=46 5 17 210 2275 6 57 29 1883 37
internal_value=-0.00289272 0.0346577 -0.0366241 0.0546559 0.0572475 0.0583204 0.0186172 -0.0599323 -0.0195418
internal_weight=98.7801 59.8029 12.9199 46.8831 46.1634 45.4703 2.2639 38.9772 1.78968
internal_count=4565 2599 227 2372 2367 2361 86 1966 83
is_linear=0
shrinkage=0.06


Tree=56
num_leaves=7
num_cat=0
split_feature=5 13 2 11 2 8
split_gain=55.9625 23.535 4.95121 3.25619 0.73375 0.581756
threshold=1.5000000000000002 1.0000000180025095e-35 52.500000000000007 0.12701600000000005 505266.00000000006 0.28759400000000007
decision_type=2 8 8 10 10 8
left_child=1 3 -3 -1 -5 -2
right_child=5 2 -4 4 -6 -7
leaf_value=-0.035429086078353468 -0.010224081857282618 0.022843073110935492 -0.057748574195984913 0.05739893793019267 0.00033339415052737067 -0.06114916612984489
leaf_weight=0.79883652925491233 1.2805169373750676 3.1336830034852001 9.1972127556800842 43.626121936365962 0.83810701966285606 35.199287259951234
leaf_count=5 58 15 234 2380 7 1889
internal_value=-0.00245017 0.0342002 -0.0370904 0.0540036 0.0563543 -0.0596821
internal_weight=94.0738 57.594 12.3309 45.2631 44.4642 36.4798
internal_count=4588 2641 249 2392 2387 1947
is_linear=0
shrinkage=0.06


Tree=57
num_leaves=8
num_cat=0
split_feature=1 13 2 11 2 3 3
split_gain=52.8762 18.0433 7.68913 3.11731 0.704206 0.672199 0.15571
threshold=0.97916650000000016 1.0000000180025095e-35 52.500000000000007 0.12701600000000005 505266.00000000006 0.26600150000000006 0.3705810000000001
decision_type=10 10 8 10 10 10 10
left_child=-1 3 -3 -2 5 -5 -7
right_child=1 2 -4 4 -6 6 -8
leaf_value=-0.059008969268586425 -0.034388561929385039 0.038414718542401916 -0.057387279429550637 0.058033976461507139 0.00032430716685944545 -0.0043798444291771911 0.022142106912254465
leaf_weight=34.960373174399137 0.81163442134857078 3.5838583409786198 8.5496571734547615 38.672747734002769 0.83792181313037772 0.84036101959645648 1.0778176710009573
leaf_count=1987 5 17 212 2266 7 35 41
internal_value=-0.00238354 0.0344326 -0.02832 0.0526962 0.0551726 0.0562698 0.0130036
internal_weight=89.3344 54.374 12.1335 42.2405 41.4288 40.5909 1.91818
internal_count=4570 2583 229 2354 2349 2342 76
is_linear=0
shrinkage=0.06


Tree=58
num_leaves=7
num_cat=0
split_feature=1 13 2 12 2 0
split_gain=50.8457 21.4225 5.67112 3.37207 0.725944 0.539521
threshold=0.97916650000000016 1.0000000180025095e-35 39.750000000000007 1.0000000180025095e-35 505266.00000000006 0.99999950000000004
decision_type=10 10 8 2 10 10
left_child=-1 3 -3 -2 5 -5
right_child=1 2 -4 4 -6 -7
leaf_value=-0.060843494094950969 -0.043012277755177755 0.027645222437242031 -0.058326010667614031 0.022330150974087234 0.00031546559992869788 0.059461714268856734
leaf_weight=32.88838087208569 0.58355848491191764 3.1517820060253117 8.8309347722679377 3.1323422640562049 0.8377416729927053 36.103183443658054
leaf_count=1962 3 15 223 18 7 2372
internal_value=-0.00334629 0.0330417 -0.0353256 0.0535557 0.055975 0.057126
internal_weight=85.5279 52.6395 11.9827 40.6568 40.0733 39.2355
internal_count=4600 2638 238 2400 2397 2390
is_linear=0
shrinkage=0.06


Tree=59
num_leaves=11
num_cat=0
split_feature=0 13 2 5 2 2 13 8 11 8
split_gain=44.5693 9.57812 6.179 5.43355 3.06764 2.1773 2.78704 1.00756 1.00393 0.246538
threshold=0.99999950000000004 1.0000000180025095e-35 52.500000000000007 1.5000000000000002 563536.50000000012 372.75000000000006 1.0000000180025095e-35 0.28759400000000007 0.35355400000000009 0.15959250000000003
decision_type=10 10 10 2 10 8 10 8 10 10
left_child=5 3 -3 4 8 6 -1 9 -2 -7
right_child=1 2 -4 -5 -6 7 -8 -9 -10 -11
leaf_value=0.029650877528469566 -0.008379243578191628 0.049710985343567743 -0.054255408193329836 -0.055843446939072297 -0.036438104427746337 -0.025644508223375204 -0.048712981304320016 -0.060211547662055435 0.057671843066453572 0.0057308694923364585
leaf_weight=2.339331353083252 0.60586527734994788 2.1250146180391303 5.4016655627638102 0.92972575128078361 0.68433758616447349 0.72101146727800669 2.260078496299684 29.815158103592694 33.990342014469206 1.2896295264363287
leaf_count=46 4 10 123 4 4 40 75 1870 2344 53
internal_value=-0.00373139 0.0367345 -0.0225149 0.0493242 0.0535584 -0.0520033 -0.0106786 -0.0574683 0.0563122 -0.0103011
internal_weight=80.1622 43.737 7.52668 36.2103 35.2805 36.4252 4.59941 31.8258 34.5962 2.01064
internal_count=4573 2489 133 2356 2352 2084 121 1963 2348 93
is_linear=0
shrinkage=0.06


Tree=60
num_leaves=10
num_cat=0
split_feature=13 8 2 11 12 3 2 2 9
split_gain=28.4934 20.6859 6.72441 6.12827 4.06032 1.21717 1.36932 1.239 0.0549395
threshold=1.0000000180025095e-35 1.0208335000000002 39.750000000000007 0.35355400000000009 2.5000000000000004 0.26600150000000006 563536.50000000012 102433.50000000001 1.0080240000000003
decision_type=8 8 8 10 2 10 10 10 10
left_child=1 3 -2 8 5 6 -5 -7 -1
right_child=2 -3 -4 4 -6 7 -8 -9 -10
leaf_value=-0.011746774263064799 0.026888624884059621 -0.053007301949847811 -0.059757368497149167 0.057385991457182151 -0.037471047562721925 -0.034588727550718845 -0.018314130854940276 0.032766130042430744 -0.048733669239828643
leaf_weight=1.0458328854292624 3.0977506414055851 9.0197278633713704 25.113564136438072 33.787282113917172 1.1859239246696223 0.72295142523944322 0.44842450320720573 1.3159157028421757 1.1642738096415994
leaf_count=25 18 598 1386 2313 64 31 3 65 66
internal_value=-0.00265415 0.0250256 -0.0496484 0.0436347 0.0495094 0.053282 0.0559028 0.00536019 -0.0403429
internal_weight=76.9016 48.6903 28.2113 39.6706 37.4605 36.2746 34.2357 2.03887 2.21011
internal_count=4569 3165 1404 2567 2476 2412 2316 96 91
is_linear=0
shrinkage=0.06


Tree=61
num_leaves=13
num_cat=0
split_feature=1 11 12 6 3 8 0 7 8 8 8 6
split_gain=40.0596 5.23296 3.35774 2.77748 1.59507 1.33393 0.881435 0.486091 0.467929 0.339939 0.205762 0.00953504
threshold=0.97916650000000016 0.12701600000000005 2.5000000000000004 2.5000000000000004 9.4500000000000007e-05 1.0208335000000002 0.93676900000000007 24.500000000000004 0.28759400000000007 0.095454500000000012 0.18898800000000002 1.5000000000000002
decision_type=10 10 2 2 8 10 10 2 8 10 10 2
left_child=8 -2 3 4 11 6 -5 9 10 -8 -1 -3
right_child=1 2 -4 5 -6 -7 7 -9 -10 -11 -12 -13
leaf_value=-0.024309443811445369 -0.044147443116629687 0.013129863178652295 -0.039428037077574911 -0.0070650331163679449 -0.033364533272164182 -0.017848641149977015 0.0029820345920229742 0.0028740080159608029 -0.059097877198745666 0.054390663894172034 0.0072910690565024259 0.027019346807521324
leaf_weight=0.66238475777209049 2.1543698273599139 4.1853407789021704 1.184239363297819 0.69546549580991168 1.4746505217626698 0.58581275120377441 0.59141798410565272 0.81658423691987891 26.022747609764338 30.071421823464334 0.70069256238639355 3.3970475262030959
leaf_count=41 50 203 21 11 49 14 26 32 1886 1994 36 218
internal_value=-0.0011745 0.033335 0.0381319 0.0411979 0.0103731 0.0491601 0.0508814 0.0523397 -0.0572468 0.0535246 -0.0118539 0.0217758
internal_weight=72.5422 45.1564 43.002 41.8177 9.05704 32.7607 32.1749 31.4794 27.3858 30.6628 1.36308 7.58239
internal_count=4581 2618 2568 2547 470 2077 2063 2052 1963 2020 77 421
is_linear=0
shrinkage=0.06


Tree=62
num_leaves=9
num_cat=0
split_feature=1 13 2 11 2 8 8 8
split_gain=38.5736 15.7265 5.0792 1.62144 1.04246 0.428718 0.233279 0.191909
threshold=0.97916650000000016 1.0000000180025095e-35 39.750000000000007 0.12701600000000005 505266.00000000006 0.28759400000000007 0.18898800000000002 0.095454500000000012
decision_type=10 10 8 10 10 8 10 10
left_child=5 3 -3 -2 7 6 -1 -5
right_child=1 2 -4 4 -6 -7 -8 -9
leaf_value=-0.026339669218811968 -0.024650575809090983 0.026617337060725679 -0.056048045252505077 0.0041910774962774207 -0.0099932464224826781 -0.059989241936782949 0.0072408823050262566 0.056187426790921792
leaf_weight=0.76016631536185986 0.42844512313604255 3.2734926342964146 7.0861997855827221 0.42688750475645321 0.60709390789270301 24.999724452383816 0.7019157987087965 31.439917930401862
leaf_count=48 3 16 208 19 5 1881 36 2348
internal_value=-0.00220273 0.0324874 -0.0298834 0.0524277 0.0541507 -0.0580349 -0.0138252 0.0556396
internal_weight=69.7238 43.262 10.3597 32.9023 32.4739 26.4618 1.46208 31.8668
internal_count=4564 2599 224 2375 2372 1965 84 2367
is_linear=0
shrinkage=0.06


Tree=63
num_leaves=9
num_cat=0
split_feature=1 13 2 2 11 8 8 8
split_gain=36.609 15.1395 4.8041 3.9962 1.25498 0.403576 0.38447 0.293578
threshold=0.97916650000000016 1.0000000180025095e-35 39.750000000000007 672643.50000000012 0.12701600000000005 0.28759400000000007 0.21845150000000005 0.070833500000000008
decision_type=10 10 8 8 10 8 10 10
left_child=5 3 -3 4 -2 6 -1 -6
right_child=1 2 -4 -5 7 -7 -8 -9
leaf_value=-0.029230774909752882 -0.01297195174514983 0.025455898518607904 -0.055421706508676179 -0.056981729196916187 0.00035927961525206821 -0.059804701224927335 0.012867785034772436 0.057670951907163918
leaf_weight=0.91949353925884014 0.60382942110300675 3.2634145319461796 6.8711520163342366 0.40789476037025352 0.33778580930084245 23.558732045814395 0.57256869040429592 30.585461704060435
leaf_count=57 4 16 222 2 13 1876 29 2357
internal_value=-0.00163371 0.0323503 -0.0294312 0.0522549 0.0553766 -0.0577564 -0.0143948 0.0570758
internal_weight=67.1203 42.0695 10.1346 31.935 31.5271 25.0508 1.49206 30.9232
internal_count=4576 2614 238 2376 2374 1962 86 2370
is_linear=0
shrinkage=0.06


Tree=64
num_leaves=10
num_cat=0
split_feature=1 13 2 11 2 8 8 8 6
split_gain=32.2117 14.4562 4.03166 1.28937 1.25284 0.436222 0.458934 0.223712 0.138179
threshold=0.97916650000000016 1.0000000180025095e-35 52.500000000000007 0.12701600000000005 505266.00000000006 0.28759400000000007 0.21845150000000005 0.085145000000000012 1.5000000000000002
decision_type=10 10 8 10 10 8 10 10 2
left_child=5 3 -3 -2 7 6 -1 -5 -9
right_child=1 2 -4 4 -6 -7 -8 8 -10
leaf_value=-0.029386227377423413 -0.014474104442584096 0.01807094795038159 -0.054715446240473288 0.002346781858509386 -0.016981650612907746 -0.059640068199348299 0.016480620008024905 0.025653022569546713 0.057483336993100834
leaf_weight=0.92963636573404318 0.66545397415757435 3.6719508022069904 6.568097760900856 0.38318655826151982 0.47971747443079849 21.663833983242512 0.49936523474752903 2.9039431801065829 25.134800659492612
leaf_count=59 5 18 217 16 4 1828 25 154 2167
internal_value=-0.00245472 0.0300636 -0.0293295 0.05092 0.0528593 -0.0574306 -0.0131718 0.0545753 0.0551836
internal_weight=62.9 39.8072 10.24 29.5671 28.9016 23.0928 1.429 28.4219 28.0387
internal_count=4493 2581 235 2346 2341 1912 84 2337 2321
is_linear=0
shrinkage=0.06


Tree=65
num_leaves=6
num_cat=0
split_feature=1 13 2 2 0
split_gain=33.2543 13.3735 3.87944 3.87863 0.906288
threshold=0.97916650000000016 1.0000000180025095e-35 672643.50000000012 52.500000000000007 0.99999950000000004
decision_type=10 8 10 8 10
left_child=-1 2 4 -3 -2
right_child=1 3 -4 -5 -6
leaf_value=-0.057399873167918988 0.016229932364311517 0.0207416147534965 -0.055392517505720461 -0.053830064241567666 0.058995292646448143
leaf_weight=22.706058180890977 2.9003384150564733 3.2432012706994984 0.41595850884914298 5.994453134946526 25.887201011180878
leaf_count=1967 20 16 2 212 2390
internal_value=-0.00125732 0.032519 0.0520167 -0.0281804 0.0553762
internal_weight=61.1472 38.4412 29.2035 9.23765 28.7875
internal_count=4607 2640 2412 228 2410
is_linear=0
shrinkage=0.06


Tree=66
num_leaves=11
num_cat=0
split_feature=1 13 12 9 9 3 8 6 8 8
split_gain=29.9314 9.57508 2.62426 2.28161 1.30581 0.886202 0.527451 0.410104 0.403456 0.335376
threshold=0.97916650000000016 1.0000000180025095e-35 1.0000000180025095e-35 0.43483700000000008 0.93701000000000012 0.26600150000000006 0.28759400000000007 1.5000000000000002 0.21845150000000005 0.24621200000000001
decision_type=10 8 2 8 10 10 8 2 8 10
left_child=6 2 -2 -3 -5 7 8 -4 -1 -7
right_child=1 3 5 4 -6 9 -8 -9 -10 -11
leaf_value=-0.02678530476583697 -0.02930668705950824 0.027166157260318416 0.02119238267732106 -0.048930094182105192 0.0064442357996128971 0.019134309930610716 -0.059443814869278126 0.057439483291949235 0.016450575425163476 -0.018652100014176339
leaf_weight=0.78474361635744805 0.90380929410457866 1.9318439587950678 2.830296937376267 5.3194156121462592 1.7424775287508962 0.94352037925273069 20.125608848407865 21.972783323377371 0.50025491788983356 0.51733003184199333
leaf_count=54 6 20 148 184 22 54 1881 2104 26 30
internal_value=-0.00233884 0.0307286 0.0480624 -0.0212022 -0.0361623 0.0517022 -0.0570672 0.0542849 -0.0101203 0.00361116
internal_weight=57.5721 36.1615 27.1677 8.99374 7.06189 26.2639 21.4106 24.8031 1.285 1.46085
internal_count=4529 2568 2342 226 206 2336 1961 2252 80 84
is_linear=0
shrinkage=0.06


Tree=67
num_leaves=9
num_cat=0
split_feature=1 13 11 11 11 8 8 8
split_gain=29.8388 13.1154 4.22568 2.16064 1.04677 0.477501 0.386958 0.353663
threshold=0.97916650000000016 1.0000000180025095e-35 0.74456500000000003 0.30495200000000006 0.12701600000000005 0.28759400000000007 0.21845150000000005 0.070833500000000008
decision_type=10 10 10 10 10 8 8 10
left_child=5 4 3 -3 -2 6 -1 -6
right_child=1 2 -4 -5 7 -7 -8 -9
leaf_value=-0.027225528362000723 -0.010852403169350346 -0.026909870545887976 -0.057867968972815348 0.04427314602839609 -0.0018079610408083971 -0.059002383003518517 0.015070190191845105 0.05797936737505438
leaf_weight=0.80860868841409916 0.53839337825775402 1.7617373885586838 5.0376261146739125 2.6902339356020093 0.30086126457900064 18.711118901148438 0.52727634645998489 24.534795131534338
leaf_count=57 3 56 161 22 11 1870 27 2355
internal_value=0.000212701 0.0334913 -0.0248174 0.0163354 0.0554122 -0.0565034 -0.0112266 0.0572132
internal_weight=54.9107 34.8636 9.4896 4.45197 25.374 20.047 1.33589 24.8357
internal_count=4562 2608 239 78 2369 1954 84 2366
is_linear=0
shrinkage=0.06


Tree=68
num_leaves=15
num_cat=0
split_feature=1 2 3 12 2 6 2 12 8 8 8 2 8 2
split_gain=25.8701 4.1539 2.19964 1.59842 1.64623 1.36129 1.59449 1.23791 1.17335 0.607104 0.355832 0.278315 0.0982796 0.0687874
threshold=0.97916650000000016 672643.50000000012 0.22885400000000003 2.5000000000000004 19.500000000000004 1.5000000000000002 52.500000000000007 1.0000000180025095e-35 0.49242400000000003 0.28759400000000007 0.20526300000000003 51377.250000000007 0.11324800000000002 24692.250000000004
decision_type=10 8 10 2 10 2 10 2 10 8 8 10 10 10
left_child=9 2 3 4 -2 6 -6 -7 11 10 -1 -4 -9 -8
right_child=1 -3 8 -5 5 7 13 12 -10 -11 -12 -13 -14 -15
leaf_value=-0.024171562033433864 -0.018041065082237698 -0.056522592448827506 -0.011755251567456975 -0.025404797605558627 0.040066019826315823 -0.019078259486555168 -0.031724258213123024 0.0067289845799731332 -0.055216210332424735 -0.058861214746859784 0.016717555119513092 0.022557850763625813 0.052295663331354096 -0.0048698000379115893
leaf_weight=0.65870582126081223 1.0847577229142285 1.0259325467050064 0.58798288460820858 0.70722885243594547 1.6191173195838957 0.44512204919010656 0.96730107441544511 0.49249509721994655 0.5348449833691119 17.875402471981943 0.49488351307809364 1.2529908176511524 22.575172860175371 0.93437232170253992
leaf_count=48 12 45 22 19 130 17 40 24 30 1881 25 85 2117 20
internal_value=-0.00240661 0.0301069 0.0346222 0.0391434 0.0415837 0.0445344 0.00732315 0.0495803 -0.0155793 -0.0562251 -0.00701281 0.0113185 0.0516428 -0.0247551
internal_weight=51.2563 32.2273 31.2014 28.8256 28.1183 27.0336 3.52079 23.5128 2.37582 19.029 1.15359 1.84097 23.0677 1.90167
internal_count=4515 2561 2516 2379 2360 2348 190 2158 137 1954 73 107 2141 60
is_linear=0
shrinkage=0.06


Tree=69
num_leaves=9
num_cat=0
split_feature=1 13 2 11 2 3 2 6
split_gain=23.9875 10.9676 2.80688 1.14866 1.20877 0.954902 0.611886 0.170198
threshold=0.97916650000000016 1.0000000180025095e-35 39.750000000000007 0.12701600000000005 563536.50000000012 0.26600150000000006 166506.00000000003 1.5000000000000002
decision_type=10 10 8 10 10 10 10 2
left_child=-1 3 -3 -2 5 7 -7 -5
right_child=1 2 -4 4 -6 6 -8 -9
leaf_value=-0.058718375137105955 -0.014848101887530295 0.014848137212948346 -0.053370358862252158 0.023801210932040774 -0.019525286412981787 -0.025877319117945267 0.025477416536564202 0.056175481864775778
leaf_weight=17.939695125445724 0.65516557544470089 2.7342487126588795 5.4296703273430476 2.7815558267757394 0.43238593637943168 0.6285411687567819 0.71513257082551718 18.723062874749303
leaf_count=1944 5 14 216 155 3 32 50 2112
internal_value=-0.00495393 0.0259598 -0.0313956 0.0459968 0.0482501 0.0502976 0.000663432 0.0532317
internal_weight=50.0395 32.0998 8.16392 23.9358 23.2807 22.8483 1.34367 21.5046
internal_count=4531 2587 230 2357 2352 2349 82 2267
is_linear=0
shrinkage=0.06


Tree=70
num_leaves=8
num_cat=0
split_feature=0 13 11 11 1 0 0
split_gain=25.2994 4.57379 3.51081 2.76645 1.90248 0.467006 1.10777
threshold=0.99999950000000004 1.0000000180025095e-35 0.74456500000000003 0.35857150000000004 0.97916650000000016 0.88425100000000012 0.99431400000000014
decision_type=10 10 10 10 10 10 10
left_child=5 3 -3 -2 -5 -1 -7
right_child=1 2 -4 4 -6 6 -8
leaf_value=-0.0570894234401573 -0.029885925689392249 0.027771783383738778 -0.049462825370431771 -0.029522719495840087 0.055143391101035666 0.005623599453756397 -0.047708967422135568
leaf_weight=16.46318892296404 0.96572682261467591 3.6397423837333909 2.9376724604517221 0.40675330162048595 19.640894802287221 2.182518162764608 2.1578830266371369
leaf_count=1959 5 51 96 2 2356 58 34
internal_value=-0.00319287 0.0339975 -0.00869881 0.04715 0.0521045 -0.0518137 -0.02486
internal_weight=48.3944 27.5908 6.57741 21.0134 20.0476 20.8036 4.3404
internal_count=4561 2510 147 2363 2358 2051 92
is_linear=0
shrinkage=0.06


Tree=71
num_leaves=13
num_cat=0
split_feature=1 11 12 3 2 7 6 2 8 8 2 4
split_gain=19.6348 4.19795 2.37926 2.11468 1.41485 1.28893 1.41297 1.22499 0.630042 0.436901 0.123788 0.0145256
threshold=0.97916650000000016 0.12701600000000005 2.5000000000000004 0.26043150000000004 77986.500000000015 24.500000000000004 1.5000000000000002 42.750000000000007 0.28759400000000007 0.20526300000000003 24692.250000000004 19.500000000000004
decision_type=10 10 2 8 10 2 2 10 8 10 10 2
left_child=8 -2 3 5 -5 6 7 -3 9 -1 -9 -8
right_child=1 2 -4 4 -6 -7 11 10 -10 -11 -12 -13
leaf_value=-0.024256558093990917 -0.042809684697678534 0.037694645783786979 -0.037687619275108587 -0.048445548040763758 0.022695771718597865 -0.018281309700547636 0.049620747280552858 -0.026860152731191637 -0.057425906195041419 0.021358009638092992 -0.0010785941506565367 0.0094820873827540855
leaf_weight=0.6644826997071529 2.1058654338121441 1.4769995911046998 0.89648804813623328 1.0174702377989882 1.1549936519004402 0.77024984266608854 19.929281699471179 1.1657247534021737 14.975549933500586 0.41151019837707281 1.0972350928932426 0.56578227039426465
leaf_count=55 53 128 20 60 87 29 2111 57 1873 23 26 41
internal_value=-0.00268791 0.0256793 0.0321124 0.0356707 -0.0153913 0.0405282 0.0430477 0.00694855 -0.054402 -0.00492659 -0.0185211 0.0490054
internal_weight=46.2316 30.1801 28.0742 27.1777 2.17246 25.0053 24.235 3.73996 16.0515 1.07599 2.26296 20.4951
internal_count=4563 2612 2559 2539 147 2392 2363 211 1951 78 83 2152
is_linear=0
shrinkage=0.06


Tree=72
num_leaves=11
num_cat=0
split_feature=1 13 2 2 12 11 3 8 8 8
split_gain=18.0271 9.46572 3.22124 3.07698 1.16065 0.979906 1.04152 0.578651 0.377687 0.279512
threshold=0.97916650000000016 1.0000000180025095e-35 672643.50000000012 39.750000000000007 2.5000000000000004 0.12701600000000005 0.26600150000000006 0.28759400000000007 0.21845150000000005 0.24621200000000001
decision_type=10 10 10 8 2 10 10 8 10 10
left_child=7 2 4 -3 5 -2 -7 8 -1 -8
right_child=1 3 -4 -5 -6 6 9 -9 -10 -11
leaf_value=-0.024450907605095103 -0.010893745029467754 0.01924584440190814 -0.052931474494002997 -0.053494270225864907 -0.022788685429445316 0.054858829098623697 0.015703448064782306 -0.057933049120995742 0.017667307333012604 -0.019552764351564767
leaf_weight=0.67370487097650478 0.61411651223899255 2.5074293017387381 0.41434797644615073 5.2938752602785826 0.28747323900461097 19.219969702418897 0.75854405015706905 14.124771798029542 0.47745726816356182 0.50119739677757025
leaf_count=57 4 13 2 215 4 2310 50 1852 26 32
internal_value=-0.00380418 0.0234186 0.0432416 -0.0305844 0.047387 0.0493315 0.0515606 -0.0547462 -0.00688972 -0.000768829
internal_weight=44.8729 29.597 21.7956 7.8013 21.3813 21.0938 20.4797 15.2759 1.15116 1.25974
internal_count=4565 2630 2402 228 2400 2396 2392 1935 83 82
is_linear=0
shrinkage=0.06


Tree=73
num_leaves=10
num_cat=0
split_feature=0 13 2 2 5 2 8 8 8
split_gain=18.9476 4.77602 4.47411 3.27698 2.33764 1.17485 1.4082 0.37421 0.00748581
threshold=0.99999950000000004 1.0000000180025095e-35 52.500000000000007 672643.50000000012 1.5000000000000002 36.750000000000007 0.28759400000000007 0.12916650000000005 0.39009650000000001
decision_type=10 10 10 8 2 8 8 10 8
left_child=5 3 -3 4 -2 -1 7 -7 -8
right_child=1 2 -4 -5 -6 6 8 -9 -10
leaf_value=-0.0021339648944380864 0.054521857663000953 0.046681394355007864 -0.049528508658936779 -0.051856619686909237 -0.032368413269950207 -0.023388837156585348 -0.010341824627427445 0.014744928545499384 -0.058650240699270773
leaf_weight=1.9582982091233159 17.302850744687031 1.8164411187171925 3.7129329778254032 0.41816882789134879 0.55389487743377586 0.58253878261894243 0.4902453348040553 1.2402708260342477 14.704402427654713
leaf_count=21 2374 10 136 2 3 41 48 57 1923
internal_value=-0.00398938 0.0311284 -0.0156139 0.0453474 0.050253 -0.0473961 -0.0521972 -0.00141034 -0.0578264
internal_weight=42.78 23.8043 5.52937 18.2749 17.8567 18.9758 17.0175 1.82281 15.1946
internal_count=4615 2525 146 2379 2377 2090 2069 98 1971
is_linear=0
shrinkage=0.06


Tree=74
num_leaves=11
num_cat=0
split_feature=1 13 2 2 9 3 0 8 3 8
split_gain=16.2508 7.59406 3.11032 2.93806 0.762888 0.752095 0.706639 0.615942 0.381179 0.352259
threshold=0.97916650000000016 1.0000000180025095e-35 672643.50000000012 52.500000000000007 1.9207165000000002 0.26600150000000006 0.99950950000000016 0.28759400000000007 0.34373950000000003 0.21845150000000005
decision_type=10 10 10 8 10 10 10 8 10 10
left_child=7 2 4 -3 5 6 -2 9 -7 -1
right_child=1 3 -4 -5 -6 8 -8 -9 -10 -11
leaf_value=-0.023022574376384639 0.009755248193187226 0.015559086781907931 -0.050813288267399552 -0.05098827570349266 -0.0052183285621111479 -0.02095301406891361 0.057600507525678711 -0.057447342239432264 0.02090036261664837 0.017858084960569592
leaf_weight=0.61080948542803237 1.6832277216017359 3.5696028172969827 0.42157626152038474 4.5045983609743425 0.73829513136297364 0.47624828573316225 15.167524677235633 12.669128242414445 0.67547512240707874 0.47366111725568771
leaf_count=54 12 19 2 214 41 34 2225 1857 51 25
internal_value=-0.00298596 0.0237509 0.0436563 -0.0230953 0.0482478 0.0505997 0.0536355 -0.0539545 0.00189903 -0.00516592
internal_weight=40.9901 27.2365 19.1623 8.0742 18.7408 18.0025 16.8508 13.7536 1.15172 1.08447
internal_count=4534 2598 2365 233 2363 2322 2237 1936 85 79
is_linear=0
shrinkage=0.06


Tree=75
num_leaves=12
num_cat=0
split_feature=0 13 2 2 1 11 2 13 3 8 3
split_gain=15.983 3.12382 3.91915 2.82169 2.81562 1.31238 1.21796 1.89879 0.704275 0.606194 0.508153
threshold=0.99999950000000004 1.0000000180025095e-35 52.500000000000007 672643.50000000012 0.97916650000000016 0.12701600000000005 372.75000000000006 1.0000000180025095e-35 0.26600150000000006 0.16472900000000004 0.33995900000000007
decision_type=10 10 10 10 10 10 8 10 10 8 10
left_child=6 3 -3 4 -2 -6 7 -1 -7 -8 -10
right_child=1 2 -4 -5 5 8 9 -9 10 -11 -12
leaf_value=0.029142203837705525 -0.037192170519910334 0.040062090677460728 -0.047860196478706755 -0.049800404362275875 -0.021862713500256627 0.056518055522400683 -0.0052614164366068788 -0.046042835943131639 -0.024099006038203714 -0.059121856394311952 0.024730954075948507
leaf_weight=1.5039975340478149 0.74043416976929499 2.25010722875595 3.2364991884678602 0.42458662390708823 0.36964190006256004 13.900709877256302 1.0125653026625485 1.3865082864649594 0.42222039960324831 13.101435223594308 0.68226753268390894
leaf_count=44 4 12 129 2 2 2264 49 70 31 1876 54
internal_value=-0.00674192 0.0265484 -0.0111851 0.0389895 0.0441018 0.050049 -0.0489434 -0.0094871 0.0530758 -0.0558616 0.00348302
internal_weight=39.031 22.0265 5.48661 16.5399 16.1153 15.3748 17.0045 2.89051 15.0052 14.114 1.10449
internal_count=4537 2498 141 2357 2355 2351 2039 114 2349 1925 85
is_linear=0
shrinkage=0.06


Tree=76
num_leaves=10
num_cat=0
split_feature=1 13 11 11 12 6 3 0 11
split_gain=16.0764 7.41299 1.72253 1.4989 1.03122 1.1899 2.58005 0.775102 0.170369
threshold=0.97916650000000016 1.0000000180025095e-35 0.74456500000000003 0.43614150000000002 2.5000000000000004 3.5000000000000004 0.00063100000000000016 0.88425100000000012 0.49285700000000005
decision_type=10 10 10 10 2 2 10 10 10
left_child=-1 4 3 -3 5 6 8 -7 -2
right_child=1 2 -4 -5 -6 7 -8 -9 -10
leaf_value=-0.057401075908517417 0.0016444768329908579 -0.026632053324808651 -0.052714746752008663 0.03751840415192919 -0.022861084575912651 -0.013168144567770749 -0.046662052927928847 0.057219073994176167 0.038906581688098636
leaf_weight=12.714742165524511 0.58216732740403188 1.8448315500281744 3.3859777855686843 1.4415681809186933 0.27207069844007392 0.23781052604317388 0.88054445572197426 11.882445392198861 4.1817136183381081
leaf_count=1956 3 57 153 13 3 3 19 1821 540
internal_value=-0.00505964 0.0230591 -0.0280703 0.00369542 0.0424545 0.0446198 0.0175267 0.0549396 0.0354283
internal_weight=37.4239 24.7091 6.67238 3.2864 18.0368 17.7647 5.64443 12.1203 4.76388
internal_count=4568 2612 223 70 2389 2386 562 1824 543
is_linear=0
shrinkage=0.06


Tree=77
num_leaves=12
num_cat=0
split_feature=1 13 9 11 12 8 8 4 6 9 6
split_gain=12.7733 8.45256 2.25001 1.70406 1.09243 0.67387 0.39056 0.321083 0.324025 0.230927 0.128977
threshold=0.97916650000000016 1.0000000180025095e-35 0.38122700000000004 0.12701600000000005 2.5000000000000004 0.28759400000000007 0.21845150000000005 27.500000000000004 3.5000000000000004 0.93701000000000012 2.5000000000000004
decision_type=10 8 8 10 2 8 10 2 2 10 2
left_child=5 3 -3 -2 7 6 -1 8 10 -4 -5
right_child=1 2 9 4 -6 -7 -8 -9 -10 -11 -12
leaf_value=-0.022267755093508396 -0.023108494022117128 0.027044489816963644 -0.055710386816577501 0.031493259485496 -0.021823831530400777 -0.056773489603312396 0.021206088919661189 -0.0053626723284560772 0.056851030271566488 -0.010512888552869642 0.004376746637833346
leaf_weight=0.58014595787971934 0.77999082207680359 1.0646051345393051 4.1697191204875708 3.6563416467979595 0.28392750676721235 10.935978958848864 0.41432827338576317 0.19897398538887578 11.03966358816251 1.0284423790872095 1.1480284472927449
leaf_count=56 4 15 193 370 4 1865 24 12 1770 19 195
internal_value=-0.00472195 0.0209865 -0.0349035 0.0422451 0.0465208 -0.0528088 -0.00260416 0.0489399 0.0498997 -0.049907 0.026884
internal_weight=35.3001 23.3697 6.26277 17.1069 16.3269 11.9305 0.994474 16.043 15.844 5.19816 4.80437
internal_count=4527 2582 227 2355 2351 1945 80 2347 2335 212 565
is_linear=0
shrinkage=0.06


Tree=78
num_leaves=12
num_cat=0
split_feature=1 13 2 2 0 3 8 3 7 7 7
split_gain=12.5087 4.26128 3.8645 2.71293 1.19401 0.743583 0.622065 0.490224 0.451665 0.355772 0.604183
threshold=0.97916650000000016 1.0000000180025095e-35 52.500000000000007 672643.50000000012 0.99999950000000004 0.26600150000000006 0.28759400000000007 0.33995900000000007 4.5000000000000009 15.500000000000002 16.500000000000004
decision_type=10 10 8 10 10 10 8 10 2 2 2
left_child=6 3 -3 4 -2 9 8 -7 -1 -6 -11
right_child=1 2 -4 -5 5 7 -8 -9 -10 10 -12
leaf_value=0.02266676370853352 0.0019999404079341413 0.032398647794522381 -0.049644286875849465 -0.049404363259920869 0.056196495504258939 -0.026908462083477112 -0.056374428918696234 0.022141125962386675 -0.023911419471319986 -0.022133532199599702 0.030438077293619623
leaf_weight=0.39151861891150186 2.3418302573263672 2.6421653702855101 3.9861496766097844 0.41955927014350969 11.274898883420972 0.37686545494943935 10.399923775345087 0.57164455577731133 0.64584256615489721 0.40431176079437037 1.0103097935207186
leaf_count=38 18 15 218 2 2066 29 1894 51 45 43 171
internal_value=-0.00354706 0.0218365 -0.0169805 0.0375997 0.0426591 0.0490273 -0.0523006 -0.00115542 -0.00383496 0.0525887 0.0124689
internal_weight=34.465 23.0277 6.62832 16.3994 15.9799 13.638 11.4373 0.94851 1.03736 12.6895 1.41462
internal_count=4590 2613 233 2380 2378 2360 1977 80 83 2280 214
is_linear=0
shrinkage=0.06


Tree=79
num_leaves=16
num_cat=0
split_feature=0 11 2 8 6 2 8 0 2 2 2 6 2 8 7
split_gain=11.8566 2.34374 1.73531 1.43172 1.12835 1.93374 0.95227 0.48041 0.369986 0.605875 0.351496 0.31671 0.190285 0.0868613 0.0756548
threshold=0.99999950000000004 0.12701600000000005 372.75000000000006 1.0208335000000002 3.5000000000000004 52.500000000000007 0.28759400000000007 0.93676900000000007 2211.0000000000005 79908.750000000015 160.50000000000003 40.500000000000007 505266.00000000006 0.095454500000000012 21.500000000000004
decision_type=10 10 8 10 2 10 8 10 10 8 10 2 10 10 2
left_child=2 -2 7 4 5 -3 11 -1 10 -10 -7 -4 -11 -6 -15
right_child=1 3 6 -5 13 8 -8 -9 9 12 -12 -13 -14 14 -16
leaf_value=-0.022282224870434162 -0.038401857887628107 0.046920911577041938 0.018614360049335418 -0.023573413224301086 0.0035142556702004867 -0.018380110274422535 -0.058359544099838984 0.015638389251056237 -0.054100393254095228 0.015857699359868735 0.01991172750954049 -0.018371657880841583 -0.013763318089325535 0.05012579757768993 0.0094387726473136643
leaf_weight=1.1060269079171097 0.97711790446192281 2.0281144846230807 0.4613472269847978 0.84689284069463511 0.32156445318832894 0.54854490468278549 10.193938277196139 1.8059087404981253 0.56814355496317115 0.59242972172796726 0.99972368311136961 0.97996644768863916 0.54235997796058655 10.147157976403829 0.70086551643908102
leaf_count=96 28 270 35 30 27 28 1862 21 39 80 173 58 5 1707 76
internal_value=-0.00392881 0.0276357 -0.0428047 0.0332615 0.037371 0.0115657 -0.0524284 -0.000778917 -0.0163383 -0.0298982 0.00445617 -0.00375749 0.00188509 0.0476153 0.0485156
internal_weight=32.8201 18.2729 14.5472 17.2958 16.4489 5.27932 11.6353 2.91194 3.2512 1.70293 1.54827 1.44131 1.13479 11.1696 10.848
internal_count=4535 2463 2072 2435 2405 595 1955 117 325 124 201 93 85 1810 1783
is_linear=0
shrinkage=0.06


Tree=80
num_leaves=19
num_cat=0
split_feature=0 2 11 8 2 8 1 8 12 6 6 8 2 4 6 2 2 8
split_gain=10.6025 2.11454 1.44309 1.3842 1.17929 0.855382 0.759217 0.618828 0.594562 0.27199 0.192114 0.942797 0.581994 0.154071 0.111151 0.075635 0.421815 0.0642202
threshold=0.99999950000000004 672643.50000000012 0.12701600000000005 1.0208335000000002 372.75000000000006 0.28759400000000007 0.97916650000000016 0.98000000000000009 2.5000000000000004 40.500000000000007 3.5000000000000004 0.98000000000000009 43210.500000000007 19.500000000000004 2.5000000000000004 52.500000000000007 172.50000000000003 0.085145000000000012
decision_type=10 8 10 10 8 8 10 10 2 2 2 10 10 2 2 10 10 10
left_child=4 2 -2 6 7 9 -4 -1 10 -6 11 12 -8 17 -9 -13 -17 -12
right_child=1 -3 3 -5 5 -7 8 14 -10 -11 13 15 -14 -15 -16 16 -18 -19
leaf_value=0.017398475520235566 -0.028785810688464038 -0.048308828420843872 -0.01928363151390387 -0.022728299983005709 0.015891112182795347 -0.05691383297104731 -0.044846532984567887 -0.00050434481038949953 -0.012797532101445583 -0.018182768577992 0.0020372098597157893 0.041505527619693589 0.013020978808527971 0.0024512170034484103 -0.033924400162725389 -0.015933045165783422 0.026068797983885481 0.049064086898464788
leaf_weight=1.435305909253658 0.70354023948312416 0.45856644958257575 0.26449754182249918 0.84649623278528352 0.51300503406673559 9.2986293542198837 0.25626933714374978 0.49226894602179505 0.33534081839025098 0.97910318151116371 0.19509435258805474 2.3562761838547885 0.57745917700231075 0.38098318269476372 0.70567734492942691 0.50680086622014675 1.5039823902770875 10.109536133706568
leaf_count=38 25 6 3 31 38 1841 28 32 14 58 14 285 77 47 46 30 194 1726
internal_value=-0.00369368 0.025275 0.0295852 0.0333955 -0.0425904 -0.0507243 0.0374122 -0.0044715 0.0394027 -0.00479202 0.0411972 0.0233475 -0.0195227 0.0471434 -0.0266688 0.0336445 0.0137067 0.0484327
internal_weight=31.9188 18.4948 18.0363 17.3327 13.424 10.7907 16.4862 2.63325 16.2217 1.49211 15.8864 5.20079 0.833729 10.6856 1.19795 4.36706 2.01078 10.3046
internal_count=4533 2480 2474 2449 2053 1937 2418 116 2415 96 2401 614 105 1787 78 509 224 1740
is_linear=0
shrinkage=0.06


Tree=81
num_leaves=12
num_cat=0
split_feature=0 2 13 2 5 8 9 13 2 3 3
split_gain=10.3656 2.04138 2.34092 3.18216 1.82425 1.32376 1.2615 1.20184 0.930044 0.907628 0.492403
threshold=0.99999950000000004 672643.50000000012 1.0000000180025095e-35 52.500000000000007 1.5000000000000002 0.43167700000000003 1.9207165000000002 1.0000000180025095e-35 36.750000000000007 0.26600150000000006 0.33995900000000007
decision_type=10 8 10 10 2 8 10 8 8 10 10
left_child=5 2 4 -4 6 7 9 -1 -7 -2 -11
right_child=1 -3 3 -5 -6 8 -8 -9 -10 10 -12
leaf_value=0.029112909109818667 0.055871472946942592 -0.047398098770627249 0.03780983698130401 -0.044566884158476767 -0.029702895193414292 -8.9934773963730151e-05 -0.020672781548285179 -0.03334948101457258 -0.056866272248724828 -0.028882402792916768 0.020999406197868928
leaf_weight=1.2614984153769921 10.599878890905529 0.4585489765740921 2.2664379924535742 2.5114655401557684 0.54605045914650041 1.1537672840058792 0.42166510969400484 1.17895180452615 9.705352820456028 0.34667213354259807 0.52829438960179687
leaf_count=59 2224 6 13 120 3 15 39 111 1899 28 54
internal_value=-0.00475102 0.0248335 0.0292527 -0.00570996 0.0421042 -0.0430639 0.0474478 -0.00198466 -0.0513501 0.0514075 -0.00362772
internal_weight=30.9786 17.679 17.2205 4.7779 12.4426 13.2996 11.8965 2.44045 10.8591 11.4748 0.874967
internal_count=4571 2487 2481 133 2348 2084 2345 170 1914 2306 82
is_linear=0
shrinkage=0.06


Tree=82
num_leaves=14
num_cat=0
split_feature=1 13 2 11 12 12 8 9 11 6 8 4 8
split_gain=8.80909 5.02565 2.39903 1.86915 0.884692 0.832263 0.568973 0.572324 0.49605 0.458862 0.621261 0.411485 0.27704
threshold=0.97916650000000016 1.0000000180025095e-35 672643.50000000012 0.74456500000000003 2.5000000000000004 1.0000000180025095e-35 0.28759400000000007 0.35531700000000005 0.42678550000000004 3.5000000000000004 0.98000000000000009 33.500000000000007 0.49242400000000003
decision_type=10 10 10 10 2 2 8 10 10 2 10 2 10
left_child=6 2 4 8 5 -2 7 -1 -3 10 12 -11 -7
right_child=1 3 -4 -5 -6 9 -8 -9 -10 11 -12 -13 -14
leaf_value=0.026843898066882296 -0.011365697298019903 -0.012366415829931962 -0.046173974025742422 -0.052890202370828733 -0.020506864514920783 0.011358646850136754 -0.055309434876971653 -0.025714006212045191 0.026755482184954063 0.055818259426564987 0.029688755521028457 -0.0072551196402091955 -0.032151831145394667
leaf_weight=0.32519781216979093 0.58745784685015578 1.4964703689329319 0.42417064309120256 3.1005128608085215 0.26780790649354536 0.2309192912653083 8.4584163259714842 0.73040394112467766 1.3150261286646125 8.9363048335071618 3.347017640247941 0.16320413723588068 0.30033190548419952
leaf_count=33 4 58 2 159 3 35 1881 52 14 1794 479 6 48
internal_value=-0.00587465 0.0166189 0.035237 -0.0268822 0.0406779 0.0432109 -0.050605 -0.0043404 0.00815093 0.0463177 0.0207514 0.0540807 -0.0181724
internal_weight=29.6832 20.1692 14.2572 5.91201 13.833 13.5652 9.51402 1.0556 2.8115 12.9778 3.87827 9.09951 0.531251
internal_count=4568 2602 2371 231 2369 2366 1966 85 72 2362 562 1800 83
is_linear=0
shrinkage=0.06


Tree=83
num_leaves=12
num_cat=0
split_feature=1 13 11 2 3 11 2 11 8 9 0
split_gain=8.91332 4.85754 2.75198 1.52018 1.01681 0.922737 0.779768 0.618436 0.574393 0.544514 0.112201
threshold=0.97916650000000016 1.0000000180025095e-35 0.74456500000000003 672643.50000000012 0.26600150000000006 0.12701600000000005 102433.50000000001 0.32993200000000006 0.28759400000000007 0.33350600000000002 0.99999950000000004
decision_type=10 8 10 10 10 10 10 10 8 10 10
left_child=8 3 7 4 5 -2 -6 -3 9 -1 -7
right_child=1 2 -4 -5 6 10 -8 -9 -10 -11 -12
leaf_value=0.026346594791203628 -0.011095238683664389 -0.011315027480821714 -0.05333740988190111 -0.036438018339934188 -0.038633607261447024 0.020748593275632086 0.023090741562853633 0.031428678760763863 -0.054753917050513357 -0.025013089575401673 0.054682602592336364
leaf_weight=0.33256122935563392 0.58996985107660016 1.3612882904708379 3.270297871902585 0.19817465543747026 0.39792482182383604 2.1298305094242087 0.61337742256000638 2.0300369029864669 7.9176728911697873 0.69713537767529488 9.515708725200966
leaf_count=32 4 52 164 1 20 18 63 22 1870 51 2281
internal_value=-0.00309315 0.0190774 -0.020786 0.0389002 0.0425058 0.0470193 -0.00832933 0.0156017 -0.0498242 -0.00361736 0.050608
internal_weight=29.054 20.1066 6.66162 13.445 13.2468 12.2355 1.0113 3.39133 8.94737 1.0297 11.6455
internal_count=4578 2625 238 2387 2386 2303 83 74 1953 83 2299
is_linear=0
shrinkage=0.06


Tree=84
num_leaves=12
num_cat=0
split_feature=0 13 2 2 5 9 8 2 2 2 0
split_gain=7.53383 2.40999 2.40591 2.26403 1.30911 1.19337 0.778478 1.6052 1.2301 0.372424 0.407853
threshold=0.99999950000000004 1.0000000180025095e-35 52.500000000000007 672643.50000000012 1.5000000000000002 1.9207165000000002 0.28759400000000007 56055.750000000007 372.75000000000006 26.250000000000004 0.88425100000000012
decision_type=10 10 10 10 2 10 8 10 8 10 10
left_child=6 3 -3 4 5 -2 7 -1 9 -8 -11
right_child=1 2 -4 -5 -6 -7 8 -9 -10 10 -12
leaf_value=-0.034385188827511466 0.049647066118739723 0.030059192849824203 -0.045225826629690193 -0.044637045323996025 -0.02453415136381213 -0.020427804886675234 -0.024388281829848108 0.045736029575670342 -0.057180750996191028 -0.017471199923508457 0.025898391725160244
leaf_weight=1.2123042684979726 9.833436588756733 1.7321130484342582 2.656148983631283 0.425996273756028 0.44320687651634294 0.42208213079720813 0.89385442156344597 0.51965978555381287 7.9764377109240749 0.40781887434422959 1.0206613061018286
leaf_count=85 2314 10 133 2 3 42 9 16 1884 85 19
internal_value=-0.00741978 0.019773 -0.015446 0.0337936 0.0404651 0.0452043 -0.0413099 -0.00240387 -0.047061 -0.005554 0.011421
internal_weight=27.5437 15.513 4.38826 11.1247 10.6987 10.2555 12.0307 1.73196 10.2988 2.32233 1.42848
internal_count=4602 2504 143 2361 2359 2356 2098 101 1997 113 104
is_linear=0
shrinkage=0.06


Tree=85
num_leaves=15
num_cat=0
split_feature=1 11 3 8 2 12 3 3 6 11 8 6 4 2
split_gain=8.65818 2.13632 1.62104 2.0865 1.77196 0.533573 0.358833 0.356792 0.180356 0.155836 0.142029 0.15399 0.127524 0.0433392
threshold=0.97916650000000016 0.12701600000000005 9.5000000000000022e-06 0.64852950000000009 2104.5000000000005 2.5000000000000004 0.53303850000000008 0.00092350000000000017 3.5000000000000004 0.54356100000000007 1.1503760000000003 1.5000000000000002 19.500000000000004 26.250000000000004
decision_type=10 10 8 8 8 2 10 10 2 10 10 2 2 10
left_child=-1 -2 5 6 7 10 8 -5 -4 -10 11 -3 -13 -9
right_child=1 2 3 4 -6 -7 -8 13 9 -11 -12 12 -14 -15
leaf_value=-0.053520418488819832 -0.034929383069124652 0.012041393151328791 -0.0036670504339635984 -0.015004529475194324 -0.066501107643477247 -0.012562400873075854 -0.01027407585903857 0.0013022986715011107 -0.0025914832270430995 0.041306775387717931 -0.00086270493772193596 0.046541710390155012 -0.00081220776523701645 0.027024639934555322
leaf_weight=7.7422411711886552 1.539831690024587 1.4504228401929129 0.22448372840881337 0.62881669471971724 1.2283327074255792 0.27533254725858647 0.28633288061246265 0.39347453415393807 0.19331761845387552 2.6022510428447276 0.24243477545678693 8.1885330590885097 0.17465056176297444 0.78959207818843424
leaf_count=1953 53 184 20 7 85 13 20 3 20 464 17 1600 20 76
internal_value=-0.0041522 0.0185216 0.0251533 0.000755501 -0.0303074 0.0387516 0.029723 0.00915336 0.0351276 0.0383882 0.0411658 0.0421878 0.0455717 0.022985
internal_weight=25.96 18.2178 16.678 6.3466 3.04022 10.3314 3.30639 1.81188 3.02005 2.79557 10.056 9.81361 8.36318 1.18307
internal_count=4535 2582 2529 695 171 1834 524 86 504 484 1821 1804 1620 79
is_linear=0
shrinkage=0.06


Tree=86
num_leaves=11
num_cat=0
split_feature=5 13 2 9 3 12 12 8 2 9
split_gain=6.43985 4.88231 2.22933 1.73186 1.03233 0.916502 0.945731 0.871368 0.771378 0.221398
threshold=1.5000000000000002 1.0000000180025095e-35 672643.50000000012 0.38122700000000004 0.26600150000000006 2.5000000000000004 1.0000000180025095e-35 0.28759400000000007 87899.250000000015 0.93701000000000012
decision_type=2 8 10 8 10 2 2 8 8 10
left_child=1 2 4 -3 5 6 -1 -2 -6 -5
right_child=7 3 -4 9 8 -7 -8 -9 -10 -11
leaf_value=-0.010447726618704125 0.0068823358119529344 0.027087107555630451 -0.043710791572884038 -0.046590385257587671 -0.039769291753724526 -0.018632602849116976 0.053054760789809356 -0.053897704381336162 0.021581958640758375 -0.0083511312582123104
leaf_weight=0.5910760723054399 0.71499883476644654 1.0025684917345632 0.42293080687522966 3.8782731713727117 0.37091943062841948 0.27193597611039955 10.114929982461035 6.9137545670382679 0.66805437905713927 1.1830921918153761
leaf_count=4 57 14 2 217 19 4 2294 1886 74 24
internal_value=-0.00506178 0.0142224 0.0348709 -0.0270767 0.0407821 0.0458658 0.0489558 -0.0480637 -0.0090833 -0.0405044
internal_weight=26.1325 18.5038 12.4398 6.06393 12.0169 10.9779 10.706 7.62875 1.03897 5.06137
internal_count=4595 2652 2397 255 2395 2302 2298 1943 93 241
is_linear=0
shrinkage=0.06


Tree=87
num_leaves=12
num_cat=0
split_feature=1 11 6 2 3 2 2 8 9 8 8
split_gain=5.81601 1.91104 1.36955 1.75729 1.35387 1.21786 0.828354 0.583125 0.537596 0.197415 0.0921834
threshold=0.97916650000000016 0.32993200000000006 1.5000000000000002 19.500000000000004 0.26043150000000004 42.750000000000007 75891.000000000015 0.28759400000000007 0.28432200000000007 1.1503760000000003 0.10818700000000002
decision_type=10 10 2 10 8 8 8 8 10 10 10
left_child=7 -2 5 -4 9 -3 -6 8 -1 10 -5
right_child=1 2 3 4 6 -7 -8 -9 -10 -11 -12
leaf_value=0.027311131663851303 -0.034811487544204274 0.028039459348467823 -0.035717591051265145 -0.00060327221576168214 -0.04472810127054587 -0.035943552499045905 0.018243995949309141 -0.053393637385768224 -0.024078197402407474 -0.0043968272619324166 0.041393963493016529
leaf_weight=0.31822248362005012 1.7799224676564342 0.7892543748021138 0.66058072075247665 0.16228185803629003 0.50957425124943312 1.9521674993447957 0.69942854158580314 6.53965824842453 0.65517687890678644 0.16917690914124328 10.61025524814613
leaf_count=34 58 115 6 21 31 120 82 1896 52 12 2135
internal_value=-0.00697259 0.0123392 0.0195124 0.0274358 0.0333242 -0.014952 -0.0165305 -0.0477409 -0.00195172 0.0397558 0.0407638
internal_weight=24.8457 17.3326 15.5527 12.8113 12.1507 2.74142 1.209 7.51306 0.973399 10.9417 10.7725
internal_count=4562 2580 2522 2287 2281 235 113 1982 86 2168 2156
is_linear=0
shrinkage=0.06


Tree=88
num_leaves=12
num_cat=0
split_feature=0 2 13 6 11 2 2 13 8 3 7
split_gain=6.39494 1.74528 3.03527 2.32589 1.56108 0.979077 0.746214 1.37155 0.917011 0.865429 0.403659
threshold=0.99999950000000004 52.500000000000007 1.0000000180025095e-35 3.5000000000000004 0.12701600000000005 3486.7500000000005 372.75000000000006 1.0000000180025095e-35 0.28759400000000007 0.13799150000000002 1.5000000000000002
decision_type=10 8 10 2 10 10 8 10 8 10 2
left_child=6 -2 3 5 -5 -3 7 -1 9 -8 -7
right_child=1 2 -4 4 -6 10 8 -9 -10 -11 -12
leaf_value=0.028780776911322567 0.051568921762864574 0.023509129677696174 -0.043413148186358011 -0.033177723819853032 0.050831145996949455 -0.00095641644995182837 0.03469437058902522 -0.039713733271961711 -0.055967658149227502 -0.027724013025849238 -0.051481694697207162
leaf_weight=1.1723726000636807 3.5782684877049169 0.63909181137569104 2.3133017662912616 0.21958930790424336 5.3846483817324042 0.84531812462955702 0.43495888821780748 1.0637105596251786 6.3949556818697602 0.8062531859613955 1.0258395806886254
leaf_count=40 446 166 128 1 1639 65 22 71 1828 68 51
internal_value=-0.00501636 0.0205788 0.00636256 0.023759 0.0430142 -0.0192365 -0.0398818 -0.00600574 -0.0479576 -0.000130104 -0.0369393
internal_weight=23.8783 14.0061 10.4278 8.11449 5.60424 2.51025 9.87225 2.23608 7.63617 1.24121 1.87116
internal_count=4525 2496 2050 1922 1640 282 2029 111 1918 90 116
is_linear=0
shrinkage=0.06


Tree=89
num_leaves=18
num_cat=0
split_feature=0 9 13 13 9 8 13 7 9 0 8 13 9 6 6 6 11
split_gain=5.64449 1.44239 0.90006 0.837731 1.12689 0.824197 0.540395 0.43544 0.449299 0.3336 0.248331 0.203803 0.201829 0.480963 0.0441832 0.0224079 0.00260928
threshold=0.99999950000000004 1.2751045000000001 1.0000000180025095e-35 1.0000000180025095e-35 0.72947000000000017 0.65450900000000012 1.0000000180025095e-35 1.5000000000000002 1.9303890000000001 0.93676900000000007 0.83666650000000009 1.0000000180025095e-35 1.9020675000000002 2.5000000000000004 4.5000000000000009 23.500000000000004 0.9900000000000001
decision_type=10 8 10 8 10 10 10 2 10 10 8 10 8 2 2 2 10
left_child=3 2 -2 4 10 6 -3 11 12 -6 -1 16 14 -14 -9 -16 -7
right_child=1 5 -4 -5 9 7 -8 8 -10 -11 -12 -13 13 -15 15 -17 -18
leaf_value=0.033425809487621104 0.049200327340651231 0.036244685453924001 0.0044391506466079228 -0.053811880357308009 -0.041255243249189416 0.019910222568524729 -0.015855731192055633 -0.0087146008462419353 0.013938270190265924 0.0019722981866619528 -0.0035934883027135948 -0.014543415153222664 -0.010359584366790442 -0.066630259942529538 0.010754898863063401 -0.0028190502795973202 0.005072574451076714
leaf_weight=0.67276179627515253 4.4638109218794844 1.4986479566432542 2.6020840033888817 5.2883945950306961 2.1686520343646412 0.33685398101806607 0.35159294120967377 0.18208977021277029 0.30087007116526354 0.69576513022184361 0.78304291982203733 0.31657017255201925 1.6430025631561878 0.42350098676979531 0.21760759199969471 0.16695311432704329 1.0568394418805838
leaf_count=41 1529 325 48 1265 706 2 25 9 38 10 58 44 204 30 80 20 145
internal_value=-0.00616529 0.0183548 0.0353106 -0.0392382 -0.0146371 -0.00234269 0.0242549 -0.0153588 -0.0265867 -0.032962 0.0201588 0.00660567 -0.0337791 -0.0398593 -0.000316531 0.00708206 0.0154784
internal_weight=23.169 13.5604 7.06589 9.60862 4.32022 6.49453 1.85024 4.64429 2.93402 2.86442 1.4558 1.71026 2.63315 2.0665 0.56665 0.384561 1.39369
internal_count=4579 2499 1577 2080 815 922 350 572 381 716 99 191 343 234 109 100 147
is_linear=0
shrinkage=0.06


Tree=90
num_leaves=19
num_cat=0
split_feature=0 9 2 8 8 8 2 2 11 6 2 6 12 8 4 8 3 6
split_gain=5.13032 0.942952 1.39613 1.5599 0.850122 0.833686 1.21818 0.705361 0.252047 0.194558 0.185099 0.411094 0.1576 0.0438949 0.0449298 0.0376232 0.0306673 0.0192271
threshold=0.99999950000000004 1.5339155000000002 52.500000000000007 0.65450900000000012 1.0208335000000002 0.28759400000000007 56055.750000000007 372.75000000000006 0.32993200000000006 16.500000000000004 26.250000000000004 5.5000000000000009 2.5000000000000004 0.13714750000000003 19.500000000000004 0.095454500000000012 0.31470200000000009 2.5000000000000004
decision_type=10 8 10 10 10 8 10 8 10 2 10 2 2 10 2 10 10 2
left_child=5 4 -3 15 8 6 -1 10 -2 -5 -7 -12 13 -10 16 -4 -15 -17
right_child=1 2 3 9 -6 7 -8 -9 12 -11 11 -13 -14 14 -16 17 -18 -19
leaf_value=-0.028013357479427708 -0.0063830355234453422 0.035685095847954512 -0.0006633474700271021 -0.043610849376876148 -0.019472274801151532 -0.021889769341975153 0.042567519688763884 -0.054079164255598812 0.00013653330305429527 0.0010690241122945222 -0.020468245101841573 0.022409189130243992 -0.0038936862394325592 0.042946737443987443 0.0012290598008031233 0.00090486680841046253 0.0010741613804134856 0.025964888967337726
leaf_weight=1.1412775712087739 0.18176292814314265 1.710056041833014 0.18131629796698678 2.4724842146970336 0.44632561551406968 0.80901246657595161 0.49572546686977137 5.7435258694458753 0.099594310857355484 0.33794146520085622 0.46020074491389074 0.84048747713677585 0.12068715412169684 5.7762484098784626 0.15838023810647417 0.19411533139646042 0.11611958686262358 1.2117497872095553
leaf_count=87 7 239 20 219 22 8 18 1871 17 49 64 41 9 1567 31 31 9 264
internal_value=-0.00557926 0.0184301 0.000622658 -0.017097 0.0321201 -0.0371052 0.0013974 -0.0443824 0.0378226 -0.0393677 -0.00908215 0.00493595 0.0398055 0.0410876 0.0416467 0.0223118 0.0423971 0.024319
internal_weight=22.497 13.0068 6.10766 4.39761 6.89912 9.49023 1.637 7.85323 6.45279 2.81043 2.1097 1.30069 6.27103 6.15034 6.05075 1.58718 5.89237 1.40587
internal_count=4573 2484 822 583 1662 2089 105 1984 1640 268 113 105 1633 1624 1607 315 1576 295
is_linear=0
shrinkage=0.06


Tree=91
num_leaves=16
num_cat=0
split_feature=1 2 3 6 2 8 7 11 3 2 2 2 2 8 3
split_gain=5.08271 1.65475 1.24598 2.40314 1.06767 0.690076 0.615102 0.605501 0.4354 0.373104 0.642641 0.225552 0.216944 0.0374304 0.0250259
threshold=0.97916650000000016 672643.50000000012 9.4500000000000007e-05 4.5000000000000009 26.250000000000004 0.28759400000000007 22.500000000000004 0.40862700000000002 0.18690600000000002 42.750000000000007 160.50000000000003 52.500000000000007 39.750000000000007 1.1503760000000003 0.46663650000000007
decision_type=10 8 8 2 10 8 2 10 10 8 10 10 10 10 10
left_child=5 2 6 12 -5 8 9 -6 -1 -2 11 -11 -4 -12 -9
right_child=1 -3 3 4 7 -7 -8 14 -10 10 13 -13 -14 -15 -16
leaf_value=0.02774821593506218 0.053565098528858338 -0.043480267752798007 -0.0018339490664939432 -0.026933463658902312 -0.013990636275978198 -0.051094500941639774 -0.011764636003168365 0.043898934296870716 -0.019832792683845451 0.011350633208942218 0.032308822327070795 -0.020683409819822456 -0.054256621089580397 0.00081384996833556739 0.0029539041665796102
leaf_weight=0.31079611927271145 3.1807029612828019 0.61231081024743517 0.40741273015737611 0.48331412672996554 0.32063583377748761 5.1236739221494645 0.56492805969901461 2.9213731128256772 0.48631431814283133 0.5386713671032346 4.5336501295678318 0.87413025391288102 1.2584561030380426 0.19307826599106181 0.20767901721410442
leaf_count=24 419 44 3 3 17 1884 40 560 52 42 1298 66 87 17 26
internal_value=-0.000866368 0.0167317 0.021606 -0.00118705 0.0237754 -0.0442134 0.0334388 0.0353362 0.00383643 0.0370532 0.0221945 -0.00882729 -0.046933 0.0313891 0.0425549
internal_weight=22.0171 16.0963 15.484 5.59887 3.933 5.92078 9.88516 3.44969 0.79711 9.32023 6.13953 1.4128 1.66587 4.72673 3.12905
internal_count=4582 2622 2578 696 606 1960 1882 603 76 1842 1423 108 90 1315 586
is_linear=0
shrinkage=0.06


Tree=92
num_leaves=13
num_cat=0
split_feature=13 1 2 2 9 3 12 2 2 8 11 8
split_gain=4.19886 2.63454 2.0916 1.73987 1.16 1.14882 1.0743 0.944495 0.433254 0.57768 0.186633 0.0739954
threshold=1.0000000180025095e-35 0.49418600000000007 52.500000000000007 672643.50000000012 1.9207165000000002 0.26043150000000004 2.5000000000000004 14703.750000000002 57339.000000000007 0.84900300000000006 0.35857150000000004 1.1952380000000002
decision_type=8 10 8 8 10 10 2 10 8 10 10 10
left_child=1 -1 -2 4 5 6 8 -7 11 -10 -6 -3
right_child=2 3 -4 -5 10 7 -8 -9 9 -11 -12 -13
leaf_value=-0.038785166360845134 0.010169713755525264 0.055554172532388701 -0.052406806333123168 -0.040745002336045756 -0.033956604098237399 -0.048726301757801793 -0.021150097067211261 0.021195034978502812 0.032258360758444647 -0.01477853939470066 0.0065922291751044143 0.0016044228254836648
leaf_weight=1.7789591359905905 2.2429953613318476 6.8068387715611527 6.1095391784328976 0.44140172889456231 0.3313073555473246 0.28218532656319517 0.33397945715114552 0.65498392470180988 1.196607699384914 0.86360236653126765 0.19276024657301605 0.15381939290091384
leaf_count=615 22 1862 1362 12 45 15 32 92 354 50 45 30
internal_value=-0.00536894 0.0156309 -0.0363119 0.0266927 0.0326602 0.037483 0.0435214 -0.0141437 0.0477874 0.0141551 -0.0245027 0.0547133
internal_weight=21.389 13.0364 8.35253 11.2575 10.8161 10.292 9.35485 0.937169 9.02087 2.06021 0.524068 6.96066
internal_count=4536 3152 1384 2537 2525 2435 2328 107 2296 404 90 1892
is_linear=0
shrinkage=0.06


Tree=93
num_leaves=8
num_cat=0
split_feature=1 13 2 3 2 12 2
split_gain=5.7704 3.5444 1.96027 1.13934 1.0876 0.93181 0.753
threshold=0.97916650000000016 1.0000000180025095e-35 672643.50000000012 0.26600150000000006 52.500000000000007 2.5000000000000004 35971.500000000007
decision_type=10 10 10 10 8 2 10
left_child=-1 2 3 5 -3 -2 -5
right_child=1 4 -4 6 -6 -7 -8
leaf_value=-0.052339110691536114 0.051222156247024711 0.0044148673624917634 -0.039711402121556383 -0.042524291123888183 -0.044558675460978643 -0.018542714271742557 0.02075767299426191
leaf_weight=5.7820534640923151 8.1453316945116896 2.6812499836087236 0.41674631834030229 0.31489905808121044 2.6095065362751484 0.25739421322941858 0.52138589974492788
leaf_count=1982 2268 17 2 13 217 3 70
internal_value=-0.00621379 0.013793 0.0342099 0.0410971 -0.0229833 0.0473403 -0.0132521
internal_weight=20.7286 14.9465 9.65576 9.23901 5.29076 8.40273 0.836285
internal_count=4572 2590 2356 2354 234 2271 83
is_linear=0
shrinkage=0.06


Tree=94
num_leaves=13
num_cat=0
split_feature=0 13 2 11 1 3 13 9 2 4 3 9
split_gain=4.75774 1.24616 2.37257 1.23343 0.874171 0.895446 0.820172 1.09053 0.79268 0.452183 0.433339 0.0638684
threshold=0.99999950000000004 1.0000000180025095e-35 52.500000000000007 0.35355400000000009 0.97916650000000016 0.26600150000000006 1.0000000180025095e-35 0.72947000000000017 252.75000000000003 1.5000000000000002 0.33068250000000005 0.58587450000000019
decision_type=10 10 10 10 10 10 8 10 8 2 10 10
left_child=6 3 -3 -2 -5 -6 7 9 -9 -1 -7 -11
right_child=1 2 -4 4 5 10 -8 8 -10 11 -12 -13
leaf_value=0.049000057516808734 -0.019805702528348425 0.032323007989183965 -0.042013896599504968 -0.018659640023187641 0.051864163332809438 -0.029969820356983107 -0.052263253041099356 0.015984343022308778 -0.042771478275479551 -0.013742604176185296 0.018212480413707988 0.0060108398358390937
leaf_weight=0.29862910229712847 0.8311441633850335 2.0922041833400726 2.1117284342180938 0.32176846265792836 6.0520063685253263 0.33009526971727599 4.373403231613338 0.5542410560883585 1.8989039636217055 0.27313571912236512 0.429285844322294 0.31434291671030223
leaf_count=32 6 14 133 2 2259 31 1275 31 675 35 57 28
internal_value=-0.00314853 0.0197595 -0.00591601 0.0324603 0.0402366 0.0450515 -0.0374101 -0.0103958 -0.0287121 0.02865 -0.00786178 -0.00604474
internal_weight=19.8809 12.1682 4.20393 7.9643 7.13316 6.81139 7.71266 3.33925 2.45315 0.886108 0.759381 0.587479
internal_count=4578 2502 147 2355 2349 2347 2076 801 706 95 88 63
is_linear=0
shrinkage=0.06


Tree=95
num_leaves=14
num_cat=0
split_feature=1 12 2 12 3 2 2 7 2 2 8 4 2
split_gain=4.57421 1.69515 1.02419 1.13684 0.909764 1.09251 0.836637 0.755166 0.274803 0.36122 0.126223 0.0686764 0.0297095
threshold=0.97916650000000016 1.0000000180025095e-35 672643.50000000012 2.5000000000000004 0.26600150000000006 19.500000000000004 13836.000000000002 1.5000000000000002 115158.75000000001 42.750000000000007 1.1339285000000003 19.500000000000004 227460.00000000003
decision_type=10 2 8 2 8 10 8 2 10 10 8 2 10
left_child=-1 -2 3 4 5 -3 -6 8 9 -7 11 12 -9
right_child=1 2 -4 -5 6 7 -8 10 -10 -11 -12 -13 -14
leaf_value=-0.051431674184234784 -0.039509197872664222 -0.017888402147552506 -0.03570934554390872 -0.029211107825112673 -0.049620225210706768 0.015697272307539156 0.016336689668751989 0.046520764737420096 0.019299143779163624 -0.026858157802585027 -0.00037677997264967992 0.0036410555337009686 0.0011923832076499304
leaf_weight=5.2124842898920187 1.2453338517807431 0.89949412923305594 0.34959142631851214 0.67155855754390437 0.25439111399464365 0.35270406072959193 0.76966831530444335 7.4315975217614296 0.68341571162454773 0.85061671864241362 0.20973234856501299 0.32235514349304129 0.10610306658782054
leaf_count=1967 52 15 37 21 13 114 103 1977 109 77 18 47 24
internal_value=-0.00838066 0.00983037 0.0170926 0.0210898 0.0259803 0.0310358 -0.0164682 0.036685 0.00139191 -0.0129216 0.0438734 0.0449634 0.0460971
internal_weight=19.359 14.1466 12.9012 12.5516 11.8801 10.856 1.02406 9.95652 1.88674 1.20332 8.06979 7.86006 7.5377
internal_count=4574 2607 2555 2518 2497 2381 116 2366 300 191 2066 2048 2001
is_linear=0
shrinkage=0.06


Tree=96
num_leaves=18
num_cat=0
split_feature=1 9 12 7 8 9 3 6 11 12 12 6 6 8 4 3 3
split_gain=2.98169 0.913531 0.916806 1.09424 0.689425 0.510511 0.37926 0.934918 0.480488 0.357944 0.245656 0.184682 0.149868 0.076898 0.0772456 0.13293 0.0118189
threshold=0.97916650000000016 1.3436980000000001 2.5000000000000004 24.500000000000004 0.28759400000000007 0.21190900000000004 0.00011550000000000002 3.5000000000000004 0.49285700000000005 1.5000000000000002 1.0000000180025095e-35 48.500000000000007 1.5000000000000002 1.0208335000000002 19.500000000000004 0.10304300000000001 0.11636200000000001
decision_type=10 8 2 2 8 10 8 2 10 2 2 2 2 8 2 10 10
left_child=4 2 3 10 5 -1 8 -8 -3 12 -2 -9 -10 14 15 -12 -17
right_child=1 6 -4 -5 -6 -7 7 11 9 -11 13 -13 -14 -15 -16 16 -18
leaf_value=0.031737906637433019 -0.0075791006051183375 -0.020742375309794191 -0.025793409110599574 -0.025614680402967976 -0.04973086267805317 -0.020335294798519681 -0.046460123351366664 0.018520718658981646 0.00299988836642574 -0.016081996238203472 0.042494092661637346 -0.01226892466317105 0.03033128477529071 -0.0012774953063538746 0.0013703774146400539 -0.0015290274277388273 0.0077871872006906968
leaf_weight=0.25532164843753058 0.14203382702544232 1.0433297140989459 0.52966259047389019 0.50375376199372102 4.2912658111890778 0.5041939252987504 1.2224350953474643 1.1640239208936689 1.3375798561610288 0.37967875041067589 5.024068264872767 0.22658562613651145 1.5907584361266343 0.11694512516260136 0.27225761651061464 0.34493522555567313 0.31605295115150511
leaf_count=36 13 28 16 14 1906 51 88 219 186 34 1455 8 422 18 32 14 83
internal_value=-0.00657401 0.0079311 0.0215604 0.0281504 -0.0419592 0.00525886 -0.00718224 -0.0216505 0.00392836 0.014718 0.0354531 0.0104703 0.0217887 0.0373885 0.038222 0.0395179 0.00493195
internal_weight=19.2649 14.2141 7.24971 6.72005 5.05078 0.759516 6.96439 2.61304 4.35135 3.30802 6.21629 1.39061 2.92834 6.07426 5.95731 5.68506 0.660988
internal_count=4623 2630 1645 1629 1993 87 985 315 670 642 1615 227 608 1602 1584 1552 97
is_linear=0
shrinkage=0.06


Tree=97
num_leaves=12
num_cat=0
split_feature=13 5 2 3 2 2 12 11 6 2 2
split_gain=3.91395 2.46948 1.61387 1.00383 0.765015 0.761974 0.751952 0.793688 0.746985 0.649757 0.20746
threshold=1.0000000180025095e-35 2.5000000000000004 672643.50000000012 0.26600150000000006 52.500000000000007 34158.750000000007 2.5000000000000004 0.12701600000000005 2.5000000000000004 23022.000000000004 58375.500000000007
decision_type=8 2 8 10 8 10 2 10 2 10 8
left_child=1 2 3 6 -2 -5 7 -1 9 -9 -11
right_child=4 -3 -4 5 -6 -7 -8 8 -10 10 -12
leaf_value=-0.010498739645445791 -0.0061211679229520258 -0.038308185728968817 -0.039034412137424104 -0.045173516326936877 -0.050711362939525967 0.018767460194923799 -0.017587141441708112 0.033621370109978205 0.059470373092324766 -0.026696318908161199 0.0061683882455498065
leaf_weight=0.58551719621754816 2.2008363744243971 1.7307600574567903 0.42170986707788038 0.29129996523261148 4.9521190453087911 0.57235029106959701 0.28391783486586142 1.2763979758601638 5.0076303529785946 0.50782520463690128 0.72326721088029455
leaf_count=9 21 750 9 12 1377 78 12 308 1912 11 55
internal_value=-0.007436 0.0141954 0.0263022 0.0327997 -0.0394253 -0.0154662 0.0388896 0.0425841 0.0474671 0.0133748 -0.0132776
internal_weight=18.5536 11.4007 9.66992 9.24821 7.15296 0.86365 8.38456 8.10064 7.51512 2.50749 1.23109
internal_count=4554 3156 2406 2397 1398 90 2307 2295 2286 374 66
is_linear=0
shrinkage=0.06


Tree=98
num_leaves=11
num_cat=0
split_feature=5 13 2 2 12 2 8 2 4 4
split_gain=3.13708 2.46511 1.90191 1.65476 0.677142 0.319658 2.83369 0.430095 0.515095 0.324489
threshold=2.5000000000000004 1.0000000180025095e-35 52.500000000000007 672643.50000000012 2.5000000000000004 3486.7500000000005 0.65450900000000012 81781.500000000015 2.5000000000000004 33.500000000000007
decision_type=2 8 8 8 2 8 10 10 2 2
left_child=1 3 -3 4 5 -1 9 8 -8 -7
right_child=-2 2 -4 -5 -6 6 7 -9 -10 -11
leaf_value=0.049944221740697452 -0.046826876879904417 0.01655114942813091 -0.04592083958086976 -0.038316966702105167 -0.017408519844853747 0.056789480175201558 -0.053796038534379476 0.0097940023566637138 0.010420319152936036 -0.0062317820186649428
leaf_weight=4.3841941024875224 3.4781446828274047 2.4311423343606302 2.9649304046761245 0.41620773822069246 0.2841338434955113 2.1894183283438924 1.0281460591359062 0.31788638629950572 0.21488462632987637 0.1206996222026645
leaf_count=1418 1686 19 414 7 13 749 76 44 103 5
internal_value=-0.00276632 0.0102665 -0.0195876 0.0284154 0.0353437 0.0388441 0.0186002 -0.0326209 -0.0429984 0.0526088
internal_weight=17.8298 14.3516 5.39607 8.95557 8.53936 8.25523 3.87104 1.56092 1.24303 2.31012
internal_count=4534 2848 433 2415 2408 2395 977 223 179 754
is_linear=0
shrinkage=0.06


Tree=99
num_leaves=11
num_cat=0
split_feature=0 2 13 11 2 1 13 2 2 2
split_gain=3.6121 1.39266 2.68597 1.58609 1.26376 1.01442 0.350319 0.77723 0.551104 1.26167
threshold=0.99999950000000004 42.750000000000007 1.0000000180025095e-35 0.35355400000000009 672643.50000000012 0.97916650000000016 1.0000000180025095e-35 372.75000000000006 56055.750000000007 56717.250000000007
decision_type=10 8 10 10 10 10 8 8 10 10
left_child=6 -2 3 -3 5 -5 7 -1 -9 -10
right_child=1 2 -4 4 -6 -7 -8 8 9 -11
leaf_value=0.020952488375458808 0.048773483377053534 -0.037109970207731324 -0.043372177632590825 -0.019176167012029007 -0.031686667261038672 0.049625908657209117 -0.049562385806582961 -0.043397286593826065 0.053250222791237492 -0.028752492780326964
leaf_weight=0.76077683432959142 2.3298461574595413 0.50257501564920026 2.1879396575968713 0.3600122183561324 0.2279495745897292 4.6135251346277073 3.430262184003368 1.6385020107263701 0.13266935537103552 0.6968779715243727
leaf_count=36 401 4 139 3 1 1975 1271 528 4 227
internal_value=-0.00579911 0.0162154 0.00219955 0.0235419 0.0344412 0.0422692 -0.0372969 -0.0156274 -0.0296935 0.0062996
internal_weight=16.8809 10.2218 7.892 5.70406 5.20149 4.97354 6.65909 3.22883 2.46805 0.829547
internal_count=4589 2523 2122 1983 1979 1978 2066 795 759 231
is_linear=0
shrinkage=0.06


Tree=100
num_leaves=14
num_cat=0
split_feature=13 11 6 12 11 0 5 4 0 7 8 8 9
split_gain=2.3785 2.30102 1.72396 1.84614 1.08156 1.17937 0.625861 0.229187 0.393342 0.160824 0.20614 0.0672602 0.012513
threshold=1.0000000180025095e-35 0.35355400000000009 3.5000000000000004 2.5000000000000004 0.55684800000000012 0.99999950000000004 2.5000000000000004 1.5000000000000002 0.99984100000000009 1.5000000000000002 0.98000000000000009 1.9705880000000002 0.98566600000000004
decision_type=8 8 2 2 8 10 2 2 10 2 10 10 8
left_child=1 -1 7 6 5 -2 -4 8 -3 -9 -11 -10 -12
right_child=4 2 3 -5 -6 -7 -8 9 11 10 12 -13 -14
leaf_value=-0.044539596553522888 -0.03487844071975691 -0.020884038970343664 0.058823273853468423 -0.026477556819185493 -0.051925639842244846 0.022949459693895752 -0.01053166472814676 0.0065733050021303243 0.018198797143286361 -0.046851370587543309 0.0044076633414984251 -0.0044201083986790107 -0.004097243263566276
leaf_weight=1.2937729901168502 1.3591141105862325 0.77453122322913315 4.3218769251834601 0.61594666528981168 3.5534216079395264 1.7723498600535095 0.21164285682607431 0.12215167144313444 1.6273403142113236 0.12344525451771915 0.11932518740650266 0.16784273739904176 0.41768641478847712
leaf_count=436 652 79 1847 183 714 43 81 32 364 16 62 5 109
internal_value=-0.00802604 0.0106339 0.0228339 0.0418741 -0.0331947 -0.00451614 0.0542674 -0.00931471 0.00156681 -0.0258799 -0.032226 0.0152593 -0.000569285
internal_weight=16.4804 9.79556 8.50179 5.14947 6.68489 3.13146 4.53352 3.35232 2.56971 0.782609 0.660457 1.79518 0.537012
internal_count=4623 3214 2778 2111 1409 695 1928 667 448 219 187 369 171
is_linear=0
shrinkage=0.06


Tree=101
num_leaves=10
num_cat=0
split_feature=5 13 2 11 6 8 8 6 8
split_gain=3.16251 2.72801 1.60605 1.2155 0.692044 0.639005 0.382559 0.331143 0.256194
threshold=2.5000000000000004 1.0000000180025095e-35 52.500000000000007 0.12701600000000005 3.5000000000000004 0.98000000000000009 0.50757600000000014 48.500000000000007 1.9705880000000002
decision_type=2 8 8 10 2 10 8 2 10
left_child=1 3 -3 -1 5 6 -5 -6 -7
right_child=-2 2 -4 4 7 8 -8 -9 -10
leaf_value=-0.018255929885111523 -0.045641919788900878 0.016023029999391748 -0.044178984935616609 0.011587147304685047 0.058392075413272099 0.031096766829989152 -0.042058122171312745 -0.0064025888909085404 -0.0085251222915882722
leaf_weight=0.79870233777910193 3.123571405536496 2.1527031529694804 2.5897250606212765 0.23769314680248532 4.1404925317037851 1.803455525194295 0.18707209697458893 0.10392269492149342 0.28423361782915879
leaf_count=15 1728 18 419 66 1834 458 31 1 20
internal_value=0.000281476 0.0145007 -0.0188204 0.0351706 0.0430253 0.0115718 -0.0249758 0.0558873 0.0246884
internal_weight=15.4216 12.298 4.74243 7.55557 6.75687 2.51245 0.424765 4.24442 2.08769
internal_count=4590 2862 437 2425 2410 575 97 1835 478
is_linear=0
shrinkage=0.06


Tree=102
num_leaves=10
num_cat=0
split_feature=0 13 2 13 9 2 2 2 12
split_gain=3.86971 1.49877 1.73132 0.604997 0.787782 0.515311 0.504441 0.443752 0.14315
threshold=0.99999950000000004 1.0000000180025095e-35 52.500000000000007 1.0000000180025095e-35 0.72947000000000017 252.75000000000003 56717.250000000007 672643.50000000012 3.5000000000000004
decision_type=10 8 10 8 10 8 8 10 2
left_child=3 7 -3 4 6 -6 -1 8 -2
right_child=1 2 -4 -5 5 -7 -8 -9 -10
leaf_value=0.041733068108017808 0.046979750368941565 0.028225123107005028 -0.038697838322120259 -0.048676873743644308 0.012696093199490506 -0.038904334570082383 -0.012742969419166483 -0.010953546877130436 -0.003465051016321294
leaf_weight=0.50440643110778127 5.0551067753694943 1.9037106558680545 1.6881292257457969 3.1045406216289848 0.41962192161008682 1.4494559103623033 0.42232862499076873 0.16773463785648335 0.073137316852807888
leaf_count=49 2313 14 134 1269 30 681 42 1 2
internal_value=0.000853974 0.0248681 -0.00480574 -0.0336806 -0.00859157 -0.0269323 0.0231785 0.0425602 0.0458123
internal_weight=14.7882 8.88782 3.59184 5.90035 2.79581 1.86908 0.926735 5.29598 5.12824
internal_count=4535 2464 148 2071 802 711 91 2316 2315
is_linear=0
shrinkage=0.06


Tree=103
num_leaves=14
num_cat=0
split_feature=2 8 2 11 2 12 2 5 3 6 6 2 4
split_gain=1.77499 2.79945 1.08913 1.05875 1.01786 0.829952 0.808492 0.490398 0.348501 0.132216 0.0351181 0.0329345 0.0141775
threshold=52.500000000000007 0.65450900000000012 19.500000000000004 0.46291200000000005 2104.5000000000005 1.5000000000000002 203.25000000000003 2.5000000000000004 0.54199800000000009 4.5000000000000009 1.5000000000000002 36555.750000000007 12.500000000000002
decision_type=8 8 10 10 8 2 10 2 10 2 2 10 2
left_child=2 3 -1 -2 6 -4 -3 8 9 11 -8 -5 -12
right_child=1 4 5 7 -6 -7 10 -9 -10 -11 12 -13 -14
leaf_value=-0.018959405392640509 -0.024814172308631914 -0.035366896588951667 0.048923059940272878 -0.0050869558288957504 -0.056022533716888236 -0.017514394972868694 -0.0031436376190913124 -0.012688637437771967 -0.0080125116434942474 0.051137495088239837 0.015562266301529839 0.0095669752205579071 -0.00093208958747119125
leaf_weight=1.0400399509817355 0.74660378845874165 1.2514925977448013 2.3250306776026268 0.13564021221827838 4.6836378009757027 0.30954843573272217 0.10061606054659922 0.26622183201834548 0.18864941434003402 1.8671662252163512 1.7522445337381212 0.34628908592276275 0.084812711691483744
leaf_count=18 156 165 428 36 1762 4 39 89 19 817 878 103 56
internal_value=-0.0107984 -0.0221267 0.0216182 0.0186331 -0.0405374 0.0384459 -0.00985118 0.0336838 0.04076 0.0458998 0.013058 0.00479305 0.0147406
internal_weight=15.098 11.4234 3.67462 3.55057 7.8728 2.63458 3.18917 2.80397 2.53774 2.3491 1.93767 0.481929 1.83706
internal_count=4570 4120 450 1220 2900 432 1138 1064 975 956 973 139 934
is_linear=0
shrinkage=0.06


Tree=104
num_leaves=12
num_cat=0
split_feature=2 13 6 5 2 12 3 11 2 2 9
split_gain=2.83278 2.35207 2.19822 2.14181 0.968603 0.845714 0.396555 0.217877 0.0984304 0.323602 0.042112
threshold=39.750000000000007 1.0000000180025095e-35 3.5000000000000004 2.5000000000000004 2356.5000000000005 2.5000000000000004 0.10304300000000001 0.12701600000000005 85095.750000000015 672643.50000000012 1.0344125000000002
decision_type=8 8 2 2 8 2 10 10 10 10 10
left_child=6 2 4 5 10 7 -1 -4 -6 -10 -2
right_child=1 -3 3 -5 8 -7 -8 -9 9 -11 -12
leaf_value=0.048388005702944908 0.01908236877972307 -0.048582417214549617 -0.0042782513975274279 -0.029952360518708292 -0.056767619171157385 -0.015717399133112743 -0.0057893440204326114 0.057882219440014079 0.011195167110694168 -0.031084304405966087 -0.0032135827316466187
leaf_weight=2.5746284064371134 0.56091265031136517 3.8952779300743723 0.074999212287367167 0.99074273905716825 1.1362306106602771 0.25512722204439331 0.33374576224014152 3.1300140237435699 0.60119035781826813 0.23260119732003659 0.064180901856161654
leaf_count=379 234 1373 6 564 133 7 5 1639 137 2 28
internal_value=-0.00220665 -0.0165824 0.00494766 0.0284542 -0.032069 0.0481438 0.0422804 0.0557561 -0.0476958 -0.0111185 0.0162243
internal_weight=13.8497 10.9413 7.046 4.45088 2.59512 3.46014 2.90837 3.20501 1.97002 0.833792 0.625094
internal_count=4507 4123 2750 2216 534 1652 384 1645 272 139 262
is_linear=0
shrinkage=0.06


Tree=105
num_leaves=12
num_cat=0
split_feature=0 9 2 8 13 6 8 8 2 2 2
split_gain=2.3257 0.98781 1.58673 1.30383 1.13991 0.315112 0.239951 0.127195 0.0144848 0.00684065 8.03619e-05
threshold=0.93676900000000007 1.9020675000000002 52.500000000000007 0.65450900000000012 1.0000000180025095e-35 5.5000000000000009 0.95346300000000006 6.5500000000000007 40403.250000000007 27.750000000000004 192.75000000000003
decision_type=10 8 10 10 10 2 10 10 10 8 10
left_child=9 4 6 8 7 -6 -3 -2 -4 -1 -5
right_child=1 2 3 10 5 -7 -8 -9 -10 -11 -12
leaf_value=-0.0059029936480200556 0.044724360091938975 -0.0076047891559322895 -0.00019533429118148371 -0.0066105046798213872 0.013012653240015848 -0.020211978868393401 0.032767643763394277 -0.0035607039820008076 0.01793500849194259 -0.046146448145309958 -0.051168631396391662
leaf_weight=0.3381160232238466 2.8177959556924175 0.25977950543165285 0.15020488447044078 0.32779204519465599 0.8950278930133212 1.4341109837405381 1.5666670261416582 0.05889109894633282 0.84318922937382013 3.225396973779425 2.2805991658242419
leaf_count=6 1677 3 45 56 34 43 235 1 274 1962 211
internal_value=-0.00853634 0.00628794 -0.0107782 -0.0312505 0.0229525 -0.00737093 0.0263664 0.0430724 0.0164709 -0.0444583 -0.0489529
internal_weight=14.1976 10.6341 5.42823 3.60179 5.20583 2.32914 1.82645 2.87669 0.993394 3.56351 2.60839
internal_count=4547 2579 824 586 1755 77 238 1678 319 1968 267
is_linear=0
shrinkage=0.06


Tree=106
num_leaves=17
num_cat=0
split_feature=3 2 9 13 2 0 6 13 2 5 2 11 5 6 2 6
split_gain=2.16528 0.96815 1.11713 1.01963 1.03551 0.460467 1.02309 0.226189 0.201557 0.238502 0.199146 0.169789 0.154551 0.0774207 0.00364003 0.000769977
threshold=1.0000000180025095e-35 672643.50000000012 0.99432250000000011 1.0000000180025095e-35 52.500000000000007 0.99999950000000004 3.5000000000000004 1.0000000180025095e-35 77986.500000000015 1.5000000000000002 372.75000000000006 0.48267600000000005 2.5000000000000004 6.5000000000000009 15804.000000000002 43.500000000000007
decision_type=8 10 10 10 10 10 2 10 10 2 8 8 2 2 10 2
left_child=1 2 3 8 -5 10 -7 -8 12 -10 -2 -4 -1 -13 -15 -12
right_child=5 -3 11 4 -6 6 7 -9 9 -11 15 13 -14 14 -16 -17
leaf_value=0.056811356093700631 -0.010512548118673713 -0.03508816991001177 -0.031794651182785051 0.027759320151131296 -0.031422061815135321 -0.042839410904592277 0.030950031652693021 -0.0091350616262395462 0.021453277140659498 -0.014634265215680493 -0.047813954192004932 -0.0092878847454326459 -0.0031622801858355591 0.011637180588370058 -0.00034067278215541436 -0.0061854217993946373
leaf_weight=2.4445452113868669 1.4741410908754922 0.40247570106293995 0.51505251205526259 1.2023197258822622 1.0608577091479672 0.32603761577047397 1.0581470779143272 0.1759008029475807 0.52973854076117266 0.26044738991186023 3.1697754163760696 0.33585059386678051 0.055349087808281072 0.33673741004895419 0.038523538736626506 0.32800687174312759
leaf_count=1310 65 7 134 12 220 29 585 15 142 15 1545 149 26 241 30 30
internal_value=-0.00876243 0.013263 0.0202749 0.0309926 -0.00110981 -0.0315249 -0.00150342 0.0237049 0.0481865 0.00802832 -0.0391159 -0.0203829 0.0549594 0.00163334 0.0110539 -0.0461534
internal_weight=13.7139 7.1819 6.77942 5.55326 2.26318 6.53201 1.56009 1.23405 3.29008 0.790186 4.97192 1.22616 2.49989 0.711112 0.375261 3.49778
internal_count=4555 2286 2279 1725 232 2269 629 600 1493 157 1640 554 1336 420 271 1575
is_linear=0
shrinkage=0.06


Tree=107
num_leaves=13
num_cat=0
split_feature=13 11 12 2 6 2 2 7 4 1 11 11
split_gain=2.41326 1.44932 1.0979 1.03317 0.898029 0.947271 0.949165 0.517734 0.362196 0.249057 0.0676714 0.0013181
threshold=1.0000000180025095e-35 0.43019450000000004 2.5000000000000004 39.750000000000007 3.5000000000000004 3190.5000000000005 83427.000000000015 1.5000000000000002 25.500000000000004 0.49418600000000007 0.35355400000000009 0.37668900000000005
decision_type=8 10 2 8 2 8 10 2 2 10 10 10
left_child=1 7 4 -2 5 -3 -7 -1 9 -6 -9 -12
right_child=3 2 -4 -5 8 6 -8 10 -10 -11 11 -13
leaf_value=0.015353827010474422 0.0023870483486201867 0.031744418322557325 -0.025579548586070262 -0.048579891492266103 -0.0049302534734552888 -0.048807217068050829 0.01815917360812681 -0.0418078164835693 -0.0067225205271034989 0.056665841160206259 0.0013542945708599414 -0.0016191279464032788
leaf_weight=0.26723185181617548 1.9322015352081514 1.2002359179314228 0.56649038894101966 3.6856286538532004 0.089342408231460335 0.73398718750104286 0.64758637733757496 1.0966360457241533 0.15887837205082167 3.1913451467407867 0.070612391340546199 0.095233898260630667
leaf_count=2 19 450 205 1398 56 52 102 418 22 1790 28 52
internal_value=-0.00609028 0.0143553 0.0262798 -0.0333384 0.034107 0.00422494 -0.0229732 -0.027087 0.050533 0.0542285 -0.0388861 -0.000277394
internal_weight=13.7354 8.11758 6.58787 5.61783 6.02138 2.58181 1.38157 1.52971 3.43957 3.28069 1.26248 0.165846
internal_count=4594 3177 2677 1417 2472 604 154 500 1868 1846 498 80
is_linear=0
shrinkage=0.06


Tree=108
num_leaves=20
num_cat=0
split_feature=3 7 13 2 13 2 2 2 5 4 9 9 6 5 2 12 11 2 2
split_gain=2.27087 0.990644 0.834618 1.38489 0.452553 0.984417 1.03782 0.367782 0.324463 0.237559 0.217593 0.209813 0.293302 0.164913 0.151085 0.0510706 0.0198477 0.00104755 0.00024486
threshold=1.0000000180025095e-35 15.500000000000002 1.0000000180025095e-35 52.500000000000007 1.0000000180025095e-35 1266.7500000000002 23631.000000000004 77986.500000000015 2.5000000000000004 1.5000000000000002 0.81340650000000014 0.75886600000000015 2.5000000000000004 1.5000000000000002 672643.50000000012 2.5000000000000004 0.35857150000000004 3057.0000000000005 6857.2500000000009
decision_type=8 2 10 10 8 8 10 10 2 2 8 10 2 2 10 2 10 8 10
left_child=1 2 7 -4 5 -2 10 8 -1 -3 18 12 -8 14 -9 16 -11 -12 -7
right_child=4 9 3 -5 -6 6 11 13 -10 15 17 -13 -14 -15 -16 -17 -18 -19 -20
leaf_value=0.053067203854986846 0.025359327186341769 -0.035223331921206184 0.031589761160382188 -0.034401180084012842 -0.046536553646268949 -8.6980199910571587e-05 -0.014116595084484764 0.022666820861024457 -0.0068032716581994069 -0.0021502120794077754 -0.002733694762600642 -0.014080432232030924 0.026480539766866332 -0.014278300961570482 -0.0093028379793275492 -0.0070440883600083378 0.013136495078574156 -0.060787526893485683 0.0029011113907830436
leaf_weight=2.5220076546538621 0.95696058007888618 0.58108002087101318 1.2972033186815681 1.2842688015662131 2.5037059328751639 0.046390866395086161 0.20838106900919207 0.57114089175593097 0.12743877922184754 0.079123039962723851 0.09879052243195463 0.41321429191157211 0.96551765920594335 0.25620932376477867 0.14612501859664917 0.13102814613375813 0.30521382880397141 0.99565001635346573 0.085692335036583245
leaf_count=1487 163 69 12 290 1020 29 6 144 78 33 77 270 382 27 1 64 127 251 59
internal_value=-0.00605049 0.0158298 0.0250172 -0.00167904 -0.0301868 -0.0118512 -0.0278382 0.0402877 0.0491123 -0.0232929 -0.0544596 0.00583317 0.0160954 0.00355415 0.0145292 0.00452599 0.0107095 -0.0593545 0.00270183
internal_weight=13.5751 7.30084 6.20439 2.58147 6.2743 3.7706 2.81364 3.62292 2.64945 1.09645 1.22652 1.58711 1.1739 0.973475 0.717266 0.515365 0.384337 1.09444 0.132083
internal_count=4589 2332 2039 302 2257 1237 1074 1737 1565 293 416 658 388 172 145 224 160 328 88
is_linear=0
shrinkage=0.06


Tree=109
num_leaves=7
num_cat=0
split_feature=13 5 2 12 2 8
split_gain=2.71634 1.78113 1.61274 0.692599 0.685426 0.453382
threshold=1.0000000180025095e-35 2.5000000000000004 672643.50000000012 2.5000000000000004 52.500000000000007 1.9705880000000002
decision_type=8 2 8 2 8 10
left_child=1 2 3 5 -2 -1
right_child=4 -3 -4 -5 -6 -7
leaf_value=0.050338019399586396 -0.002890149948227705 -0.031478904180804471 -0.03435832614756941 -0.015162364620630467 -0.045860422266985904 -0.0075336145871358357
leaf_weight=5.2779107717797151 2.1946484046056876 1.0928697332274167 0.39151959004811931 0.2565838110167532 3.0978497745236382 0.26817523490171868
leaf_count=2383 24 736 9 12 1371 18
internal_value=-0.00172633 0.0209627 0.0333047 0.0422497 -0.0313329 0.0468163
internal_weight=12.5796 7.28706 6.19419 5.80267 5.2925 5.54609
internal_count=4553 3158 2422 2413 1395 2401
is_linear=0
shrinkage=0.06


Tree=110
num_leaves=21
num_cat=0
split_feature=3 2 13 11 6 7 12 5 13 2 2 0 9 2 5 6 2 0 2 2
split_gain=1.77665 0.969505 0.894562 0.967206 1.16675 0.645357 0.480059 0.410924 0.289237 0.813091 0.911029 0.453641 0.215366 0.158063 0.336706 0.134868 0.0198123 0.0154552 0.0045006 0.000910406
threshold=1.0000000180025095e-35 52.500000000000007 1.0000000180025095e-35 0.12701600000000005 2.5000000000000004 21.500000000000004 1.5000000000000002 2.5000000000000004 1.0000000180025095e-35 1078.5000000000002 25446.000000000004 0.99999950000000004 0.81340650000000014 672643.50000000012 1.5000000000000002 36.500000000000007 148.50000000000003 0.98283300000000018 2458.5000000000005 2754.0000000000005
decision_type=8 10 10 10 2 2 2 2 8 8 10 10 8 10 2 2 10 10 8 10
left_child=1 5 3 -3 13 6 -1 16 9 17 12 15 19 14 -5 -12 -6 -2 -14 -11
right_child=8 2 -4 4 7 -7 -8 -9 -10 10 11 -13 18 -15 -16 -17 -18 -19 -20 -21
leaf_value=0.048128727083980666 0.0007494924114584702 -0.034165009256640393 -0.035672720914019566 0.020876668091329702 0.0012255691566306801 -0.017378210839609158 -0.011522941197628754 -0.0083096664536757899 -0.045945450554262295 -0.00045856481599519823 -0.025190806773816743 0.025449630026468301 -0.0023903959508934504 -0.029220245105039663 -0.019949694206319032 0.0066134157323717883 0.05556651655625635 0.024185760062007369 -0.05910949795933184 0.0030769155460243021
leaf_weight=2.2129748469451442 0.17816754151135805 0.42736356670502607 1.403591174224857 0.51201877905987225 0.070701775606721529 0.24542696576099832 0.17709632124751795 0.16008431848604221 2.4225172032602131 0.046771594439633302 0.58293502824380972 0.72837725171120837 0.092304300400428363 0.23928056657314301 0.40605213993694633 0.20117057964671403 1.4144923628773538 0.61965496081393212 0.99932050646748405 0.10027828777674586
leaf_count=456 43 37 363 126 31 6 2 99 1046 26 266 377 74 1 37 9 1147 100 272 73
internal_value=-0.0101794 0.00944019 -0.00734306 0.0104905 0.0244938 0.0328509 0.0416135 0.0475705 -0.0319907 -0.014459 -0.0282125 0.00479804 -0.0526581 -0.0151558 0.00183289 -0.0178978 0.0545137 0.0222801 -0.0577493 0.00253298
internal_weight=13.2406 7.26908 4.63358 3.22999 2.80263 2.6355 2.39007 1.64528 5.9715 3.54898 2.75116 1.51248 1.23867 1.15735 0.918071 0.784106 1.48519 0.797823 1.09162 0.14705
internal_count=4591 2305 1841 1478 1441 464 458 1277 2286 1240 1097 652 445 164 163 275 1178 143 346 99
is_linear=0
shrinkage=0.06


Tree=111
num_leaves=17
num_cat=0
split_feature=3 8 11 6 8 13 1 5 6 13 6 6 8 4 13 6
split_gain=1.54853 0.975297 0.931581 0.819463 0.732988 0.602881 0.263283 0.159938 0.143792 0.10562 0.141725 0.0681974 0.0540358 0.0141206 0.00506897 0.000997496
threshold=9.5000000000000022e-06 1.0208335000000002 0.12701600000000005 1.5000000000000002 0.64852950000000009 1.0000000180025095e-35 0.97916650000000016 2.5000000000000004 48.500000000000007 1.0000000180025095e-35 2.5000000000000004 25.500000000000004 0.17156900000000003 1.5000000000000002 1.0000000180025095e-35 27.500000000000004
decision_type=8 10 10 2 8 8 10 2 2 10 2 2 10 2 10 2
left_child=1 2 -1 14 5 6 -2 9 -8 10 -5 -6 -12 -11 -4 -13
right_child=4 -3 3 7 11 -7 8 -9 -10 13 12 15 -14 -15 -16 -17
leaf_value=-0.030594563595516322 -0.01182328929139273 -0.02853220182978931 -0.0028145057624829055 0.0064428498113860014 -0.046036685185608661 -0.027916193233009347 0.031078756639447629 -0.005005061823685702 -0.0061805152287413715 0.0030986877739025936 -0.00071552626522446616 0.00054083870523528193 0.055831529475688278 0.018582265698559374 -0.015512301510328827 -0.0025895539648387463
leaf_weight=0.33311260450864111 0.24388836056459795 0.99899257929064322 0.73712601908482589 0.55866394436452571 3.1997403604909782 0.76187139272224147 1.1259943324839694 0.090469104994553962 0.1005111262202264 0.7565885834628715 0.036598303238861152 0.12228492734720919 1.6320288215647449 1.2137888768920673 0.28333377791568637 0.09488467761548236
leaf_count=28 92 366 136 208 1376 159 501 51 1 27 12 46 1402 59 37 62
internal_value=-0.00943843 0.00978378 0.0198429 0.0273558 -0.0301076 -0.00142936 0.0180395 0.0373238 0.0266209 0.0390235 0.0484154 -0.0442777 0.0547879 0.0156816 -0.0122728 -0.00183071
internal_weight=12.2899 6.6407 5.64171 5.3086 5.64918 2.23227 1.47039 4.28814 1.22651 4.19767 2.22729 3.41691 1.66863 1.97038 1.02046 0.21717
internal_count=4563 2326 1960 1932 2237 753 594 1759 502 1708 1622 1484 1414 86 173 108
is_linear=0
shrinkage=0.06


Tree=112
num_leaves=14
num_cat=0
split_feature=5 11 6 13 12 11 6 6 6 9 4 4 9
split_gain=1.20692 0.838602 1.12821 0.90535 0.70296 0.488543 0.391117 0.299811 0.209074 0.119308 0.0583758 0.045442 0.00702216
threshold=2.5000000000000004 0.12701600000000005 4.5000000000000009 1.0000000180025095e-35 2.5000000000000004 0.9900000000000001 1.5000000000000002 48.500000000000007 13.500000000000002 0.16149900000000003 2.5000000000000004 1.5000000000000002 0.99209000000000003
decision_type=2 10 2 10 2 10 2 2 2 10 2 2 10
left_child=1 6 5 4 7 -3 -1 -4 -5 10 11 -7 -11
right_child=-2 2 3 8 -6 9 -8 -9 -10 12 -12 -13 -14
leaf_value=0.0090631478960474191 -0.040390985599926578 0.020604413163876102 0.056402181636494207 0.00916069130730136 -0.014553115872711693 -0.011495436962287225 -0.041951805920618701 -0.0061494072772422144 -0.020350227578328117 0.006408351552023823 0.0023427362282482517 -0.034726238345519356 -0.0016412836055146385
leaf_weight=0.33186798327369504 2.0409505323041239 0.57607215672032719 2.4329421417205603 0.9783553880988618 0.22250131284818042 2.5124648583005196 0.93357550073415041 0.10003152489662159 0.62260016379877925 0.25375280802836631 0.15552901406772424 0.66360382398124773 0.087059689569287002
leaf_count=38 1709 44 1618 51 5 508 79 1 34 206 68 168 37
internal_value=-0.00731275 0.00261352 0.0101465 0.0287827 0.0450195 -0.0108063 -0.0304779 0.0528905 -0.00572758 -0.0190888 -0.0220337 -0.0235025 0.00466159
internal_weight=11.9113 9.87036 8.60491 4.35643 2.75547 4.24848 1.26544 2.53297 1.60096 3.67241 3.3316 3.17607 0.340812
internal_count=4566 2857 2740 1709 1624 1031 117 1619 85 987 744 676 243
is_linear=0
shrinkage=0.06


Tree=113
num_leaves=16
num_cat=0
split_feature=2 8 13 2 9 5 12 6 2 2 9 2 6 2 9
split_gain=1.2291 2.17053 1.23324 1.18224 0.610364 0.55654 0.43509 0.155721 0.0386804 0.0535247 0.0278192 0.0207569 0.0135722 0.0122933 0.00167556
threshold=52.500000000000007 0.65450900000000012 1.0000000180025095e-35 19.500000000000004 0.81340650000000014 2.5000000000000004 1.5000000000000002 24.500000000000004 1924.5000000000002 120.75000000000001 1.3436980000000001 172.50000000000003 9.5000000000000018 2044.5000000000002 0.66780950000000006
decision_type=8 8 8 10 8 2 2 2 8 10 10 10 2 10 10
left_child=3 2 5 -1 8 10 -5 -6 9 -3 11 -2 -10 -9 -14
right_child=1 4 -4 6 7 -7 -8 13 12 -11 -12 -13 14 -15 -16
leaf_value=-0.02140941259175257 0.0011371961793432007 -0.006125783860373709 -0.024973677842975581 0.045451220589987115 -0.048675122579918413 -0.011273601109836877 -0.011247897134797581 0.0040150830201883215 -0.008500727112545365 0.012847081474765532 0.00067526112088183809 0.054895395964721712 0.003176977636948772 -0.0048345646940084041 -0.00088094858998145073
leaf_weight=1.0808449401520186 0.06960244476795141 0.11191334342584069 0.70211590430699278 1.9653574322001079 4.5631545243086293 0.22989973239600647 0.17398842331022013 0.18186457914998744 0.30794832389801752 0.48850456887157634 0.062077225011307635 1.30063299665926 0.08709576865658164 0.087082014477346092 0.036488312878645957
leaf_count=18 2 7 204 457 1958 92 3 88 229 398 35 852 84 69 35
internal_value=-0.00953403 -0.0212074 0.0213577 0.0182514 -0.0389805 0.0429576 0.038726 -0.046518 0.00183748 0.00769274 0.0527184 0.0537966 -0.00599213 -0.000402132 0.00226114
internal_weight=11.4486 8.22838 2.36433 3.22019 5.86405 1.66221 2.13935 4.8321 1.03195 0.600418 1.43231 1.37024 0.431532 0.268947 0.123584
internal_count=4531 4053 1185 478 2868 981 460 2115 753 405 889 854 348 157 119
is_linear=0
shrinkage=0.06


Tree=114
num_leaves=11
num_cat=0
split_feature=1 13 2 8 9 9 2 2 0 9
split_gain=1.37465 0.918676 0.887422 1.32459 0.760426 0.440815 0.230439 0.551295 0.186916 0.165489
threshold=0.97916650000000016 1.0000000180025095e-35 3321.0000000000005 0.65450900000000012 1.9207165000000002 0.38122700000000004 23631.000000000004 672643.50000000012 0.94233850000000008 0.93701000000000012
decision_type=10 10 10 10 10 8 8 10 10 10
left_child=-1 2 4 8 -2 -3 -5 -8 -4 -7
right_child=1 5 3 6 -6 9 7 -9 -10 -11
leaf_value=-0.044528697951472171 0.043736691416838953 0.01119655149256703 -0.0076095129426982655 -0.052711410191554176 -0.016251514117764383 -0.036327668468010693 0.020534870683465149 -0.032018248400933355 0.031934243880088115 -0.00036777829204283688
leaf_weight=2.6499062357470384 2.3615989607060333 0.61828692350536618 0.12863708473742042 0.55502247205004063 0.41779604367911805 2.0924257745500658 0.55170148750767123 0.37121313810348511 1.1050781868398187 0.56559428013861168
leaf_count=1955 1364 14 2 67 44 200 142 2 761 24
internal_value=-0.0135868 -0.000633219 0.0136515 -0.00952987 0.0328052 -0.022168 -0.0379377 -0.00626125 0.0262503 -0.0308682
internal_weight=11.4173 8.76735 5.49105 2.71165 2.7794 3.27631 1.47794 0.922915 1.23372 2.65802
internal_count=4575 2620 2382 974 1408 238 211 144 763 224
is_linear=0
shrinkage=0.06


Tree=115
num_leaves=16
num_cat=0
split_feature=2 0 13 9 2 12 7 6 0 2 1 2 2 2 2
split_gain=1.86155 0.805946 0.774281 0.783656 0.80964 0.514807 0.617435 0.355542 0.220605 0.122221 0.0641771 0.0630238 0.0562477 0.030375 0.0203539
threshold=52.500000000000007 0.99950950000000016 1.0000000180025095e-35 1.9207165000000002 23022.000000000004 1.5000000000000002 24.500000000000004 2.5000000000000004 0.93676900000000007 672643.50000000012 0.97916650000000016 252.75000000000003 81781.500000000015 13836.000000000002 160.50000000000003
decision_type=8 10 10 8 8 2 2 2 10 10 10 8 10 10 10
left_child=5 11 3 10 7 6 8 13 -1 12 -3 14 -6 -5 -2
right_child=1 2 -4 4 9 -7 -8 -9 -10 -11 -12 -13 -14 -15 -16
leaf_value=-0.0026991377319262743 -0.00742490304788065 -0.0024352971481168134 -0.0331153201737956 0.0098545826879766693 -0.00050500810782266815 -0.015820609257505121 -0.016228108194083379 -0.052189917713609597 0.047334469250923057 -0.0078086532544681467 0.03554311921628784 -0.044388575476149106 0.025638716692286633 -0.0047271937413582103 0.0042457218352510298
leaf_weight=0.23687719437293742 0.13989103841595474 0.040446575731039158 1.1833977756323291 0.19553409970831093 0.3122202315717002 0.28132689627818752 0.22788258164655406 0.49458047747612 2.1990998386754654 0.12497324496507656 1.4442474503302947 2.7674587591318414 0.71497807215200737 0.12223909655585885 0.14282917743548751
leaf_count=7 49 1 139 79 49 6 4 73 448 1 1461 1979 247 4 23
internal_value=-0.00756077 -0.0225513 -0.00443213 0.0106399 -0.0124819 0.0273477 0.0349803 -0.0394656 0.0430996 0.0160408 0.0339448 -0.0421817 0.0213631 0.00491469 -0.00281546
internal_weight=10.628 7.6828 4.63262 3.44922 1.96453 2.94519 2.66386 0.812354 2.43598 1.15217 1.48469 3.05018 1.0272 0.317773 0.28272
internal_count=4570 4105 2054 1915 453 465 459 156 455 297 1462 2051 296 83 72
is_linear=0
shrinkage=0.06


Tree=116
num_leaves=19
num_cat=0
split_feature=3 2 7 13 2 6 0 4 0 13 2 12 4 2 2 2 6 2
split_gain=1.43519 0.711549 0.936481 0.653924 0.85868 0.259344 0.673279 0.210663 0.182529 0.141618 0.0787214 0.0675817 0.0470979 0.0552574 0.11274 0.0400593 0.0237983 0.000889254
threshold=1.0000000180025095e-35 672643.50000000012 15.500000000000002 1.0000000180025095e-35 52.500000000000007 4.5000000000000009 0.99999950000000004 1.5000000000000002 0.23593750000000005 1.0000000180025095e-35 214609.50000000003 2.5000000000000004 11.500000000000002 77986.500000000015 79908.750000000015 372.75000000000006 15.500000000000002 312018.00000000006
decision_type=8 10 2 10 10 2 10 2 10 10 10 2 2 10 10 8 2 10
left_child=1 2 3 8 -5 10 15 -4 -1 -8 -2 12 13 -10 -15 -7 -9 -12
right_child=5 -3 7 4 -6 6 9 16 11 -11 17 -13 -14 14 -16 -17 -18 -19
leaf_value=-0.0049777532853405495 -0.051030143186718793 -0.031611804754547543 -0.033143874604661526 0.026140976321999781 -0.029284128248055829 -0.0057411104648298602 0.025102633267659987 -0.0041202287897386626 0.051616601928563419 -0.0075895747175767289 0.00053835914423189008 -0.001494759001012994 -0.00016971055738430665 -0.00899188475579356 0.017588621245451772 -0.032308997997854083 0.0090406882616616037 -0.0025566239366122574
leaf_weight=0.090266314102336209 1.2749682759167633 0.37836554396199051 0.57572579680709157 1.1083746398799124 0.92524911381769914 0.77586102334316898 0.71645679691573594 0.073627236299216747 1.8543402772629645 0.14189427113160491 0.06292015395592887 0.050766430562361964 0.073551634093746432 0.15371006587520231 0.55825377342989668 1.6054061381728386 0.32226707320660353 0.14754143211757764
leaf_count=66 527 7 67 12 282 37 566 76 1394 12 43 24 49 5 150 982 152 79
internal_value=-0.00931515 0.00944281 0.0163901 0.0268158 -0.000416753 -0.0311623 -0.014141 -0.0226692 0.0415735 0.0185224 -0.0476592 0.0440609 0.0451069 0.0460883 0.00994969 -0.0279107 0.00539483 -0.00195099
internal_weight=10.8895 6.1645 5.78613 4.81451 2.03362 4.72505 3.23962 0.97162 2.78089 0.858351 1.48543 2.69062 2.63986 2.5663 0.711964 2.38127 0.395894 0.210462
internal_count=4530 2284 2277 1982 294 2246 1597 295 1688 578 649 1622 1598 1549 155 1019 228 122
is_linear=0
shrinkage=0.06


Tree=117
num_leaves=17
num_cat=0
split_feature=3 7 6 5 13 6 6 11 13 1 9 9 13 9 6 6
split_gain=1.39458 0.880891 0.585006 0.305325 0.200203 0.181318 0.14982 0.136107 0.128457 0.130621 0.0897727 0.0786289 0.0667883 0.048182 0.031822 0.00737226
threshold=1.0000000180025095e-35 15.500000000000002 2.5000000000000004 2.5000000000000004 1.0000000180025095e-35 24.500000000000004 25.500000000000004 0.65108700000000008 1.0000000180025095e-35 0.97916650000000016 0.43483700000000008 0.99209000000000003 1.0000000180025095e-35 1.2918350000000003 1.5000000000000002 32.500000000000007
decision_type=8 2 2 2 10 2 2 10 10 10 8 10 8 8 2 2
left_child=1 2 7 4 -4 -3 -2 -1 9 -9 -6 -12 13 -8 -11 -15
right_child=6 5 3 -5 10 -7 12 8 -10 14 11 -13 -14 15 -16 -17
leaf_value=0.013336912542077257 -0.03292555882515881 -0.033268886513267995 0.054244187082236502 -0.0085888951309225706 0.020699434966615537 0.0069276215930363779 0.010914670306027718 -0.013677258200865074 -0.021080392644069596 0.00057983577354473262 -0.011086071196084773 0.008909595840129644 -0.013243090248259997 0.0014180165150218832 0.016355866060495446 -0.0074018466686119524
leaf_weight=0.60010526090627458 3.7000246325624184 0.73404342721914861 1.1337967148865578 0.16649883199715976 0.61583522526780132 0.14152702590217814 0.49727674148743939 0.24940507829887759 0.47135268920101236 0.80754105420783162 0.42333228193456318 0.42643005948048085 0.28080199169926356 0.096952329506166279 0.37357839709147811 0.19338815624359995
leaf_count=38 1839 203 1257 140 15 85 209 27 118 154 50 12 117 55 206 40
internal_value=-0.00668043 0.0116291 0.0211959 0.0361412 0.0405965 -0.0265421 -0.0281962 -0.000928195 -0.00847417 0.00264375 0.0123202 -0.00165981 -0.00381802 0.00507072 0.0107808 -0.0056402
internal_weight=10.9119 6.14345 5.26788 2.76589 2.59939 0.87557 4.76844 2.50198 1.90188 1.43052 1.4656 0.849762 1.06842 0.787617 1.18112 0.29034
internal_count=4565 2305 2017 1474 1334 288 2260 543 505 387 77 62 421 304 360 95
is_linear=0
shrinkage=0.06


Tree=118
num_leaves=11
num_cat=0
split_feature=0 2 3 13 11 2 5 2 2 2
split_gain=1.94033 0.722166 0.802389 0.72236 1.21046 0.428341 0.354714 0.138728 0.00121953 0.0200203
threshold=0.99999950000000004 672643.50000000012 0.26600150000000006 1.0000000180025095e-35 0.71198150000000016 14703.750000000002 1.5000000000000002 372.75000000000006 32.250000000000007 160.50000000000003
decision_type=10 10 10 10 10 10 2 8 10 10
left_child=7 2 3 6 -5 -4 -2 8 -1 -10
right_child=1 -3 5 4 -6 -7 -8 -9 9 -11
leaf_value=-0.012168087376816383 0.045213070429257173 -0.031116340455186464 -0.044180235399698772 0.027848846048643273 -0.034674873174035573 0.010084834530406702 -0.0089865216129603413 -0.044434727387320273 -0.0064009652656698088 0.0044137170607902237
leaf_weight=0.82819313602521993 2.837439324241132 0.37404976377729315 0.20955096511170257 1.4904650428798052 1.0179448709823189 0.3993778785225004 0.15660806372761715 2.7649128984776326 0.35962885239860043 0.20992286317050457
leaf_count=14 2272 4 14 38 85 90 2 1986 60 42
internal_value=-0.00965731 0.0107425 0.0173197 0.0249895 -0.000175408 -0.0244422 0.0408379 -0.0373647 -0.0106802 -0.00214245
internal_weight=10.6481 6.48544 6.11139 5.50246 2.50841 0.608929 2.99405 4.16266 1.39774 0.569552
internal_count=4607 2505 2501 2397 123 104 2274 2102 116 102
is_linear=0
shrinkage=0.06


Tree=119
num_leaves=18
num_cat=0
split_feature=2 6 8 0 9 0 6 12 2 2 2 8 9 6 6 9 4
split_gain=1.8207 0.910987 0.883925 0.617156 0.510798 0.171027 0.0898238 0.0734072 0.0350566 0.0589495 0.0143293 0.00716376 0.00685103 0.00682895 0.00499529 0.00423297 0.00384409
threshold=52.500000000000007 23.500000000000004 0.65450900000000012 0.94233850000000008 0.90265350000000011 0.96474700000000013 24.500000000000004 1.0000000180025095e-35 2458.5000000000005 148.50000000000003 42.750000000000007 0.095454500000000012 0.25516300000000008 2.5000000000000004 9.5000000000000018 0.66780950000000006 3.5000000000000004
decision_type=8 2 8 10 8 10 2 2 8 10 10 10 10 2 2 10 2
left_child=1 5 3 -2 8 -1 -6 -5 9 -4 -7 -9 -11 -13 -10 -16 -8
right_child=2 -3 4 7 6 10 16 11 14 12 -12 13 -14 -15 15 -17 -18
leaf_value=-0.0025184944166019691 -0.024584585703098738 -0.022135927641492956 -0.0068438347047440869 -0.0040227233450210098 -0.047562769919403822 0.043284827170513782 0.0019114397027320713 0.00082212977140860117 -0.0077904675332568334 -0.00040333591123822886 0.0060705073537317611 0.000815532125578033 0.01346248040872354 0.026724011048537014 0.0030158353542943678 -0.0023678503023660457 -0.0033061008118070436
leaf_weight=0.24431088380515564 0.67069970036391269 0.53393422870431084 0.14156724751228433 0.07147869362961512 3.6789751178002921 1.9101265193312431 0.053423186531290301 0.10992064781021316 0.28600538877071824 0.078978181001730263 0.40820428181905288 0.10275656939484168 0.37600641133030877 1.2211160386796107 0.076970279158558697 0.057733228546567261 0.17402311542537063
leaf_count=9 274 11 18 16 1816 410 27 26 286 45 41 37 415 859 87 49 125
internal_value=-0.0098428 0.0237818 -0.025634 0.00497021 -0.037715 0.0368769 -0.0457386 0.0226956 0.000496415 0.00643673 0.0405363 0.0251332 0.0124326 0.0259293 -0.00652855 0.000655159 -0.00152176
internal_weight=10.1962 3.09658 7.09965 2.17597 4.92368 2.56264 3.90642 1.50527 1.01726 0.596552 2.31833 1.43379 0.454985 1.32387 0.420709 0.134704 0.227446
internal_count=4551 471 4080 1212 2868 460 1968 938 900 478 451 922 460 896 422 136 152
is_linear=0
shrinkage=0.06


Tree=120
num_leaves=21
num_cat=0
split_feature=2 8 2 12 5 2 2 12 2 9 8 9 4 6 6 9 6 4 9 2
split_gain=1.03857 2.21323 0.826181 0.605319 0.479583 0.432309 0.432813 0.286396 0.169893 0.135276 0.0595273 0.0455505 0.0327446 0.0285587 0.0210237 0.00752765 0.00473686 0.000699611 0.000285244 0.000111105
threshold=52.500000000000007 0.65450900000000012 19.500000000000004 1.5000000000000002 2.5000000000000004 2104.5000000000005 203.25000000000003 1.0000000180025095e-35 148.50000000000003 0.66780950000000006 0.095454500000000012 1.2751045000000001 19.500000000000004 2.5000000000000004 1.5000000000000002 0.25516300000000008 20.500000000000004 12.500000000000002 0.56844600000000012 286.50000000000006
decision_type=8 8 10 2 2 8 10 2 10 8 10 10 2 2 2 8 2 2 10 10
left_child=2 4 -1 -4 7 6 -3 -2 -9 18 -10 14 13 -12 -8 -16 19 -17 -7 -13
right_child=1 5 3 -5 -6 9 11 8 10 -11 12 16 -14 -15 15 17 -18 -19 -20 -21
leaf_value=-0.017614671395428473 -0.0086436942744480619 -0.029573478181500218 0.043646570934312734 -0.015161786298715464 -0.015218195228454844 -0.0020306678698822486 -0.001862562162606384 -0.0049625898840776079 0.00022094835833928424 -0.054822319525289293 0.00089772178118392091 -4.3549920863593488e-05 0.0011070010748064709 0.047212033779207921 -0.0003064364257055138 0.016995288448334599 0.0014543448113870639 0.00022819154108202593 0.00020108591161858988 -0.0051384499894292718
leaf_weight=0.96635410469025318 0.16706769092707086 0.88517246441915665 1.9090683727990838 0.26794189761858422 0.33818096545292053 0.20415874267928336 0.051418524584732728 0.088614054373465367 0.12580269493628282 2.65763194183819 0.089096857584081479 0.033093256002757698 0.11194007820449758 1.3117285309708675 0.060628022998571396 0.7495746283675544 0.082469066372141242 0.036660323210526258 0.049664537364151329 0.13428776757791638
leaf_count=19 46 158 466 5 184 184 26 20 30 1494 35 30 32 879 35 644 57 37 58 127
internal_value=-0.00762001 -0.0194899 0.0176451 0.0339145 0.0234325 -0.0395502 -0.0106691 0.0332068 0.03894 -0.051836 0.0422952 0.0108879 0.0443137 0.0458672 0.0145857 0.0160521 -0.00343976 0.0167789 -0.00178189 -0.00503132
internal_weight=10.3206 7.17719 3.14336 2.17701 2.23243 4.94476 2.0333 1.89425 1.72718 2.91146 1.63857 1.14813 1.51277 1.40083 0.898281 0.846863 0.24985 0.786235 0.253823 0.167381
internal_count=4566 4076 490 471 1226 2850 1114 1042 996 1736 976 956 946 914 742 716 214 681 242 157
is_linear=0
shrinkage=0.06


Tree=121
num_leaves=9
num_cat=0
split_feature=13 11 2 12 2 8 5 2
split_gain=1.57325 1.2647 0.867251 0.970329 0.517686 0.365558 0.232466 0.156115
threshold=1.0000000180025095e-35 0.35355400000000009 672643.50000000012 2.5000000000000004 39.750000000000007 1.2613635000000001 2.5000000000000004 24.750000000000004
decision_type=8 10 8 2 8 10 2 8
left_child=1 7 3 5 -2 6 -3 -1
right_child=4 2 -4 -5 -6 -7 -8 -9
leaf_value=0.0058976849970265866 0.00066088567989742964 0.049002784531872727 -0.025926836340904952 -0.020174455200544446 -0.042742647468765667 -0.0060262439646599098 -0.0054609561418437723 -0.03531380213012917
leaf_weight=0.095068193972109749 1.3747821454890083 3.8821673537022439 0.26461109844967712 0.4454251545248552 2.2728305070195347 0.28668620251119126 0.099670711788348743 0.80264500150224194
leaf_count=1 18 2396 20 235 1375 65 54 429
internal_value=-0.00303949 0.0154637 0.0273532 0.034358 -0.0297615 0.0427977 0.046817 -0.0301415
internal_weight=9.52389 5.87627 4.97856 4.71395 3.64761 4.26852 3.98184 0.897713
internal_count=4593 3200 2770 2750 1393 2515 2450 430
is_linear=0
shrinkage=0.06


Tree=122
num_leaves=23
num_cat=0
split_feature=3 7 2 13 2 8 2 13 8 9 4 4 2 9 1 8 2 2 9 6 9 6
split_gain=1.4248 0.657857 0.902091 0.546304 0.906479 0.41109 0.512827 0.472507 0.233036 0.229926 0.171549 0.0708965 0.0456235 0.0454161 0.0234894 0.021905 0.0212004 0.106799 0.0150262 0.00682295 0.00195351 0.00169572
threshold=1.0000000180025095e-35 15.500000000000002 672643.50000000012 1.0000000180025095e-35 52.500000000000007 0.64852950000000009 1388.2500000000002 1.0000000180025095e-35 1.0871210000000002 1.0164750000000002 1.5000000000000002 11.500000000000002 42.750000000000007 1.2918350000000003 0.97916650000000016 1.0208335000000002 75891.000000000015 79908.750000000015 0.39847000000000005 37.500000000000007 1.0344125000000002 43.500000000000007
decision_type=8 2 10 10 10 8 8 8 10 8 2 2 10 10 10 10 10 10 8 2 10 2
left_child=1 2 3 8 -5 7 9 13 11 -7 -3 16 -11 19 -10 -12 -1 -18 -8 -2 -14 -21
right_child=5 10 -4 4 -6 6 18 -9 14 12 15 -13 20 -15 -16 -17 17 -19 -20 21 -22 -23
leaf_value=0.054682726024068241 0.021249090731661206 -0.03084264406796396 -0.028810697031775238 0.028310642971890679 -0.028478219709447552 -0.019485095931417465 -0.0010775238575307618 -0.02603479423373661 -0.0078335592780140566 0.017889168735594985 0.0086518888302038275 -0.00079062428555461768 0.00080086997397910294 -0.0030382615733277711 0.0048392164032568285 -0.0040046011260587901 -0.0084803730784823693 0.017998016076290632 -0.056738167024470994 -0.0010950916282279784 -0.0037726275710299514 0.0024579054262929821
leaf_weight=1.4613168579526248 0.70199784811120536 0.55004897399339814 0.36523531045531843 1.2035999819636347 0.87780071684392158 0.45753968943608936 0.057090638088993395 0.6860779487178662 0.14687437645625312 0.40700789261609327 0.2734549866290763 0.072681368794292101 0.064889114466495812 0.089900839957408607 0.086479375720955431 0.071434140612836927 0.14746839471627016 0.44881563959643245 1.5902394949807785 0.10370601090835407 0.12940978008555248 0.094902423559688032
leaf_count=1423 452 68 7 14 284 57 55 169 88 11 132 55 18 53 14 90 7 137 1262 63 122 22
internal_value=-0.00806688 0.011164 0.0199539 0.028516 0.00289119 -0.0305238 -0.0417526 -0.0035716 0.043513 -0.00322419 -0.0216791 0.0479472 0.0135903 0.0172504 -0.00302136 0.00500199 0.0493643 0.0102393 -0.0559448 0.0198086 -0.00285356 0.00123686
internal_weight=10.088 5.70521 4.81027 4.44504 2.0814 4.38276 2.70618 1.67659 2.36364 1.05885 0.894938 2.13028 0.601307 0.990507 0.233354 0.344889 2.0576 0.596284 1.64733 0.900606 0.194299 0.198608
internal_count=4603 2319 2029 2022 298 2284 1525 759 1724 208 290 1622 151 590 102 222 1567 144 1317 537 140 85
is_linear=0
shrinkage=0.06


Tree=123
num_leaves=11
num_cat=0
split_feature=13 2 8 11 2 5 5 9 11 9
split_gain=1.00691 0.927253 2.41427 0.57519 0.798556 0.396096 0.392047 0.208914 0.0612494 0.000702521
threshold=1.0000000180025095e-35 2044.5000000000002 0.65450900000000012 0.67333350000000014 52.500000000000007 2.5000000000000004 1.5000000000000002 0.75409300000000012 0.59175100000000014 0.66214050000000013
decision_type=8 8 8 8 8 2 2 8 10 10
left_child=1 6 5 4 -2 8 -1 9 -3 -4
right_child=3 2 7 -5 -6 -7 -8 -9 -10 -11
leaf_value=0.041600406597390879 0.024575460104606376 -0.00048131607169120378 0.0042926795078728286 -0.042360978391617427 -0.028663928637404835 -0.0087957657059145808 -0.010486483695629135 -0.045956813449190913 0.053276967778376823 -0.00023382173129080837
leaf_weight=2.036401128978468 1.1774080393370256 0.060994988016318752 0.14083635603310507 1.7250675869290715 0.89871237386250857 0.170865619846154 0.21027752000372846 1.8237671445822343 0.87791561725316569 0.028252299758605659
leaf_count=1377 17 34 151 629 752 84 128 613 735 30
internal_value=-0.00380282 0.0122454 -0.00874419 -0.0242336 -0.000297047 0.0422985 0.034997 -0.0418044 0.0513376 0.00398329
internal_weight=9.1505 5.34931 3.10263 3.80119 2.07612 1.10978 2.24668 1.99286 0.938911 0.169089
internal_count=4550 3152 1647 1398 769 853 1505 794 769 181
is_linear=0
shrinkage=0.06


Tree=124
num_leaves=9
num_cat=0
split_feature=13 5 6 11 0 11 8 6
split_gain=2.28051 1.31729 0.537485 0.493592 0.5118 0.0717617 0.0559461 0.021885
threshold=1.0000000180025095e-35 2.5000000000000004 2.5000000000000004 0.50510200000000005 0.99999950000000004 0.35355400000000009 1.5131580000000002 1.5000000000000002
decision_type=8 2 2 8 10 10 8 2
left_child=1 2 6 4 -2 -4 7 -1
right_child=3 -3 5 -5 -6 -7 -8 -9
leaf_value=0.014749189627412521 -0.026386129430105723 -0.025232742668240469 -0.001066377340488368 -0.043668599315609992 0.01773497964789671 0.055049283537890431 -0.0054836386730217866 0.00049289748282001613
leaf_weight=1.1773200373863786 0.70789150107884879 0.72198858601041127 0.045631476212293243 1.9204886378138324 1.1352848084643483 2.3329178259300534 0.22771705617196869 0.55823114287341025
leaf_count=152 623 759 6 733 46 2009 28 211
internal_value=0.0030862 0.0272203 0.0390334 -0.0282826 -0.00253077 0.0539757 0.00882451 0.0120202
internal_weight=8.82747 5.06381 4.34182 3.76366 1.84318 2.37855 1.96327 1.73555
internal_count=4567 3165 2406 1402 669 2015 391 363
is_linear=0
shrinkage=0.06


Tree=125
num_leaves=12
num_cat=0
split_feature=0 4 3 7 6 1 11 7 12 7 12
split_gain=0.950373 0.446802 0.338147 0.482543 0.299341 0.171269 0.0905982 0.043799 0.0203633 0.00830194 0.00787347
threshold=0.99999950000000004 2.5000000000000004 0.26600150000000006 15.500000000000002 1.5000000000000002 0.97916650000000016 0.46291200000000005 5.5000000000000009 2.5000000000000004 6.5000000000000009 1.5000000000000002
decision_type=10 2 10 2 2 10 10 2 2 2 2
left_child=-1 2 3 4 10 -6 -3 -7 -8 -9 -2
right_child=1 6 -4 -5 5 7 8 9 -10 -11 -12
leaf_value=-0.035651940152807288 -0.0021619525844809588 -0.001870732387505149 -0.034525132478179205 -0.028286173551215835 -0.0085993005959455523 0.028797335154968479 0.02773152561466169 -0.0026511822157698536 -0.00072862236104285008 0.0046976991368107898 -0.012627649571983703
leaf_weight=3.3936545505712274 0.99520137347281046 0.33473606832558278 0.36243851494509716 0.57028548535890866 0.13746670936234306 1.4913541112036908 1.0896071081806438 0.12846742046531301 0.042109148809686192 0.30955827303114347 0.22125668474473059
leaf_count=2062 179 44 55 75 3 680 1089 75 8 247 16
internal_value=-0.01469 0.00129053 -0.00883197 0.000199971 0.0105965 0.0212345 0.0221743 0.0255701 0.0268275 0.00219755 -0.00890391
internal_weight=9.07614 5.68248 4.21603 3.85359 3.2833 2.06685 1.46645 1.92938 1.13172 0.438026 1.21646
internal_count=4533 2471 1330 1275 1200 1005 1141 1002 1097 322 195
is_linear=0
shrinkage=0.06


Tree=126
num_leaves=16
num_cat=0
split_feature=8 11 6 12 13 11 4 6 0 5 4 8 0 8 8
split_gain=0.573015 0.567944 0.633442 0.792988 0.732266 0.348813 0.308546 0.276181 0.217338 0.0967269 0.0964006 0.0717691 0.0394098 0.0258185 0.0233904
threshold=1.0208335000000002 0.12701600000000005 3.5000000000000004 2.5000000000000004 1.0000000180025095e-35 0.9900000000000001 15.500000000000002 1.5000000000000002 0.99999950000000004 2.5000000000000004 1.5000000000000002 0.65450900000000012 0.98943100000000006 0.98000000000000009 0.98000000000000009
decision_type=8 10 2 2 10 10 2 2 10 2 2 10 10 10 10
left_child=1 7 5 4 6 -3 9 -1 -6 -4 13 -12 -8 -7 -13
right_child=-2 2 3 -5 8 10 12 -9 -10 -11 11 14 -14 -15 -16
leaf_value=0.0085746769290360909 -0.034112161176156397 0.016829248242797475 0.054360780460103675 -0.02255811859312426 -0.020316503678663334 0.0039318138978486445 -0.009493628077685088 -0.037595116378664695 0.010386234083383081 -0.0021369249778453048 0.001598190024676044 -0.041317952044366814 0.0065177738949792454 -0.0086743509315166129 -0.0043402056670829503
leaf_weight=0.20282898232107782 1.4502868721028797 0.37641423352761227 1.74700912082335 0.55084314325358708 0.41612315922975551 0.12465111777419235 0.17206514172721643 0.85525746259372681 1.0468777397181839 0.036879539315123 0.1162939800415187 0.18045368598541245 0.11995390171068721 1.7504720399738289 0.34371941728750244
leaf_count=14 1514 26 1719 193 133 46 28 160 33 33 46 19 90 404 152
internal_value=-0.00870561 -0.000856034 0.00647681 0.0198027 0.0299136 -0.0126142 0.0465834 -0.0288786 -0.00304966 0.0528447 -0.0205537 -0.0321993 -0.00296245 -0.00676028 -0.0358266
internal_weight=9.49013 8.03984 6.98176 4.08975 3.53891 2.892 2.07591 1.05809 1.463 1.78389 2.51559 0.640467 0.292019 1.87512 0.524173
internal_count=4610 3096 2922 2229 2036 693 1870 174 166 1752 667 217 118 450 171
is_linear=0
shrinkage=0.06


Tree=127
num_leaves=26
num_cat=0
split_feature=3 7 2 8 2 8 4 5 12 9 4 2 9 9 6 5 8 2 9 8 8 8 8 8 8
split_gain=1.16721 0.681771 0.691882 0.542675 0.175706 0.404057 0.127293 0.100085 0.0846756 0.082073 0.137717 0.0643526 0.0359222 0.0237926 0.023551 0.0177778 0.0171356 0.0098466 0.00855413 0.00208305 0.00139763 0.00113237 0.000328546 0.000120711 9.66639e-05
threshold=9.5000000000000022e-06 15.500000000000002 672643.50000000012 1.0557280000000002 1266.7500000000002 0.64852950000000009 1.5000000000000002 2.5000000000000004 2.5000000000000004 1.0164750000000002 2.5000000000000004 43974.000000000007 0.67412900000000009 0.39847000000000005 24.500000000000004 1.5000000000000002 1.0208335000000002 148.50000000000003 0.61996650000000009 0.095454500000000012 0.33809500000000009 0.7801935000000001 0.39642850000000007 0.49242400000000003 0.30151500000000003
decision_type=8 2 10 10 8 8 2 2 2 8 2 10 10 8 2 2 10 10 8 10 10 10 10 10 10
left_child=1 2 3 7 9 11 -3 8 14 -2 -11 18 19 -7 -1 -5 -8 -12 20 -13 -6 -19 -21 -24 -16
right_child=4 6 -4 15 5 13 16 -9 -10 10 17 12 -14 -15 24 -17 -18 21 -20 22 -22 -23 23 -25 -26
leaf_value=0.039898460422429428 -0.014319107787185262 -0.029462122807834962 -0.02451557518988462 0.0011065275100466177 -0.0012683007601108967 -0.00015637565463002401 0.0068094957810397221 -0.0033482179869304971 -0.0024600792672580937 0.016170632388882836 -0.012548573990944663 -4.8127922900747376e-05 -0.004983197254752234 -0.051108364925818758 -0.00036859593080540524 -0.01497708744975455 -0.0039895087457416699 0.001833024664236387 -0.012728427579113933 0.011133997440819195 0.0018619098154009405 -0.0010538059038410861 0.00063815877396739733 -0.00032798805146713029 0.00045881520218506991
leaf_weight=3.1127090744557799 0.51284300372935931 0.52893662391579699 0.25670685002114613 0.14611002209130663 0.070924700179603173 0.039716732571832503 0.27170597127405927 0.058912666223477461 0.063658836646936723 0.48112004908034589 0.22325685259420425 0.057054170116316527 0.13227246189489961 1.2915987185260747 0.023508446203777456 0.31706799039966427 0.071129737014416605 0.06602286349516362 0.40630036237416789 0.36993694910779595 0.042384655680507421 0.041652609070297331 0.039612006046809256 0.028751316305715591 0.035412615776294842
leaf_count=1641 76 75 6 21 44 47 132 52 25 69 14 21 73 1238 18 216 97 38 216 225 61 52 34 32 49
internal_value=-0.00710261 0.0115702 0.0216909 0.0293373 -0.0285045 -0.0358523 -0.0217224 0.0368 0.038149 -0.00525 0.00521887 -0.00346107 0.00607368 -0.0503074 0.0393584 -0.0126148 0.00326652 -0.0108899 -0.011396 0.0103842 0.000523279 0.000773102 0.0108315 0.000305158 9.236e-05
internal_weight=8.68931 4.88586 4.01409 3.75738 3.80345 2.47855 0.871772 3.2942 3.23529 1.3249 0.812052 1.14724 0.627627 1.33132 3.17163 0.463178 0.342836 0.330932 0.51961 0.495354 0.113309 0.107675 0.4383 0.0683633 0.0589211
internal_count=4572 2332 2028 2022 2240 1991 304 1785 1733 249 173 706 385 1285 1708 237 229 104 321 312 105 90 291 66 67
is_linear=0
shrinkage=0.06


Tree=128
num_leaves=25
num_cat=0
split_feature=3 7 2 8 13 2 2 13 4 6 2 9 4 9 9 9 4 1 8 2 9 9 8 6
split_gain=1.14623 0.625588 0.87317 0.510916 0.455473 0.297272 0.21317 0.209079 0.131459 0.109983 0.111587 0.107573 0.0919229 0.0804882 0.0801329 0.0388755 0.0447417 0.0264106 0.0172721 0.013163 0.000717862 0.000590721 0.000117546 1.92281e-05
threshold=9.5000000000000022e-06 15.500000000000002 672643.50000000012 1.0741760000000002 1.0000000180025095e-35 29748.750000000004 1799.2500000000002 1.0000000180025095e-35 1.5000000000000002 1.5000000000000002 148.50000000000003 0.79414550000000006 11.500000000000002 0.67985250000000008 0.43483700000000008 0.93701000000000012 1.5000000000000002 0.97916650000000016 1.0208335000000002 315.75000000000006 0.85938200000000009 0.38122700000000004 0.35214600000000007 25.500000000000004
decision_type=8 2 10 10 10 10 8 10 2 2 8 10 2 8 8 8 2 10 10 10 8 10 10 2
left_child=1 2 3 4 12 6 9 11 -3 -2 -11 -7 -1 21 -6 -16 -17 -5 -10 -12 -21 -8 -13 -22
right_child=5 8 -4 17 14 7 13 -9 18 10 19 22 -14 -15 15 16 -18 -19 -20 20 23 -23 -24 -25
leaf_value=0.054081911243081829 0.0089833856312338742 -0.029088124952076036 -0.027410915623934405 -0.014399337902141493 0.014452727382337795 0.019064029595520848 -0.00091871859285309887 -0.018685568381703418 0.0070126315178321939 -0.022650454560789207 0.0078234588380390411 -8.8472693073202713e-05 -0.0012915545511433875 -0.053763878799546881 -0.011667551327860959 -0.0062749477766874092 0.0096521371945732636 0.00211036357821527 -0.0039037393815811827 0.00039712116943777681 -0.0029087457067519815 0.0011046615514950127 -0.007595802891883557 -4.1463159543477468e-05
leaf_weight=1.6561528925376476 0.20458778447937387 0.51888929997221556 0.35642616054974485 0.30082416065852147 0.45260699023492623 0.59872421971522249 0.039955180196556861 0.44901488127652556 0.28134347847662866 0.67522321490105208 0.18824155430775147 0.031544701429083943 0.064665955869713909 1.0830467299383599 0.23550198163138714 0.273083777341526 0.36967927095247433 0.16971013112924993 0.069494608702370897 0.037984077469445765 0.074543880065903068 0.057052727992413566 0.15931974188424647 0.038050566508900374
leaf_count=1550 19 67 7 207 18 372 33 459 142 33 73 17 48 742 40 64 41 25 97 42 111 73 216 42
internal_value=-0.00816008 0.0106588 0.0206291 0.0304768 0.0380299 -0.0297283 -0.0389456 -0.00245455 -0.0210571 -0.00927759 -0.0155929 0.0120591 0.0522912 -0.0512741 0.00506705 -0.00488934 0.00318476 -0.0110589 0.00356117 0.00488471 -0.00239567 0.000193489 -0.00747123 -0.00284795
internal_weight=8.38567 4.74838 3.87865 3.52223 3.05169 3.63729 2.39869 1.2386 0.869727 1.21863 1.01404 0.789589 1.72082 1.18005 1.33087 0.878265 0.642763 0.470534 0.350838 0.33882 0.150579 0.0970079 0.190864 0.112594
internal_count=4538 2306 2000 1993 1761 2232 1168 1064 306 320 301 605 1598 848 163 145 105 232 239 268 195 106 233 153
is_linear=0
shrinkage=0.06


Tree=129
num_leaves=26
num_cat=0
split_feature=3 9 2 2 13 9 2 4 13 2 7 12 11 2 2 2 3 3 3 2 2 3 2 3 3
split_gain=0.758181 0.493714 0.830658 0.2375 0.566237 0.226076 0.209155 0.20841 0.158875 0.227851 0.076201 0.0622895 0.0449106 0.036842 0.0923196 0.0271082 0.0144362 0.00782872 0.00787949 0.00703911 0.00581227 0.00361823 0.00188313 0.000123275 0.00118055
threshold=9.5000000000000022e-06 0.44571150000000009 672643.50000000012 1244.2500000000002 1.0000000180025095e-35 0.66780950000000006 120642.75000000001 2.5000000000000004 1.0000000180025095e-35 52.500000000000007 3.5000000000000004 2.5000000000000004 0.43019450000000004 77986.500000000015 79908.750000000015 203.25000000000003 0.20281850000000004 0.29208400000000007 0.0078175000000000015 270.75000000000006 148.50000000000003 0.51922900000000005 2458.5000000000005 0.10455550000000001 0.12225100000000001
decision_type=8 10 10 8 8 8 10 2 10 10 2 2 10 10 10 8 10 8 10 10 10 10 10 10 10
left_child=1 2 8 4 -2 17 -7 10 13 -10 20 12 22 -1 -15 -12 -8 18 -5 -17 -3 -18 -9 -20 -25
right_child=3 7 -4 5 -6 6 16 11 9 -11 15 -13 -14 14 -16 19 21 -19 23 -21 -22 -23 -24 24 -26
leaf_value=0.044939669108950024 0.0220491633171171 0.0049159878436069275 -0.027014389044327635 -0.0018669285941346854 -0.027276814372775696 -0.047299424816870654 -0.0054089582085940988 0.00064260387900811863 0.01802358017568215 -0.015157985203710179 -0.030547153014497005 -0.0071410263736420712 0.015947297511362049 -0.0087582733191614668 0.015181918716837415 0.0023086972746059232 0.0049972831885253671 -0.0025047752012737515 0.0070444208145880576 -0.0048882540858308041 -0.0019057019490485135 -0.0011441806629511296 -0.004604565365806149 -0.0013178070623942866 0.0015489514193617921
leaf_weight=0.96749578093294941 0.71256164624355833 0.082693391304929142 0.35361032839864481 0.046916683873860499 0.6507646399550141 1.5818029552465307 0.19392931219772425 0.039699506654869654 0.79155316762626171 0.33470612060045823 0.69139029804500718 0.15557585068745539 0.5140326734399423 0.14558333397144452 0.4537438495317474 0.047823449654970429 0.21706160122994334 0.048342143563786522 0.17290014497120865 0.34929820464458317 0.080066157475812361 0.052297684858785942 0.083648144558537751 0.034898740297649056 0.04830327708623372
leaf_count=665 158 27 6 50 86 1292 178 22 10 128 144 121 555 3 137 52 133 38 192 389 57 40 50 15 62
internal_value=-0.00934792 0.00573629 0.0187678 -0.0266867 -0.00307492 -0.0352591 -0.040622 -0.0134709 0.0304663 0.00567134 -0.0233555 0.00645365 0.0121066 0.0391363 0.00752647 -0.0267385 -0.00107971 0.00291706 0.00504049 -0.00298944 0.00280731 0.00384287 -0.00384708 0.00678478 0.000240005
internal_weight=8.8507 5.09092 3.04669 3.75978 1.36333 2.39645 2.04509 2.04423 2.69308 1.12626 1.25127 0.792956 0.63738 1.56682 0.599327 1.08851 0.463289 0.351361 0.303019 0.397122 0.16276 0.269359 0.123348 0.256102 0.083202
internal_count=4610 2366 949 2244 244 2000 1643 1417 943 138 669 748 627 805 140 585 351 357 319 441 84 173 72 269 77
is_linear=0
shrinkage=0.06


Tree=130
num_leaves=16
num_cat=0
split_feature=2 13 11 8 5 11 9 2 9 9 8 9 9 9 9
split_gain=1.06035 1.02398 0.642439 0.465038 0.338178 0.265055 0.0780945 0.070002 0.0404397 0.0195448 0.0046354 0.00217216 0.00025488 5.7363e-05 1.6996e-05
threshold=1924.5000000000002 1.0000000180025095e-35 0.69615400000000005 0.65450900000000012 1.5000000000000002 0.19782600000000003 0.66780950000000006 43974.000000000007 0.67412900000000009 0.66214050000000013 0.095454500000000012 0.26366500000000004 0.16149900000000003 0.56844600000000012 0.61510600000000015
decision_type=8 10 10 8 2 10 8 10 10 8 10 10 10 10 10
left_child=1 4 5 7 -1 -3 12 9 10 11 -9 -2 -5 -14 -15
right_child=3 2 -4 6 -6 -7 -8 8 -10 -11 -12 -13 13 14 -16
leaf_value=0.039396431874849813 -0.0011634389392555669 -0.014226094621665795 -0.036621407179847423 0.00024481109727759581 -0.0098525395003372374 0.022956052737712219 -0.046755187789492836 -0.00034785968050714489 -0.0049381263227921083 -0.012531088223718614 0.012015477836404873 0.0031211484682087016 -0.001787925261269921 0.00018457456192159653 -0.00016237973618362476
leaf_weight=1.7518777607765512 0.045278965408215521 0.2680366053537 1.1524194411467761 0.024287332838867193 0.19475104828597967 0.8844866470026318 2.0362153842288535 0.058304226549807936 0.15003265585983172 0.47975014091935009 0.56195909203961492 0.086859914095839486 0.14725873351562768 0.02130468565155752 0.020010546693811193
leaf_count=1366 22 57 139 23 127 67 1516 20 105 274 469 142 165 33 31
internal_value=-0.0117466 0.00819552 -0.0162192 -0.0318234 0.0327978 0.011717 -0.0442392 -0.00153062 0.00718554 -0.0101538 0.0113559 0.00192214 -0.00146561 -0.00170653 2.19701e-05
internal_weight=7.88283 4.25157 2.30494 3.63126 1.94663 1.15252 2.24908 1.38218 0.770296 0.611889 0.620263 0.132139 0.212861 0.188574 0.0413152
internal_count=4556 1756 263 2800 1493 124 1768 1032 594 438 489 164 252 229 64
is_linear=0
shrinkage=0.06


Tree=131
num_leaves=10
num_cat=0
split_feature=13 2 5 11 2 12 6 8 8
split_gain=1.09049 0.751652 0.94859 0.544016 0.694289 0.359012 0.318693 0.0146466 0.0144292
threshold=1.0000000180025095e-35 672643.50000000012 2.5000000000000004 0.67333350000000014 52.500000000000007 2.5000000000000004 2.5000000000000004 1.9705880000000002 0.070833500000000008
decision_type=8 8 2 8 8 2 2 10 10
left_child=1 2 5 4 -2 6 7 -1 -8
right_child=3 -3 -4 -5 -6 -7 8 -9 -10
leaf_value=0.011608526825022501 0.024272259864191254 -0.026310347099884203 -0.021701703285365744 -0.039847827042264951 -0.026471706121878984 -0.0099857355794937142 0.00029341346909633509 -0.0011519659326007785 0.053355034733710165
leaf_weight=1.3621063269092699 1.1425715551013136 0.35976534851943132 0.56439231080003072 1.5236298320814965 0.77746410941472288 0.17831949359970156 0.029735441785305627 0.18019218841800455 1.959175882861018
leaf_count=372 16 38 710 626 762 12 11 18 1997
internal_value=0.000787589 0.0182399 0.0262677 -0.0215157 0.00169606 0.0366244 0.0406625 0.010251 0.0529253
internal_weight=8.07735 4.63369 4.27392 3.44367 1.92004 3.70953 3.53121 1.5423 1.98891
internal_count=4562 3158 3120 1404 778 2410 2398 390 2008
is_linear=0
shrinkage=0.06


Tree=132
num_leaves=18
num_cat=0
split_feature=3 7 13 11 8 8 13 9 8 3 8 12 6 9 6 6 6
split_gain=1.13205 0.750613 0.394224 0.504379 0.232512 0.170743 0.276725 0.100526 0.0945251 0.0691314 0.0603605 0.0444739 0.0291492 0.0257224 0.0188025 0.00720543 0.000526413
threshold=1.0000000180025095e-35 15.500000000000002 1.0000000180025095e-35 0.69615400000000005 1.2752525000000003 0.64852950000000009 1.0000000180025095e-35 1.9303890000000001 0.95346300000000006 0.57658700000000007 0.17156900000000003 2.5000000000000004 26.500000000000004 1.2578225000000003 1.5000000000000002 27.500000000000004 27.500000000000004
decision_type=8 2 10 10 10 8 8 10 10 10 10 2 2 10 2 2 2
left_child=1 2 4 -4 10 6 9 8 -3 13 -1 15 14 -2 -7 -12 -14
right_child=5 7 3 -5 -6 12 -8 -9 -10 -11 11 -13 16 -15 -16 -17 -18
leaf_value=-0.0015170253483368396 0.018031087004768288 0.0039947750425024372 0.020507009633426328 -0.024103373963009298 -0.0041232301554326965 -0.0059432754745268367 -0.022843235845593644 0.0046092435779850399 -0.03094093251141905 -0.005951330240297272 0.046846137848253817 -0.00091086845909755707 0.0006801327822578213 -0.0019401158186560623 -0.040264348944511752 0.00046066508219233364 -0.0013042133372944205
leaf_weight=0.036703011079225578 0.70839212916325789 0.087611026014201232 1.1084805742430033 0.61140434263506915 0.22906132019124936 0.46354568260721851 0.55856743251206364 0.14239215658744797 0.58278988220263273 0.121017940051388 1.536264087015297 0.034402558405417838 0.054557589231990167 0.06154290193808265 1.3696990723547058 0.032210214587394037 0.062563408282585442
leaf_count=12 521 106 82 217 82 278 171 76 120 17 1551 17 23 47 1119 49 69
internal_value=-0.004723 0.0142081 0.0253034 0.00161711 0.0389408 -0.0268895 -0.00552338 -0.0217138 -0.0267171 0.011673 0.0442399 0.045468 -0.0355147 0.0162405 -0.0367468 0.0464438 -0.000598476
internal_weight=7.80121 4.40132 3.58853 1.71988 1.86864 3.39989 1.44952 0.812793 0.670401 0.890953 1.63958 1.60288 1.95037 0.769935 1.83324 1.56847 0.117121
internal_count=4557 2312 2010 299 1711 2245 756 302 226 585 1629 1617 1489 568 1397 1600 92
is_linear=0
shrinkage=0.06


Tree=133
num_leaves=12
num_cat=0
split_feature=1 11 11 8 3 0 0 6 6 3 6
split_gain=0.517578 0.410099 0.668968 0.315291 0.259295 0.0747093 0.0723613 0.0532571 0.0417253 0.0290926 0.00302304
threshold=0.97916650000000016 0.12701600000000005 0.9900000000000001 0.64852950000000009 1.0000000180025095e-35 0.94233850000000008 0.99865350000000008 23.500000000000004 1.5000000000000002 0.098435500000000009 2.5000000000000004
decision_type=10 10 10 8 8 10 8 2 2 8 2
left_child=-1 -2 9 5 7 -4 -6 8 -5 -3 -7
right_child=1 2 3 4 6 10 -8 -9 -10 -11 -12
leaf_value=-0.037971411119510697 -0.030431388351142622 0.028133676105567416 -0.0064190084063016706 -0.0039519172752180429 -0.0027671272689304997 0.00029259821430596418 -0.037496075744235101 -0.011286116139279719 0.009540100632420943 -0.00064560497448323958 0.01705011726366008
leaf_weight=1.6103096909937447 0.76082238357048471 1.4958010863920204 0.10847139329416711 0.73516709147952519 0.43725804938003388 0.075860839337110519 0.86377415480092179 0.1731721304822712 0.8426794703991618 0.086700796382501832 0.73871198488632217
leaf_count=1991 51 582 15 196 23 36 83 2 919 25 671
internal_value=-0.0153126 -0.00513837 0.00243679 -0.0107606 -0.0188496 0.0118795 -0.0320992 -0.000915459 0.00415933 0.0269175 0.0165108
internal_weight=7.92873 6.31842 5.5576 3.9751 3.05205 0.923044 1.30103 1.75102 1.57785 1.5825 0.814573
internal_count=4594 2603 2552 1945 1223 722 106 1117 1115 607 707
is_linear=0
shrinkage=0.06


Tree=134
num_leaves=17
num_cat=0
split_feature=12 8 12 7 5 7 6 6 4 3 0 3 8 6 3 3
split_gain=0.621056 0.73916 0.514624 0.466069 0.215981 0.227172 0.16928 0.0609761 0.0721357 0.0623811 0.0546157 0.0312888 0.0131013 0.0129421 0.00500952 0.00200413
threshold=1.0000000180025095e-35 1.0208335000000002 2.5000000000000004 1.5000000000000002 2.5000000000000004 24.500000000000004 1.5000000000000002 2.5000000000000004 19.500000000000004 0.10304300000000001 0.99984100000000009 6.1000000000000012e-05 0.70294100000000015 1.5000000000000002 0.14535050000000002 0.35811350000000003
decision_type=2 8 2 2 2 2 2 2 2 10 10 10 10 2 10 10
left_child=6 2 3 10 5 7 -1 -5 9 -9 -2 13 14 -12 -11 -16
right_child=1 -3 -4 4 -6 -7 -8 8 -10 12 11 -13 -14 -15 15 -17
leaf_value=0.0039634700798015128 -0.012425527226524817 -0.026828937033191277 -0.020616950889326444 0.0061358893842808895 -0.0078389273292372962 -0.0064517861559273935 -0.036938902213546773 0.044571447323499838 -0.00058125747163895484 -0.00062419452929336511 -0.0055130652820909653 0.0094421835576929628 -0.0018494236648884514 0.0034056921663849181 0.010173027363323376 -5.7896646230484282e-05
leaf_weight=0.23022833469440207 0.53825661819428194 1.0304882700438609 0.49186155825736921 0.655273792188383 0.14987699774792407 0.20345717750024039 0.89384227138361894 2.2065007328637884 0.12956666445825238 0.065231346059590467 0.70634083950426407 0.28692525636870414 0.19557897056802176 0.093274366285186261 0.2109440949279815 0.061151566100306809
leaf_count=85 32 1171 197 228 169 30 369 1667 40 51 190 91 11 74 107 20
internal_value=-0.00196074 0.0058746 0.0145288 0.020358 0.0297323 0.0325814 -0.0306395 0.0357628 0.0391947 0.0407283 -0.00481793 0.00309966 0.00612007 -0.00315835 0.0086685 0.0096357
internal_weight=8.1488 7.02473 5.99424 5.50238 3.87758 3.7277 1.12407 3.52425 2.86897 2.73941 1.6248 1.08654 0.532906 0.799615 0.337327 0.272096
internal_count=4532 4078 2907 2710 2323 2154 454 2124 1896 1856 387 355 189 264 178 127
is_linear=0
shrinkage=0.06


Tree=135
num_leaves=20
num_cat=0
split_feature=3 2 8 13 2 8 12 9 6 8 12 4 9 6 9 2 2 2 8
split_gain=0.931231 0.540974 0.713985 0.508184 0.349275 0.424057 0.201793 0.13234 0.0637197 0.0621463 0.0385867 0.0264827 0.0211117 0.00718759 0.00812467 0.00209222 0.000915762 0.000320466 0.000235048
threshold=1.0000000180025095e-35 672643.50000000012 1.0208335000000002 1.0000000180025095e-35 372.75000000000006 0.64852950000000009 1.5000000000000002 1.0164750000000002 37.500000000000007 0.17156900000000003 2.5000000000000004 1.5000000000000002 0.56844600000000012 3.5000000000000004 0.93701000000000012 4393.5000000000009 1388.2500000000002 41809.500000000007 0.33809500000000009
decision_type=8 10 10 10 8 8 2 8 2 10 2 2 8 2 10 10 8 8 10
left_child=1 2 3 9 7 8 11 -2 13 -1 -11 -5 17 -6 15 -15 -14 -7 -16
right_child=4 -3 -4 6 5 12 -8 -9 -10 10 -12 -13 16 14 18 -17 -18 -19 -20
leaf_value=-0.0016282973150434446 -0.012019118848028641 -0.025993876346506694 -0.020630083836104034 0.00019914203968113696 -0.0012885001316617932 0.00032065027789258911 -0.017459990408460163 0.013249354101078345 -0.011491865675496199 0.046163058052011582 -0.00075692854298144727 0.015514026511572753 -0.0016239723623712979 -0.00027447401476627417 0.00025220643198804114 0.0091718814668674906 -0.053864675088366433 -0.0016523103016307117 -0.0015591729397272528
leaf_weight=0.035129507508827706 0.44153584432206128 0.34397890159743827 0.63586879795184348 0.5690180708770638 0.098563992709387316 0.033207453932845632 0.3648134487157223 0.55934899198473442 0.33703107960172929 1.649556862976169 0.031957382336258999 0.69807845709146932 0.064871101087191962 0.029415692843031138 0.023430518078384921 0.47284834616584703 1.1131636439822614 0.047179371671518311 0.051298134872922674
leaf_count=9 41 7 346 55 35 33 74 89 141 1774 15 47 104 32 17 423 1189 67 86
internal_value=-0.00750736 0.0101322 0.0178403 0.0282098 -0.0277521 -0.0372633 0.00107407 0.00166645 -0.00245221 0.0441151 0.0453216 0.011758 -0.0517854 0.00622462 0.00751126 0.00880421 -0.0530543 -0.00129488 -0.00128501
internal_weight=7.6003 4.3284 3.98442 3.34855 3.27189 2.27101 1.63191 1.00088 1.01259 1.71664 1.68151 1.2671 1.25842 0.675557 0.576993 0.502264 1.17803 0.0803868 0.0747287
internal_count=4584 2327 2320 1974 2257 2127 176 130 734 1798 1789 102 1393 593 558 455 1293 100 103
is_linear=0
shrinkage=0.06


Tree=136
num_leaves=13
num_cat=0
split_feature=13 6 2 5 12 8 2 2 2 11 1 2
split_gain=0.970441 0.719777 0.873055 0.68931 0.329497 0.23912 0.136111 0.249239 0.119928 0.0795804 0.0616775 0.0230979
threshold=1.0000000180025095e-35 3.5000000000000004 2356.5000000000005 2.5000000000000004 2.5000000000000004 0.053030500000000008 24692.250000000004 672643.50000000012 39.750000000000007 0.12701600000000005 0.97916650000000016 83427.000000000015
decision_type=8 2 8 2 2 10 10 10 8 10 10 10
left_child=1 2 10 4 5 -3 -4 11 -2 -7 -1 -8
right_child=8 3 6 -5 -6 9 7 -9 -10 -11 -12 -13
leaf_value=-0.0034075177526791648 -0.0068856042189833974 -0.0054346177092710682 -0.047424264100742519 -0.017335767436890935 -0.0082285574688862415 -0.0018986869556296719 -0.0014306864320718718 -0.025498656754023557 -0.039405678900642456 0.051610735099251154 0.025659269480727047 0.013069396026743233
leaf_weight=0.05991383898071978 1.0668973099673169 0.10880724515300277 0.41352783585898567 0.40526833490002889 0.16034335078438733 0.032174143125302757 0.29791107578785136 0.33618305623531342 1.7748962334007954 1.4768922535877209 0.70043867360800505 0.44915266270982102
leaf_count=36 18 6 97 571 8 4 38 2 1397 1799 447 141
internal_value=-0.00985737 0.00770791 -0.0135099 0.0269953 0.0397019 0.0457809 -0.0336529 -0.00815469 -0.0321669 0.0501678 0.0227343 0.00977792
internal_weight=7.28241 4.44061 2.25713 2.18349 1.77822 1.61787 1.49677 1.08325 2.84179 1.50907 0.760353 0.747064
internal_count=4564 3149 761 2388 1817 1809 278 181 1415 1803 483 179
is_linear=0
shrinkage=0.06


Tree=137
num_leaves=20
num_cat=0
split_feature=2 8 2 11 12 9 2 6 6 0 8 6 6 9 11 2 8 6 2
split_gain=0.749399 1.53635 0.559409 0.454568 0.391154 0.206341 0.11795 0.0441812 0.03347 0.02453 0.0128843 0.00819254 0.00593861 0.00470513 0.00465975 0.00425945 0.00418613 0.000272248 0.000263262
threshold=52.500000000000007 0.65450900000000012 19.500000000000004 0.71714300000000009 1.5000000000000002 1.1179335000000001 43974.000000000007 24.500000000000004 11.500000000000002 0.94233850000000008 0.095454500000000012 4.5000000000000009 2.5000000000000004 0.16149900000000003 0.45993550000000005 41809.500000000007 0.37321450000000006 25.500000000000004 20631.000000000004
decision_type=8 8 10 10 2 8 10 2 2 10 10 2 2 10 10 10 10 2 10
left_child=2 3 -1 14 -4 8 9 -7 13 -5 -8 -11 -12 -3 -2 -13 -16 -9 -18
right_child=1 5 4 6 -6 7 10 17 -10 11 12 15 -14 -15 16 -17 18 -19 -20
leaf_value=-0.014500814669033373 -0.013504774148680728 0.00063200318698929375 0.038989284003778345 -0.0057091125053932035 -0.011833820102523585 -0.045199309427162743 0.00047790864441260968 0.00030073818617213282 0.0042814115446688098 -0.0015543909428987195 0.00087006083444155717 0.0089917840143186357 0.044772873695621003 -0.010334809208098778 -0.0028223088876576899 -0.00074711533577785584 0.0026786267760694317 -0.0014187538828067151 -0.00014189553574156597
leaf_weight=0.83664761600084636 0.3043429379176813 0.033683643239783456 1.4431728082417974 0.10365919710602589 0.20655947306659062 2.6643662283022427 0.047511176962871104 0.061647607857594156 0.24766777027980424 0.051045749831246212 0.051746958459261805 0.20373977386043407 0.57517348704277538 0.70914056728361174 0.068573583906982094 0.022092747327405959 0.056557931529823691 0.071740209677955136 0.026493419951293617
leaf_count=19 152 46 469 54 4 1520 20 39 313 29 29 300 467 894 45 13 55 87 48
internal_value=-0.00774341 -0.0194274 0.0155882 0.0223502 0.0305613 -0.0372781 0.0360425 -0.0439281 -0.00586215 0.00153962 0.0429643 0.00659923 0.0439113 -0.00976022 -0.012326 0.00820679 -0.000287746 -0.00105988 0.00247862
internal_weight=7.78556 5.29918 2.48638 1.51094 1.64973 3.78825 1.05497 2.79775 0.990492 0.380537 0.674432 0.276878 0.62692 0.742824 0.455968 0.225833 0.151625 0.133388 0.0830514
internal_count=4603 4111 492 1212 473 2899 912 1646 1253 396 516 342 496 940 300 313 148 126 103
is_linear=0
shrinkage=0.06


Tree=138
num_leaves=20
num_cat=0
split_feature=2 2 2 6 12 9 5 0 6 2 5 0 11 4 2 9 9 2 2
split_gain=0.720284 0.644396 0.737861 0.473993 0.343355 0.289985 0.262041 0.100582 0.0502605 0.0492766 0.232081 0.142338 0.0486727 0.0259897 0.00937238 0.00594418 0.00497247 0.00186013 0.000745601
threshold=52.500000000000007 23631.000000000004 56717.250000000007 23.500000000000004 1.5000000000000002 1.2751045000000001 2.5000000000000004 0.96474700000000013 7.5000000000000009 672643.50000000012 1.5000000000000002 0.99999950000000004 0.63397150000000013 15.500000000000002 94.500000000000014 0.22829350000000001 0.68368600000000013 172.50000000000003 16384.500000000004
decision_type=8 10 10 2 2 8 2 10 2 10 2 10 10 2 10 10 10 8 10
left_child=3 5 6 4 7 8 12 -1 15 10 11 -4 -3 14 -10 -2 -13 -15 -16
right_child=1 2 9 -5 -6 -7 -8 -9 13 -11 -12 16 -14 17 18 -17 -18 -19 -20
leaf_value=-0.0015003077257006738 0.00059572617467528691 -0.0010564052621377304 -0.010464566826813983 -0.017920439623799973 -0.011656359400369251 -0.045542519849854954 -0.0073063184294264666 0.038327469158974316 -0.0016592249732491273 -0.024694576808463275 -0.021200198514656168 0.01861102773434168 0.046347891519438356 0.00049176571177564777 0.0093456892023558065 -0.012662515938158822 3.5521137721575193e-05 -0.0052967623361529215 1.6284022854779245e-05
leaf_weight=0.1713488370878623 0.038159510033438204 0.036236107349396085 0.18041572609217815 0.38887558714486647 0.20291305263526727 1.7055493442458098 0.13838188463705592 1.3988104768795893 0.027781736804172397 0.33528621101868328 0.50007777949213039 0.76823548317770474 0.43042841419810429 0.053359305369667709 0.43604751824750565 0.57930650620255619 0.057393440074520186 0.12756608950439841 0.035088716802420095
leaf_count=6 58 33 22 9 3 1081 244 453 2 12 589 450 311 5 572 506 53 83 61
internal_value=-0.00840113 -0.0191674 0.00368573 0.0162154 0.0274646 -0.0340554 0.0354415 0.0350885 -0.00570302 -0.0155495 -0.00447235 0.0102658 0.0444564 0.00373722 0.00782724 -0.0119814 0.0180465 -0.00461879 0.00913424
internal_weight=7.61126 5.44931 2.44646 2.16195 1.77307 3.00286 0.605046 1.57016 1.29731 1.84141 1.50612 1.00604 0.466665 0.679843 0.498918 0.617466 0.825629 0.180925 0.471136
internal_count=4553 4082 1714 471 462 2368 588 459 1287 1126 1114 525 344 723 635 564 503 88 633
is_linear=0
shrinkage=0.06


Tree=139
num_leaves=23
num_cat=0
split_feature=3 8 2 13 8 12 6 8 6 2 12 9 4 6 9 2 2 2 9 7 2 6
split_gain=0.797409 0.546059 0.786158 0.297581 0.272631 0.236262 0.15667 0.0573977 0.0714872 0.0389132 0.0335912 0.0175384 0.0159198 0.0143524 0.0124542 0.0114027 0.00787431 0.00455301 0.00156496 0.000809433 0.000271498 0.000117074
threshold=9.4500000000000007e-05 0.98000000000000009 52.500000000000007 1.0000000180025095e-35 1.0208335000000002 1.5000000000000002 4.5000000000000009 0.98000000000000009 37.500000000000007 26.250000000000004 2.5000000000000004 0.44571150000000009 17.500000000000004 23.500000000000004 1.2016285000000002 214609.50000000003 2044.5000000000002 224.25000000000003 0.32019750000000008 3.5000000000000004 324937.50000000006 4.5000000000000009
decision_type=8 10 10 10 8 2 2 10 2 10 2 8 2 2 10 10 10 8 8 2 10 2
left_child=1 3 4 10 5 -3 15 8 9 -8 12 19 -1 -13 18 -2 -16 -10 -11 -4 -17 -21
right_child=6 2 11 -5 -6 -7 7 -9 17 14 -12 13 -14 -15 16 20 -18 -19 -20 21 -22 -23
leaf_value=0.047556633649830773 -0.042003255749037911 0.035840450086372919 0.0013409570935840204 -0.0079888500615452225 -0.011539351783247173 -0.0084532694550652192 -0.0053170721431546053 -0.017558877263736779 0.0003708219135976053 0.00015010733243906159 -0.0007839666277813487 -0.024571781373358383 1.0842829984154754e-05 8.8118020154856746e-05 0.0031865982871068644 0.00021398499442289111 -0.0040847775974606378 -0.01135188856505652 0.012540309714878926 -0.0012188807352173684 -0.0019122061032020988 0.00015470552481781943
leaf_weight=0.47721503532375198 1.0375804621726277 1.1628776821598874 0.027552840270800849 0.15165146396611817 0.1857487892266364 0.134266957640648 0.087329126661643164 0.38365708681521926 0.063531149615300819 0.062547185923904181 0.02179440384497866 2.0646323751716413 0.0262590792553965 0.080056039849296101 0.087853286415338516 0.043857129116076865 0.084251793392468244 0.32495853584259748 0.66546468064188957 0.032682443794328719 0.066257822938496247 0.029939812055090442
leaf_count=779 509 450 43 72 4 1 2 625 6 67 11 899 24 29 54 44 109 141 537 23 66 50
internal_value=-0.00872835 0.00733663 -0.00438393 0.0359356 0.0218485 0.0295716 -0.0286749 -0.00892911 -0.000145309 0.00719575 0.0455405 -0.0231632 0.0467334 -0.023916 0.0105691 -0.040695 -0.000821066 -0.0105484 0.0121787 0.000255486 -0.00163545 -0.00103459
internal_weight=7.30197 4.39468 3.71776 0.67692 1.48289 1.29714 2.90729 1.75959 1.37594 0.987446 0.525269 2.23486 0.503474 2.14469 0.900117 1.1477 0.172105 0.38849 0.728012 0.0901751 0.110115 0.0626223
internal_count=4545 2385 1499 886 455 451 2160 1541 916 769 814 1044 803 928 767 619 163 147 604 116 110 73
is_linear=0
shrinkage=0.06


Tree=140
num_leaves=26
num_cat=0
split_feature=8 2 2 2 8 9 11 6 11 2 0 4 2 2 8 6 9 2 2 9 6 4 4 2 9
split_gain=0.589313 0.903653 0.499494 0.470963 0.289833 0.152747 0.109115 0.074829 0.07434 0.0669032 0.0412579 0.0144956 0.0139138 0.0174104 0.00759211 0.0055525 0.00438392 0.0043903 0.00337982 0.00132171 0.00110597 0.000852018 0.000357699 0.000255824 0.00015221
threshold=0.31009600000000009 52.500000000000007 53838.750000000007 19.500000000000004 0.65450900000000012 0.81340650000000014 0.79583350000000019 24.500000000000004 0.9607690000000001 39.750000000000007 0.98943100000000006 15.500000000000002 120.75000000000001 2104.5000000000005 0.11324800000000002 9.5000000000000018 1.2578225000000003 102433.50000000001 151924.50000000003 0.54246000000000005 19.500000000000004 3.5000000000000004 18.500000000000004 5602.5000000000009 0.61996650000000009
decision_type=8 8 10 10 8 8 10 2 8 10 10 2 10 10 10 2 8 10 10 8 2 2 2 10 10
left_child=2 3 10 -2 11 12 -4 -7 -5 -10 -1 16 -6 20 -8 -15 17 -3 23 -12 -14 -9 -23 -18 -17
right_child=1 4 6 8 5 7 14 21 9 -11 19 -13 13 15 -16 24 18 -19 -20 -21 -22 22 -24 -25 -26
leaf_value=-0.016238682298737636 -0.01571591254453129 0.0084980701148569659 -0.0030696783403116245 0.031792357562974868 -0.0069189035094503921 -0.041326560744146153 0.0010798765964222766 0.0010667565648460058 0.010877342228941073 -0.0089898364852830821 -0.00049856281357770361 -0.0034897219038145365 0.0068405209781786068 -0.0054437901384982584 0.046257992305143374 0.001777942821857309 0.00012219224161304213 -0.00077643895962009732 0.0022273936634001675 0.0039384031163486972 -0.00017039542249620612 -0.0016918363268851183 0.00035176055665727838 -0.0026184398393372045 -0.00013831328866789641
leaf_weight=0.35392665007384483 0.7105882826726887 0.22704139284905966 0.056103246111888438 0.97626648066216115 0.12825379811693016 2.8493158274213788 0.06284131872234866 0.056380930502200388 0.21322996931849059 0.23984205134911463 0.053621257276972756 0.10038896364858374 0.21368437781347893 0.1786019369319547 0.34914267793647014 0.047407675418071449 0.042013615020550787 0.034373802976915613 0.12728865735698491 0.092822623235406354 0.035883244563592598 0.096536255645332858 0.029967956070322543 0.097335896600270644 0.017652613430982456
leaf_count=88 19 414 18 93 25 1938 37 37 292 75 46 100 388 225 187 81 57 45 85 58 27 97 36 82 37
internal_value=-0.00931603 -0.0162049 0.0213909 0.0121014 -0.0299635 -0.0352022 0.0410837 -0.0395429 0.0267072 0.00141131 -0.0121352 0.0034077 -0.00269823 0.0022978 0.0450121 -0.00377481 0.00614461 0.00762981 -0.000185583 0.003296 0.00650283 -0.000309376 -0.00132521 -0.00241013 0.00161632
internal_weight=7.39051 6.42205 0.968458 2.13993 4.28213 3.65368 0.468087 3.0322 1.42934 0.453072 0.500371 0.628442 0.621484 0.49323 0.411984 0.243662 0.528053 0.261415 0.266638 0.146444 0.249568 0.182885 0.126504 0.13935 0.0650603
internal_count=4587 4153 434 479 3674 2891 242 2108 460 367 192 783 783 758 224 343 683 459 224 104 415 170 133 139 118
is_linear=0
shrinkage=0.06


Tree=141
num_leaves=23
num_cat=0
split_feature=3 8 2 13 8 2 2 5 6 2 2 8 2 2 6 6 4 2 8 8 2 4
split_gain=0.745227 0.498259 0.695993 0.286345 0.232053 0.119989 0.141075 0.0800979 0.0772141 0.114178 0.0718934 0.0401778 0.0283379 0.0335155 0.0138569 0.0117767 0.00729577 0.00453791 0.00037978 0.000248674 8.48225e-05 6.21358e-05
threshold=1.0000000180025095e-35 0.98000000000000009 52.500000000000007 1.0000000180025095e-35 1.0208335000000002 70221.000000000015 1266.7500000000002 2.5000000000000004 1.5000000000000002 160.50000000000003 138.75000000000003 0.36515150000000007 27648.000000000004 35971.500000000007 23.500000000000004 1.5000000000000002 2.5000000000000004 372.75000000000006 0.27429450000000005 0.095454500000000012 1005.7500000000001 3.5000000000000004
decision_type=8 10 10 10 8 10 8 2 2 10 10 10 10 10 2 2 2 10 10 10 10 2
left_child=1 3 4 7 15 6 8 10 -2 -10 -1 18 -8 -14 16 -3 -4 -11 19 -7 -19 -18
right_child=5 2 14 -5 -6 11 12 -9 9 17 -12 -13 13 -15 -16 -17 21 20 -20 -21 -22 -23
leaf_value=-0.0019230294966944136 0.0082689039500010719 0.0035414178368079925 -0.024648863280751186 -0.0082628218517403519 -0.010733639757154516 9.127082266692735e-05 -0.045917031832862679 -0.002257057586586416 -0.019833573921441208 0.008040841361687194 0.047860351086857045 -0.0085078575207959643 0.0041607101992032249 -0.011449187186031952 0.00013753387404305103 0.030614682947700877 4.2905728337742017e-06 -0.00093416357417251184 0.00020320399230027689 0.007039352849181015 0.00015075406361165816 -0.001870839319330472
leaf_weight=0.03198152408003796 0.1809626511239919 0.36076211283216253 1.8258346154179896 0.15713420632528141 0.16881941840983938 0.045842725143302121 0.9934322528861228 0.038871604774612933 0.60482459477498196 0.20258021896006539 0.47158288788341451 0.22536534981918521 0.14359695202438161 0.37905873780255206 0.079323941026814171 0.82506495354755316 0.062494335899827891 0.035353330866200849 0.096058620751136914 0.20684310622164048 0.026654315937776119 0.15495143397129141
leaf_count=1 17 143 622 62 3 20 920 22 40 84 790 418 95 363 28 306 116 66 55 143 40 224
internal_value=-0.0101421 0.00637954 -0.00525193 0.0332672 0.0204477 -0.0283492 -0.0324608 0.042855 -0.00644116 -0.0122884 0.0455225 -0.00102386 -0.040763 -0.00724453 -0.0229492 0.0277665 -0.0235962 0.00700413 0.00653465 0.00685794 -0.000764982 -0.00177106
internal_weight=7.31739 4.17682 3.47725 0.69957 1.35465 3.14057 2.56646 0.542436 1.05038 0.869412 0.503564 0.57411 1.51609 0.522656 2.1226 1.18583 2.04328 0.264588 0.348744 0.252686 0.0620076 0.217446
internal_count=4578 2317 1442 875 452 2261 1625 813 247 230 791 636 1378 458 990 449 962 190 218 163 106 340
is_linear=0
shrinkage=0.06


Tree=142
num_leaves=27
num_cat=0
split_feature=3 8 2 2 8 12 7 4 3 2 8 7 7 2 3 2 8 8 3 3 8 8 8 8 2 8
split_gain=1.21103 0.410462 0.173756 0.163806 0.233784 0.128848 0.106468 0.115987 0.0603986 0.0481821 0.059092 0.0395436 0.0287922 0.0267194 0.0171201 0.0110237 0.00535911 0.00411622 0.00602212 0.00597841 0.00240481 0.00148853 0.00295805 0.000342376 1.10203e-05 3.83114e-06
threshold=1.0000000180025095e-35 1.0208335000000002 77986.500000000015 1266.7500000000002 0.64852950000000009 2.5000000000000004 1.5000000000000002 11.500000000000002 0.28551500000000007 26.250000000000004 0.98000000000000009 1.5000000000000002 2.5000000000000004 45396.750000000007 0.29208400000000007 1857.7500000000002 0.39642850000000007 0.095454500000000012 0.058804500000000003 0.40855600000000009 0.35214600000000007 0.31009600000000009 0.42640650000000008 0.46862750000000003 102433.50000000001 0.52786400000000011
decision_type=8 10 10 8 8 2 2 2 10 10 10 2 2 10 10 8 10 10 10 10 10 10 10 10 10 10
left_child=1 2 5 9 13 6 -1 -8 15 -2 16 -4 -3 20 -10 -6 -11 -15 24 -20 -5 -9 -23 -22 -19 -25
right_child=3 12 11 4 8 -7 7 21 14 10 -12 -13 -14 17 -16 -17 -18 18 19 -21 23 22 -24 25 -26 -27
leaf_value=0.001350921289248035 -0.0099485120416726251 0.0017032671642554032 0.0062902934096095943 -0.0097364800057313395 -0.00017010418068250368 -0.0048213996687801524 0.039082925256667157 -0.0032292154728045977 0.0044496131562296506 -0.00032109901405254703 -0.0072861035052660334 -0.0091867143705321487 -0.01695778235120763 -0.0014547998551041083 -0.0063251379125694868 -0.049344342293227657 0.012757591012831911 -9.5677500429315769e-06 0.0071795827360832112 -0.0012085113985589612 0.00074998294120106181 -0.0019391071539261646 0.0026308625698327915 -0.00079798693671948181 -0.001576232741384213 -2.2942100565426898e-06
leaf_weight=0.43665364957996811 0.58718641125597082 0.1660381054971366 0.17810232713236462 0.31833825912326608 0.023552053782623039 0.10819762805476774 1.9378187222464478 0.060281178622972109 0.075437922932906076 0.070827033428940922 0.14212579440209083 0.29797024335130118 0.38795941683929414 0.070813518017530441 0.11754586863389704 0.89930393808754161 0.3206207515031565 0.028894798510009423 0.28376780136022717 0.073320790339494124 0.036185520759318024 0.037065214011818171 0.05036741925869137 0.047212874371325597 0.053901317325653508 0.028152811457403004
leaf_count=182 9 31 74 163 42 45 1450 10 5 23 116 105 332 21 277 977 117 46 229 38 54 12 73 57 36 55
internal_value=-0.00373968 0.0177409 0.0253823 -0.0268101 -0.0341521 0.0299541 0.0323912 0.0363461 -0.0454559 -0.00358725 0.00533555 -0.00305776 -0.0138679 -0.00422858 -0.00191398 -0.0488305 0.0118611 0.00310515 0.00433976 0.00583587 -0.00901949 -0.00232766 0.000691897 -5.47879e-05 -0.00154326 -0.000779289
internal_weight=6.83764 3.66045 3.10646 3.17719 2.05643 2.63038 2.52219 2.08553 1.11584 1.12076 0.533574 0.476073 0.553998 0.940588 0.192984 0.922856 0.391448 0.510698 0.439885 0.357089 0.429889 0.147714 0.0874326 0.111551 0.0827961 0.0753657
internal_count=4579 2314 1951 2265 2000 1772 1727 1545 1301 265 256 179 363 699 282 1019 140 370 349 267 329 95 85 166 82 112
is_linear=0
shrinkage=0.06


Tree=143
num_leaves=13
num_cat=0
split_feature=13 6 2 5 11 2 12 4 2 2 0 2
split_gain=0.639351 0.607868 0.751264 0.562562 0.410697 0.375101 0.279936 0.212646 0.16544 0.23784 0.05415 0.0127314
threshold=1.0000000180025095e-35 3.5000000000000004 2356.5000000000005 2.5000000000000004 0.55684800000000012 52.500000000000007 2.5000000000000004 33.500000000000007 24692.250000000004 672643.50000000012 0.98283300000000018 87899.250000000015
decision_type=8 2 8 2 8 8 2 2 10 10 10 10
left_child=1 2 10 6 5 -2 7 -3 -4 11 -1 -10
right_child=4 3 8 -5 -6 -7 -8 -9 9 -11 -12 -13
leaf_value=-0.0030573728063041541 0.01880030760493815 0.049250438815110723 -0.044313482615368306 -0.014983217181157162 -0.037755773744118509 -0.021015323728019935 -0.0071166885555281169 -0.0051726846537609892 -8.4432409662916214e-05 -0.023111211074913204 0.025292855965951263 0.01349214448200352
leaf_weight=0.053467110323254352 0.9228633720194922 1.3824202798714393 0.36525244743097562 0.33223195336177003 1.398124505751184 0.53297054275753919 0.14541611558524881 0.09146246506134037 0.28603808916523099 0.31915421367739327 0.68354961948352866 0.4297248687944375
leaf_count=37 18 1768 98 571 698 676 8 6 35 3 451 130
internal_value=-0.00446646 0.0100483 -0.0103417 0.0283164 -0.0224726 0.00160212 0.0395289 0.0451474 -0.0299166 -0.00555589 0.0226601 0.0111796
internal_weight=6.94268 4.08872 2.13719 1.95153 2.85396 1.45583 1.6193 1.47388 1.40017 1.03492 0.737017 0.715763
internal_count=4499 3107 754 2353 1392 694 1782 1774 266 168 488 165
is_linear=0
shrinkage=0.06


Tree=144
num_leaves=23
num_cat=0
split_feature=2 2 2 6 12 9 5 2 1 13 13 6 6 9 6 2 2 9 6 6 2 2
split_gain=0.574968 0.708082 0.546108 0.426317 0.331514 0.219569 0.218673 0.116644 0.296023 0.187588 0.112633 0.0471184 0.0113893 0.00568991 0.00141789 0.00104686 0.00195115 0.000622591 0.000108572 0.000272183 9.65609e-05 4.76315e-06
threshold=52.500000000000007 25446.000000000004 56717.250000000007 23.500000000000004 1.5000000000000002 1.2751045000000001 2.5000000000000004 672643.50000000012 0.97916650000000016 1.0000000180025095e-35 1.0000000180025095e-35 11.500000000000002 36.500000000000007 0.21190900000000004 7.5000000000000009 2044.5000000000002 6857.2500000000009 0.47120950000000006 9.5000000000000018 8.5000000000000018 6552.0000000000009 3737.2500000000005
decision_type=8 10 10 2 2 8 2 10 10 10 10 2 2 10 2 10 10 10 2 2 10 10
left_child=3 5 6 4 -1 11 10 8 -4 -10 -3 13 15 -2 -15 -13 20 -16 19 -19 21 -17
right_child=1 2 7 -5 -6 -7 -8 -9 9 -11 -12 12 -14 14 17 16 -18 18 -20 -21 -22 -23
leaf_value=0.036176371433631026 0.00064510829693629893 0.046701712711602054 -0.019685076708615443 -0.015985186566756175 -0.011065124763618242 -0.041622900101650664 -0.0064632441099009607 -0.02307982794562002 0.024814473324403404 -0.0098305127208639723 -0.0030665642368487103 0.0074340152812515381 -0.002419448341563627 -0.01220626678960837 -0.0013771731345860606 -6.2487158218056834e-05 0.0019157083292082107 0.00061166721182304249 0.00096601910322901858 -0.00077621126617093757 -0.0018215695737049025 0.00013464240788559423
leaf_weight=1.3536708249594083 0.039069274367648399 0.38682714504830107 0.45180985155457143 0.37974363716784854 0.19277000799775112 1.6145861652621532 0.12048596747627016 0.32624393224250514 0.7310626887192484 0.19437807940994389 0.053463474701857194 0.22440425436070655 0.1252576014958322 0.56640083958336618 0.03725322158425115 0.015096964154508896 0.092343645766959526 0.024054909823462367 0.033236253482755274 0.042356940553872846 0.033000939904013649 0.012386080765281804
leaf_count=468 57 289 595 11 4 1068 231 17 479 58 37 263 54 518 24 36 151 60 86 46 7 28
internal_value=-0.0055916 -0.015498 0.00806315 0.0170508 0.0282548 -0.0314101 0.034787 -0.0103475 0.00110845 0.0162114 0.0427252 -0.00552333 0.004435 -0.0109406 -0.0115851 0.00681515 0.000246185 -0.000539237 0.000741526 -0.00017133 -0.00170564 7.09302e-05
internal_weight=7.0499 5.12372 2.26427 1.92618 1.54644 2.85945 0.560777 1.70349 1.37725 0.925441 0.440291 1.24486 0.502489 0.742371 0.703302 0.377232 0.152828 0.136901 0.0996481 0.0664119 0.060484 0.027483
internal_count=4587 4104 1706 483 472 2398 557 1149 1132 537 326 1330 539 791 734 485 222 216 192 106 71 64
is_linear=0
shrinkage=0.06


Tree=145
num_leaves=28
num_cat=0
split_feature=8 2 2 4 12 8 6 9 3 4 11 4 9 4 9 6 9 9 6 6 9 8 4 6 4 4 9
split_gain=0.625137 0.853678 0.359803 0.338962 0.298806 0.207637 0.0993978 0.0664925 0.0372523 0.0178462 0.0102356 0.00856578 0.00348073 0.00221551 0.00202669 0.00112336 0.000864101 0.000812177 0.000791704 0.000571694 0.000523658 0.000384309 0.000311378 0.000245097 0.000347803 1.61025e-05 1.10857e-06
threshold=0.31009600000000009 52.500000000000007 19.500000000000004 4.5000000000000009 1.5000000000000002 0.65450900000000012 20.500000000000004 0.81340650000000014 0.46663650000000007 15.500000000000002 0.63397150000000013 14.500000000000002 0.21190900000000004 2.5000000000000004 1.2578225000000003 4.5000000000000009 0.75886600000000015 2.0302095000000002 8.5000000000000018 11.500000000000002 1.2578225000000003 0.36515150000000007 10.500000000000002 2.5000000000000004 1.5000000000000002 10.500000000000002 0.78551050000000011
decision_type=8 8 10 2 2 8 2 8 10 2 10 2 10 2 10 2 10 10 2 2 10 10 2 2 2 2 10
left_child=3 2 -2 8 -4 11 7 12 -1 10 -5 13 -7 18 22 -15 -14 -16 23 -20 -17 -21 -8 -3 -25 -19 -18
right_child=1 5 4 9 -6 6 14 -9 -10 -11 -12 -13 16 15 17 20 26 25 19 21 -22 -23 -24 24 -26 -27 -28
leaf_value=0.043293897284164877 -0.012296907997647863 -0.00030599534338114073 0.033791506889435045 -0.0031986559863026441 -0.010942148022848963 0.00092777429807615287 0.0023665841602140323 -0.039188414966529236 -0.00032358487771987331 -0.009844281847650075 0.0052716198186780333 -0.0033689361332264901 -0.0059186553034725918 -0.00026839847967631363 -0.0021667030995399356 0.0053299011677453911 -9.3140084026702384e-06 0.00066514685522547088 -0.0019045929162561771 -0.00061090455036018375 -0.00012646458168768705 0.0011078529195047032 -0.00020483028225583337 0.0016627181143568622 -0.00032956656820202774 -3.5702869970584949e-05 0.00018661195659240348
leaf_weight=0.24632116660359304 0.74496129737235639 0.063356208091135957 1.1107571532193103 0.057432311616139486 0.19041100610047568 0.049022890598281132 0.089209553290856891 2.7642345260392176 0.059097994293551892 0.29433878624695353 0.15207464620471001 0.10668181060464121 0.46647832758026198 0.049126008641906083 0.092937324807280675 0.19873610815557186 0.01493789505911991 0.023981988138984889 0.046261936397058889 0.015885438930126838 0.018960806191898882 0.02794800847186707 0.026698167610447854 0.050341999478405342 0.05645080388057977 0.024101006070850417 0.014581821451429278
leaf_count=169 19 38 443 17 4 75 87 1826 33 89 128 124 590 42 130 318 35 23 29 10 39 70 52 68 44 38 38
internal_value=-0.00895573 -0.0159681 0.0120948 0.0240786 0.025335 -0.0293366 -0.0338131 -0.0359786 0.0410714 -0.00668346 0.00222482 0.00113159 -0.00487142 0.00365215 0.000512258 0.00471944 -0.00568162 -0.00151052 -0.00031869 -0.00135263 0.00514108 0.000496445 0.00212151 0.000916866 0.00126334 0.000614966 0.000174722
internal_weight=7.05533 6.24606 2.04613 0.809265 1.30117 4.19993 3.56618 3.30926 0.305419 0.503846 0.209507 0.633749 0.545021 0.527067 0.256928 0.266823 0.495998 0.14102 0.260244 0.0900954 0.217697 0.0438334 0.115908 0.170149 0.106793 0.048083 0.0295197
internal_count=4578 4142 466 436 447 3676 2894 2564 202 234 145 782 738 658 330 399 663 191 259 109 357 80 139 150 112 61 73
is_linear=0
shrinkage=0.06


Tree=146
num_leaves=14
num_cat=0
split_feature=13 3 11 2 12 2 5 11 2 6 2 2 7
split_gain=0.57055 0.599256 0.654273 0.600556 0.42683 0.29101 0.152678 0.12944 0.307259 0.107793 0.0627703 0.060119 0.0285647
threshold=1.0000000180025095e-35 0.17854250000000002 0.35355400000000009 672643.50000000012 2.5000000000000004 29748.750000000004 2.5000000000000004 0.67333350000000014 52.500000000000007 1.5000000000000002 400.50000000000006 64.500000000000014 4.5000000000000009
decision_type=8 8 10 10 2 10 2 8 8 2 8 10 2
left_child=1 2 11 4 6 10 9 8 -2 -4 -3 -1 -7
right_child=7 5 3 -5 -6 12 -8 -9 -10 -11 -12 -13 -14
leaf_value=0.0033808609510034165 0.013107763072439016 0.0014680041513914349 0.010426634800172108 -0.019645846292764668 -0.011217591759869035 0.011433658460893247 -0.0043841081455544438 -0.035836461315109008 -0.023474455287987934 0.0509129102954506 -0.041946157362410134 -0.025796310350293835 -0.0039231417818303797
leaf_weight=0.055644053965807294 0.76363805669825535 0.059654607524862402 0.96048484276980328 0.24124300479888905 0.24500704537786067 0.24318953778129071 0.078576277082902268 1.2386270772403802 0.63252148749597847 1.5108829783275721 0.33901863305072766 0.43511024574399926 0.071841278957435861
leaf_count=1 18 15 171 1 189 130 75 630 751 2061 159 251 106
internal_value=-0.00867067 0.00517957 0.0158487 0.0260636 0.0341462 -0.0260266 0.040437 -0.0262545 -0.00634566 0.0427145 -0.0390449 -0.0224394 0.0076114
internal_weight=6.87544 4.24065 3.52695 3.03619 2.79495 0.713704 2.54994 2.63479 1.39616 2.47137 0.398673 0.490754 0.315031
internal_count=4558 3159 2749 2497 2496 410 2307 1399 769 2232 174 252 236
is_linear=0
shrinkage=0.06


Tree=147
num_leaves=26
num_cat=0
split_feature=8 2 11 2 6 5 6 6 4 3 2 2 3 0 11 3 2 3 4 8 3 8 4 3 4
split_gain=0.619826 0.904415 0.425427 0.312397 0.076338 0.0750554 0.0712425 0.061357 0.0271786 0.0405247 0.0271173 0.0197074 0.0135065 0.0103855 0.0113606 0.00755041 0.00494972 0.00249493 0.00240092 0.00240083 0.00161827 0.000523562 0.000345936 5.0522e-05 0.000213682
threshold=0.65450900000000012 52.500000000000007 0.79583350000000019 19.500000000000004 1.5000000000000002 2.5000000000000004 21.500000000000004 4.5000000000000009 6.5000000000000009 0.28551500000000007 42.750000000000007 166506.00000000003 0.29208400000000007 0.99950950000000016 0.35355400000000009 0.40855600000000009 148035.00000000003 0.0061285000000000011 5.5000000000000009 0.32843100000000008 0.010870000000000001 0.095454500000000012 8.5000000000000018 0.0056460000000000008 8.5000000000000018
decision_type=8 8 10 8 2 2 2 2 2 10 10 8 10 10 10 10 10 10 2 10 10 10 2 10 2
left_child=2 3 13 -2 10 7 8 16 9 -3 -5 15 -11 -1 -15 -9 -4 23 -8 21 22 -13 -20 24 -10
right_child=1 6 5 4 -6 -7 18 11 17 12 -12 19 -14 14 -16 -17 -18 -19 20 -21 -22 -23 -24 -25 -26
leaf_value=-0.014197753706128469 -0.011949107237020638 -0.034950742128859721 -0.002491278224337787 0.0061542375661613729 0.03043779371295675 -0.0027309138364131156 0.0021590173583076809 0.04344543490769591 -0.00060823531127003074 0.0043814497413490324 -0.0069286670062639688 -0.00021108672951879941 -0.0051029394321841217 -0.004200916541274532 0.0045171153297441794 0.00050042658288235208 0.0032596511968333536 -0.0028973291637042898 -0.00043019198776039015 -0.0012804310708102087 -0.0028283866182491125 0.0034669750276282562 0.0013711623668299039 0.001489073703012531 0.00060592324465443914
leaf_weight=0.30587317963363581 0.48917900945525583 2.9202229930233456 0.077219388171215542 0.14800148428184912 0.90237865179369692 0.047498960513621569 0.091755594126880058 0.5112901847314788 0.042707529879407846 0.073668645170982816 0.13883894257014617 0.035689958953298628 0.10386819200357422 0.074352927738800645 0.080979251040844247 0.038649798312690109 0.12236724523245357 0.068166214026859961 0.030999206021078862 0.039087478973669931 0.069556635135086253 0.067769509187201038 0.042711181929917075 0.02647532254923135 0.044573915685759857
leaf_count=196 17 1950 62 119 330 38 74 542 78 4 18 14 235 13 144 13 87 219 12 22 138 93 54 4 100
internal_value=-0.00679941 -0.0161322 0.0201079 0.0146671 0.0260726 0.0342578 -0.030831 0.0366297 -0.0325985 -0.0336631 -0.000641542 0.0403733 -0.00078872 -0.0124355 0.000319943 0.0426974 0.000812674 -0.00132632 0.000257646 0.00188424 -0.00178342 0.00315672 0.000918496 0.00137123 -1.17718e-06
internal_weight=6.59388 5.1931 1.40078 1.6784 1.18922 0.939573 3.51471 0.892074 3.27968 3.09776 0.28684 0.692487 0.177537 0.461205 0.155332 0.54994 0.199587 0.181923 0.235023 0.142547 0.143267 0.103459 0.0737104 0.113757 0.0872814
internal_count=4576 3352 1224 484 467 871 2868 833 2590 2189 137 684 239 353 157 555 149 401 278 129 204 107 66 182 178
is_linear=0
shrinkage=0.06


Tree=148
num_leaves=19
num_cat=0
split_feature=3 2 0 8 12 6 8 2 11 2 2 12 11 1 8 6 6 3
split_gain=0.47423 0.40811 0.325391 0.207861 0.114703 0.126856 0.088859 0.0861331 0.0512503 0.0459912 0.0407933 0.0374929 0.0366268 0.023373 0.0165038 0.0119238 0.00595209 0.00513952
threshold=1.0000000180025095e-35 77986.500000000015 0.99999950000000004 1.0208335000000002 2.5000000000000004 1.5000000000000002 0.27429450000000005 252.75000000000003 0.12701600000000005 672643.50000000012 131002.50000000001 1.5000000000000002 0.37171050000000005 0.97916650000000016 1.1952380000000002 19.500000000000004 20.500000000000004 0.53303850000000008
decision_type=8 10 10 10 2 2 10 8 10 10 10 2 10 10 10 2 2 10
left_child=1 3 7 4 5 11 -7 -2 -8 10 -3 -1 -4 -5 -12 -10 -17 -14
right_child=2 9 12 13 -6 6 8 -9 15 -11 14 -13 17 -15 -16 16 -18 -19
leaf_value=0.0070405223483593227 -0.0026165521914111619 -0.0077128918272240431 -0.0037696244962572194 -0.010018365197808457 -0.0042867284565351708 -0.0028400265563494165 -0.0016951243995148608 -0.030006284916788029 0.041403059552189807 -0.019123371869753394 0.010221847915403832 -0.0082009297415595039 0.015097386715954024 0.0033800232219197688 -0.0024328225610245314 -0.0020270630582690297 0.0048304049009776579 -0.00038213530866359574
leaf_weight=0.19609271886293012 0.76315369008807477 0.16527204886369862 0.069021869683638104 0.19560509140137572 0.099832124396925681 0.059160354037885221 0.028958599985344446 1.2155323790793773 1.4738437858031828 0.24075467570219189 0.25985295418649912 0.13397232122952119 0.55571275544934906 0.14609961840324104 0.078101484017679468 0.056851059373002388 0.12612866023846436 0.030363527126610279
leaf_count=162 51 68 13 243 46 23 15 1578 1268 5 137 11 593 21 57 34 190 14
internal_value=0.00185413 0.0152124 -0.0143183 0.0248177 0.0300414 0.0325499 0.0367839 -0.0238673 0.0387142 -0.0128785 0.000843238 -0.000660501 0.0115181 -0.0060402 0.00766483 0.0397927 0.00278733 0.0145601
internal_weight=5.89431 3.26053 2.63378 2.51654 2.17484 2.07501 1.74494 1.97869 1.68578 0.743981 0.503226 0.330065 0.655098 0.341705 0.337954 1.65682 0.18298 0.586076
internal_count=4529 2280 2249 2013 1749 1703 1530 1629 1507 267 262 173 620 264 194 1492 224 607
is_linear=0
shrinkage=0.06


Tree=149
num_leaves=17
num_cat=0
split_feature=2 2 8 12 11 9 6 6 6 2 9 6 6 6 6 6
split_gain=0.679846 0.358576 0.20036 0.192847 0.0876027 0.0859668 0.045324 0.0316943 0.0139856 0.00905874 0.00170258 0.00143155 0.000804367 0.000247514 1.79696e-05 2.94354e-05
threshold=52.500000000000007 19.500000000000004 0.65450900000000012 1.5000000000000002 0.76235300000000017 0.81340650000000014 24.500000000000004 48.500000000000007 7.5000000000000009 148.50000000000003 0.16149900000000003 2.5000000000000004 19.500000000000004 25.500000000000004 27.500000000000004 28.500000000000004
decision_type=8 8 8 2 10 8 2 2 2 10 10 2 2 2 2 2
left_child=1 -1 4 -3 -2 8 -7 9 10 -6 -4 -11 -10 -8 -15 -16
right_child=2 3 5 -5 7 6 13 -9 12 11 -12 -13 -14 14 15 -17
leaf_value=-0.011503619773278106 -0.012111355788474111 0.03251578645976335 0.00040032578266038207 -0.0077643659162654451 -0.0012441874287685091 -0.033876921716456815 0.00068280542663721826 -0.0043903146827786238 0.0038819812007173148 0.00010970886349706766 -0.006149737336040218 0.011917497741472728 -0.0002897644560784553 -0.00066492135618210851 0.00024849225800142443 -0.00020941505617531986
leaf_weight=0.7293841611826789 0.39787019051436778 1.1013177443383027 0.030480195448035707 0.12484057864639919 0.021144735161215067 2.6080028419091836 0.060054562665754818 0.072627828631084412 0.14218978563440032 0.05691754660801962 0.34091753742541187 0.70784260361688212 0.04295785776048433 0.048952589655527845 0.014923600829206407 0.020084168325411156
leaf_count=17 331 445 45 2 20 1916 44 3 256 37 424 824 51 48 29 42
internal_value=-0.0117821 0.0134318 -0.023056 0.0267691 -0.00108164 -0.0292128 -0.0325593 0.0077962 -0.00237835 0.0107501 -0.00571225 0.0115988 0.00348627 5.67473e-05 -0.000607856 3.72748e-05
internal_weight=6.52051 1.95554 4.56497 1.22616 1.2564 3.30856 2.75202 0.858533 0.556545 0.785905 0.371398 0.76476 0.185148 0.144015 0.0839604 0.0350078
internal_count=4534 464 4070 447 1215 2855 2079 884 776 881 469 861 307 163 119 71
is_linear=0
shrinkage=0.06


Tree=150
num_leaves=27
num_cat=0
split_feature=3 9 6 9 1 12 8 11 6 3 9 8 3 8 6 6 6 3 9 11 3 8 9 9 4 11
split_gain=0.780073 0.430866 0.0968151 0.126348 0.113799 0.107429 0.090696 0.079243 0.0376291 0.138528 0.034274 0.0330619 0.0186155 0.0179704 0.0628577 0.0155747 0.0130359 0.0112489 0.00613155 0.00417913 0.00399143 0.00134531 0.000773777 0.00109412 0.000437998 0.000183484
threshold=1.0000000180025095e-35 1.1644045000000003 2.5000000000000004 0.44571150000000009 0.97916650000000016 1.5000000000000002 0.17156900000000003 0.30495200000000006 7.5000000000000009 0.2715260000000001 0.75044050000000007 0.98000000000000009 0.35439650000000006 0.98000000000000009 37.500000000000007 24.500000000000004 4.5000000000000009 0.093303000000000011 0.19821000000000003 0.7247475000000001 0.0014180000000000002 0.24621200000000001 0.54246000000000005 0.45291550000000008 7.5000000000000009 0.9900000000000001
decision_type=8 10 2 10 10 2 10 10 2 10 10 10 10 10 2 2 2 10 10 10 10 10 10 10 2 10
left_child=1 2 4 6 -1 -6 -4 -8 9 -2 22 -3 -11 14 17 19 -12 20 -19 -13 -10 -14 23 -5 -18 -21
right_child=8 11 3 10 5 -7 7 -9 13 12 16 15 21 -15 -16 -17 24 18 -20 25 -22 -23 -24 -25 -26 -27
leaf_value=-0.01209423229548885 -0.039046068072983768 0.0022212043153400857 -0.002862220643658962 -0.0013378753014758121 0.017419438120936947 -0.0083569093679226169 -0.0023849902542552974 0.043233835402188871 -0.00053369413112420452 0.0058780800022127282 -0.0017241508227198179 -0.022938823926897688 0.00038071040877959159 -0.013515143789861699 -0.010299539031786537 0.00075250987971824991 0.010870570327695445 0.0027707887668315498 -0.0035269481102675514 0.00030030045449374026 0.010193848407489298 -0.0053479699643184178 -0.0052785127950869077 0.0014250393422680701 0.00010629048607067549 -0.0010448641925336899
leaf_weight=0.22592369717313032 1.0786593025550248 0.058227162910043151 0.054458897444419341 0.028946461097802967 0.8633738424978219 0.15079347742721438 0.040688322042115033 0.54920383694116026 0.032904472318477707 0.15389771250192996 0.080792205335455947 0.34510667252470739 0.026461668720003217 0.27307131861743972 0.3789946774195414 0.048463047249242663 0.29297531566407997 0.086061286856420338 0.19572985685954336 0.023772485597874038 0.31533326416683849 0.14301239734049886 0.29635908316413406 0.037481985622434877 0.033889224592712708 0.078097829216858372
leaf_count=92 671 110 13 14 387 21 5 437 33 59 84 126 23 521 146 17 296 79 216 48 330 211 342 115 62 121
internal_value=-0.00773911 0.0110535 0.0205352 0.0277617 0.00357809 0.0113406 0.0373873 0.0405663 -0.0271062 -0.0333479 0.00314092 -0.018366 0.000801507 -0.00865859 -0.00127126 -0.0206529 0.00873922 0.00714651 -0.000942455 -0.0218899 0.00953619 -0.00489281 -0.00494648 9.55063e-05 0.0106757 -0.000743306
internal_weight=5.89268 3.20855 2.65489 1.4148 1.24009 1.01417 0.644351 0.589892 2.68413 1.40203 0.770444 0.553667 0.323372 1.28209 1.00902 0.49544 0.407657 0.630029 0.281791 0.446977 0.348238 0.169474 0.362788 0.0664284 0.326865 0.10187
internal_count=4579 2290 1868 1368 500 408 455 442 2289 964 913 422 293 1325 804 312 442 658 295 295 363 234 471 129 358 169
is_linear=0
shrinkage=0.06


Tree=151
num_leaves=15
num_cat=0
split_feature=13 3 9 2 5 2 2 8 2 6 8 7 2 7
split_gain=0.685921 0.816876 0.60176 0.263554 0.161611 0.159588 0.0934107 0.0910993 0.062077 0.0420105 0.0323155 0.0175255 0.00770529 5.90266e-05
threshold=1.0000000180025095e-35 0.23969050000000003 0.81340650000000014 29748.750000000004 2.5000000000000004 52.500000000000007 192.75000000000003 1.9705880000000002 315.75000000000006 16.500000000000004 0.71008400000000005 3.5000000000000004 3321.0000000000005 11.500000000000002
decision_type=8 8 10 10 2 8 10 10 8 2 10 2 10 2
left_child=1 2 4 8 7 -2 -4 -1 -3 10 -8 -5 -11 -14
right_child=5 3 6 11 -6 -7 9 -9 -10 12 -12 -13 13 -15
leaf_value=0.042037494222697355 -0.003520365737443994 0.0014105100611368851 0.007805673623201977 0.0098967929134615839 -0.0050758776743741844 -0.033601184188622207 0.002209243981802304 -7.7822259727769783e-05 -0.042136839097229102 0.0046549538573233042 -0.021336067203241521 -0.002819410690923009 3.4122407176150661e-06 -0.0027365749820417824
leaf_weight=1.9310430116020159 1.2489084550179543 0.060376664099749067 0.19418676866916929 0.21013802662491798 0.092059098504250758 1.2493566500925224 0.042783261538716033 0.19341025681933377 0.31359507418528665 0.12364838962093927 0.54009878075157758 0.057334589218953624 0.026519819308305159 0.067590217542601749
leaf_count=1691 23 13 156 87 77 1371 70 17 139 193 488 82 40 138
internal_value=-0.00404051 0.0110856 0.0234262 -0.0273294 0.0365544 -0.0238684 -0.00948551 0.0394056 -0.0391966 -0.0156852 -0.019304 0.00709714 0.00189898 -0.00266704
internal_weight=6.35105 3.85278 3.21134 0.641444 2.21651 2.49827 0.994827 2.12445 0.373972 0.80064 0.582882 0.267473 0.217758 0.09411
internal_count=4585 3191 2870 321 1785 1394 1085 1708 152 929 558 169 371 178
is_linear=0
shrinkage=0.06


Tree=152
num_leaves=12
num_cat=0
split_feature=1 13 11 11 12 7 6 0 6 11 6
split_gain=0.381846 0.349441 0.343233 0.301592 0.0870995 0.12205 0.334108 0.105927 0.0986176 0.0687097 0.0213845
threshold=0.97916650000000016 1.0000000180025095e-35 0.57979600000000009 0.12701600000000005 2.5000000000000004 2.5000000000000004 2.5000000000000004 0.99984100000000009 3.5000000000000004 0.32993200000000006 48.500000000000007
decision_type=10 10 10 10 2 2 2 10 2 10 2
left_child=-1 3 9 -2 5 6 7 -5 -8 -3 -10
right_child=1 2 -4 4 -6 -7 8 -9 10 -11 -12
leaf_value=-0.032795561500831787 -0.016489558586734055 -0.005829377292950565 -0.032458629615130581 -0.0033992193177496714 -0.0059029405250587705 0.029722421312605145 -0.024362006928025995 0.025681725610419422 0.008499616902542282 0.012874164226981122 -0.004081585276535891
leaf_weight=1.1437629043211925 0.43906641658395562 0.49826605213456809 0.98552730656228948 0.3278940990567214 0.11370789865031827 0.95750280679203559 0.38070200814399857 0.70961291703861207 0.16471924568759277 0.56862905481830239 0.067335225641727448
leaf_count=1944 6 50 163 4 3 1717 67 354 213 18 1
internal_value=-0.0114339 -0.00222279 -0.0173589 0.00941622 0.0169036 0.0192585 0.00426319 0.0193334 -0.0174195 0.00554495 0.00449919
internal_weight=6.35673 5.21296 2.05242 3.16054 2.72147 2.60777 1.65026 1.03751 0.612756 1.0669 0.232054
internal_count=4540 2596 231 2365 2359 2356 639 358 281 68 214
is_linear=0
shrinkage=0.06


Tree=153
num_leaves=26
num_cat=0
split_feature=8 2 2 8 8 11 3 9 6 3 6 0 3 4 4 9 9 9 9 9 6 2 4 9 6
split_gain=0.544403 0.732827 0.374256 0.167649 0.146396 0.0966822 0.0853382 0.0912478 0.0639432 0.0193894 0.00910143 0.00894334 0.00754789 0.00756487 0.00219987 0.00207832 0.00185495 0.00175032 0.00104954 0.000453263 0.000288741 0.000253772 0.000205645 0.000119202 0.000110935
threshold=0.31009600000000009 42.750000000000007 53838.750000000007 0.84900300000000006 0.65450900000000012 0.77525250000000012 0.28551500000000007 0.81340650000000014 16.500000000000004 0.35024200000000005 11.500000000000002 0.99999950000000004 0.29208400000000007 19.500000000000004 39.500000000000007 0.69795350000000012 2.0302095000000002 1.2295455000000002 0.21190900000000004 0.85332100000000011 19.500000000000004 224.25000000000003 5.5000000000000009 0.75409300000000012 24.500000000000004
decision_type=8 8 10 10 8 10 10 8 2 10 2 10 10 2 2 10 10 10 10 10 2 10 2 10 2
left_child=2 3 11 -2 12 -4 7 10 -9 -8 15 -1 13 21 -13 18 17 19 -6 -10 -12 -3 -19 -17 -18
right_child=1 4 5 -5 6 -7 9 8 16 -11 20 14 -14 -15 -16 23 24 22 -20 -21 -22 -23 -24 -25 -26
leaf_value=-0.01240574402891129 -0.0075076779832699324 3.9330721179748088e-06 -0.0029542746398912513 0.025559567528469929 0.00021960832393090845 0.042137666884743581 0.0060743226919621795 -0.037298852430401687 -0.00057600015326009072 -0.0051323728856704559 0.0030510710046218747 0.0023834752268543941 -0.0032249057905166297 -0.0022756430550060765 -0.0015999723683502039 0.00079818271722559915 -0.00012477054872315116 6.6276087651654232e-05 -0.0057735220333135426 0.0013727944070226793 -0.00011216720273441526 0.0053780766123592231 -0.0034533318550690898 -0.00025651664796875681 0.001423295802598713
leaf_weight=0.25182930834125716 0.26673579867929198 0.033872752508614101 0.054548131869523786 0.81163560766435694 0.037338169160649026 0.37134875488118269 0.13682312663877372 2.5041720734152482 0.015752322477055603 0.10434859000088181 0.066250394549570046 0.054602878502919339 0.093989815883105621 0.053685038612456992 0.026975462213158607 0.027832694744574837 0.021892650751397014 0.024097333851386793 0.30181057278241497 0.062676220521098003 0.039273862726986408 0.38059217276168056 0.099028277618344873 0.028294186166021973 0.034179185386165045
leaf_count=82 4 24 22 422 64 223 56 1424 8 277 111 95 63 43 2 69 45 39 397 121 50 649 149 60 31
internal_value=-0.00814941 -0.0156684 0.0227423 0.0177035 -0.0262668 0.0383408 -0.029879 -0.0318599 -0.0351456 0.000997043 -0.00239537 -0.0109939 0.000962252 0.00342689 0.000804831 -0.00482457 -0.00120006 -0.00237499 -0.00544243 0.000810218 0.00283724 0.00525216 -0.00331881 0.000527042 0.00127306
internal_weight=5.90359 5.14428 0.759305 1.07837 4.06591 0.425897 3.50377 3.2626 2.7618 0.241172 0.5008 0.333408 0.56214 0.46815 0.0815783 0.395276 0.257626 0.201554 0.339149 0.0784285 0.105524 0.414465 0.123126 0.0561269 0.0560718
internal_count=4530 4106 424 426 3680 245 2901 2568 1817 333 751 179 779 716 97 590 393 317 461 129 161 673 188 129 76
is_linear=0
shrinkage=0.06


Tree=154
num_leaves=33
num_cat=0
split_feature=8 4 2 13 8 3 3 2 2 2 0 4 2 3 3 13 9 9 3 8 9 6 9 9 6 9 9 4 6 9 6 6
split_gain=0.577551 0.335924 0.282811 0.214272 0.15535 0.0700846 0.0722545 0.0569539 0.197188 0.0521258 0.0515204 0.039369 0.0323946 0.0309933 0.0198252 0.0184718 0.0182641 0.0139998 0.00634389 0.0036789 0.00405946 0.00254314 0.00183258 0.00145266 0.00088131 0.000853202 0.000818061 0.00051236 0.000441956 0.000234641 0.000230706 1.40521e-05
threshold=0.31009600000000009 3.5000000000000004 52.500000000000007 1.0000000180025095e-35 0.65450900000000012 0.28551500000000007 1.0000000180025095e-35 203.25000000000003 672643.50000000012 1687.5000000000002 0.94233850000000008 1.5000000000000002 2104.5000000000005 0.45147050000000005 0.35024200000000005 1.0000000180025095e-35 0.47455900000000006 0.22829350000000001 0.29208400000000007 0.35214600000000007 1.6198150000000002 6.5000000000000009 0.25516300000000008 1.3817445000000002 11.500000000000002 0.22829350000000001 1.1644045000000003 16.500000000000004 3.5000000000000004 1.1363245000000004 24.500000000000004 9.5000000000000018
decision_type=8 2 8 10 8 10 8 10 10 8 10 2 10 10 10 10 8 10 10 10 8 2 10 10 2 8 8 2 2 10 2 2
left_child=1 13 3 -2 18 6 7 -6 11 26 -3 17 23 -1 -7 -12 -11 -9 19 22 27 -19 -4 25 -14 -13 -8 -21 -22 -26 -28 -23
right_child=2 10 4 -5 5 14 9 8 -10 16 15 12 24 -15 -16 -17 -18 21 -20 20 28 31 -24 -25 29 -27 30 -29 -30 -31 -32 -33
leaf_value=0.041396081101905152 0.019885961216229091 -0.013526517930173924 0.0013498404333418719 -0.010086012890913026 -0.021847972638701925 0.0060051481608827317 0.0011901957422446037 0.014333401029912936 -0.02128750833057615 1.3425717976593954e-05 0.0085867673208977133 -0.0001962007907054583 -0.0084958606042248603 -0.00027950034148646927 -0.0052994608895918479 -0.0034931370416854675 -0.044749171123763747 -0.0023404250720160556 -0.0022879792750297311 0.0067336378402732527 0.00055772083933480158 8.4523584064124634e-06 -0.0022730542444230617 -0.00031490162213879895 0.0006717420101789611 0.0060650525676527933 -0.0014614199884568247 -7.2589321946157402e-05 -0.0013268473477128576 -0.00061898178158525724 0.00026722731495814592 0.0018386659037362516
leaf_weight=0.25449318061873771 0.50687056500464645 0.27974559616995975 0.067242769844597539 1.0536718665389344 0.57079561991850036 0.1367602787358918 0.034899662801762932 0.61538597544131313 0.30458094173809502 0.032829495874466375 0.16311394375225063 0.018647734541445971 0.25796620410983451 0.053657509037293494 0.10777283829520456 0.061303012887947261 0.75351917660736945 0.11222765648562927 0.076443341764388606 0.20446169764909428 0.052136435231659561 0.024740672786720097 0.064310013578506187 0.046374816738534719 0.018020788396825083 0.23774950244114734 0.047507512834272347 0.019335616336320527 0.064952323809848167 0.013774487160844728 0.021738120558438823 0.0388027695735218
leaf_count=141 450 73 57 20 139 60 61 154 7 60 168 24 236 34 277 13 913 188 57 464 36 46 53 56 47 408 77 39 89 31 23 66
internal_value=-0.0091817 0.0224057 -0.0165723 0.00361338 -0.0236761 -0.0274912 -0.0293416 -0.013278 -0.00333122 -0.0415134 -0.00733324 0.00789366 -0.00229415 0.039473 0.000768011 0.00512906 -0.043919 0.0125447 0.00243316 0.00423213 0.00537718 -0.000582097 -0.000864853 0.005356 -0.00824274 0.00581596 -2.36191e-05 0.00656679 -0.000739629 5.46033e-05 -0.00117635 0.00180404
internal_weight=6.31583 0.812313 5.50352 1.56054 3.94298 3.39409 3.14956 2.25907 1.68827 0.890494 0.504163 1.38369 0.592534 0.308151 0.244533 0.224417 0.786349 0.791157 0.548882 0.472439 0.340886 0.175771 0.131553 0.302772 0.289761 0.256397 0.104145 0.223797 0.117089 0.0317953 0.0692456 0.0635434
internal_count=4567 429 4138 470 3668 2873 2536 1402 1263 1134 254 1256 802 175 337 181 973 454 795 738 628 300 110 488 314 432 161 503 125 78 100 112
is_linear=0
shrinkage=0.06


Tree=155
num_leaves=31
num_cat=0
split_feature=8 2 13 0 8 5 2 9 6 6 2 6 9 6 4 9 6 2 2 6 2 4 6 4 9 9 6 6 4 2
split_gain=0.491433 0.667793 0.358999 0.180585 0.137424 0.123795 0.0799502 0.0706419 0.0663716 0.0419977 0.00645384 0.00555183 0.00480094 0.00188868 0.00172069 0.00144239 0.000887466 0.00148031 0.000799337 0.000652728 0.00155363 0.00050816 0.000884432 0.000462833 0.000264628 4.75845e-05 2.88794e-05 1.19381e-05 7.25878e-06 3.69088e-06
threshold=0.31009600000000009 52.500000000000007 1.0000000180025095e-35 0.99995650000000014 0.65450900000000012 2.5000000000000004 160.50000000000003 0.81340650000000014 18.500000000000004 1.5000000000000002 3321.0000000000005 7.5000000000000009 0.72947000000000017 4.5000000000000009 5.5000000000000009 0.21190900000000004 16.500000000000004 43974.000000000007 276.75000000000006 3.5000000000000004 166506.00000000003 20.500000000000004 25.500000000000004 1.5000000000000002 0.69795350000000012 0.74047050000000014 27.500000000000004 9.5000000000000018 2.5000000000000004 6552.0000000000009
decision_type=8 8 8 10 8 2 10 8 2 2 10 2 10 2 2 10 2 10 10 2 10 2 2 2 10 10 2 2 2 8
left_child=2 3 5 -2 10 6 -1 11 -9 -5 13 15 16 -3 23 29 17 -12 -13 -19 -21 22 -16 -10 -17 -26 -24 -20 -27 -6
right_child=1 4 -4 9 7 -7 -8 8 14 -11 12 18 -14 -15 21 24 -18 19 27 20 -22 -23 26 -25 25 28 -28 -29 -30 -31
leaf_value=-0.0024081615237035183 -0.0059372245023369963 -0.00068895709293258515 -0.012311629334020241 3.9862201165625816e-05 0.00048521154729310546 -0.0039775724611885331 0.043454114004034379 -0.034523255803013617 -0.00039957516207596815 0.026818342947613014 -0.0019005563071557835 -0.00053884033165369893 -0.0044564698256900322 0.0045306649305667723 -0.0029056016346686087 -0.0047871192955433644 0.0022289938909328694 0.0018340219150131578 3.8711748534563837e-05 0.001376277107763705 -0.0019462816114200669 0.00035341644944946626 0.00058230816737259497 0.0018497780206447095 0.00029150911535905316 3.7174863285309768e-05 -8.3983949728874997e-05 0.0025511721201796661 -0.00032914478317001085 -9.7387191202783557e-06
leaf_weight=0.040449539199471363 0.70182381605263777 0.024794695957098489 0.25433936406625435 0.24457344762049615 0.020992536694393826 0.070628909743390977 0.4315856606408488 2.4447647036722633 0.054263226804323383 0.67691109202860389 0.072615570039488375 0.023610899603227153 0.13304032388259657 0.10306073645188008 0.091247746036970057 0.23830065078800544 0.049364595804945566 0.11476719856727868 0.038328974682372063 0.039917647067341022 0.044787869876017794 0.026393126914626919 0.019844332622596994 0.050665287679294124 0.013508215284673497 0.015317230965592898 0.017964334925636649 0.085575812772731297 0.014504038248560391 0.016537510062335059
leaf_count=2 23 28 96 143 42 20 317 1715 33 311 77 25 170 147 171 310 152 73 71 104 33 40 27 62 36 39 40 200 26 22
internal_value=-0.00654866 -0.0136393 0.02226 0.0133105 -0.0256411 0.0359406 0.0405579 -0.0294564 -0.032307 0.0234306 0.000622449 -0.00217158 -0.00227339 0.00380506 -0.00061678 -0.0041262 0.0013188 -0.000468753 0.00196784 0.00120242 -0.000555207 -0.00199023 -0.00235804 0.00137768 -0.00462584 -6.97334e-07 0.00048985 0.00249993 -0.000287598 0.000467936
internal_weight=6.17448 5.37748 0.797003 1.62331 3.75417 0.542664 0.472035 3.17182 2.70514 0.921485 0.582349 0.466676 0.454493 0.127855 0.260378 0.31916 0.321453 0.272088 0.147516 0.199473 0.0847055 0.15545 0.129056 0.104929 0.28163 0.0433295 0.0378087 0.123905 0.0298213 0.03753
internal_count=4555 4120 435 477 3643 339 319 2859 2088 454 784 771 609 175 373 475 439 287 296 210 137 278 238 95 411 101 67 271 65 64
is_linear=0
shrinkage=0.06


Tree=156
num_leaves=19
num_cat=0
split_feature=3 7 2 13 11 8 2 13 2 8 8 8 1 3 3 8 2 2
split_gain=0.529163 0.389361 0.491469 0.301354 0.279397 0.124231 0.111482 0.29408 0.153831 0.0680391 0.0635128 0.0372664 0.0230809 0.0133744 0.00779204 0.00255726 0.00220842 0.00113412
threshold=1.0000000180025095e-35 15.500000000000002 672643.50000000012 1.0000000180025095e-35 0.69615400000000005 1.2752525000000003 1266.7500000000002 1.0000000180025095e-35 27648.000000000004 0.71825400000000006 0.17156900000000003 0.98000000000000009 0.97916650000000016 0.36631450000000004 0.036795000000000008 0.12916650000000005 157372.50000000003 299470.50000000006
decision_type=8 2 10 10 10 10 8 10 10 10 10 10 10 10 10 10 10 10
left_child=1 2 3 5 -5 10 7 -2 -8 13 -1 -3 -7 14 -10 -16 -15 -17
right_child=6 11 -4 4 -6 12 8 -9 9 -11 -12 -13 -14 16 15 17 -18 -19
leaf_value=-0.0018955639593718784 0.017541089563351188 0.0024966538728444536 -0.020592097088412715 0.016073104414545594 -0.01948165680426275 -0.006776883813113815 -0.039674282868629035 -0.020666826290239696 -0.0012166805711018684 -0.013261865438986695 0.041930349801610131 -0.021071727293586699 0.0055184071936457864 -0.0034708648417485547 -0.00030604279683684523 0.0099016245900262426 0.0010114699619421677 -2.4126964947429905e-05
leaf_weight=0.037157959653996708 0.46335422465927001 0.056971280704601557 0.29776236056932237 0.76288751130050514 0.45019632662297226 0.12324885526322771 0.81714216695399933 0.44636630827153567 0.061640082494704984 0.29799440306669567 1.314943979567033 0.59229732348467223 0.098912938963621855 0.073818922886857763 0.035924816664191894 0.35103447953588329 0.073169673109077848 0.03774810628965497
leaf_count=11 150 108 6 72 213 81 887 94 80 612 1609 192 7 34 29 286 47 20
internal_value=-0.00655122 0.00760357 0.0163794 0.0247232 3.74355e-05 0.0363415 -0.0230793 -0.0022113 -0.0291819 -0.00420008 0.0404321 -0.0187438 -0.00126651 0.00557269 0.00790104 0.0091495 -0.00230308 0.00961446
internal_weight=6.39257 3.73438 3.08511 2.78735 1.21308 1.57426 2.65819 0.909721 1.74847 0.93133 1.3521 0.649269 0.222162 0.633336 0.486347 0.424707 0.146989 0.388783
internal_count=4538 2299 1999 1993 285 1708 2239 244 1995 1108 1620 300 88 496 415 335 81 306
is_linear=0
shrinkage=0.06


Tree=157
num_leaves=19
num_cat=0
split_feature=2 13 11 1 6 2 2 2 6 2 2 2 2 2 2 2 2 2
split_gain=0.818864 0.431218 0.442227 0.13757 0.0247553 0.0227561 0.040485 0.06499 0.0209046 0.0148848 0.00387525 0.00134373 0.00285245 0.000709791 1.93945e-05 9.76048e-05 3.77258e-06 2.23046e-05
threshold=2044.5000000000002 1.0000000180025095e-35 0.69615400000000005 0.97916650000000016 9.5000000000000018 23631.000000000004 672643.50000000012 261313.50000000003 16.500000000000004 56717.250000000007 120642.75000000001 50685.750000000007 30519.000000000004 166506.00000000003 144198.00000000003 151924.50000000003 35256.750000000007 32880.750000000007
decision_type=8 10 10 10 2 10 10 10 2 10 10 10 10 10 10 10 10 10
left_child=1 3 4 -1 -3 -2 7 9 -6 11 -11 12 -7 14 -12 -16 17 -14
right_child=5 2 -4 -5 8 6 -8 -9 -10 10 13 -13 16 -15 15 -17 -18 -19
leaf_value=-0.005431258560043564 -0.036944528165782663 0.017770497444903777 -0.028063619578929829 0.032920016067164756 0.0054508286283297411 0.0016721247654656048 -0.020478866050149085 0.0080609917119146175 -0.0062307622203938151 -0.012601480957695328 0.00071484338799642736 0.0019277769409757244 -0.00021817288908251663 -0.0016655238904429602 -0.00041789313974690607 0.00040398729483493096 -0.0027025367638328726 0.00018129545602163486
leaf_weight=0.09926299622748036 1.0145275804097766 0.58031661309360061 0.73032797484484036 1.1561528563179309 0.10220983365434222 0.11711690848460399 0.29980100263492193 0.37500651727896173 0.11319064257259015 0.49019109187065624 0.045745752358925529 0.074876344937365502 0.01517229838646017 0.16888560223742388 0.051828805328113958 0.030539017214323394 0.15573020419105887 0.014504343926091678
leaf_count=120 1057 60 127 1364 15 115 17 206 47 541 83 122 49 206 31 54 274 30
internal_value=-0.00988283 0.0115315 -0.00847345 0.028824 0.0151221 -0.0283302 -0.0122408 -0.00320447 -0.000763591 -0.0088802 -0.0111914 0.000565645 -0.00099269 -0.000942553 0.00064206 -2.14598e-05 -0.00266656 -3.64756e-05
internal_weight=5.63539 2.78146 1.52605 1.25542 0.795717 2.85393 1.8394 1.5396 0.2154 1.16459 0.78719 0.3774 0.302524 0.296999 0.128114 0.0823678 0.185407 0.0296766
internal_count=4518 1733 249 1484 122 2785 1728 1711 62 1505 915 590 468 374 168 85 353 79
is_linear=0
shrinkage=0.06


Tree=158
num_leaves=28
num_cat=0
split_feature=3 8 2 13 8 2 8 4 2 2 13 7 12 2 6 7 8 8 8 2 6 8 2 8 8 6 8
split_gain=0.473872 0.38712 0.271989 0.21547 0.168757 0.168255 0.19413 0.064714 0.0539098 0.183392 0.148813 0.0487939 0.0207628 0.0167024 0.00921341 0.010092 0.00837593 0.00377942 0.00363695 0.00275932 0.00263763 0.00157267 0.000848433 4.94897e-05 3.22874e-05 8.42577e-06 2.39403e-07
threshold=9.5000000000000022e-06 0.98000000000000009 42.750000000000007 1.0000000180025095e-35 1.0208335000000002 1078.5000000000002 0.64852950000000009 11.500000000000002 203.25000000000003 672643.50000000012 1.0000000180025095e-35 23.500000000000004 2.5000000000000004 45396.750000000007 3.5000000000000004 4.5000000000000009 0.27429450000000005 0.095454500000000012 0.35214600000000007 1687.5000000000002 6.5000000000000009 0.33809500000000009 102433.50000000001 0.46862750000000003 0.50757600000000014 18.500000000000004 0.55777800000000022
decision_type=8 10 10 10 10 8 8 2 10 10 10 2 2 10 2 2 10 10 10 8 2 10 10 10 10 2 10
left_child=1 3 4 7 -3 11 13 -1 -4 10 12 14 -10 18 -2 -16 17 -15 -7 25 -17 -9 -18 -20 -25 -8 -26
right_child=5 2 8 -5 -6 6 19 21 9 -11 -12 -13 -14 16 15 20 22 -19 23 -21 -22 -23 -24 24 26 -27 -28
leaf_value=0.041009175791369583 0.0095145275111147547 0.023267696987588817 -0.023456015744007578 -0.0072857187094638133 -0.0099608183397312412 -0.0076844305571142227 -0.00048302204167596606 -0.0024127113116837011 0.019031795348393346 -0.020113790059470563 -0.01088820224837511 -0.0091291248766197236 -0.0015318125921933456 -0.00087321488336992027 -0.0043442236836798943 -0.00075151126970913974 0.00049233872092369969 0.0063686660537117532 0.00066687504548521015 -0.042078608084407547 0.0046066999020639059 0.0011221804815240764 -0.0027273415513262354 -0.00030453103060369479 0.00018819141102024715 2.8388711892449914e-05 -6.1822040958302219e-07
leaf_weight=0.43254608858842436 0.22745405198656987 0.58775956682075081 0.62817399771301996 0.13655445296899416 0.16276918048970401 0.24987623660126668 0.015033872623462341 0.046864295989507809 0.73292956143268362 0.29347692575538531 0.2202010892360704 0.17246220486413222 0.040825220901751891 0.057806659548077732 0.11941838409984484 0.12575841261423193 0.045104178367182612 0.21546770964050665 0.030495410785079002 0.83226485435443465 0.14095702921622433 0.032327081062248908 0.14637819424387999 0.024319450720213354 0.01638492607162334 0.012544624332804233 0.018078826571581885
leaf_count=732 28 419 162 65 3 164 41 13 518 6 274 84 81 24 24 5 97 183 52 1243 85 73 80 37 28 26 43
internal_value=-0.00791186 0.00657199 -0.0056586 0.0297882 0.0144878 -0.0237324 -0.0309316 0.0379565 -0.0158137 -0.0034607 0.00907774 0.000292329 0.0176949 -0.00267944 0.00695696 -0.000326792 0.00287092 0.00535408 -0.00674953 -0.0417028 0.00348147 -0.00126699 -0.00219224 0.000519537 -0.000114557 -0.000449152 0.000184294
internal_weight=5.76423 3.31443 2.66614 0.648292 0.750529 2.44981 1.66375 0.511737 1.91561 1.28743 0.993956 0.78605 0.773755 0.803912 0.613588 0.386134 0.464757 0.273274 0.339155 0.859843 0.266715 0.0791914 0.191482 0.0892786 0.0587832 0.0275785 0.0344638
internal_count=4590 2346 1463 883 422 2244 2018 818 1041 879 873 226 599 708 142 114 384 207 324 1310 90 86 177 160 108 67 71
is_linear=0
shrinkage=0.06


Tree=159
num_leaves=21
num_cat=0
split_feature=8 2 2 4 6 8 0 9 9 13 9 4 4 9 8 2 9 2 9 9
split_gain=0.406327 0.496138 0.34626 0.329716 0.108354 0.0530746 0.0452377 0.0345749 0.0333954 0.0203129 0.0076685 0.00509223 0.00360448 0.00281925 0.00238917 0.00223886 0.0021444 0.000693237 0.000605454 0.000183598
threshold=0.31009600000000009 52.500000000000007 19.500000000000004 3.5000000000000004 20.500000000000004 0.65450900000000012 0.94233850000000008 0.66780950000000006 0.16149900000000003 1.0000000180025095e-35 1.2578225000000003 4.5000000000000009 15.500000000000002 2.0302095000000002 0.56385850000000015 56055.750000000007 0.22829350000000001 240.75000000000003 0.22829350000000001 0.43483700000000008
decision_type=8 8 10 2 2 8 10 8 8 10 10 2 2 10 10 10 10 10 10 10
left_child=3 2 -2 -1 5 14 -5 11 -4 -8 12 16 15 -12 18 -6 -7 -15 -3 -13
right_child=1 4 8 6 10 7 9 -9 -10 -11 13 19 -14 17 -16 -17 -18 -19 -20 -21
leaf_value=0.037104471955687425 -0.013039737997593306 0.00010415333781678669 -0.0010505029660546538 -0.013715272591429692 0.0062012101972805491 0.00068774231439661462 0.0082410364761420375 -0.029935919417746822 0.027507160264517844 -0.003995264483318192 -0.0037326632664266618 -0.0001315449265216121 -0.00099978845043942398 0.0018826107536571075 0.0015697814450052481 -0.00058323550882125345 -0.0048383488557357576 -0.00063700397356017337 -0.0029806864818947209 0.0021157295042381844
leaf_weight=0.31603070916025888 0.63577942363917805 0.20572738739429119 0.082535292094689794 0.2859295341768302 0.16828034592617758 0.040320588072063734 0.15579343977151439 2.5112127472239081 0.85793538645521039 0.070542825735174119 0.13494425268436316 0.023524514865130186 0.051280002895509824 0.034461796516552567 0.048449469031766057 0.020015108428196982 0.25610805323231034 0.023612147604580969 0.12596520665101707 0.04645092885766644
leaf_count=171 18 193 18 80 250 74 169 2067 436 12 187 33 94 20 119 32 342 58 164 51
internal_value=-0.00595359 -0.0125557 0.0111166 0.019932 -0.0228812 -0.0258302 -0.00819237 -0.0279538 0.0257511 0.00427928 0.00185528 -0.0024024 0.0045167 -0.00246511 -0.00114824 0.00559612 -0.00413599 0.00122434 -0.00242591 0.00194338
internal_weight=6.0949 5.2666 1.57625 0.828297 3.69035 3.25776 0.512266 2.87762 0.940471 0.226336 0.432594 0.366404 0.239575 0.193018 0.380142 0.188295 0.296429 0.0580739 0.331693 0.0699754
internal_count=4588 4156 472 432 3684 3043 261 2567 454 181 641 500 376 265 476 282 416 78 357 84
is_linear=0
shrinkage=0.06


Tree=160
num_leaves=35
num_cat=0
split_feature=8 2 4 2 8 3 11 6 9 2 3 3 4 13 3 4 4 3 8 9 2 6 3 9 9 4 9 3 4 6 4 9 9 4
split_gain=0.428196 0.443936 0.272439 0.248231 0.0863508 0.0755669 0.053086 0.0526168 0.0469822 0.0414793 0.0315907 0.0193192 0.0155566 0.0103872 0.00782027 0.0138728 0.00611297 0.00486409 0.00608255 0.00380964 0.00274641 0.00230493 0.00185511 0.00183794 0.000834117 0.000807882 0.000744078 0.000250647 0.000170688 0.000109243 8.28274e-05 2.47774e-05 7.53189e-06 2.23861e-08
threshold=0.31009600000000009 52.500000000000007 3.5000000000000004 19.500000000000004 0.65450900000000012 0.28551500000000007 0.9900000000000001 24.500000000000004 0.81340650000000014 39.750000000000007 0.42640750000000005 0.35024200000000005 17.500000000000004 1.0000000180025095e-35 1.0000000180025095e-35 2.5000000000000004 2.5000000000000004 0.29208400000000007 0.35214600000000007 0.25516300000000008 2458.5000000000005 4.5000000000000009 0.0048420000000000008 0.22829350000000001 0.55295900000000009 16.500000000000004 0.69795350000000012 0.00054000000000000012 4.5000000000000009 3.5000000000000004 3.5000000000000004 0.75409300000000012 0.76588900000000015 9.5000000000000018
decision_type=8 8 2 10 8 10 10 2 8 10 10 10 2 8 8 2 2 10 10 10 10 2 10 10 10 2 10 10 2 2 2 10 10 2
left_child=2 3 10 -2 17 7 -5 8 16 -8 -1 -7 13 22 15 -10 23 18 19 -3 -9 29 -4 -6 27 -23 -25 30 -17 -20 -18 -26 -28 -30
right_child=1 4 12 6 5 11 9 20 14 -11 -12 -13 -14 -15 -16 28 24 -19 21 -21 -22 25 -24 26 31 -27 32 -29 33 -31 -32 -33 -34 -35
leaf_value=0.038584793810997907 -0.010768279950846551 0.0016863724614847562 -0.00051522648305283073 0.025666323371201328 0.00053998329402770709 0.0064763305534523375 0.0080893675045162171 0.0028765322231761614 -0.014448052901747544 -0.0078705139264748716 -0.00047675046069068407 -0.0047988543919671575 -0.0094602856752803721 -0.003292192826048796 -0.040358358997840307 0.00093170042998351878 0.00012507418856552322 -0.0028599380360271555 0.00022012792839027999 -0.0037457559432728083 -0.0016270020943795174 0.0055359376985683311 0.005787402515763952 -0.0056477107893319811 0.0024313870792042557 -0.00019563440328569252 0.00021893763973310557 0.00045201791954935114 -0.00029026243245497256 -0.0008262114260274519 -0.0011029881972962712 5.1947939096321064e-06 -6.0574478961405916e-05 -5.6659709164965142e-06
leaf_weight=0.25426331517519418 0.67727798875421275 0.06011402313015457 0.020523060171399266 0.73811809051403521 0.024720166446060232 0.14374410580785468 0.15484657446359051 0.11014984747453116 1.5457472846610474 0.19065740413498133 0.053583567147143185 0.097368156508309767 0.26330825960030779 0.05783101511769928 0.67396682755497739 0.063018960703629889 0.017821163957705721 0.090482612751657143 0.041636600741185248 0.0856172209023498 0.029380838794168085 0.20350283675361425 0.11483928051893599 0.23092260428529698 0.079972031424404122 0.024204049725085497 0.017558008825290017 0.017560823383973911 0.054474508579005487 0.03623409841384273 0.048587311175651848 0.019721192715223879 0.011016886070137843 0.041639760020188987
leaf_count=135 19 58 30 94 51 61 305 111 486 72 34 289 86 22 866 123 42 61 30 48 63 486 118 250 159 50 53 29 131 50 77 46 29 50
internal_value=-0.00532362 -0.011825 0.0217562 0.00960578 -0.021752 -0.0246434 0.0213964 -0.0266711 -0.0280333 -2.1633e-05 0.0366199 0.00172519 -0.00652771 0.00204798 -0.0306795 -0.0133472 -0.00284439 0.000284 0.0024506 -0.00198887 0.00133263 0.00446951 0.00521968 -0.00485667 0.00174189 0.00526359 -0.00539132 -0.000525218 0.000585299 -0.000581568 -0.00096518 0.0023926 0.000157052 -0.00028462
internal_weight=6.29441 5.53006 0.764348 1.7609 3.76916 3.22737 1.08362 2.98626 2.84673 0.345504 0.307847 0.241112 0.456502 0.193193 2.37885 1.70488 0.46788 0.541791 0.451309 0.145731 0.139531 0.305578 0.135362 0.284218 0.183663 0.227707 0.259497 0.0839693 0.159133 0.0778707 0.0664085 0.0996932 0.0285749 0.0961143
internal_count=4614 4189 425 490 3699 2916 471 2566 2392 377 169 350 256 170 1656 790 736 783 722 106 174 616 148 383 353 536 332 148 304 80 119 205 82 181
is_linear=0
shrinkage=0.06


Tree=161
num_leaves=28
num_cat=0
split_feature=8 2 4 2 8 11 9 0 2 13 4 2 2 2 4 9 2 2 9 2 2 2 4 2 2 2 2
split_gain=0.402052 0.427375 0.320626 0.285835 0.123032 0.0532866 0.0413942 0.0404899 0.0397018 0.0213455 0.0114201 0.0131481 0.158309 0.0126845 0.00737233 0.00394164 0.00309103 0.0064881 0.00301431 0.00216612 0.00190214 0.00104038 0.000614613 0.000463048 0.0004271 1.25335e-05 5.6869e-05
threshold=0.31009600000000009 52.500000000000007 3.5000000000000004 19.500000000000004 0.65450900000000012 0.9900000000000001 0.81340650000000014 0.94233850000000008 39.750000000000007 1.0000000180025095e-35 17.500000000000004 111947.25000000001 672643.50000000012 454735.50000000006 15.500000000000002 0.26366500000000004 120.75000000000001 1924.5000000000002 0.25516300000000008 151924.50000000003 43974.000000000007 41809.500000000007 6.5000000000000009 220813.50000000003 453.75000000000006 92767.500000000015 46371.750000000007
decision_type=8 8 2 8 8 10 8 10 10 10 2 10 10 10 2 10 10 10 10 10 10 10 2 10 10 10 10
left_child=2 3 -1 -2 14 -5 16 -4 -7 -9 11 -8 13 19 15 20 -6 18 -18 -13 -3 -17 -19 -22 -12 26 -23
right_child=1 4 7 5 6 8 10 9 -10 -11 24 12 -14 -15 -16 21 17 22 -20 -21 23 25 -24 -25 -26 -27 -28
leaf_value=0.03661028729571944 -0.01331425818337327 -0.0022701258553266819 -0.013409333778484299 0.025389774798258425 -0.0043713298528600406 0.0078682662934096495 -0.032566690300193019 0.0080894118221381383 -0.007763632893354913 -0.0042712702166796722 0.00093445156604961591 0.0014194938033239306 -0.019469014544134255 0.012397091338205952 -0.0029390759713086956 0.0057500806024157304 -0.0010371795628331621 -0.0030898699321489768 0.0046584710711348454 -0.0025821357481921716 0.0018237474475497706 -0.00028014208468384754 0.00032316465120889391 -0.00036557049495017233 -0.00080631166243131411 -0.00025521119012303215 0.00035883559791969444
leaf_weight=0.28359088202705596 0.6155540747568008 0.083898889162810852 0.27783853255095892 0.74033234542730497 0.077909157364047465 0.15004494925233303 1.899225281551481 0.15249382681213319 0.1904888399731135 0.07578023720998317 0.016609190526651108 0.049475453764898591 0.28948981672874652 0.26302743460109923 0.083190117511549033 0.14041701910900883 0.048513103072764352 0.17290313380362932 0.13208318231045268 0.068648734202724881 0.052462998908595182 0.010484804355655797 0.020689500073785894 0.10605694277910516 0.022794069183873944 0.018281385186128318 0.029931736105936579
leaf_count=169 18 79 77 103 22 291 1736 173 74 12 13 57 17 30 102 281 48 301 368 170 93 17 49 62 63 40 99
internal_value=-0.00700005 -0.013385 0.0193248 0.00833812 -0.0232387 0.0211417 -0.0267963 -0.00823771 -0.000144464 0.00384934 -0.0290945 -0.0294507 -0.00641484 0.0104175 0.00147898 0.00377279 -0.0026306 0.00064912 0.0035459 -0.00113554 -0.000761017 0.00532402 -0.00275996 0.00130778 0.000120532 -0.000163767 8.31368e-05
internal_weight=6.07222 5.28251 0.789703 1.69642 3.58609 1.08087 3.06137 0.506113 0.340534 0.228274 2.60927 2.56987 0.670641 0.381152 0.524724 0.441534 0.452098 0.374189 0.180596 0.118124 0.242419 0.199115 0.193593 0.15852 0.0394033 0.0586979 0.0404165
internal_count=4564 4133 431 486 3647 468 2874 262 365 185 2086 2010 274 257 773 671 788 766 416 227 234 437 350 155 76 156 116
is_linear=0
shrinkage=0.06


Tree=162
num_leaves=13
num_cat=0
split_feature=13 8 2 12 4 2 11 9 5 5 3 6
split_gain=0.574057 0.523383 0.327345 0.231181 0.197298 0.184788 0.0867936 0.077884 0.0270027 0.0104183 0.0143576 0.00135166
threshold=1.0000000180025095e-35 0.98000000000000009 192.75000000000003 2.5000000000000004 11.500000000000002 52.500000000000007 0.12701600000000005 0.99917100000000014 1.5000000000000002 1.5000000000000002 0.58773400000000009 2.5000000000000004
decision_type=8 8 8 2 2 8 10 8 2 2 10 2
left_child=1 3 8 4 6 -2 -1 11 -3 10 -6 -4
right_child=5 2 7 -5 9 -7 -8 -9 -10 -11 -12 -13
leaf_value=-0.0024299874337514113 -0.00037260087985307766 0.01944821255737491 -0.00047037509746646408 -0.0076320954043794052 0.0064007595127106159 -0.030919096387870337 0.045353377048157992 -0.02170398471067082 -0.0020982186816818544 -0.0057327205813676027 -0.0037138060915588114 0.0047497748763749266
leaf_weight=0.041751466080313882 1.1317741178208964 0.4539989780460022 0.016280714728054257 0.14554895616311103 0.11834073056525074 1.0472543906362259 1.0881868610013041 1.3802490415546345 0.03606255812337622 0.10407041235885117 0.06138002872467041 0.13765683834208176
leaf_count=17 25 502 33 71 178 1394 1257 659 16 64 1 374
internal_value=-0.000651526 0.0130222 -0.00682203 0.0313835 0.0368981 -0.0201614 0.0432758 -0.0184419 0.0175186 -0.00242474 0.00272647 0.0042685
internal_weight=5.76256 3.58353 2.02425 1.55928 1.41373 2.17903 1.12994 1.53419 0.490062 0.283791 0.179721 0.153938
internal_count=4591 3172 1584 1588 1517 1419 1274 1066 518 243 179 407
is_linear=0
shrinkage=0.06


Tree=163
num_leaves=13
num_cat=0
split_feature=13 11 2 12 4 5 2 11 11 11 11 11
split_gain=0.956401 0.552296 0.494826 0.31953 0.118117 0.116969 0.0794981 0.0355517 0.141517 0.012255 0.015378 0.0055481
threshold=1.0000000180025095e-35 0.35857150000000004 672643.50000000012 2.5000000000000004 33.500000000000007 2.5000000000000004 33.750000000000007 0.67333350000000014 0.30495200000000006 0.49285700000000005 0.33712100000000006 0.55684800000000012
decision_type=8 10 8 2 2 2 8 8 8 10 10 10
left_child=1 6 3 4 5 -3 -1 8 -2 10 -10 -11
right_child=7 2 -4 -5 -6 -7 -8 -9 9 11 -12 -13
leaf_value=0.004899448849957801 -0.019167656945041672 0.041349517102824807 -0.017025948816155521 -0.0091897947936543205 -0.0037451477342161071 -0.0035471468843835943 -0.023394337194715419 -0.03263110884110456 0.0044804012311504748 0.011247195372444502 -0.005366574765330122 -0.0004449177679285695
leaf_weight=0.084285486489534711 0.43449603615590615 2.5329328995867417 0.2300059877015882 0.21153033306472924 0.067598923807963618 0.062717630600673036 0.45261029060930014 1.0337226630726943 0.14081499882740911 0.23989599415654084 0.160286261656438 0.082422234605473932
leaf_count=2 448 2425 19 230 7 92 424 643 49 54 139 76
internal_value=-0.000585045 0.0167118 0.0258823 0.0328234 0.037758 0.0395799 -0.0186548 -0.0263647 -0.00736066 0.00760636 -0.000857315 0.0101819
internal_weight=5.73332 3.64168 3.10479 2.87478 2.66325 2.59565 0.536896 2.09164 1.05792 0.623419 0.301101 0.322318
internal_count=4608 3199 2773 2754 2524 2517 426 1409 766 318 188 130
is_linear=0
shrinkage=0.06


Tree=164
num_leaves=20
num_cat=0
split_feature=2 13 1 2 2 2 8 9 2 9 9 8 8 8 9 9 9 2 2
split_gain=0.517446 0.381607 0.159041 0.123366 0.118371 0.286539 0.0863139 0.0481764 0.0266399 0.0246779 0.00353751 0.00440208 0.00138977 0.000666205 0.000242064 0.000175912 5.40075e-05 2.53683e-05 0.000206005
threshold=2044.5000000000002 1.0000000180025095e-35 0.97916650000000016 23631.000000000004 23.250000000000004 52.500000000000007 0.7801935000000001 0.67985250000000008 39255.000000000007 0.75886600000000015 0.71351650000000011 0.095454500000000012 0.33809500000000009 0.28388250000000009 0.29596200000000006 0.45291550000000008 0.59995600000000016 29748.750000000004 35971.500000000007
decision_type=8 10 10 10 8 10 10 8 10 10 8 10 10 10 10 10 10 10 10
left_child=1 2 -1 7 -3 -6 9 14 17 10 12 -12 13 15 -2 -5 -14 -8 -19
right_child=3 4 -4 6 5 -7 8 -9 -10 -11 11 -13 16 -15 -16 -17 -18 18 -20
leaf_value=-0.0066811624508200723 -0.00039953036615673231 -0.021062458753379084 0.030907981431874135 0.00088788516073358241 0.019403409868522094 -0.017700523678078856 0.0021812661405871407 -0.037208348574260142 -0.016033924265444227 -0.0042627120735334615 -0.00055575721873632716 0.010005769506450003 0.0016049350745787215 -0.002076107479639286 0.0010418249200467335 -0.00034982171760982751 -4.8872566178641272e-05 -0.00059549808564197775 0.00061166591004028841
leaf_weight=0.12361249500827387 0.025928926392225882 0.43690714333206404 1.0238718751061242 0.025047583403647766 0.6173542772885412 0.41278614243492484 0.055033433083735761 0.87613730687007774 1.0054492850176755 0.12033408606657758 0.046373912307899445 0.40009108972299146 0.074376775199198164 0.05089776869135676 0.067684453577385284 0.011436985259933863 0.014650679426267743 0.017009132207022049 0.019071452305070125
leaf_count=114 26 6 1370 70 17 248 43 926 735 159 22 305 219 37 138 16 39 57 29
internal_value=-0.00919724 0.00861995 0.0256331 -0.0236882 -0.0096835 0.00314024 -0.00744256 -0.0350834 -0.014231 0.00499139 0.00830421 0.00928295 4.18575e-05 -0.00149485 0.000642321 0.00053672 0.00153781 0.00212536 1.70877e-05
internal_weight=5.42405 2.61453 1.14748 2.80952 1.46705 1.03014 1.83977 0.969751 1.09656 0.743209 0.622875 0.446465 0.17641 0.0873823 0.0936134 0.0364846 0.0890275 0.091114 0.0360806
internal_count=4576 1755 1484 2821 271 265 1731 1090 864 867 708 327 381 123 164 86 258 129 86
is_linear=0
shrinkage=0.06


Tree=165
num_leaves=13
num_cat=0
split_feature=13 8 2 5 12 2 4 11 11 6 5 6
split_gain=0.441556 0.541335 0.217702 0.207211 0.139561 0.137329 0.129067 0.0562984 0.0274359 0.0394625 0.0139861 0.00047689
threshold=1.0000000180025095e-35 0.98000000000000009 52.500000000000007 2.5000000000000004 2.5000000000000004 192.75000000000003 33.500000000000007 0.12701600000000005 0.35857150000000004 1.5000000000000002 1.5000000000000002 2.5000000000000004
decision_type=8 8 8 2 2 8 2 10 10 2 2 2
left_child=1 3 -2 4 6 10 7 -1 -7 -10 -3 -11
right_child=2 5 -4 -5 -6 8 -8 -9 9 11 -12 -13
leaf_value=-0.0016619275719147177 0.0026393413794529963 0.012255066724185143 -0.029999120201381499 -0.0071517935152225496 -0.004491797548893825 -0.021577632084221848 -0.0037884005104861615 0.043839995323891684 -0.009174414729241534 0.00040194029177818044 -0.0018284556997577789 0.005255016714813039
leaf_weight=0.028097608534153884 0.93206411041319337 0.25150578528700829 0.98652239802322594 0.13500146621663578 0.081567500659730174 0.36087734742613964 0.07027079234831024 1.1444547546270767 0.76697389226319501 0.26871021505212411 0.03128181683132425 0.21341788885183632
leaf_count=4 23 501 1388 157 4 346 7 1387 56 118 15 538
internal_value=-0.000710877 0.011497 -0.0186716 0.0306068 0.0358767 -0.00872429 0.0393476 0.0424866 -0.0148235 -0.00414587 0.0104863 0.00464634
internal_weight=5.27075 3.35216 1.91859 1.45939 1.32439 1.89277 1.24282 1.17255 1.60998 1.2491 0.282788 0.482128
internal_count=4544 3133 1411 1559 1402 1574 1398 1391 1058 712 516 656
is_linear=0
shrinkage=0.06


Tree=166
num_leaves=23
num_cat=0
split_feature=3 11 13 5 6 12 6 3 8 3 3 9 9 8 7 6 9 3 3 8 3 3
split_gain=0.509803 0.343641 0.181211 0.0945734 0.105646 0.0753998 0.0702447 0.102405 0.0642271 0.033337 0.0141307 0.0119951 0.0232541 0.0111064 0.0100242 0.00749502 0.00376081 0.000989995 0.000526154 0.000466919 0.000307006 3.09392e-06
threshold=9.4500000000000007e-05 0.12701600000000005 1.0000000180025095e-35 2.5000000000000004 2.5000000000000004 1.5000000000000002 4.5000000000000009 0.2715260000000001 0.17156900000000003 0.086571000000000023 0.39179650000000005 1.1253445000000004 0.43483700000000008 0.98000000000000009 2.5000000000000004 8.5000000000000018 1.0000000180025095e-35 0.0038680000000000003 0.10791200000000001 0.50757600000000014 0.53303850000000008 0.36631450000000004
decision_type=8 10 10 2 2 2 2 10 10 10 10 8 10 10 2 2 10 10 10 8 10 10
left_child=1 14 3 4 -3 11 7 19 -6 13 -9 12 -4 16 -1 18 -8 -18 -11 -2 21 -20
right_child=6 2 5 -5 8 -7 9 10 -10 15 -12 -13 -14 -15 -16 -17 17 -19 20 -21 -22 -23
leaf_value=-0.00046722567392560308 -0.00063097487406512363 0.0062491914423278292 0.005543305637188493 -0.0043646968938935706 -0.0019827185806927795 -0.012533313964349766 -0.00085986402408209114 0.0056532252499229664 0.041331784151977885 -0.00081994318058732705 -0.0040691483813261875 0.0094799007401303436 -0.0063766794734453451 -0.0028674336082527285 -0.01896824134952586 -0.010989643682312393 -9.2362323766248791e-05 0.0072039416114680422 0.0014287167008638412 -0.035800708118321985 -0.00037652615748088247 1.3163822228351503e-05
leaf_weight=0.17122166641638648 0.037809928733622544 1.0284430905303454 0.17244837942416769 0.078276894404552766 0.038004827045369782 0.24373489608842647 0.029858992100343817 0.13824382444727235 0.62577565417450387 0.11734574262663955 0.080825302007724531 0.3872621865812107 0.1954918480332708 0.058028339473821688 0.28353476124175359 0.49280518022715114 0.044172635956783779 0.31106872965756338 0.056347210258536506 0.55790594159043394 0.016556792659685016 0.024456396422465332
leaf_count=19 32 363 22 136 12 207 26 52 1383 15 164 86 60 275 86 624 40 373 144 389 22 33
internal_value=-0.00331063 0.0105708 0.0184502 0.026388 0.0289033 -0.00178147 -0.0219681 -0.0299717 0.0391507 -0.0049997 0.00167071 0.00685225 -0.000821694 0.003762 -0.0171119 -0.00947672 0.00610994 0.00689797 0.000184231 -0.0353628 0.00103881 0.00140887
internal_weight=5.18962 3.22419 2.76944 1.7705 1.69222 0.998937 1.96543 0.814785 0.66378 1.15064 0.219069 0.755202 0.36794 0.443129 0.454756 0.707511 0.3851 0.355241 0.214706 0.595716 0.0973604 0.0808036
internal_count=4563 2374 2269 1894 1758 375 2189 637 1395 1552 216 168 82 714 105 838 439 413 214 421 199 177
is_linear=0
shrinkage=0.06


Tree=167
num_leaves=13
num_cat=0
split_feature=13 5 2 9 12 9 9 9 2 9 2 9
split_gain=0.382321 0.441666 0.389407 0.377317 0.116146 0.105299 0.0673901 0.0311953 0.0107379 0.00644687 0.0022095 0.00202889
threshold=1.0000000180025095e-35 1.5000000000000002 672643.50000000012 1.9207165000000002 2.5000000000000004 0.43483700000000008 1.1578445000000002 1.1644045000000003 36.750000000000007 2.2024320000000004 330.75000000000006 2.2338490000000006
decision_type=8 2 10 10 2 8 10 10 8 10 8 10
left_child=1 2 3 4 -1 8 -7 -8 -2 -9 -10 -11
right_child=5 -3 -4 -5 -6 6 7 9 10 11 -12 -13
leaf_value=0.033408199696861395 0.0059724124649163804 -0.02335619402383235 -0.018353523236922641 -0.013387817129611798 -0.0044524152369422925 -0.033453948581685072 0.0066699985581962877 -0.008624394865263214 0.00091631323065375356 0.0024809270760821549 -0.0038605881513364289 -0.0014246635235675104
leaf_weight=1.9281831210828402 0.10686818882822957 0.60173061629757274 0.27318508177995671 0.28427194055984717 0.083792918827384599 1.2180723958663291 0.10839694373862596 0.16683110020676395 0.056575825437903404 0.042064813067554496 0.068489650293486193 0.024311511202540714
leaf_count=2318 4 797 2 42 2 708 8 475 2 4 67 125
internal_value=-0.00960378 0.00360294 0.0146911 0.0229977 0.0308767 -0.0258968 -0.0295926 -0.00115102 0.00280358 -0.00724714 -0.00280592 0.0010559
internal_weight=4.96277 3.17116 2.56943 2.29625 2.01198 1.79161 1.55968 0.341604 0.231934 0.233207 0.125065 0.0663763
internal_count=4554 3161 2364 2362 2320 1393 1320 612 73 604 69 129
is_linear=0
shrinkage=0.06


Tree=168
num_leaves=26
num_cat=0
split_feature=3 2 5 9 2 9 9 8 6 9 2 6 6 9 3 9 3 6 4 2 2 9 6 6 6
split_gain=0.28485 0.159497 0.22714 0.134162 0.0648548 0.0455274 0.0425402 0.0367445 0.0312395 0.020958 0.00856643 0.00906134 0.00722992 0.00394434 0.00260508 0.00303161 0.00346889 0.00162552 0.000608353 0.000602151 0.000887957 0.00029131 0.000133256 0.000198915 6.53796e-06
threshold=9.4500000000000007e-05 672643.50000000012 1.5000000000000002 0.93701000000000012 27648.000000000004 0.41592250000000003 0.59995600000000016 0.71825400000000006 1.5000000000000002 0.73546300000000009 7496.2500000000009 5.5000000000000009 7.5000000000000009 1.2016285000000002 0.50082500000000019 0.32019750000000008 0.027030500000000002 22.500000000000004 1.5000000000000002 324.75000000000006 330.75000000000006 0.25516300000000008 3.5000000000000004 4.5000000000000009 11.500000000000002
decision_type=8 10 2 8 10 10 10 8 2 10 10 2 2 10 10 8 10 2 2 10 10 10 2 2 2
left_child=1 2 3 5 6 19 8 9 -2 14 11 22 -8 -14 15 21 -17 -5 -12 -1 -21 -6 -7 -24 -15
right_child=4 -3 -4 17 7 10 12 -9 -10 -11 18 -13 13 24 -16 16 -18 -19 -20 20 -22 -23 23 -25 -26
leaf_value=0.0068702345003478615 -0.00095824022114171059 -0.018231375747325789 -0.015951317231428619 0.021323294153579298 0.00051906293013625408 0.0011170853125824216 -0.0063546277181222317 -0.01086329722608864 -0.038402171477208563 -0.0043173697005542645 -0.00060836389962851372 -0.011982259391386136 0.0031939273638563301 -6.7462276979936195e-06 -0.0004751232755902579 -0.00057754139561460866 0.0089556788941720575 0.00077277963156288589 0.0017190472617363507 -0.0012108406163849909 0.0012703880643030467 -0.000985178526206858 -0.00068311886910027756 0.00050949649312689957 -0.0019196791340494314
leaf_weight=0.12518637063476612 0.13882686044235037 0.27352760652138375 0.35542606290255196 1.3864379714868844 0.019616706660599337 0.018962974587338977 0.1287724280700786 0.23545725548319751 0.75333603322360432 0.10765448513848241 0.029462621590937488 0.40109183089225553 0.17857079438545043 0.013586648376076482 0.032196832471527159 0.025330241493065841 0.33755696179287042 0.091657258541090303 0.03314419124944834 0.021377464792749379 0.059717643773183227 0.025866346259135753 0.042608604424458463 0.019303917135403026 0.12425794710725313
leaf_count=82 75 7 519 827 54 58 286 561 170 102 43 318 209 52 22 33 256 81 136 4 182 19 75 74 319
internal_value=-0.0136726 9.85619e-06 0.00648821 0.0138983 -0.0262046 -0.00391427 -0.0316584 -0.00436658 -0.0361614 0.00363809 -0.00951274 -0.0106904 -0.00385674 0.00121483 0.0072296 0.00774309 0.00835473 0.020875 0.001082 0.00649916 0.000101311 -0.000460473 0.000874638 -0.000181648 -0.00190277
internal_weight=4.97893 2.8579 2.58438 2.22895 2.12103 0.750856 1.33735 0.783679 0.892163 0.548222 0.544574 0.481967 0.445188 0.316415 0.440567 0.40837 0.362887 1.4781 0.0626068 0.206281 0.0810951 0.0454831 0.0808755 0.0619125 0.137845
internal_count=4564 2406 2399 1880 2158 972 1111 1047 245 486 704 525 866 580 384 362 289 908 179 268 186 73 207 149 371
is_linear=0
shrinkage=0.06


Tree=169
num_leaves=10
num_cat=0
split_feature=11 13 2 11 12 2 3 1 6
split_gain=0.5758 0.49476 0.405006 0.281869 0.26697 0.148254 0.100249 0.0842643 0.0068442
threshold=0.30495200000000006 1.0000000180025095e-35 672643.50000000012 0.67333350000000014 2.5000000000000004 52.500000000000007 0.58773400000000009 0.49418600000000007 1.5000000000000002
decision_type=10 10 8 10 2 8 10 10 2
left_child=8 2 4 5 6 -3 7 -2 -1
right_child=1 3 -4 -5 -6 -7 -8 -9 -10
leaf_value=-0.00091085989384888106 -0.0029991934705253165 0.0195589500660691 -0.016294859458293957 -0.027421707487481174 -0.0090065794426378003 -0.010430221876312935 -0.0035452438586900401 0.036609492109707799 -0.030371276856044307
leaf_weight=0.09327637336536998 0.052549358253601741 0.42599142156541325 0.22442524203506753 0.77171413012547418 0.20616173352755129 0.20768739859340712 0.074678711273008846 2.3069257413517334 0.76244596461765468
leaf_count=124 90 10 20 613 274 321 16 2374 723
internal_value=-0.000739438 0.00948626 0.0215494 -0.0138393 0.0283587 0.00936197 0.0332245 0.0350972 -0.0293813
internal_weight=5.12586 4.27013 2.86474 1.40539 2.64032 0.633679 2.43415 2.35948 0.855722
internal_count=4565 3718 2774 944 2754 331 2480 2464 847
is_linear=0
shrinkage=0.06


Tree=170
num_leaves=19
num_cat=0
split_feature=11 2 9 12 4 5 2 6 3 6 12 9 11 6 3 2 3 6
split_gain=0.500432 0.231027 0.299286 0.099604 0.103967 0.0734469 0.176328 0.057837 0.0338791 0.0254 0.0232174 0.0182543 0.0198337 0.0152734 0.00202569 0.0019129 0.00103885 0.000454409
threshold=0.30495200000000006 672643.50000000012 0.44571150000000009 2.5000000000000004 11.500000000000002 1.5000000000000002 19.500000000000004 1.5000000000000002 0.0012035000000000004 2.5000000000000004 4.5000000000000009 0.55295900000000009 0.43019450000000004 4.5000000000000009 0.038577000000000007 315.75000000000006 0.49009400000000009 3.5000000000000004
decision_type=10 8 10 2 2 2 8 2 10 2 2 10 10 2 10 10 10 2
left_child=7 2 3 4 8 6 -4 -1 -2 -10 11 15 -13 -14 -11 -8 -16 -17
right_child=1 -3 5 -5 -6 -7 10 -9 9 14 -12 12 13 -15 16 17 -18 -19
leaf_value=0.0015421171666008667 0.031470830286661269 -0.016742224064592869 -0.015306543788048074 -0.0050599229895899323 -0.004346136074529305 -0.01517308046159601 -0.0024788283626870408 -0.030237392493416861 -0.0051071829862188497 -0.00032415456257278268 -0.0023937209489007603 -0.00077046445268415449 -0.00053371375210126636 0.019402484629271938 0.0083690219093937417 -0.00045226492986891664 -7.9521754154900109e-05 0.0017637301721793184
leaf_weight=0.12789883400546376 1.7100620318306039 0.24033287218480825 0.28912500664591756 0.089540743123507016 0.116866398253478 0.3379154489157371 0.058923270378727466 0.76644839938671794 0.087978950541582779 0.03116847162891645 0.041082014562562108 0.13900273028411902 0.093850831042800564 0.65186016280495096 0.2794909523872775 0.010580464702798054 0.035170578397810459 0.037225372667307965
leaf_count=117 917 112 3 37 67 941 42 739 49 46 6 30 123 938 257 7 25 139
internal_value=-0.000971865 0.00870481 0.0132674 0.0237759 0.0261195 -0.00495876 0.00306341 -0.0272777 0.0286344 0.0033024 0.0132073 0.0147312 0.01623 0.018025 0.00764696 -0.00113176 0.00808251 0.00130972
internal_weight=5.14452 4.25018 4.00984 2.35028 2.26074 1.65957 1.32165 0.894347 2.14387 0.433809 1.03252 0.991443 0.884714 0.745711 0.34583 0.106729 0.314662 0.0478058
internal_count=4595 3739 3627 1398 1361 2229 1288 856 1294 377 1285 1279 1091 1061 328 188 282 146
is_linear=0
shrinkage=0.06


Tree=171
num_leaves=24
num_cat=0
split_feature=8 2 4 2 4 3 11 8 2 2 0 3 3 2 8 4 2 3 8 4 2 2 2
split_gain=0.373256 0.391741 0.28293 0.176129 0.0730963 0.0700595 0.0537795 0.041325 0.0368273 0.0314025 0.0296794 0.0126657 0.0100419 0.00911663 0.00920582 0.00387074 0.00200011 0.00086999 0.000669548 0.00049284 0.000168382 0.000213549 3.98608e-05
threshold=0.31009600000000009 52.500000000000007 3.5000000000000004 19.500000000000004 2.5000000000000004 0.2715260000000001 0.9900000000000001 0.65450900000000012 1924.5000000000002 39.750000000000007 0.94233850000000008 0.35024200000000005 0.33995900000000007 120.75000000000001 1.0557280000000002 28.500000000000004 227460.00000000003 0.26600150000000006 0.40312500000000007 3.5000000000000004 81781.500000000015 22344.750000000004 261313.50000000003
decision_type=8 8 2 10 2 10 10 8 10 10 10 10 10 10 10 2 10 10 10 2 10 10 10
left_child=2 3 12 -2 5 7 -5 18 13 -8 -4 -7 -1 -6 17 16 -12 -15 -3 20 21 -10 -22
right_child=1 4 10 6 8 11 9 -9 19 -11 15 -13 -14 14 -16 -17 -18 -19 -20 -21 22 -23 -24
leaf_value=0.035107853765282873 -0.0097444806662178047 -0.00097306557416320695 -0.012629165495393729 0.022574024265292453 -0.0021039955011851567 0.0051694504236340392 0.006475290926427288 -0.032271087248051791 -0.00044798996426302949 -0.0076173942253383604 0.0051165405163500141 -0.0040349154203190036 0.00051229955307889792 0.0088688820043205368 -0.0017345622783362124 -0.00147205966609296 -0.00060313438191547566 -0.0001043994812275096 0.0011594827809190444 -0.0092384100450492428 -0.00083116722937732373 0.00083433405968686705 7.7290166759186782e-05
leaf_weight=0.23406526089820534 0.5884443105314856 0.06224355623999267 0.25819287094054744 0.61607766959787114 0.037908416852587723 0.11379472262342449 0.12137310973048443 1.9211362684436606 0.020082631534023676 0.17632273439812707 0.11946322714356938 0.075999791682988871 0.061740504519548267 0.23825770090479637 0.030957306327763945 0.032172168896067888 0.038124975428218022 0.016389139520470053 0.074126760693616234 0.43539520645572338 0.022319154908473138 0.0361308133797138 0.02192133576318156
leaf_count=111 16 72 78 96 24 34 300 1251 72 75 143 157 51 451 99 11 30 20 171 1073 63 88 23
internal_value=-0.00763389 -0.0142733 0.0180998 0.00771456 -0.0241949 -0.0285284 0.0181746 -0.0307625 -0.00361424 -0.00130947 -0.00850006 0.00119024 0.0338549 0.0052163 0.00706873 0.00301088 0.00440714 0.00866846 0.000186382 -0.00887067 -0.000330083 0.000385805 -0.000738081
internal_weight=5.35264 4.60888 0.743759 1.50222 3.10666 2.2473 0.913774 2.05751 0.859362 0.297696 0.447953 0.189795 0.295806 0.323513 0.285604 0.18976 0.157588 0.254647 0.13637 0.535849 0.100454 0.0562134 0.0442405
internal_count=4509 4085 424 487 3598 1685 471 1494 1913 375 262 191 162 594 570 184 173 471 243 1319 246 160 86
is_linear=0
shrinkage=0.06


Tree=172
num_leaves=32
num_cat=0
split_feature=3 0 2 0 7 2 2 2 9 4 9 2 9 11 4 2 9 7 2 2 2 9 2 7 2 9 9 9 9 9 9
split_gain=0.34852 0.285015 0.271823 0.129862 0.118102 0.0632923 0.110735 0.0629839 0.0394658 0.0359613 0.0360449 0.0221989 0.0140746 0.0115933 0.00775555 0.00725775 0.00545856 0.00514986 0.00283178 0.00265893 0.00153909 0.00112964 0.000545876 0.000520076 0.000414363 0.00034862 0.00041966 0.000139093 0.000128507 6.77398e-05 0.000107074
threshold=9.4500000000000007e-05 0.23795050000000004 42.750000000000007 0.23593750000000005 24.500000000000004 203.25000000000003 672643.50000000012 29748.750000000004 0.82007550000000007 3.5000000000000004 1.2830560000000002 35971.500000000007 0.73546300000000009 0.35857150000000004 14.500000000000002 3057.0000000000005 1.2016285000000002 8.5000000000000018 261313.50000000003 99003.750000000015 43210.500000000007 0.25516300000000008 312018.00000000006 19.500000000000004 15419.250000000002 2.5452870000000005 1.9818280000000004 0.54246000000000005 1.3975030000000002 0.26366500000000004 0.30957300000000004
decision_type=8 10 10 10 2 10 10 10 8 2 10 10 8 10 2 10 10 2 10 10 10 10 10 2 8 10 10 10 10 10 10
left_child=1 3 4 -1 -3 -4 8 9 15 10 -2 -9 19 -10 16 21 24 27 -14 20 -13 -7 -20 -23 -11 26 28 29 -12 -17 -31
right_child=7 2 5 -5 -6 6 -8 11 13 14 25 12 18 -15 -16 17 -18 -19 22 -21 -22 23 -24 -25 -26 -27 -28 -29 -30 30 -32
leaf_value=-0.0052773191614630833 -0.036302198476067575 0.021578532325545362 -0.023604450358734 0.033774758354339962 -0.0077298449137772887 -0.0008178820024927788 -0.017212189936353612 0.0045596855477385637 -0.0016615309451016346 0.0042610184812197152 0.00029459662112779557 -0.00065736402862271663 -0.0100495712211351 0.010561881188417343 -0.0056113880604022476 0.00028308412006519391 -0.0022119692388060763 0.0010783477441618135 0.0010221228125116674 -0.0013924490752671283 0.0038916406391640121 0.0026711535351619606 -0.00091639082651230228 -0.00032861793022971863 -0.00012574156410093099 -0.00060302816892286617 0.0015131400864610786 -0.0077843619865626129 -0.0007712324873281306 -0.00069741439580638174 0.00027073544648802209
leaf_weight=0.096362390831928102 0.7679067961144026 0.58686030654644161 0.66501737911312409 0.18496253262856044 0.12554147106129676 0.033107879229646309 0.26050544466124836 0.10070725036348438 0.042236930305080134 0.11877842580724973 0.011007462053385098 0.025146862099063583 0.36961551180138486 0.90693033895513508 0.17059981774218613 0.016768133122241125 0.060217741811356973 0.032356676099880133 0.024218702790676616 0.038453239569207653 0.10244464087008964 0.090048872734769247 0.070609317379421555 0.015006518573500216 0.023382293496979401 0.011673608110868372 0.034892241033958271 0.17175839476112742 0.019349937734659761 0.015376020630355924 0.013859257727744989
leaf_count=291 306 426 189 5 3 42 4 74 68 124 28 30 582 702 187 46 268 141 43 70 150 322 84 13 55 59 31 85 86 12 56
internal_value=-0.0102692 0.00252971 -0.00590328 0.0267192 0.0149158 -0.0150199 -0.00373671 -0.0252613 0.00512878 -0.0306549 -0.0345351 -0.00375981 -0.00707018 0.00944458 -0.00311396 -0.00462499 0.00190729 -0.00652256 -0.00935391 0.00186136 0.00320721 0.00152279 6.00832e-05 0.00233304 0.00406112 0.000434156 0.00101161 -0.00761004 -0.000473929 -0.000139406 -0.000421332
internal_weight=5.2057 3.2567 2.97537 0.281325 0.712402 2.26297 1.59795 1.949 1.33745 1.21781 0.84483 0.731196 0.630488 0.949167 0.372978 0.388282 0.202378 0.250118 0.464444 0.166045 0.127592 0.138163 0.094828 0.105055 0.142161 0.0769232 0.0652496 0.217762 0.0303574 0.0460034 0.0292353
internal_count=4582 2405 2109 296 429 1680 1491 2177 1487 1144 510 1033 959 770 634 717 447 340 709 250 180 377 127 335 179 204 145 199 114 114 68
is_linear=0
shrinkage=0.06


Tree=173
num_leaves=28
num_cat=0
split_feature=3 2 7 2 9 3 4 6 2 4 1 3 9 2 3 6 7 7 6 2 3 11 2 2 2 2 2
split_gain=0.547024 0.310828 0.230364 0.0571884 0.0884709 0.0622906 0.0368874 0.0337871 0.0649124 0.0218642 0.0221471 0.0214871 0.0153199 0.0102372 0.00789136 0.0064668 0.00593761 0.00534465 0.00441704 0.00218719 0.00150808 0.000761169 0.000745329 0.000518377 0.000402563 0.000342427 0.000102305
threshold=8.1500000000000016e-05 672643.50000000012 5.5000000000000009 1857.7500000000002 0.73546300000000009 0.2715260000000001 3.5000000000000004 1.5000000000000002 26.250000000000004 2.5000000000000004 0.97916650000000016 0.33482000000000006 0.54246000000000005 261313.50000000003 0.35024200000000005 24.500000000000004 7.5000000000000009 23.500000000000004 14.500000000000002 157372.50000000003 0.10455550000000001 0.82843100000000003 148.50000000000003 38074.500000000007 161619.75000000003 38074.500000000007 312018.00000000006
decision_type=8 10 2 8 8 10 2 2 10 2 10 10 8 10 10 2 2 2 2 10 10 10 10 10 10 8 10
left_child=1 2 6 7 18 13 -1 -2 -9 15 -11 23 -10 -6 -14 -4 21 -18 25 -13 -20 -12 -23 -7 -25 -5 -21
right_child=3 -3 9 4 5 11 -8 8 12 10 16 19 14 -15 -16 -17 17 -19 20 26 -22 22 -24 24 -26 -27 -28
leaf_value=0.028317537997182875 0.0063460628117749975 -0.017058959026752394 -0.0098367629957933252 0.00025298274180588799 -0.036733758358341119 0.004879524814572273 -0.0014053873869748319 -0.015005746450158503 -0.003116954683197377 -0.0049103128665789475 -0.0017717702852271958 -0.0077070985166726967 0.0091019414696153801 1.4949531328987251e-05 -0.0013539309967711285 0.00098541517313309717 0.0092347834652530339 -0.00084742210617485918 0.0042981696799252673 0.00054186133298357976 -0.00055565233116078479 -0.00083540146290642613 0.0015700683744646758 -0.00087576930736974238 0.00080585668606022727 -0.0021974865763073129 -0.000324638617906206
leaf_weight=1.8906500566081383 0.12108685195562463 0.25933577289106313 0.32994918571785081 0.024268222201498824 0.56652171710447874 0.1004008042436908 0.062029957327467744 0.29232004110235721 0.062850560003425926 0.088975372607819736 0.029823786113411188 0.1704874251227011 0.28265255534643074 0.02694580329261953 0.039162972447229549 0.036941903505066875 0.20460512288991595 0.040751754597295076 0.1117610569781391 0.041695742795127444 0.033778316908865236 0.016708531620679423 0.026846977467357647 0.025928588001988828 0.027261288822046481 0.074618187776650302 0.041415382889681496
leaf_count=1048 18 4 434 54 978 31 134 5 19 217 3 243 208 64 63 39 359 17 157 58 52 17 102 37 23 136 40
internal_value=-0.00225424 0.0127058 0.0193536 -0.0211116 -0.0262454 -0.0305024 0.0272171 -0.00296035 -0.00741653 -0.00463609 0.00272311 -0.00248432 0.00502274 -0.0361029 0.00776786 -0.00882336 0.00696164 0.0082244 0.00168896 -0.00701556 0.00366999 -0.000989167 0.00073102 0.00459329 -6.70832e-05 -0.00191315 0.000209001
internal_weight=5.02977 2.98662 2.72728 2.04316 1.24508 1.00066 1.95268 0.798073 0.676986 0.774603 0.407712 0.407189 0.384666 0.593468 0.321816 0.366891 0.318736 0.245357 0.244426 0.253599 0.145539 0.0733793 0.0435555 0.153591 0.0531899 0.0988864 0.0831111
internal_count=4560 2374 2370 2186 1873 1474 1182 313 295 1188 715 432 290 1042 271 473 498 376 399 341 209 122 119 91 60 190 98
is_linear=0
shrinkage=0.06


Tree=174
num_leaves=22
num_cat=0
split_feature=8 4 2 4 9 0 3 9 2 2 2 0 3 9 2 2 9 9 9 9 9
split_gain=0.429788 0.271042 0.225251 0.147938 0.124279 0.121875 0.0449494 0.0488983 0.0261636 0.0239061 0.0222571 0.0136984 0.01321 0.00359684 0.000872865 0.000656993 0.000550664 0.000275401 0.000116071 9.82928e-05 2.07186e-05
threshold=0.31009600000000009 3.5000000000000004 2104.5000000000005 1.5000000000000002 1.967554 0.99950950000000016 0.2715260000000001 0.66780950000000006 42.750000000000007 203.25000000000003 94.500000000000014 0.98943100000000006 0.33482000000000006 1.2016285000000002 330.75000000000006 306.75000000000006 0.32019750000000008 1.0623070000000003 0.61510600000000015 0.22829350000000001 0.11410900000000002
decision_type=8 2 8 2 8 10 10 8 10 10 10 10 10 8 10 10 10 10 10 10 10
left_child=1 -1 3 4 9 13 7 16 -6 -2 -10 -3 -8 17 15 -11 19 -5 -18 20 -4
right_child=2 11 6 5 8 -7 12 -9 10 14 -12 -13 -14 -15 -16 -17 18 -19 -20 -21 -22
leaf_value=0.033234974963513172 -0.021547569377903288 -0.011294799685450524 0.00026377611646675222 -0.00051774209641772208 0.01015118446915437 0.018472297291453849 0.0042454925822765811 -0.032598067328738656 -0.0077421849136854503 0.00073051290988843923 0.0044262683399295096 0.0013465494745096571 -0.0049892845580795158 -0.0092727449934058379 0.0017820180058874529 -0.0015691007709431168 0.00097829258171620794 0.00091540651371280679 -0.00020375381018429263 -0.0012817501390025531 -0.00013953715393710546
leaf_weight=0.2953231409046565 0.76114520133705821 0.22545688736136071 0.012592738639796264 0.043071386957308166 0.24703220704395801 0.67168187384231715 0.12609460186649801 1.6109909574006451 0.17776185026741587 0.022995045474090148 0.13611891242908314 0.15719946697936393 0.11481151344924001 0.16648939772130689 0.049060165365517605 0.030439832436968572 0.1219519188744016 0.029832312677172013 0.014861769952403847 0.037431505181302782 0.010484414728125557
leaf_count=171 188 82 41 50 182 778 68 1519 48 71 101 188 267 154 154 12 323 19 46 49 25
internal_value=-0.0104495 0.0183357 -0.0174788 -0.00237239 -0.011705 0.0107091 -0.0282719 -0.030419 0.00548985 -0.019826 -0.00311267 -0.00888367 -0.000629609 -0.00840241 0.000906935 -0.000825445 -0.000261262 0.000375312 0.000783607 -0.00113496 0.000123253
internal_weight=5.06283 0.677979 4.38485 2.33563 1.42455 0.911075 2.04922 1.80831 0.560913 0.86364 0.313881 0.382656 0.240906 0.239393 0.102495 0.0534349 0.197322 0.0729037 0.136814 0.0605087 0.0230772
internal_count=4536 441 4095 1757 756 1001 2338 2003 331 425 149 270 335 223 237 83 484 69 369 115 66
is_linear=0
shrinkage=0.06


Tree=175
num_leaves=13
num_cat=0
split_feature=13 3 3 12 6 9 11 0 9 0 9 7
split_gain=0.522941 0.548834 0.184778 0.176929 0.257376 0.105214 0.103578 0.0427186 0.0203288 0.00982504 0.000192953 1.0073e-05
threshold=1.0000000180025095e-35 0.26043150000000004 0.2715260000000001 2.5000000000000004 2.5000000000000004 0.38122700000000004 0.35355400000000009 0.23593750000000005 1.0743295000000004 0.99984100000000009 0.25516300000000008 1.5000000000000002
decision_type=8 8 10 2 2 8 10 10 10 10 10 2
left_child=1 3 -3 4 9 10 -6 -8 -4 -1 -2 -11
right_child=5 2 8 -5 6 -7 7 -9 -10 11 -12 -13
leaf_value=-0.0026312308191679995 6.4628964404211348e-05 -0.034315878619713157 0.0086147646557372115 -0.0085936538522074744 -0.0031103032013446454 -0.027982905590258213 -0.0013526312980932456 0.041499696809970017 -0.0037463896208515261 0.0049956556579632359 0.003097080033114897 0.00084909502866012247
leaf_weight=0.27999161447951437 0.12749303704185844 0.22021792123996409 0.24368738952034619 0.18370148282701837 0.068338879973452893 1.4876886432102765 0.0230453168042003 1.0602443220996063 0.071189208414580207 0.62755887463572435 0.14276501569838729 0.49267656648589764
leaf_count=35 22 36 109 292 187 1321 49 1982 135 180 40 194
internal_value=-0.00406758 0.00971254 -0.0229119 0.0205192 0.0244444 -0.0239311 0.0375496 0.0403764 0.00509628 0.00251234 0.0028436 0.0044326
internal_weight=5.0286 3.27065 0.535095 2.73556 2.55186 1.75795 1.15163 1.08329 0.314877 1.40023 0.270258 1.12024
internal_count=4582 3199 280 2919 2627 1383 2218 2031 244 409 62 374
is_linear=0
shrinkage=0.06


Tree=176
num_leaves=26
num_cat=0
split_feature=3 8 2 11 2 2 9 6 5 8 11 2 2 9 8 2 2 3 3 9 6 11 2 6 3
split_gain=0.448268 0.292135 0.193023 0.13398 0.0752716 0.0620481 0.0784293 0.0978655 0.052731 0.0347361 0.0279369 0.0795312 0.0372478 0.0202941 0.0126634 0.00621965 0.031739 0.00403661 0.00403547 0.00343507 0.00328751 0.0046914 0.00293125 6.95976e-05 3.93472e-05
threshold=1.0000000180025095e-35 0.95346300000000006 52.500000000000007 0.9900000000000001 120.75000000000001 13836.000000000002 1.0967975000000003 1.5000000000000002 2.5000000000000004 0.71825400000000006 0.71714300000000009 672643.50000000012 94.500000000000014 0.73546300000000009 0.98000000000000009 83427.000000000015 77986.500000000015 0.50082500000000019 0.028852500000000003 0.32019750000000008 2.5000000000000004 0.39339800000000008 453.75000000000006 28.500000000000004 0.007255000000000001
decision_type=8 10 10 10 10 10 10 2 2 10 10 10 10 10 8 10 10 10 10 8 2 10 8 2 10
left_child=1 4 3 -3 -1 6 7 -2 20 13 -4 12 -12 17 22 16 -14 18 24 -20 -6 -22 -8 -24 -7
right_child=5 2 10 -5 8 9 14 -9 -10 -11 11 -13 15 -15 -16 -17 -18 -19 19 -21 21 -23 23 -25 -26
leaf_value=-0.0034833083077328215 0.0027686569132993263 0.020418157156944786 -0.020592582530845078 -0.0078696353739650306 0.00034358011550166153 -0.00077072321995907912 0.0055059863596273366 -0.038254014623107943 -0.0022452180047707166 -0.010600242922805187 -0.0058816373069605268 -0.014951733708265393 0.0065301902359590665 -0.0042463598922103931 -0.0044964126872017096 0.011088822982252562 -0.0069810394734606583 -0.00080039094939358014 -0.00047100716816951657 0.0091840838752496948 -5.163586900954941e-06 0.033449614987195148 0.00012182948261197904 -0.00096211556300351386 8.3496471700535946e-05
leaf_weight=0.060006817569956517 0.09185186914692145 0.52350503481284283 0.45689584731007893 0.31534027578891255 0.032457504712510854 0.017752564875990973 0.10897943560848944 0.872850510670105 0.03876913312706165 0.2379127303356654 0.1284382425365036 0.21094574892777029 0.45134735916508362 0.11684294305450749 0.083855307508201804 0.32262825657380745 0.11287857264687773 0.029533083987189457 0.043710570040275343 0.32686591213860083 0.014941678440663964 0.40617047948035179 0.017135521375166718 0.028521575484774075 0.021969920853734948
leaf_count=17 110 89 233 369 30 19 33 299 46 725 30 2 646 141 416 68 4 26 69 264 4 775 43 61 47
internal_value=-0.00859668 0.00582858 -0.00500094 0.0112875 0.026644 -0.0253346 -0.0309796 -0.034927 0.0301896 -0.00428697 -0.0143001 -0.00375876 0.00483198 0.00348745 0.000296268 0.00867842 0.00109225 0.00706426 0.00779649 0.00853251 0.0325993 0.0330942 0.00453856 -0.000827843 -0.000672367
internal_weight=5.07211 3.07432 2.52198 0.838845 0.552346 1.99778 1.20319 0.964702 0.492339 0.794588 1.68313 1.22624 1.01529 0.556675 0.238492 0.886854 0.564226 0.439832 0.410299 0.370576 0.45357 0.421112 0.154637 0.0456571 0.0397225
internal_count=4566 2313 1441 458 872 2253 962 409 855 1291 983 750 748 566 553 718 650 425 399 333 809 779 137 104 66
is_linear=0
shrinkage=0.06


Tree=177
num_leaves=9
num_cat=0
split_feature=1 3 11 13 11 3 7 3
split_gain=0.20682 0.268171 0.273087 0.188628 0.307795 0.152606 0.112069 0.0199227
threshold=0.97916650000000016 0.21820300000000001 0.12701600000000005 1.0000000180025095e-35 0.90454550000000011 0.2715260000000001 1.5000000000000002 0.43645550000000005
decision_type=10 8 10 10 10 10 2 10
left_child=-1 2 -2 6 -5 -3 -4 -7
right_child=1 5 3 4 -6 7 -8 -9
leaf_value=-0.028077710837751704 -0.018006091384612621 -0.033424533755073704 0.0011875358718195889 0.015109371572897205 -0.022368560609854003 0.0076049394494103213 0.029301412044395122 -0.0039746724990674734
leaf_weight=0.83949182419019042 0.47489373618736896 0.27121330813679367 0.81181966347503476 0.65881630108924583 0.53655538691964466 0.2050954732549144 0.94137852641142672 0.13957528996979818
leaf_count=1952 29 65 248 26 100 63 2015 65
internal_value=-0.0112829 -0.00291341 0.00523861 0.0125944 -0.00423931 -0.0234265 0.021443 0.00344712
internal_weight=4.87884 4.03935 3.42346 2.94857 1.19537 0.615884 1.7532 0.344671
internal_count=4563 2611 2418 2389 126 193 2263 128
is_linear=0
shrinkage=0.06


Tree=178
num_leaves=14
num_cat=0
split_feature=3 13 8 2 5 11 2 2 5 11 4 8 11
split_gain=0.3927 0.397587 0.41639 0.17192 0.1363 0.0829545 0.118661 0.0604278 0.0155547 0.00937269 0.00484584 0.00406789 0.000538458
threshold=0.18372050000000004 1.0000000180025095e-35 0.98000000000000009 192.75000000000003 2.5000000000000004 0.67333350000000014 64.500000000000014 151924.50000000003 1.5000000000000002 0.35857150000000004 2.5000000000000004 0.49242400000000003 0.85357150000000004
decision_type=8 10 10 8 2 10 10 10 2 10 2 10 10
left_child=1 2 4 8 -1 6 -3 -2 -4 -5 -11 -9 -12
right_child=7 5 3 9 -6 -7 -8 11 -10 10 12 -13 -14
leaf_value=0.03813955459933497 -0.034876505594664882 0.011109404770979544 0.015523765661854913 -0.017725112869853159 -0.0046180366855703842 -0.024792656501845124 -0.013680478434475528 0.002954950602873234 -0.0015698231852994422 -0.00489367328583829 -0.00047575536495571714 -0.0023235037643403074 0.0019192665947363142
leaf_weight=0.82701063840067979 0.58875948564673297 0.50605955638457067 0.33535623955685845 0.28446204251667939 0.083185183277237229 0.64008284258306958 0.29197189224214526 0.10570067501976155 0.026725140516646206 1.0608756936417192 0.027234844099439326 0.040743424142419826 0.055413423346180934
leaf_count=1255 725 16 489 189 110 427 466 95 12 430 89 92 164
internal_value=-0.00743755 0.00211666 0.0141832 -0.00437179 0.03386 -0.0170646 -0.000524667 -0.0314437 0.0140359 -0.0128978 -0.00398799 0.000740655 0.00141958
internal_weight=4.87358 4.13838 2.70026 1.79007 0.910196 1.43811 0.798031 0.735204 0.362081 1.42799 1.14352 0.146444 0.0826483
internal_count=4559 3647 2738 1373 1365 909 482 912 501 872 683 187 253
is_linear=0
shrinkage=0.06


Tree=179
num_leaves=16
num_cat=0
split_feature=3 11 13 2 11 12 2 1 2 2 2 9 9 9 9
split_gain=0.414452 0.256782 0.277556 0.341462 0.217751 0.216544 0.178721 0.0554511 0.0430185 0.0257159 0.0178095 0.0115464 0.00144043 0.001084 7.94776e-05
threshold=0.18372050000000004 0.19782600000000003 1.0000000180025095e-35 672643.50000000012 0.67333350000000014 2.5000000000000004 52.500000000000007 0.49418600000000007 151924.50000000003 27.750000000000004 315.75000000000006 1.0743295000000004 5.8390115000000007 1.0691190000000004 0.28432200000000007
decision_type=8 10 10 10 10 2 10 10 10 10 8 8 8 10 10
left_child=1 9 3 5 6 7 -4 -3 10 -1 -2 13 -10 14 -12
right_child=8 2 4 -5 -6 -7 -8 -9 12 -11 11 -13 -14 -15 -16
leaf_value=0.0018491517143671714 -0.00046406527590554889 -0.0022546848371141526 0.020839669600859274 -0.014767876057605498 -0.02236281525197456 -0.0078896712629374418 -0.011515757076696605 0.03323075720044235 -0.0014398002774401546 -0.020416571345195277 6.3150460916650065e-05 -0.035037868286035445 0.0016957547958492652 0.0010351368476652751 -0.0019007277438453075
leaf_weight=0.037730634678155073 0.089934138784883433 0.039008715219097767 0.46626409376040123 0.20913230947917316 0.55399749347998295 0.1777604120215982 0.23425042175222188 1.9502939913509181 0.030698962473252323 0.39314706560253398 0.012806889310013503 0.44725100100185955 0.10781773093913216 0.021465587429702282 0.051490679412381724
leaf_count=2 31 90 12 2 413 245 313 2224 80 316 16 535 102 3 138
internal_value=-0.00482233 0.00466581 0.0108279 0.0203037 -0.00816524 0.0272826 0.0096107 0.0320134 -0.0293489 -0.0185371 -0.0320969 -0.03365 0.00034658 -0.000807986 -0.00181776
internal_weight=4.82305 4.06159 3.63071 2.3762 1.25451 2.16706 0.700515 1.9893 0.761465 0.430878 0.622948 0.533014 0.138517 0.0857632 0.0642976
internal_count=4522 3617 3299 2561 738 2559 325 2314 905 318 723 692 182 157 154
is_linear=0
shrinkage=0.06


Tree=180
num_leaves=32
num_cat=0
split_feature=3 6 13 2 8 2 8 2 4 3 8 2 3 8 8 2 8 1 12 11 8 6 8 4 8 8 2 6 2 2 2
split_gain=0.57744 0.404395 0.196719 0.132703 0.0741793 0.0717806 0.0517594 0.0483802 0.043217 0.0418433 0.061047 0.0223668 0.0211946 0.0190832 0.0100017 0.0096738 0.00798657 0.00698568 0.00653066 0.00193979 0.000580511 0.000457369 0.000170943 9.95614e-05 5.01795e-05 4.49328e-05 0.00029259 9.9535e-05 3.04758e-05 9.37067e-06 2.82182e-07
threshold=1.0000000180025095e-35 9.5000000000000018 1.0000000180025095e-35 52.500000000000007 1.2752525000000003 672643.50000000012 0.18898800000000002 372.75000000000006 1.5000000000000002 0.2715260000000001 0.64852950000000009 26.250000000000004 0.33482000000000006 0.35912700000000003 0.85449750000000013 1687.5000000000002 0.095454500000000012 0.97916650000000016 2.5000000000000004 0.30495200000000006 0.35214600000000007 10.500000000000002 0.49242400000000003 18.500000000000004 0.56385850000000015 0.31698550000000009 21776.250000000004 38.500000000000007 49100.250000000007 1005.7500000000001 1244.2500000000002
decision_type=8 2 8 10 10 10 8 8 2 10 8 10 8 10 10 8 10 10 2 10 10 2 10 2 10 10 10 2 10 10 10
left_child=1 2 4 -4 5 -1 16 11 -3 10 20 -8 -11 -10 -13 29 -2 -6 19 -15 25 -21 -22 -18 -24 26 -9 -28 -23 -12 -31
right_child=6 8 3 -5 17 -7 7 9 13 12 15 14 -14 18 -16 -17 23 -19 -20 21 22 28 24 -25 -26 -27 27 -29 -30 30 -32
leaf_value=0.040544965481291842 -0.0031165762474755733 -0.017676028388359449 0.012779662462087013 -0.014303414137127369 -0.0040899961748196633 -0.0023406816898930861 -0.0073788276008505162 -0.00070428370099693313 -0.0047770885594699752 0.0048717590810453525 -0.000192584453122797 0.00665383688196294 -0.0067519670539812884 -0.00035965485738321775 -0.0023485689328464582 -0.036660794251587706 0.0042071137326230154 0.0028989032069987584 -0.0014287905777511062 -4.8253329781813999e-05 0.0011289244228819854 0.0082000028977672855 -0.00044559306810545014 3.0502554140839071e-05 0.00019829622247233964 -0.0012156153425071457 0.00091983901718033808 -0.00018720968065937118 4.6136485767515087e-05 9.1396758660539207e-05 -5.0860372080179668e-06
leaf_weight=0.87559665889421012 0.11360166448866982 0.3893420860331388 0.30117124691605579 0.30985694414994214 0.07220106542808935 0.038885802030563354 0.32319481519516524 0.027019198183552362 0.095975728523626458 0.14343297546292888 0.012102353692171164 0.16649721277644858 0.16814562951185508 0.01860065279470291 0.087236819585086778 0.63646198222704697 0.095665104541694745 0.049540964420884848 0.024210798132116906 0.013067272004263941 0.049991917723673396 0.16555889476876473 0.02990120834147092 0.035930794110754505 0.013857878424460068 0.046487429368426092 0.025244571588700637 0.015510313300183043 0.013044956205703784 0.0098173295991728082 0.010378919971117284
leaf_count=1152 58 145 10 300 107 1 7 32 50 90 38 65 354 26 48 978 100 4 38 41 132 344 71 15 49 36 88 29 57 28 34
internal_value=-0.00335128 0.0142845 0.0265047 -0.0013078 0.0354929 0.0384513 -0.0219627 -0.0243335 -0.0128317 -0.028667 -0.0321918 -0.00288878 -0.00176638 0.00187164 0.00415418 -0.0360158 0.000940061 -0.00119705 0.00625826 0.00759259 -0.000260762 0.00801852 0.000847989 0.00410145 -0.000247061 -0.00111508 2.77528e-05 0.000723462 0.0081489 -0.000104388 8.54298e-05
internal_weight=4.37753 2.36705 1.64725 0.611028 1.03622 0.914482 2.01048 1.76528 0.7198 1.18835 0.876773 0.576929 0.311579 0.330458 0.253734 0.668761 0.245198 0.121742 0.234483 0.210272 0.208013 0.191671 0.093751 0.131596 0.0437591 0.114262 0.0677741 0.0407549 0.178604 0.0322986 0.0201962
internal_count=4527 2275 1574 310 1264 1153 2252 2079 701 1959 1515 120 444 556 113 1078 173 111 506 468 437 442 252 115 120 185 149 117 401 100 62
is_linear=0
shrinkage=0.06


Tree=181
num_leaves=23
num_cat=0
split_feature=8 2 6 2 11 6 3 0 13 3 2 8 3 8 6 8 8 6 8 8 8 8
split_gain=0.370387 0.28953 0.182965 0.144923 0.074617 0.0638217 0.0511525 0.0269111 0.017281 0.0135113 0.0129493 0.00781116 0.00196091 0.00133041 0.00144948 0.000989002 0.00883532 0.000976473 0.000692065 0.000635051 0.000142616 2.83055e-05
threshold=0.31009600000000009 52.500000000000007 10.500000000000002 19.500000000000004 0.9900000000000001 20.500000000000004 0.2715260000000001 0.94233850000000008 1.0000000180025095e-35 0.35024200000000005 39.750000000000007 0.65450900000000012 0.068897000000000014 0.32843100000000008 24.500000000000004 1.9705880000000002 2.0312500000000004 23.500000000000004 0.95346300000000006 0.56385850000000015 0.53452350000000004 0.39642850000000007
decision_type=8 8 2 10 10 2 10 10 10 10 10 8 10 10 2 10 10 2 10 10 10 10
left_child=2 3 -1 -2 -5 6 11 -4 -9 -8 -6 19 13 -7 18 -13 -17 -14 -15 -3 -19 -11
right_child=1 5 7 4 10 12 9 8 -10 21 -12 15 17 14 -16 16 -18 20 -20 -21 -22 -23
leaf_value=0.030924461052875881 -0.010081526575445246 -0.0024613701580603643 -0.010082530192981918 0.021641857192841656 0.0031150925544051237 -0.00077868086128624677 0.0048996655427064146 0.0074562222207416214 -0.0037881437341527749 -2.480306358038323e-05 -0.0068144474048723461 -0.028348756789585396 0.00077066732094862591 0.00083062307467751792 0.0035945575892330391 0.0022915166494556632 -0.0057731941203149765 7.6910746472352512e-05 -0.0014584635072339913 0.00043038708143963088 -0.0023068972054446609 -0.0044761024351767948
leaf_weight=0.28642406997823844 0.3922935177106408 0.19874820879340527 0.19645185323315673 0.59195174530032091 0.057241515089117456 0.020454365454497636 0.13020857005176356 0.13990961600211449 0.0668080048635602 0.016424108063802123 0.15578619800362503 1.9056054272950862 0.027475359325762838 0.021984572631481569 0.15216335166041972 0.153584242609213 0.1062404791082372 0.030528711198712699 0.031647545336454641 0.021710379754949827 0.04518852912588045 0.093838975932158064
leaf_count=148 16 324 72 99 287 17 80 199 13 4 71 1568 51 78 285 109 554 66 44 117 95 258
internal_value=-0.0066487 -0.0137827 0.0190442 0.00720607 0.0165487 -0.0219568 -0.0242689 -0.00541992 0.00369448 0.000496826 -0.00377785 -0.0261746 0.000865875 0.00219464 0.00289086 -0.0272043 -0.00297111 -0.00139599 -0.000622358 -0.00205729 -0.00216775 -0.00443259
internal_weight=4.84267 4.15308 0.689594 1.19727 0.804979 2.9558 2.62636 0.403169 0.206718 0.240472 0.213028 2.38589 0.329442 0.22625 0.205795 2.16543 0.259825 0.103193 0.0536321 0.220459 0.0757172 0.110263
internal_count=4555 4123 432 473 457 3650 3014 284 212 342 358 2672 636 424 407 2231 663 212 122 441 161 262
is_linear=0
shrinkage=0.06


Tree=182
num_leaves=27
num_cat=0
split_feature=8 2 11 7 12 8 9 2 6 2 2 8 8 8 8 2 8 9 3 8 2 11 8 9 2 9
split_gain=0.378118 0.383238 0.196861 0.146978 0.135398 0.122157 0.0631371 0.055356 0.0175382 0.0216185 0.0870431 0.0223731 0.012665 0.0113372 0.00705496 0.00531043 0.00232216 0.00183486 0.00155622 0.00098767 0.000905882 0.000747137 0.000628351 0.00030348 0.000228195 0.000211142
threshold=0.31009600000000009 52.500000000000007 0.89897950000000015 24.500000000000004 1.5000000000000002 0.71008400000000005 0.68900850000000013 160.50000000000003 24.500000000000004 83427.000000000015 672643.50000000012 1.0557280000000002 0.98000000000000009 0.65450900000000012 0.91987200000000013 2044.5000000000002 0.33809500000000009 0.22829350000000001 0.44541150000000002 0.52786400000000011 111947.25000000001 0.19782600000000003 0.36515150000000007 0.66214050000000013 192.75000000000003 0.62675950000000014
decision_type=8 8 10 2 2 10 8 10 2 10 10 10 10 8 8 10 10 10 10 10 10 10 10 10 10 10
left_child=2 3 -1 4 5 -2 14 -4 9 13 11 12 22 19 16 24 -3 -16 -9 -8 23 -7 -11 -18 -10 -19
right_child=1 6 7 -5 -6 21 8 18 15 10 -12 -13 -14 -15 17 -17 20 25 -20 -21 -22 -23 -24 -25 -26 -27
leaf_value=-0.008775264668507296 -0.006112212168754811 -0.00094538757699348663 -0.002446941970736337 -0.011224245656580627 -0.0080859628587347139 0.00070749857750730281 -0.0017885691997942491 0.032265919991036576 -0.00012594734525370218 0.0005771182870510104 -0.01593725944212375 -0.0035452864309690048 0.011610727579379877 -0.031324193381951582 0.00076842205498110663 -0.0036360871196409188 0.0045849174282224427 -0.0041413721197709726 0.00054585864341513788 0.00095386024332349184 -0.00033795166335571906 0.027915812142459136 -0.0017754246329746621 -9.291705840374006e-05 0.0025589390924888483 5.8888513640456166e-05
leaf_weight=0.19154286067350756 0.10056424699723698 0.02410148971830528 0.041072957566939294 0.20073829946340982 0.13982946099713445 0.056834356626495719 0.082155635223899126 0.38913376009440981 0.027350082324119174 0.058901953903841675 0.2466136653238209 0.096058037037437316 0.2601169130357448 1.5878092303028097 0.01935271815455053 0.089807326978188939 0.15115553876967169 0.14473764540889533 0.040666303713805974 0.021931548988504801 0.011506798837217502 0.77522812639654148 0.088900168811960611 0.011438596062362194 0.073805912652460393 0.016018318572605494
leaf_count=121 3 25 7 6 4 3 123 281 18 51 16 296 51 1715 58 185 450 233 31 65 23 444 105 26 125 56
internal_value=-0.00682057 -0.0138035 0.0194814 0.00918697 0.0165799 0.0225485 -0.0233898 0.0291271 -0.0258186 -0.0268604 -0.0059664 0.00626531 0.00945276 -0.0304699 -1.71947e-05 -0.00112869 0.00323314 -0.0033028 0.0317455 -0.000870158 0.00412412 0.0274579 -0.0011519 0.00445897 0.00237788 -0.00403268
internal_weight=4.94737 4.28496 0.662416 1.27319 1.07246 0.932627 3.01176 0.470873 2.63345 2.44249 0.750591 0.503977 0.407919 1.6919 0.378311 0.190963 0.198202 0.180109 0.4298 0.104087 0.174101 0.832062 0.147802 0.162594 0.101156 0.160756
internal_count=4521 4081 440 460 454 450 3621 319 2750 2422 519 503 207 1903 871 328 524 347 312 188 499 447 156 476 143 289
is_linear=0
shrinkage=0.06


Tree=183
num_leaves=31
num_cat=0
split_feature=3 6 13 11 2 8 2 6 2 3 8 9 9 2 3 5 8 2 2 2 6 8 6 2 2 3 2 2 2 3
split_gain=0.489936 0.356219 0.159562 0.139438 0.104221 0.052636 0.0573933 0.0484955 0.0469883 0.0425167 0.060795 0.0305044 0.0276983 0.026038 0.0257239 0.0118494 0.00460648 0.00452223 0.00447213 0.000769055 0.000518785 0.000420072 0.000366484 0.000333056 0.000191801 0.00018745 2.19832e-05 1.71384e-05 1.47063e-05 2.08254e-06
threshold=1.0000000180025095e-35 9.5000000000000018 1.0000000180025095e-35 0.71198150000000016 1244.2500000000002 1.3827835000000002 672643.50000000012 1.5000000000000002 148.50000000000003 0.2715260000000001 0.64852950000000009 2.1663775000000003 0.29596200000000006 212.25000000000003 0.33482000000000006 1.5000000000000002 0.91987200000000013 157372.50000000003 4679.2500000000009 2928.0000000000005 13.500000000000002 0.40312500000000007 30.500000000000004 261313.50000000003 20631.000000000004 0.51922900000000005 36555.750000000007 72789.000000000015 1687.5000000000002 0.40119250000000006
decision_type=8 2 10 10 8 10 10 2 10 10 8 10 8 10 10 2 10 10 10 8 2 10 2 10 10 10 10 10 10 10
left_child=1 2 5 -4 7 6 -1 -2 -9 10 21 12 -3 -14 -11 -7 -10 -16 22 28 -20 23 -15 -6 -23 29 -26 -28 -12 -19
right_child=4 11 3 -5 9 15 -8 8 16 14 19 -13 13 18 17 -17 -18 25 20 -21 -22 24 -24 -25 26 -27 27 -29 -30 -31
leaf_value=0.034910871029831633 0.008925617529797843 0.0024192950838451714 0.012330335663695216 -0.014550410991969352 -0.0018669949168399747 0.0042457532483059536 -0.0022417071109446822 -0.012456342625880147 0.0064904155020007407 0.0050894895538099814 6.1596667909295658e-05 0.002917063834183828 -0.020383997318185694 0.0031171887214878052 -0.0085913527617746954 -0.0046594569348697547 -0.0011657108005777156 9.5810837671849866e-06 0.00030422520314725041 -0.035664927599427576 -0.0028132901028910841 0.00082795413471143081 -0.00019330992207361046 0.00029620734291556134 -0.00048310992681083377 -0.00034257388490286104 0.00021668455921558969 -0.00014063907146997815 -0.00041407584696957821 0.00096094439234908923
leaf_weight=1.03347247644706 0.18176212771504685 0.040437235198623855 0.48898722032026842 0.30266576998110395 0.19680459270603001 0.074409165885299333 0.037251736968755611 0.39937629167980049 0.13778544156230055 0.15659391351800878 0.011106901867606211 0.060086449913796969 0.41786334560310934 0.089339723912416957 0.19567762291990221 0.081917193892877549 0.030034662268008105 0.028859467071015388 0.018572751614556182 0.59414078574627638 0.1005084622229333 0.02909865636320319 0.011438424036896322 0.021790114216855727 0.017704609083011746 0.023460502954549156 0.014704775268910453 0.0097694468422560021 0.011047857064113487 0.031420105471624993
leaf_count=1189 21 35 109 214 285 5 1 39 113 99 36 34 67 284 295 103 81 27 89 886 200 68 17 30 39 46 50 28 64 39
internal_value=-0.00315093 0.0119013 0.0223907 -0.000331878 -0.020426 0.030617 0.0331599 -0.000399767 -0.00717659 -0.0266591 -0.0307973 -0.0131617 -0.0154756 -0.0173947 -0.00260139 -0.00041465 0.00529532 -0.00752069 0.000339369 -0.0353965 -0.0024897 -0.00115789 0.00290718 -0.00158524 0.000409083 0.000600129 -0.000397058 7.59978e-05 -0.000348646 0.000944086
internal_weight=4.84809 2.75695 2.0187 0.791653 2.09114 1.22705 1.07072 0.748959 0.567196 1.34218 0.906168 0.738246 0.67816 0.637723 0.436012 0.156326 0.16782 0.279418 0.219859 0.616296 0.119081 0.289872 0.100778 0.218595 0.0712775 0.0837401 0.0421788 0.0244742 0.0221548 0.0602796
internal_count=4593 2347 1621 323 2246 1298 1190 254 233 1992 1486 726 692 657 506 108 194 407 590 986 289 500 301 315 185 112 117 78 100 66
is_linear=0
shrinkage=0.06


Tree=184
num_leaves=11
num_cat=0
split_feature=13 11 2 5 12 11 2 3 8 7
split_gain=0.47224 0.331934 0.330649 0.194471 0.108519 0.0981189 0.129471 0.0804187 0.0612867 0.0231919
threshold=1.0000000180025095e-35 0.35857150000000004 672643.50000000012 2.5000000000000004 2.5000000000000004 0.67333350000000014 52.500000000000007 0.58773400000000009 1.9705880000000002 1.5000000000000002
decision_type=8 10 8 2 2 8 8 10 10 2
left_child=1 9 3 4 7 6 -2 8 -3 -1
right_child=5 2 -4 -5 -6 -7 -8 -9 -10 -11
leaf_value=0.0019940255414713851 0.010835874958168283 0.0373199060074648 -0.014271259176865152 -0.0076010674338979874 -0.0038573003349849332 -0.027788539954596955 -0.014749587857345531 -0.0028741634348347683 -0.00026873977058117313 -0.017935106960621439
leaf_weight=0.033053334802389478 0.5509866675129157 1.8498123200770367 0.20601767725747766 0.14481574070669001 0.094793552227201761 0.78636026753520138 0.32344211546296719 0.059337619633879402 0.15015526418574143 0.33624332931503886
leaf_count=1 16 2360 17 325 14 625 757 8 14 428
internal_value=-0.000252075 0.0131533 0.0207892 0.0273048 0.0313173 -0.0196762 -0.00144787 0.0336681 0.0353489 -0.0159978
internal_weight=4.53502 2.87423 2.50493 2.29891 2.1541 1.66079 0.874429 2.05931 1.99997 0.369297
internal_count=4565 3167 2738 2721 2396 1398 773 2382 2374 429
is_linear=0
shrinkage=0.06


Tree=185
num_leaves=14
num_cat=0
split_feature=8 2 2 9 2 13 8 8 0 8 9 9 9
split_gain=0.313458 0.311417 0.185285 0.0994154 0.0941244 0.0908707 0.025097 0.0248904 0.013932 0.00794567 0.00132337 0.00135561 0.000722041
threshold=0.31009600000000009 39.750000000000007 53838.750000000007 1.2295455000000002 19.500000000000004 1.0000000180025095e-35 0.33809500000000009 0.95346300000000006 0.98943100000000006 0.35912700000000003 0.14276400000000003 1.2016285000000002 0.54246000000000005
decision_type=8 8 10 8 10 10 8 8 10 10 10 10 8
left_child=2 4 8 7 -2 -4 -5 9 -1 -3 -9 -12 -10
right_child=1 3 5 6 -6 -7 -8 10 12 -11 11 -13 -14
leaf_value=-0.010618800747940251 -0.0060896998201663728 -0.0019916003495527093 0.031122151219847433 0.0005512848972900067 0.017664113348547398 -0.0040491845111633451 -0.028290732351995321 0.0002816908561432144 -0.00049368855342470379 0.0063544629359057634 -0.0073293216666150416 0.00028260751445127128 0.002438019184131919
leaf_weight=0.20876109454547975 0.36049791221739758 0.048887027231103608 0.35512260156974662 0.073492587762303052 0.47800972198092495 0.071985669143032283 2.0513620091551275 0.015358484197349753 0.030585659231292084 0.36294979096419411 0.35604171962768305 0.013200882589444518 0.051440428222122137
leaf_count=79 18 53 233 67 370 26 1670 34 43 950 902 27 56
internal_value=-0.00796917 -0.0148547 0.0157476 -0.0225763 0.00969412 0.0265107 -0.027436 -0.00155567 -0.00835223 0.00465482 -0.00676477 -0.00704954 0.00189889
internal_weight=4.4777 3.7598 0.717895 2.92129 0.838508 0.427108 2.12485 0.796438 0.290787 0.411837 0.384601 0.369243 0.0820261
internal_count=4528 4091 437 3703 388 259 1737 1966 178 1003 963 929 99
is_linear=0
shrinkage=0.06


Tree=186
num_leaves=20
num_cat=0
split_feature=3 2 11 2 13 2 4 1 2 6 2 2 2 3 7 2 4 2 6
split_gain=0.34492 0.209756 0.249079 0.1507 0.126457 0.179242 0.0695417 0.0988613 0.0550925 0.0339023 0.0270445 0.0229736 0.0175442 0.00589911 0.00371072 0.00173231 0.00172243 0.000545051 0.000191218
threshold=1.0000000180025095e-35 672643.50000000012 0.12701600000000005 1594.5000000000002 1.0000000180025095e-35 52.500000000000007 1.5000000000000002 0.97916650000000016 27648.000000000004 3.5000000000000004 52.500000000000007 35971.500000000007 26.250000000000004 0.00027050000000000007 23.500000000000004 261313.50000000003 15.500000000000002 312018.00000000006 24.500000000000004
decision_type=8 10 10 8 10 10 2 10 10 2 10 10 10 10 2 10 2 10 2
left_child=1 2 10 9 6 -6 -4 -8 -5 -2 -1 -10 -11 -14 16 -13 -15 -17 -16
right_child=3 -3 4 8 5 -7 7 -9 11 12 -12 15 13 14 18 17 -18 -19 -20
leaf_value=0.0024977282335777629 0.0092096808454820191 -0.015229640933463677 0.03437374460963008 -0.032723215300823019 0.014619346646632801 -0.01543450529429115 -0.010940828857304068 0.013153612474193381 0.0044470125944069032 -0.0086149764421093004 -0.015339649704617991 -0.0080559291545631937 -0.002130632030082678 0.0062087959497172584 -0.0013111037920649231 0.0010004048173552181 -0.00036660968889315378 -0.00093464543659649768 0.00024789888046720867
leaf_weight=0.082937791943550887 0.22588316223846017 0.23644200999842713 0.80775279083172813 0.64582057679217542 0.5293361973017453 0.34260969218303217 0.2001960905326996 0.28043033486392233 0.11231502038572216 0.15490744297858328 0.24677707707451191 0.45015463614254259 0.044299009045062121 0.12728009613056201 0.022317652139463462 0.023612046752532478 0.043416225991677493 0.073899160386645235 0.02180372501607053
leaf_count=3 60 5 788 850 12 309 79 1020 98 4 90 874 15 107 67 48 26 107 21
internal_value=-0.00417691 0.00865024 0.0146318 -0.018986 0.0213541 0.000873625 0.028776 0.00250647 -0.0262694 0.00283244 -0.0123487 -0.00404556 -0.00469939 0.00262442 0.00455168 -0.00753524 0.00565179 1.85068e-05 -0.00104112
internal_weight=4.67219 2.72648 2.49004 1.94571 2.16033 0.871946 1.28838 0.480626 1.3058 0.639907 0.329715 0.659981 0.414024 0.259117 0.214818 0.547666 0.170696 0.0975112 0.0441214
internal_count=4583 2306 2301 2277 2208 321 1887 1099 1977 300 93 1127 240 236 221 1029 133 155 88
is_linear=0
shrinkage=0.06


Tree=187
num_leaves=20
num_cat=0
split_feature=2 2 12 6 3 9 4 9 9 2 12 3 9 2 3 9 9 6 2
split_gain=0.279761 0.0835271 0.0862177 0.0596536 0.0867974 0.015269 0.0137813 0.0131828 0.00496735 0.0055405 0.00228761 0.00223574 0.00136909 0.00114976 0.000650919 0.000299444 0.000259489 0.000126131 5.68203e-05
threshold=52.500000000000007 19.500000000000004 1.5000000000000002 16.500000000000004 0.27697050000000006 0.11410900000000002 14.500000000000002 0.21190900000000004 1.2295455000000002 83427.000000000015 1.0000000180025095e-35 0.36631450000000004 2.0302095000000002 276.75000000000006 0.54199800000000009 0.52609050000000013 2.0302095000000002 27.500000000000004 218.25000000000003
decision_type=8 10 2 2 10 10 2 8 10 8 2 10 10 10 10 8 10 2 10
left_child=1 -1 10 4 7 11 8 -2 9 13 -3 -6 15 -5 -13 -8 17 -10 -18
right_child=3 2 -4 6 5 -7 12 -9 16 -11 -12 14 -14 -15 -16 -17 18 -19 -20
leaf_value=-0.0054257238727629335 0.00047680754175993714 0.00040649466029406181 -0.0059194337768866435 -0.0002402132455605815 0.0068081999243671384 -0.0040063934682743061 3.882450027417699e-05 -0.025620195795291695 -0.0018009181684985576 -0.0013839238949981813 0.021501352187725978 0.00088996180398733654 0.00039222751147513702 0.0068582688399289552 -0.0012610970857335822 -0.0055696238090528986 0.0004737740505952958 0.0001091790087235818 -0.00021189273644182669
leaf_weight=0.45161257602740057 0.034316788602155923 0.058385853422805667 0.097311606863513589 0.017765193762897868 0.12948861096083408 0.08450009796069935 0.021129366752575152 2.2540239333320642 0.054798532437416725 0.031229756990796886 0.5221718125831103 0.04781818350602407 0.021382199673098512 0.21760487755818758 0.029870540616684593 0.18027475295821205 0.011327477142913267 0.018775613149045967 0.014640040164522361
leaf_count=19 124 4 3 22 37 266 44 2478 153 28 432 41 48 449 39 250 8 52 54
internal_value=-0.0117182 0.00882255 0.0158913 -0.0193995 -0.0223175 0.00230599 -0.0006159 -0.0252029 0.00377326 0.0052732 0.0209793 0.00606666 -0.00501594 0.00656174 -0.000339846 -0.00543867 -0.00138624 -0.00166582 0.00025746
internal_weight=4.29843 1.12948 0.677869 3.16895 2.58002 0.291677 0.588928 2.28834 0.366141 0.2666 0.580558 0.207177 0.222786 0.23537 0.0776887 0.201404 0.0995417 0.0735741 0.0259675
internal_count=4551 458 439 4093 2985 383 1108 2602 766 499 436 117 342 471 80 294 267 205 62
is_linear=0
shrinkage=0.06


Tree=188
num_leaves=23
num_cat=0
split_feature=8 2 4 2 8 6 4 2 4 2 6 2 6 4 2 4 4 8 6 6 6 4
split_gain=0.251076 0.30948 0.205794 0.142476 0.0459762 0.0151527 0.0103226 0.00321566 0.00146908 0.00142955 0.00125855 0.00106887 0.000647039 0.000382885 0.000228279 0.000216845 0.000120898 8.41947e-05 0.000110356 0.000150168 1.48476e-05 1.89493e-06
threshold=0.31009600000000009 52.500000000000007 3.5000000000000004 19.500000000000004 0.65450900000000012 21.500000000000004 6.5000000000000009 3321.0000000000005 5.5000000000000009 66389.250000000015 3.5000000000000004 89876.250000000015 4.5000000000000009 7.5000000000000009 220813.50000000003 1.5000000000000002 19.500000000000004 0.57417600000000013 20.500000000000004 33.500000000000007 17.500000000000004 13.500000000000002
decision_type=8 8 2 10 8 2 2 10 2 10 2 10 2 2 10 2 2 10 2 2 2 2
left_child=2 3 -1 -2 7 6 -6 12 15 -4 14 -11 -3 -8 -9 -7 -10 18 -12 -20 -19 -15
right_child=1 4 9 -5 5 8 13 10 16 11 17 -13 -14 21 -16 -17 -18 20 19 -21 -22 -23
leaf_value=0.028513524256827637 -0.007523779204710649 -0.00039718452992494737 -0.0084369127714389435 0.019589057334824061 -0.023563086049628378 -0.00022154558054833461 0.00067414772463934836 -0.00036791257896339618 -0.0019960589300054617 0.0013025468521948357 -0.0029946290331708922 -0.001399048263918429 0.002781858665791415 -0.00098715765622892581 0.0010644093023251824 0.0015655933753379492 9.0462337171023918e-05 0.00017679686866010265 0.0004961873921646015 -0.00052643382062204751 -0.00014975701895208169 -3.8011858441046687e-06
leaf_weight=0.32022093499108439 0.50420994171872713 0.014125844274531452 0.2746466748212697 0.64396468871200341 2.2686971059920333 0.03565842234820582 0.033546422688232158 0.0281868455640506 0.076885556904016994 0.03874984617868904 0.14093781245901482 0.076181993179488927 0.065691458301444072 0.0494602403632598 0.05004421147168614 0.034729958417301532 0.018649645113328006 0.0096027400068123825 0.032080657343612984 0.037763504180475138 0.0090548782391124405 0.014915339190338273
leaf_count=174 19 24 167 438 2181 29 96 30 174 17 236 87 149 250 49 45 41 47 124 74 32 61
internal_value=-0.00528366 -0.0112992 0.0156378 0.00972285 -0.0199368 -0.0220891 -0.0229796 -8.81525e-05 -0.000571956 -0.00784892 -0.0020526 -0.000136879 0.00237245 -0.000312479 0.000685747 0.00129908 -0.00187797 -0.00278461 -0.00285014 -3.19751e-05 2.688e-05 -0.000976949
internal_weight=4.778 4.06821 0.709799 1.14817 2.92003 2.53254 2.36662 0.387488 0.165924 0.389579 0.307671 0.114932 0.0798173 0.097922 0.0782311 0.0703884 0.0955352 0.22944 0.210782 0.0698442 0.0186576 0.0643756
internal_count=4544 4099 445 457 3642 2877 2588 765 289 271 592 104 173 407 79 74 215 513 434 198 79 311
is_linear=0
shrinkage=0.06


Tree=189
num_leaves=18
num_cat=0
split_feature=2 0 12 2 2 13 6 6 8 6 6 3 2 3 2 6 6
split_gain=0.213898 0.0826183 0.0823415 0.0497347 0.0686881 0.119583 0.0450202 0.0279178 0.00909111 0.00905207 0.00589987 0.00324754 0.00230826 0.0012086 0.000319744 7.2582e-05 0.000120894
threshold=52.500000000000007 0.99995650000000014 1.5000000000000002 24692.250000000004 672643.50000000012 1.0000000180025095e-35 16.500000000000004 2.5000000000000004 1.0557280000000002 36.500000000000007 1.5000000000000002 0.39179650000000005 120.75000000000001 9.5000000000000022e-06 16384.500000000004 21.500000000000004 19.500000000000004
decision_type=8 10 2 10 10 10 2 2 10 2 2 10 10 10 10 2 2
left_child=1 -1 -3 6 5 8 7 10 11 12 -2 -5 -8 -10 15 16 -14
right_child=3 2 -4 4 -6 -7 9 -9 13 -11 -12 -13 14 -15 -16 -17 -18
leaf_value=-0.0054848503880099821 -0.004520763291025227 0.020683309664453382 -0.0058030876348021277 0.013337064665189828 -0.014696775873554691 -0.012214362105285556 -0.0010784629811679983 -0.028528480116925502 0.0011555138487780265 -0.0047227950963854752 0.0019143339535956892 -5.8802929984948666e-05 0.00049534640512653076 -0.0017420444466321205 -0.0001244077292075433 0.0038660522926381507 -0.00042752896316667949
leaf_weight=0.50979707564692922 0.21294671264331588 0.48533742426297977 0.094664625823497772 0.76435799497994572 0.23115524194145098 0.2545078847615514 0.019089481385890283 1.0175928104508782 0.099591771795530804 0.16208357059076661 0.15746586138266139 0.058564190054312348 0.028726999844366219 0.029896506544901058 0.015168613485002425 0.20051175818662159 0.026160354274907149
leaf_count=19 273 460 1 791 17 607 6 1212 50 100 176 43 128 185 61 347 74
internal_value=-0.0106586 0.00769847 0.0154236 -0.0171348 -0.00429497 0.00345394 -0.0221245 -0.0254717 0.0117524 -0.00137871 -0.00238444 0.0128744 0.00270363 -0.000463513 0.00360926 0.00375347 6.71758e-05
internal_weight=4.36762 1.0898 0.580002 3.27782 1.43807 1.20692 1.83975 1.38801 0.95241 0.451741 0.370413 0.822922 0.289657 0.129488 0.270568 0.255399 0.0548874
internal_count=4550 480 461 4070 1693 1676 2377 1661 1069 716 449 834 616 235 610 549 202
is_linear=0
shrinkage=0.06


Tree=190
num_leaves=26
num_cat=0
split_feature=3 2 13 2 2 8 1 8 8 2 2 8 9 9 6 9 9 2 6 8 8 8 8 6 9
split_gain=0.405491 0.219398 0.26041 0.117545 0.071844 0.0661665 0.0646007 0.0444574 0.0339262 0.0393421 0.0376754 0.0259592 0.0315819 0.0167515 0.00525449 0.00481435 0.0028498 0.00281354 0.0010292 0.000776403 0.000763048 0.000789225 0.000699443 0.000491607 0.000168845
threshold=1.0000000180025095e-35 563536.50000000012 1.0000000180025095e-35 52.500000000000007 2104.5000000000005 0.49242400000000003 0.49418600000000007 0.17156900000000003 1.5590280000000003 77986.500000000015 79908.750000000015 0.35214600000000007 1.0216220000000003 0.61996650000000009 22.500000000000004 0.74047050000000014 1.7309415000000001 43210.500000000007 23.500000000000004 0.33809500000000009 0.39642850000000007 0.095454500000000012 0.91987200000000013 5.5000000000000009 2.0026645000000003
decision_type=8 10 10 10 8 8 10 10 10 8 10 10 8 8 2 10 10 10 2 10 10 10 10 2 10
left_child=1 2 6 -4 11 15 -1 -8 9 -9 -11 -2 22 23 -15 17 -14 19 -16 -6 21 -19 -13 -7 -18
right_child=4 -3 3 -5 5 13 7 8 -10 10 -12 12 16 14 18 -17 24 20 -20 -21 -22 -23 -24 -25 -26
leaf_value=-0.0029404870272801129 -0.0075863092526952175 -0.014638526662566279 0.007949195437750179 -0.016378203249014251 -0.0020853215800891852 -0.00089795604446706511 -0.0019274042062504141 0.037036413763405433 0.00017713617024361686 -0.0066389452241529248 0.0089577308814911272 2.9304012202160342e-06 0.010031051342639983 -0.033388178315312322 0.001054693906681831 -0.0038993660657568115 0.0004338611508432704 -0.00030929361871637266 -0.0017073642309056107 0.00064245795567164548 -0.00034661231106889004 0.0037881464913585333 -0.0052001978770427415 0.00096019147426511112 -0.00068094405402936004
leaf_weight=0.051441625051666828 0.14783690801414162 0.23157172765786516 0.61387543566524971 0.37171317626780365 0.069638426110031904 0.018762350919132698 0.034990952975931466 0.76830278175839306 0.12832654194789928 0.11245947297720715 0.17436943705251906 0.10044254445529077 0.25934708408021834 0.55961900893817074 0.021003664078307338 0.10906805930426344 0.024117348031722941 0.033859236951684579 0.038129944026877638 0.019972688867710531 0.030314148723846301 0.17379352218267741 0.091475609588087536 0.035023460790398531 0.030799608561210334
leaf_count=120 25 10 14 359 100 62 11 1599 34 5 147 67 123 1070 15 126 32 23 122 36 40 229 34 84 71
internal_value=-0.00395254 0.010345 0.0166187 -0.00485357 -0.020565 -0.025991 0.0280802 0.030125 0.0315214 0.0333924 0.00243554 -0.00121252 0.00444987 -0.0315027 -0.0325982 -0.00148283 0.0094159 0.00165291 -0.000656782 -0.0014457 0.00304501 0.00341715 -0.00475927 7.49838e-05 -0.000244182
internal_weight=4.25025 2.48705 2.25548 0.985589 1.7632 1.10918 1.26989 1.21845 1.18346 1.05513 0.286829 0.654019 0.506182 0.672538 0.618753 0.436646 0.314264 0.327578 0.0591336 0.0896111 0.237967 0.207653 0.191918 0.0537858 0.054917
internal_count=4558 2299 2289 373 2259 1907 1916 1796 1785 1751 152 352 327 1353 1207 554 226 428 137 136 292 252 101 146 103
is_linear=0
shrinkage=0.06


Tree=191
num_leaves=8
num_cat=0
split_feature=1 13 2 12 2 12 6
split_gain=0.413621 0.222395 0.296862 0.302054 0.0969239 0.0791289 0.076653
threshold=0.97916650000000016 1.0000000180025095e-35 672643.50000000012 1.0000000180025095e-35 52.500000000000007 2.5000000000000004 48.500000000000007
decision_type=10 10 10 2 8 2 2
left_child=-1 2 3 -2 -3 6 -5
right_child=1 4 -4 5 -6 -7 -8
leaf_value=-0.026809798802191215 -0.010277098453061363 0.0043282698431023814 -0.014277086642673281 0.036188016901372667 -0.018429781185595195 -0.0027144184929609361 -0.0028336378618716083
leaf_weight=0.77026041322460548 0.27016039611771736 0.699787236750126 0.22380072250962246 1.4471070738618435 0.43919387662026577 0.075073520420119055 0.047002065926790126
leaf_count=1973 5 16 2 2363 213 4 1
internal_value=-0.00291252 0.00784797 0.0170234 0.0245188 -0.00896076 0.0321779 0.0343165
internal_weight=3.97239 3.20212 2.06314 1.83934 1.13898 1.56918 1.49411
internal_count=4577 2604 2375 2373 229 2368 2364
is_linear=0
shrinkage=0.06


Tree=192
num_leaves=23
num_cat=0
split_feature=3 6 5 13 6 6 3 9 9 3 9 8 3 3 8 9 3 3 9 9 9 9
split_gain=0.451635 0.32642 0.0816084 0.0590961 0.0487461 0.0387377 0.0354572 0.0559216 0.0352877 0.0319227 0.0103726 0.00662868 0.00646725 0.00658761 0.00322102 0.0027655 0.00207911 0.00350844 0.00131958 0.000247821 0.000343477 0.000161893
threshold=1.0000000180025095e-35 15.500000000000002 2.5000000000000004 1.0000000180025095e-35 1.5000000000000002 1.5000000000000002 0.2715260000000001 1.0967975000000003 2.0302095000000002 0.36631450000000004 0.59247950000000016 0.95346300000000006 9.4500000000000007e-05 0.00092350000000000017 0.35214600000000007 1.2016285000000002 0.0010255000000000002 0.013268 0.32019750000000008 1.967554 2.1391790000000004 0.51896550000000008
decision_type=8 2 2 8 2 2 10 10 10 10 8 10 8 10 10 10 10 10 10 10 10 10
left_child=1 2 3 -1 -5 12 7 10 11 -8 18 14 -2 -14 -3 -9 -15 -18 -7 -17 -21 -20
right_child=5 8 -4 4 -6 6 9 15 -10 -11 -12 -13 13 16 -16 19 17 -19 21 20 -22 -23
leaf_value=0.030052360973083857 0.0035257671289473185 -0.0025034878952084564 -0.0044569198497843975 -0.0075299429312372162 0.0091903812911321471 -0.0023211734487673433 0.0060950122519614243 0.0027349402120548814 0.0032110391468803639 -0.0077336746077571435 -0.029263802755431736 -0.017652219075854812 -0.0052416626236110589 0.0031186768937008559 0.0021843912205818249 -0.0018697509514784951 -0.0030524005362756682 0.0019365568579275806 0.0011856046902665005 0.00088112679442007517 -0.00068367562822095195 -0.000225981306725052
leaf_weight=1.1328991162590683 0.062164467766706255 0.052251193465053691 0.080171299574430921 0.13051219211047294 0.55065009978716262 0.082098479404521307 0.19243033867678594 0.069808399650355457 0.061617329585715197 0.24600439252390061 0.85147671589220419 0.35702415407286026 0.088497105720307445 0.051964109530672431 0.065642452296742704 0.086991548123478424 0.05101343548449222 0.067289690927282209 0.034928468114230782 0.024724898605199996 0.025999092082201969 0.032782837442937307
leaf_count=1444 7 43 304 70 94 102 143 85 36 355 507 63 162 5 278 407 25 89 119 46 144 53
internal_value=-0.00233808 0.0128749 0.0224663 0.0248172 0.00341334 -0.0191343 -0.0215215 -0.0247212 -0.0135709 -0.00164645 -0.0278318 -0.0164491 0.000135434 -0.00283297 -0.000274193 0.000906749 0.00182821 -0.00102052 -0.00132032 -0.00160931 0.000191736 0.000930613
internal_weight=4.39894 2.43077 1.89423 1.81406 0.681162 1.96817 1.64725 1.20881 0.536535 0.438435 1.00129 0.474918 0.320929 0.258764 0.117894 0.207524 0.170267 0.118303 0.14981 0.137716 0.050724 0.0677113
internal_count=4581 2332 1912 1608 164 2249 1961 1463 420 498 781 384 288 281 321 682 119 114 274 597 190 172
is_linear=0
shrinkage=0.06


Tree=193
num_leaves=8
num_cat=0
split_feature=1 3 13 2 11 3 3
split_gain=0.232731 0.251405 0.406152 0.394745 0.173568 0.125896 0.0168373
threshold=0.97916650000000016 0.21820300000000001 1.0000000180025095e-35 672643.50000000012 0.57979600000000009 0.2715260000000001 0.43645550000000005
decision_type=10 8 10 10 10 10 10
left_child=-1 2 3 -2 -4 -3 -7
right_child=1 5 4 -5 -6 6 -8
leaf_value=-0.026193325748908904 0.03285980562689441 -0.028389178171236634 0.0063291960288682537 -0.01442802500367568 -0.023703110726990165 0.0076293004884785166 -0.0033540080480745239
leaf_weight=0.73787789058405895 1.3989906157876251 0.29206974319822609 0.64047497954743449 0.22574367746710788 0.59053665987448767 0.19393660903733689 0.12589731407933868
leaf_count=1942 2276 67 48 2 105 58 69
internal_value=-0.00826841 0.000554959 0.00877328 0.0232958 -0.0122446 -0.0194479 0.00404038
internal_weight=4.20553 3.46765 2.85575 1.62473 1.23101 0.611904 0.319834
internal_count=4567 2625 2431 2278 153 194 127
is_linear=0
shrinkage=0.06


Tree=194
num_leaves=18
num_cat=0
split_feature=3 11 6 5 12 6 3 3 5 7 3 3 6 6 3 3 6
split_gain=0.30142 0.194334 0.229995 0.081834 0.04899 0.0359782 0.0282197 0.0250804 0.0223074 0.0550507 0.00633681 0.00640624 0.00441179 0.0020724 0.00201853 0.0037348 0.000297772
threshold=1.0000000180025095e-35 0.12701600000000005 2.5000000000000004 2.5000000000000004 2.5000000000000004 1.5000000000000002 0.2715260000000001 0.33482000000000006 1.5000000000000002 1.5000000000000002 9.4500000000000007e-05 0.00092350000000000017 19.500000000000004 20.500000000000004 0.0010255000000000002 0.013268 33.500000000000007
decision_type=8 10 2 2 2 2 10 10 2 2 8 10 2 2 10 10 2
left_child=1 -1 8 4 12 10 -7 -8 9 -3 -2 -12 -4 -14 -13 -16 -15
right_child=5 2 3 -5 -6 6 7 -9 -10 -11 11 14 13 16 15 -17 -18
leaf_value=-0.014588454882306338 0.0032923770853174111 -0.0070336863853880972 0.031030228896773281 -0.0039799420368040453 -0.0020479119685957829 -0.025275509743098033 0.0053211048157078026 -0.0070901318219350569 -0.010829563375182786 0.0099880781213796191 -0.0053246206815698947 0.003024345455607542 -0.0013148873808023389 0.0028762257942790506 -0.0031296233140914961 0.0020169752590509138 -0.00016885337061541475
leaf_weight=0.3081210622985967 0.062066635749942978 0.51357060877489891 0.87930089388100874 0.070914181836997048 0.054854487156262621 1.1492669659346573 0.14465331657265768 0.2714911241127993 0.19884576186450431 0.25649270099529531 0.089772814004390966 0.05025810456572799 0.035961860696261283 0.067633592145284638 0.05228968127630651 0.062815791970933788 0.011993974490906112
leaf_count=88 8 216 1212 210 27 1494 94 396 115 199 165 4 34 174 23 80 32
internal_value=-0.00648812 0.00684817 0.0137079 0.0251952 0.0281462 -0.0199566 -0.0223153 -0.00206492 -0.00562698 0.00107565 -0.000211932 -0.00300834 0.0300031 0.00137838 0.00173915 -0.00103093 0.002686
internal_weight=4.2803 2.39769 2.08957 1.12066 1.04974 1.88261 1.56541 0.416144 0.968909 0.770063 0.317203 0.255136 0.99489 0.115589 0.165364 0.115105 0.0796276
internal_count=4571 2307 2219 1689 1479 2264 1984 490 530 415 280 272 1452 240 107 103 206
is_linear=0
shrinkage=0.06


Tree=195
num_leaves=9
num_cat=0
split_feature=13 1 12 6 9 9 9 9
split_gain=0.264211 0.345541 0.231212 0.093461 0.0572553 0.0191155 0.0205871 0.00188114
threshold=1.0000000180025095e-35 0.97916650000000016 1.0000000180025095e-35 1.5000000000000002 0.43483700000000008 1.1578445000000002 1.1644045000000003 0.28432200000000007
decision_type=8 10 2 2 8 10 10 10
left_child=1 -1 -3 -4 7 -6 -7 -2
right_child=4 2 3 -5 5 6 -8 -9
leaf_value=-0.020617641329969367 -0.001104208085585312 -0.011579050620872815 0.0016458620371596914 0.029239424360828246 -0.027779331175327514 0.0052326230446198751 -0.0064277868103327918 0.0027207394011670855
leaf_weight=0.49443028377936626 0.08712871260649957 0.29887396330013882 0.73644970246823482 0.9312678943388164 0.95881040197127732 0.086598289864923572 0.11946997214181465 0.10698444086301606
leaf_count=800 35 6 146 2191 716 10 605 41
internal_value=-0.00843094 0.00389358 0.0149287 0.0222389 -0.022939 -0.0258326 -0.00125196 0.00151694
internal_weight=3.82001 2.46102 1.96659 1.66772 1.35899 1.16488 0.206068 0.194113
internal_count=4550 3143 2343 2337 1407 1331 615 76
is_linear=0
shrinkage=0.06


Tree=196
num_leaves=16
num_cat=0
split_feature=13 3 2 9 5 2 8 2 8 3 7 3 2 4 9
split_gain=0.273363 0.378807 0.2918 0.33416 0.173773 0.119446 0.0629092 0.0623567 0.0147895 0.00775946 0.00614635 0.00531887 0.00416231 0.000251583 0.000179156
threshold=1.0000000180025095e-35 0.26043150000000004 672643.50000000012 1.4737975000000001 2.5000000000000004 29748.750000000004 1.9705880000000002 39.750000000000007 0.98000000000000009 0.27697050000000006 2.5000000000000004 0.45147050000000005 172.50000000000003 11.500000000000002 1.0547245000000001
decision_type=8 8 10 10 2 10 10 8 10 10 2 10 10 2 10
left_child=1 2 3 4 6 9 -1 -2 13 -3 -7 -11 -10 -5 -12
right_child=7 5 -4 8 -6 10 -8 -9 12 11 14 -13 -14 -15 -16
leaf_value=0.038588361718792472 -0.00092897545457128531 -0.028466694771100778 -0.014217409560166875 0.0019332195234268792 -0.005991694324696103 0.0070456344620273533 -0.00028493558836818674 -0.025907191079634864 0.00038666961837786272 0.0023083523999838347 0.00018860671813753288 -0.003822143482500576 -0.013369224682514343 -0.00021545389535936209 -0.0016104355931712729
leaf_weight=1.4044560259426369 0.5511090439977121 0.24892025977533183 0.22279542872274749 0.038283397567283717 0.11071180146609538 0.13878501224098727 0.14428250532364462 0.73474542284384381 0.026096643501659855 0.074722227385791484 0.014193049893947318 0.078812441468471661 0.23108572676210315 0.019176485984644387 0.0274063074903097
leaf_count=2163 18 39 3 58 297 70 19 1375 43 43 17 53 235 48 59
internal_value=-0.0045157 0.00621968 0.0169364 0.0240506 0.0322634 -0.0193545 0.036276 -0.0202915 -0.0108579 -0.0265215 0.00555766 -0.00142392 -0.0127761 0.00169051 -0.00140485
internal_weight=4.06558 2.77973 2.19689 1.97409 1.65945 0.582839 1.54874 1.28585 0.314642 0.402455 0.180384 0.153535 0.257182 0.0574599 0.0415994
internal_count=4540 3147 2866 2863 2479 281 2182 1393 384 135 146 96 278 106 76
is_linear=0
shrinkage=0.06


Tree=197
num_leaves=19
num_cat=0
split_feature=2 2 9 3 3 3 2 2 2 9 3 2 9 2 3 2 3 9
split_gain=0.236069 0.117221 0.0293527 0.0241755 0.0212532 0.00818617 0.00196279 0.00145631 0.00124475 0.00120315 0.000964874 0.000959241 0.00062316 0.000426922 0.000220081 8.20781e-05 4.37612e-05 3.23103e-06
threshold=39.750000000000007 19.500000000000004 0.72947000000000017 0.2715260000000001 0.42640750000000005 0.00027050000000000007 99003.750000000015 299.25000000000006 36555.750000000007 0.67985250000000008 0.10455550000000001 157372.50000000003 0.14276400000000003 139933.50000000003 0.12477950000000002 312018.00000000006 0.19408950000000005 0.70391900000000007
decision_type=8 10 8 10 10 10 10 10 10 10 10 10 10 10 10 10 10 8
left_child=1 -1 5 -4 8 9 7 -7 -5 12 -9 -6 -2 -10 -12 -13 -16 -11
right_child=2 -3 3 4 11 6 -8 10 13 17 14 15 -14 -15 16 -17 -18 -19
leaf_value=-0.0081900338585661446 0.00016821260081488184 0.016491245260857722 -0.026245842830575506 0.0049125992688791656 -0.0075573009328430835 -0.00063822448995200969 -0.0010080899750780682 0.0043207632469406719 -0.0010243404964546678 -1.3831857709129551e-05 -0.00079793594459533429 0.00041877209570601948 -0.00549103576081603 0.00071785539511862466 0.00061321903158694901 -0.00034509348710517053 -0.00012382797920624578 0.00038378817406714571
leaf_weight=0.48760130198206741 0.012931178731378501 0.43964764050178928 2.3049715634406316 0.12408561914344307 0.14229679107666016 0.015646499217837118 0.027896472267457284 0.11382107035751687 0.026098226990143303 0.0069229838627506987 0.018157035941840149 0.019797159460722469 0.24313792370230658 0.051348541383049451 0.01430876727681607 0.023383962012303527 0.014636619787779637 0.0074312156975793178
leaf_count=20 63 371 2555 88 235 13 70 237 58 27 15 39 579 64 33 30 34 42
internal_value=-0.0160946 0.00599719 -0.0224499 -0.0243974 -0.00240298 -0.00235336 0.0023347 0.00327076 0.0043493 -0.00494561 0.0038732 -0.00721969 -0.00529885 -0.000275056 -0.000301853 7.08405e-05 0.00048239 0.000367438
internal_weight=4.09412 0.927249 3.16687 2.69198 0.38701 0.47489 0.204466 0.17657 0.201532 0.270423 0.160923 0.185478 0.256069 0.0774468 0.0471024 0.0431811 0.0289454 0.0143542
internal_count=4573 391 4182 3069 514 1113 402 332 210 711 319 304 642 122 82 69 67 69
is_linear=0
shrinkage=0.06


Tree=198
num_leaves=26
num_cat=0
split_feature=3 2 8 2 12 9 8 2 6 2 2 6 2 6 6 9 9 9 2 2 2 2 2 9 2
split_gain=0.391398 0.220599 0.236129 0.132024 0.0650212 0.0630696 0.052653 0.0406555 0.0232665 0.0384239 0.00363422 0.00316965 0.00275156 0.0026956 0.00224383 0.00207931 0.0019078 0.00127697 0.000530154 0.000810864 0.000327124 0.00031714 0.000308419 4.568e-05 0.000165446
threshold=1.0000000180025095e-35 672643.50000000012 1.0208335000000002 1266.7500000000002 2.5000000000000004 0.73546300000000009 0.17156900000000003 75891.000000000015 1.5000000000000002 26.250000000000004 23631.000000000004 19.500000000000004 151924.50000000003 14.500000000000002 20.500000000000004 0.54246000000000005 1.2016285000000002 3.5598595000000004 236638.50000000003 77986.500000000015 45.750000000000007 12506.250000000002 421130.25000000006 0.25516300000000008 41809.500000000007
decision_type=8 10 10 8 2 8 10 10 2 10 10 2 10 2 2 8 10 8 10 10 10 10 10 10 8
left_child=1 2 4 8 6 13 -1 -7 -2 -10 -4 -8 17 23 -13 -11 -17 -12 19 -9 -18 -15 -20 -5 -25
right_child=3 -3 10 5 -6 7 11 18 9 15 12 14 -14 21 -16 16 20 -19 22 -21 -22 -23 -24 24 -26
leaf_value=-0.0024700796170431345 0.0079786588843212391 -0.013885925785352594 -0.010086021881435845 3.988693954867583e-05 -0.003016305245131285 -0.032292263061397521 0.029960680340736026 0.00070184455384402096 -0.010146372053965739 -0.00057817220868886605 -0.00073700706492896013 -0.0014203377725249559 -0.0021407625436342141 -0.00016809329432836026 0.0027043681211497751 0.0065335257950179595 0.00060464332839687835 0.0029595671091743395 0.0011082694360184863 -0.0020038427730209177 -0.00094994793238928398 0.0029597967618880477 -0.00048419962105472988 0.00014900141836582883 -0.0018198137864299973
leaf_weight=0.044579552784854148 0.15784399976837415 0.21913988138112461 0.2649720546833122 0.012097858190827426 0.071966154704568797 0.75393575234556931 1.4127106042469675 0.013066040279227309 0.18433606892358512 0.015301597552024759 0.023664945874770638 0.033572175481822453 0.036309568320575636 0.016511364767211489 0.074466671234404203 0.17276911486987956 0.01684170588850975 0.052079538836551365 0.062684154116141144 0.11467670875572367 0.037558942749456037 0.10279120580526069 0.018286532984348014 0.015896287331997883 0.049074099399149418
leaf_count=15 18 7 212 30 51 1087 1622 8 5 15 98 32 45 30 208 111 4 8 118 315 108 190 42 50 119
internal_value=-0.00277488 0.0118647 0.0183434 -0.0190164 0.0257501 -0.0259843 0.0277329 -0.0292852 0.00247741 -0.00372315 -0.00916306 0.0292469 0.000126576 0.00114997 0.00129755 0.0053961 0.00594173 0.00219313 -0.000693246 -0.00135015 -0.000351669 0.00276348 0.0006334 -0.0015945 -0.00165051
internal_weight=3.97713 2.23346 2.01432 1.74367 1.6373 1.15902 1.56533 0.962649 0.584651 0.426807 0.377026 1.52075 0.112054 0.196371 0.108039 0.242471 0.22717 0.0757445 0.208713 0.127743 0.0544006 0.119303 0.0809707 0.0770682 0.0649704
internal_count=4548 2298 2291 2250 1928 1989 1877 1570 261 243 363 1862 151 419 240 238 223 106 483 323 112 220 160 199 169
is_linear=0
shrinkage=0.06


Tree=199
num_leaves=16
num_cat=0
split_feature=2 2 2 2 13 2 0 13 11 6 6 8 6 11 11
split_gain=0.326282 0.21085 0.174936 0.145391 0.076149 0.0355527 0.0967153 0.0424099 0.0239887 0.0233313 0.0108281 0.00828708 0.00516895 8.70618e-05 6.72944e-05
threshold=27648.000000000004 56717.250000000007 42.750000000000007 19.500000000000004 1.0000000180025095e-35 672643.50000000012 0.99999950000000004 1.0000000180025095e-35 0.87867650000000019 24.500000000000004 43.500000000000007 1.9705880000000002 36.500000000000007 0.53033100000000011 0.81534100000000009
decision_type=10 8 8 10 10 10 10 10 10 2 2 10 2 10 10
left_child=2 4 3 -1 8 6 10 11 13 -4 -3 -8 -11 -2 -15
right_child=1 5 9 -5 -6 -7 7 -9 -10 12 -12 -13 -14 14 -16
leaf_value=-0.011762280450858822 -0.00089090904147151487 -0.012267567974651528 -0.027274559595266167 0.015614663573544787 -0.0035980002696601025 -0.0125900008632808 0.016427336130598207 -0.0041287834091598037 0.03108415931476893 0.0019459539653791989 0.0014156048807103352 -0.00057903752069548111 -0.0040335843757119553 0.00043703466370776913 -0.00027321123721690246
leaf_weight=0.40744250768329981 0.016401478518673351 0.2480094038983226 1.4771840205285114 0.4183232528193912 0.063536852572724456 0.18871090399625245 0.36452939641822013 0.073533285496523604 0.38529730903974269 0.14751897742098652 0.024943315016571432 0.040133053436875343 0.15265639404969988 0.01668676395638613 0.011565020075067878
leaf_count=17 68 622 2057 421 166 16 448 31 221 295 2 2 106 71 16
internal_value=-0.00741312 0.0111174 -0.0178702 0.00306277 0.0257763 -0.00589944 0.00201113 0.0117582 0.0295977 -0.0251967 -0.0108874 0.0155292 -0.00185846 -0.000706038 0.000163342
internal_weight=4.03647 1.43335 2.60313 0.825766 0.493487 0.939859 0.751148 0.478196 0.429951 1.77736 0.272953 0.404662 0.300175 0.0446533 0.0282518
internal_count=4559 1663 2896 438 542 1121 1105 481 376 2458 624 450 401 155 87
is_linear=0
shrinkage=0.06


Tree=200
num_leaves=14
num_cat=0
split_feature=13 8 2 4 0 9 9 0 3 9 9 6 4
split_gain=0.349113 0.204629 0.141436 0.119555 0.0524344 0.0325026 0.0153645 0.0148194 0.00868801 0.00242793 0.00220246 0.00114496 0.000184747
threshold=1.0000000180025095e-35 0.98000000000000009 192.75000000000003 4.5000000000000009 0.99999950000000004 1.2393695000000002 0.43483700000000008 0.98283300000000018 0.43645550000000005 0.72947000000000017 0.25516300000000008 2.5000000000000004 6.5000000000000009
decision_type=8 8 8 2 10 8 8 10 10 8 10 2 2
left_child=1 3 7 8 9 11 10 -3 -1 -5 -2 -4 -13
right_child=6 2 5 4 -6 -7 -8 -9 -10 -11 -12 12 -14
leaf_value=0.031498148859924704 -0.0021740864295099723 -0.0016339303730029365 -0.00058659300060994346 8.8063012015512216e-05 0.0084502964024311036 -0.014662406030729252 -0.020598183503358264 0.01433123339071357 0.00014845868838401271 -0.0098336325558179352 0.0016545506789510719 0.0034844387383733402 -8.0505906488713969e-05
leaf_weight=0.57610450638821997 0.097351662363507452 0.027841285249450842 0.0098700668022501103 0.076820200658403337 0.16364721496938728 1.0406173408809991 1.1573138983912941 0.30185341670585331 0.042184280988294631 0.21101891612488544 0.099573613537359051 0.10430374146380927 0.0085484515948337503
leaf_count=826 22 15 48 28 575 544 1313 488 27 130 48 434 50
internal_value=-0.00141409 0.0106798 -0.00391824 0.0231032 -0.00136462 -0.0123633 -0.0191158 0.0127682 0.0307727 -0.00917342 -0.000473243 0.00282733 0.00338471
internal_weight=3.91705 2.56281 1.49303 1.06978 0.451486 1.16334 1.35424 0.329695 0.618289 0.287839 0.196925 0.122722 0.112852
internal_count=4548 3165 1579 1586 733 1076 1383 503 853 158 70 532 484
is_linear=0
shrinkage=0.06


Tree=201
num_leaves=7
num_cat=0
split_feature=13 2 5 2 12 3
split_gain=0.374045 0.284073 0.252922 0.111118 0.0846502 0.0731637
threshold=1.0000000180025095e-35 672643.50000000012 2.5000000000000004 52.500000000000007 2.5000000000000004 0.43645550000000005
decision_type=8 8 2 8 2 8
left_child=1 2 4 -2 5 -1
right_child=3 -3 -4 -5 -6 -7
leaf_value=0.034184136727980777 0.002743714614137058 -0.013568579720076083 -0.0098841063900071812 -0.022612933452201712 -0.0031709786680915722 -0.002114440637703727
leaf_weight=1.7764283598444317 0.70338908256962862 0.21573108149823372 0.1969296669049071 0.60026942997501476 0.08182715692964837 0.094969358411617688
leaf_count=2349 22 37 711 1407 14 33
internal_value=0.00627997 0.0180748 0.0245491 -0.0136796 0.0301921 0.0322472
internal_weight=3.66954 2.36589 2.15015 1.30366 1.95322 1.8714
internal_count=4573 3144 3107 1429 2396 2382
is_linear=0
shrinkage=0.06


Tree=202
num_leaves=23
num_cat=0
split_feature=3 12 2 12 5 2 6 2 4 2 7 2 2 3 6 3 4 2 2 2 2 2
split_gain=0.276107 0.164475 0.197724 0.188281 0.0787802 0.0747458 0.0677087 0.159557 0.0470755 0.0345645 0.027973 0.00681498 0.0320966 0.00671381 0.00334711 0.00192388 0.00170238 0.000331721 0.000219992 4.91283e-05 5.96726e-05 1.0784e-05
threshold=0.17854250000000002 1.0000000180025095e-35 77986.500000000015 2.5000000000000004 2.5000000000000004 29748.750000000004 1.5000000000000002 19.500000000000004 11.500000000000002 42.750000000000007 1.5000000000000002 672643.50000000012 505266.00000000006 0.36631450000000004 20.500000000000004 0.20746000000000001 37.500000000000007 261313.50000000003 227460.00000000003 454735.50000000006 368287.50000000006 368287.50000000006
decision_type=8 2 10 2 2 10 2 10 2 10 2 10 10 10 2 10 2 10 10 10 10 10
left_child=1 10 3 4 6 -2 9 -8 -9 -3 -1 12 17 15 -10 -7 -16 -4 -15 20 -19 -20
right_child=5 2 11 -5 -6 13 7 8 14 -11 -12 -13 -14 18 16 -17 -18 19 21 -21 -22 -23
leaf_value=0.0024584481491941022 -0.029019216966753861 0.0078576778478411605 -0.0071528238601275811 -0.0098731518922805916 -0.0043228565621749567 -0.0006893700001487402 -0.0063446282758616059 0.034624891772612576 -0.0023897956192859165 -0.0065608015010529593 -0.016820881809574435 -0.012177905020870832 0.0068924957010478172 -0.0028681913245124616 0.0032439394526641223 0.0046540158293686164 -0.00090565571300478304 0.00045532868297391073 0.00018586494849264133 -0.00038473995895826668 -0.00023253318054626722 -0.00010212057863277314
leaf_weight=0.057308486109833079 0.45629494479726407 0.143918336791104 0.26118928489449889 0.20947891082323611 0.077480165829911019 0.020524446881609038 0.11012466344982375 1.2958043779472062 0.061309088923735433 0.25877590841628262 0.30087210179772228 0.18303609423310263 0.1276978942551068 0.070428018523671199 0.072102250436728355 0.13621428767510224 0.01840330264531076 0.016029261529183714 0.021456565649714321 0.046935503320128191 0.010601013113046065 0.018490727255993988
leaf_count=11 492 129 377 498 271 58 3 1739 33 89 215 9 15 120 140 183 4 60 40 9 26 25
internal_value=-0.00385463 0.00505419 0.0104725 0.0174289 0.0225615 -0.023593 0.0247253 0.0283327 0.0324851 0.000520401 -0.0141973 -0.00962053 -0.00097342 0.00126278 1.66695e-05 0.00396325 0.00234342 -0.00688983 -0.00268769 -0.000163166 0.000221724 8.25466e-05
internal_weight=3.97448 3.25107 2.89289 2.2474 2.03792 0.723409 1.96044 1.55774 1.44762 0.402694 0.358181 0.645489 0.462453 0.267114 0.151815 0.156739 0.0905056 0.334755 0.110375 0.0735658 0.0266303 0.0399473
internal_count=4546 3628 3402 2906 2408 918 2137 1919 1916 218 226 496 487 426 177 241 144 472 185 95 86 65
is_linear=0
shrinkage=0.06


Tree=203
num_leaves=26
num_cat=0
split_feature=3 11 12 4 8 6 3 6 3 7 3 3 6 9 9 9 8 8 9 9 6 6 9 3 9
split_gain=0.439087 0.246311 0.0891772 0.0567358 0.0376943 0.0231928 0.0344065 0.0526031 0.0216131 0.00863273 0.00633091 0.00522858 0.00480866 0.00295971 0.00224751 0.00105331 0.000634961 0.000889755 0.000556454 0.000687383 0.000468486 0.000158715 1.77311e-05 1.31493e-05 1.16609e-05
threshold=1.0000000180025095e-35 0.12701600000000005 2.5000000000000004 11.500000000000002 1.1339285000000003 1.5000000000000002 0.27697050000000006 7.5000000000000009 0.36631450000000004 2.5000000000000004 9.4500000000000007e-05 0.013268 17.500000000000004 0.59247950000000016 1.6523275000000002 1.3975030000000002 0.31009600000000009 0.39009650000000001 inf 1.1100270000000003 40.500000000000007 43.500000000000007 2.1391790000000004 0.00092350000000000017 1.967554
decision_type=8 10 2 2 10 2 10 2 10 2 8 10 2 8 10 10 10 10 8 10 2 2 10 10 10
left_child=1 9 3 4 -3 10 7 -7 18 -1 -2 23 15 20 21 -9 -5 -18 19 -8 -14 -15 24 -12 -16
right_child=5 2 -4 16 -6 6 8 12 -10 -11 11 -13 13 14 22 -17 17 -19 -20 -21 -22 -23 -24 -25 -26
leaf_value=0.00054393670181686739 0.0031395952047765258 0.028519454006467809 -0.0046924828481996368 -0.0028376182065779445 0.00025591797277273149 -0.028389617495937939 0.0010671598752498117 0.0027201814251332826 -0.0062052416136228108 -0.01376651574567332 -0.0051157369870387789 0.0017162309319215623 0.0015737067877624391 -0.0053358151037903988 -2.2558836333746719e-05 -0.00066921407921014637 -0.0010944451227599919 0.0014296003121690186 0.005509714773218188 -0.0011309906628389228 -0.00051708285728425387 -7.9854332882288911e-05 -4.1324849982142815e-05 -0.00022162838735930495 0.00072565207304934925
leaf_weight=0.089634571093484383 0.05545220685598895 1.4405659930162071 0.10509760826971626 0.050818651419831329 0.20217771935131157 0.62269669429224428 0.030534634075593092 0.10184577995823929 0.22606443090990069 0.21863105396914762 0.085938009320670972 0.060641732849035179 0.031706852394563612 0.19843992425739998 0.017815773091570009 0.014366275187057909 0.02003156208229484 0.02750079190445831 0.12438405100692762 0.01915517541783629 0.020528660679701716 0.052407364957616664 0.014079120835958747 0.096844042644079309 0.018294135130417999
leaf_count=15 7 1792 231 13 104 439 22 325 350 80 160 92 108 296 62 150 10 83 37 76 30 11 45 30 18
internal_value=-0.000945418 0.0145549 0.0218173 0.0245457 0.026454 -0.0181243 -0.0200311 -0.0231615 -0.00104697 -0.0123703 -0.00051157 -0.00319936 -0.00162665 -0.00347951 -0.00446155 0.00207702 -0.00239384 0.00033655 0.00523146 -5.04052e-05 0.0010415 -0.00517944 0.000641846 -0.0049024 0.000691014
internal_weight=3.94565 2.15446 1.84619 1.74109 1.64274 1.79119 1.49232 1.09218 0.400138 0.308266 0.298876 0.243424 0.469484 0.353272 0.301036 0.116212 0.098351 0.0475324 0.174074 0.0496898 0.0522355 0.250847 0.050189 0.182782 0.0361099
internal_count=4586 2328 2233 2002 1896 2258 1969 1484 485 95 289 282 1045 570 432 475 106 93 135 98 138 307 125 190 80
is_linear=0
shrinkage=0.06


Tree=204
num_leaves=31
num_cat=0
split_feature=3 7 2 2 7 2 4 4 2 2 2 13 3 2 9 6 6 3 9 2 7 2 9 3 9 7 2 6 9 2
split_gain=0.195911 0.174485 0.21788 0.111217 0.0804225 0.0487347 0.0440118 0.0167367 0.0154142 0.0322549 0.0145726 0.0133955 0.0112185 0.00922807 0.00725945 0.00385298 0.00382083 0.00354426 0.00327982 0.00262471 0.00136081 0.000704538 0.000657175 0.00046133 0.000428301 0.000303696 0.00021625 5.4978e-05 8.43822e-06 4.85919e-06
threshold=1.0000000180025095e-35 5.5000000000000009 77986.500000000015 1266.7500000000002 1.5000000000000002 29748.750000000004 1.5000000000000002 3.5000000000000004 672643.50000000012 107107.50000000001 35971.500000000007 1.0000000180025095e-35 0.00092350000000000017 2044.5000000000002 1.1253445000000004 1.5000000000000002 5.5000000000000009 0.13333250000000005 0.54246000000000005 261313.50000000003 6.5000000000000009 1799.2500000000002 0.58179150000000013 0.34373950000000003 0.42590650000000008 19.500000000000004 340536.00000000006 6.5000000000000009 0.52609050000000013 1534.5000000000002
decision_type=8 2 10 8 2 10 2 2 10 10 10 10 10 8 8 2 2 10 10 10 2 8 10 10 10 2 10 2 10 10
left_child=1 2 4 12 11 21 -3 14 9 -4 -7 -1 -2 16 18 -16 -8 -14 -6 -12 -18 29 27 -19 -9 -22 -21 -15 -29 -5
right_child=3 6 8 5 7 10 13 24 -10 -11 19 -13 17 22 15 -17 20 23 -20 26 25 -23 -24 -25 -26 -27 -28 28 -30 -31
leaf_value=0.0034454875729307672 -0.0027670662185188765 -0.016752326387386021 -0.0070135767541087673 -0.00027717152508039441 0.0035476973532168146 0.0037889658662427841 -0.0010705319738158398 -0.001180132451376243 -0.012310181894816563 0.0070321545909730627 -0.0064905738258031979 -0.0064458674349865876 0.0068943080768957467 -0.00018782398418394744 0.0014066386026708867 0.030629420151771791 -0.00031995756947915123 -0.0012777180808136094 -0.0014948207942788812 0.0009189916625643534 0.0065993978574684737 -0.030298999520235025 -0.0032080330159415501 0.00061143364841985219 0.00064048463453147302 7.3480242556079491e-05 -0.00040320695508653566 0.00054990804251428473 -2.6649134230132528e-05 3.0278083626669334e-05
leaf_weight=0.060180489468621756 0.16463376212050174 0.40271847371695901 0.13158636478328833 0.010067405004519969 0.11569984770540032 0.077894689766253578 0.018048020741844084 0.025425258118048077 0.18451195454690605 0.23007488931034459 0.40914382043411024 0.10993648006115109 0.19312381816416746 0.0051666608196683219 0.1176964177575428 0.57015723515723948 0.019487079869577428 0.036707799547002651 0.075482153970369836 0.031846474099438637 0.13577551337584737 0.5705948797185556 0.090415440856304485 0.052960287684982177 0.014173655370541383 0.04955552049796097 0.038740146410418674 0.012063586236763513 0.0035133015262545095 0.0091680881596403196
leaf_count=146 23 310 25 36 188 72 21 45 4 160 843 38 150 8 26 262 60 28 204 64 291 845 271 55 63 58 84 108 15 37
internal_value=-0.00693862 0.0040295 0.0129361 -0.0185161 0.022958 -0.0243868 -0.0118033 0.0268186 -0.00896921 0.000524072 -0.00290995 -0.00299258 0.00298623 0.0022484 0.0276821 0.0294251 0.00503449 0.00588167 0.00197326 -0.00582317 0.00601449 -0.0300893 -0.00284125 -0.000624782 -0.000539222 0.00638856 0.000494524 0.000334075 0.000521673 -0.000244699
internal_weight=3.96655 2.37167 1.63492 1.59488 1.08875 1.14746 0.736744 0.918635 0.546173 0.361661 0.557625 0.170117 0.447426 0.334025 0.879036 0.687854 0.222866 0.282792 0.191182 0.47973 0.204818 0.58983 0.111159 0.0896681 0.0395989 0.185331 0.0705866 0.0207435 0.0155769 0.0192355
internal_count=4540 2303 1161 2237 972 1981 1142 788 189 185 1063 184 256 832 680 288 430 233 392 991 409 918 402 83 108 349 148 131 123 73
is_linear=0
shrinkage=0.06


Tree=205
num_leaves=15
num_cat=0
split_feature=2 2 2 13 5 2 6 4 3 8 4 4 4 4
split_gain=0.249494 0.304836 0.222717 0.230731 0.127958 0.0818769 0.0367009 0.00793589 0.00712535 0.00172142 0.00107239 0.00213293 9.29328e-05 0.000259131
threshold=24692.250000000004 39.750000000000007 672643.50000000012 1.0000000180025095e-35 2.5000000000000004 19.500000000000004 24.500000000000004 25.500000000000004 0.43645550000000005 1.9705880000000002 2.5000000000000004 4.5000000000000009 15.500000000000002 24.500000000000004
decision_type=10 8 10 8 2 10 2 2 10 10 2 2 2 2
left_child=1 5 3 4 8 -1 10 12 9 -2 -3 -12 -8 -14
right_child=2 6 -4 -5 -6 -7 7 -9 -10 -11 11 -13 13 -15
leaf_value=-0.0050782828338317874 0.034742645087944918 -0.028340910062976826 -0.013430901055780741 -0.0099717884220956957 -0.0050621109320988216 0.017387689547239207 0.0031760659512444869 -0.0040796984379055708 0.00033618688224855593 0.0012046596109016544 0.00063154202305844699 -0.004551143731218333 -0.00064894539133745425 0.00069816544541728763
leaf_weight=0.39586146658985022 0.73204956956033096 1.0999323640717191 0.21331068977451639 0.19877361797625792 0.09196854721812997 0.42120731377144693 0.1334688192437169 0.076630881580058485 0.043442645721370354 0.079696019485709257 0.090408021711482323 0.25852753355866298 0.039424392110959161 0.018384839509963058
leaf_count=18 738 1094 15 628 315 368 235 59 29 14 377 579 87 8
internal_value=-0.00401302 -0.0134941 0.0118894 0.0206651 0.0289138 0.00969855 -0.0240391 -0.000596168 0.0333268 0.0339323 -0.0263604 -0.00373561 0.00305256 3.44783e-05
internal_weight=3.89309 2.53385 1.35924 1.14593 0.947157 0.817069 1.71678 0.267909 0.855188 0.811746 1.44887 0.348936 0.191278 0.0578092
internal_count=4564 2825 1739 1724 1096 386 2439 389 781 752 2050 956 330 95
is_linear=0
shrinkage=0.06


Tree=206
num_leaves=25
num_cat=0
split_feature=8 2 4 7 8 9 9 2 8 0 2 9 9 8 9 6 2 9 9 9 4 2 9 4
split_gain=0.245226 0.235633 0.1138 0.113088 0.0886425 0.0369951 0.0276677 0.0157629 0.0135103 0.012931 0.00822018 0.00282054 0.00278928 0.00228053 0.00131102 0.000895151 0.00079726 0.000697491 0.000578149 0.000292566 0.000257116 0.000195794 7.87988e-05 2.72713e-05
threshold=0.31009600000000009 52.500000000000007 3.5000000000000004 23.500000000000004 0.84900300000000006 1.2295455000000002 0.16149900000000003 1924.5000000000002 0.40312500000000007 0.94233850000000008 148.50000000000003 0.51147550000000008 0.25516300000000008 1.3779760000000001 1.0691190000000004 9.5000000000000018 227460.00000000003 0.54246000000000005 1.0743295000000004 0.41592250000000003 14.500000000000002 220813.50000000003 0.16149900000000003 2.5000000000000004
decision_type=8 8 2 2 10 8 8 8 8 10 10 10 10 10 10 2 10 8 10 10 2 10 10 2
left_child=2 3 -1 4 -2 7 -6 10 21 -4 -3 15 -12 20 -13 22 17 19 -16 -11 -14 23 -9 -7
right_child=1 5 9 -5 6 8 -8 11 -10 16 12 14 13 -15 18 -17 -18 -19 -20 -21 -22 -23 -24 -25
leaf_value=0.025173923247866225 -0.0056073468867923332 -0.0024031345070275492 -0.0077750386702447561 -0.009792187647763682 -0.0018313473741602656 0.00068244993135156576 0.022280088299784468 0.00011549752590646721 -0.023617662042195946 0.00057330529865498906 -0.0007045644392188248 -0.0073109706700706066 0.0069022406503993772 -0.00056491874209757878 0.0010984547725390547 0.0014905723272579724 -0.00045459137696677465 0.0032891653003058159 -0.00092612098831002768 -0.0009035703241371219 -3.6615001439130513e-05 -0.00055863323101778618 -0.0011500487713420791 -6.443497191531353e-05
leaf_weight=0.3116531536834376 0.15409869770519469 0.048643462330801746 0.14671711582923308 0.17446850620035548 0.032223268790403381 0.017051812817953427 0.6316669669613475 0.013228376265033148 1.503614205706981 0.013673896562977461 0.026920455315121217 0.24871732381143374 0.19105663412483409 0.0095021359957172535 0.01979351418412989 0.034933733870275319 0.026145012481720187 0.083411948984576156 0.024721605219383491 0.018354483050643466 0.008865416850312613 0.047279398932005279 0.046191490746423369 0.022220425489649642
leaf_count=172 5 32 81 8 16 31 455 37 1609 59 47 647 621 43 7 195 26 87 175 9 29 34 118 46
internal_value=-0.00409149 -0.0109811 0.016789 0.00827685 0.0153972 -0.0193757 0.0207125 -0.00247014 -0.0228118 -0.00477973 0.00340094 -0.00612694 0.00557304 0.00629534 -0.00692695 0.000417139 0.00241597 0.0028908 0.000163885 -0.000328489 0.00682046 3.97359e-05 -0.00102523 0.000604481
internal_weight=3.85515 3.2552 0.599956 0.992457 0.817989 2.26274 0.66389 0.672574 1.59017 0.288302 0.284988 0.387586 0.236345 0.209424 0.293232 0.0943536 0.141585 0.11544 0.0445151 0.0320284 0.199922 0.0865516 0.0594199 0.0392722
internal_count=4589 4155 434 484 476 3671 471 1951 1720 262 772 1179 740 693 829 350 181 155 182 68 650 111 155 77
is_linear=0
shrinkage=0.06


Tree=207
num_leaves=20
num_cat=0
split_feature=2 2 9 3 6 3 0 2 3 2 2 3 2 8 8 9 2 2 2
split_gain=0.156432 0.0843075 0.036202 0.0336922 0.0290028 0.020666 0.0204948 0.00814066 0.00706917 0.00361052 0.0708838 0.00197343 0.00127657 0.000925139 0.000592886 0.000549432 0.000494825 9.18954e-05 6.14212e-05
threshold=52.500000000000007 19.500000000000004 0.72947000000000017 0.27697050000000006 1.5000000000000002 0.36631450000000004 0.99995650000000014 42.750000000000007 0.00027050000000000007 2044.5000000000002 203.25000000000003 0.093303000000000011 38074.500000000007 0.84900300000000006 0.33809500000000009 0.16149900000000003 245272.50000000003 56717.250000000007 161619.75000000003
decision_type=8 10 8 10 2 10 10 10 10 8 10 10 10 10 10 10 10 10 10
left_child=1 -1 8 9 7 12 -6 -3 15 10 -4 13 -5 -10 -13 -2 -7 -16 -14
right_child=2 4 3 5 6 16 -8 -9 11 -11 -12 14 18 -15 17 -17 -18 -19 -20
leaf_value=-0.0083294689129444367 0.00021863486238132574 0.002702880992749521 -0.013149967440034511 0.005552699769664853 -0.0015253391470422943 -0.0063929021308925431 0.01724060435131022 -0.0049175461824717548 0.0040634956798710955 -0.026193462959955494 0.0072226096577444653 -0.0015064633678948179 -0.00051274908423496423 -0.00037631940792802996 0.00086565248698194355 -0.004039913674869818 4.2065755529459821e-05 -0.00018561241397109033 0.00020823976383026362
leaf_weight=0.41019525227602593 0.012325432428042737 0.085899028592393734 0.32942599416128437 0.12571850101085136 0.06936989666428417 0.16234955651452765 0.36548813780609635 0.091947977431118488 0.11937980806396808 1.473519215975102 0.28447158083872637 0.045494746816984843 0.017308491376752499 0.015475650994630996 0.024255296608316712 0.21482277509494452 0.031179612880805507 0.011563955515157431 0.02628108947101282
leaf_count=18 66 112 144 57 11 303 302 17 208 1646 693 59 40 61 48 646 57 43 38
internal_value=-0.0138525 0.00382118 -0.0194771 -0.021575 0.0120766 -0.00105995 0.0152703 -0.00206703 -0.00096729 -0.0236426 -0.00508376 0.0027055 0.00508238 0.00367135 -0.000810226 -0.00381898 -0.00618955 0.000674722 -0.00029505
internal_weight=3.91647 1.0229 2.89357 2.45025 0.612705 0.362837 0.434858 0.177847 0.443318 2.08742 0.613898 0.216169 0.169308 0.134855 0.081314 0.227148 0.193529 0.0358193 0.0435896
internal_count=4569 460 4109 2978 442 495 313 129 1131 2483 837 419 135 269 150 712 360 91 78
is_linear=0
shrinkage=0.06


Tree=208
num_leaves=12
num_cat=0
split_feature=13 9 2 5 12 4 2 6 2 7 2
split_gain=0.316804 0.189648 0.240703 0.137513 0.0649232 0.0619755 0.0557805 0.0194104 0.0024446 0.000298216 0.000479914
threshold=1.0000000180025095e-35 1.2751045000000001 563536.50000000012 2.5000000000000004 2.5000000000000004 33.500000000000007 52.500000000000007 17.500000000000004 1738.5000000000002 14.500000000000002 8383.5000000000018
decision_type=8 10 8 2 2 2 8 2 10 2 8
left_child=1 2 3 4 5 -1 -2 9 -9 10 -3
right_child=6 7 -4 -5 -6 -7 -8 8 -10 -11 -12
leaf_value=0.032117557994293743 -0.00049902115585341935 0.00078639914368618797 -0.011766828857866894 -0.006154792093237116 -0.0025732998469493139 -0.0025780466423326212 -0.022123161784755655 0.0033157627883151426 -0.0012566827394755778 -0.013030447573017899 -0.0010690383745342905
leaf_weight=1.6427996274869667 0.65466747875325348 0.031082181638339423 0.17911277498933476 0.11407272364522203 0.071840453631011658 0.047794418671401107 0.57964807612734159 0.073014483743463643 0.031990843308449257 0.21874467299494427 0.018001144544541603
leaf_count=2230 20 110 24 284 9 6 1380 105 141 243 47
internal_value=0.00193442 0.0130649 0.0192071 0.0252264 0.0287503 0.0305431 -0.0160105 -0.010123 0.00204612 -0.0127448 -0.00026446
internal_weight=3.66277 2.42845 2.05562 1.87651 1.76243 1.69059 1.23432 0.372833 0.105005 0.267828 0.0490833
internal_count=4599 3199 2553 2529 2245 2236 1400 646 246 400 157
is_linear=0
shrinkage=0.06


Tree=209
num_leaves=12
num_cat=0
split_feature=13 11 5 11 2 8 2 2 2 8 8
split_gain=0.399839 0.274465 0.117993 0.061153 0.0914658 0.0474705 0.0325209 0.0673284 0.0255952 0.00860391 0.00755729
threshold=1.0000000180025095e-35 0.35857150000000004 2.5000000000000004 0.67333350000000014 52.500000000000007 0.026333000000000006 57339.000000000007 79908.750000000015 33.750000000000007 0.18465900000000005 1.9705880000000002
decision_type=8 10 2 8 8 10 10 10 8 10 10
left_child=1 8 5 4 -2 -3 9 -8 -1 -7 -9
right_child=3 2 -4 -5 -6 6 7 10 -10 -11 -12
leaf_value=0.0025130417754974542 0.00934930572588147 -0.0025120715601527083 -0.0060610511672059024 -0.02403925127738844 -0.012672398026480758 0.00068993083174410225 -0.0075711867954390373 0.013195468535134451 -0.015588902008159752 0.031392966385091946 -0.00074393962250962631
leaf_weight=0.04916107212193388 0.47486520791426268 0.041735212656931586 0.1121806594346707 0.6188649959913165 0.26578524042997742 0.079748784279217833 0.24680172565422243 0.31904571220729849 0.29220852135040332 1.1921462878453892 0.042935679812217131
leaf_count=3 18 6 321 641 766 37 114 336 426 1877 8
internal_value=0.00184129 0.0147772 0.0222088 -0.0174476 -0.00129352 0.025368 0.026644 0.00446908 -0.013052 0.0306189 0.0122098
internal_weight=3.73548 2.37596 2.03459 1.35952 0.74065 1.92241 1.88068 0.608783 0.34137 1.2719 0.361981
internal_count=4553 3128 2699 1425 784 2378 2372 458 429 1914 344
is_linear=0
shrinkage=0.06


Tree=210
num_leaves=19
num_cat=0
split_feature=8 2 6 2 6 6 0 9 4 2 13 4 9 9 9 4 6 6
split_gain=0.279443 0.213606 0.116966 0.0415592 0.0404046 0.0257929 0.0153172 0.0105899 0.00863945 0.00772794 0.00770988 0.00215491 0.000903994 0.000274313 0.000263539 0.000102002 7.64229e-05 6.96918e-05
threshold=0.31009600000000009 52.500000000000007 10.500000000000002 19.500000000000004 16.500000000000004 1.5000000000000002 0.94233850000000008 0.16149900000000003 9.5000000000000018 42.750000000000007 1.0000000180025095e-35 6.5000000000000009 0.61996650000000009 2.4095085000000007 1.6523275000000002 12.500000000000002 20.500000000000004 19.500000000000004
decision_type=8 8 2 10 2 2 10 8 2 10 10 2 10 10 10 2 2 2
left_child=2 3 -1 -2 8 9 -4 -7 -3 -5 -8 14 -13 -14 16 -10 17 -6
right_child=1 4 6 5 11 7 10 -9 15 -11 -12 12 13 -15 -16 -17 -18 -19
leaf_value=0.024714836260641491 -0.0043314696457201086 -0.023917663048059805 -0.0083804770078837274 0.0026270687469995275 0.00033475950539118779 -0.00087642534076787975 0.0051758732533573127 0.015386813203834924 -0.00029361212829050822 -0.0048081381862280876 -0.0025120134217293038 0.00063646628613215999 -0.0025975549182874944 0.0001728564058047213 -0.00018694773431711514 0.00061393182972872839 0.0022056810854226522 -0.00037013853304779129
leaf_weight=0.28007265014093752 0.35777358635095913 2.0933815129465083 0.15935464890208095 0.085010624985443428 0.011625135728536296 0.046514900277543347 0.093401677393558202 0.343468458395364 0.01491375760451763 0.089583339635282755 0.04339535121107474 0.022254135939874686 0.1187082874312182 0.012762658916471992 0.034363232462055748 0.01274724264658289 0.067821116132108727 0.013233003453933634
leaf_count=144 16 2650 88 122 63 17 186 301 85 17 11 121 441 46 55 19 142 25
internal_value=-0.00758581 -0.0143687 0.0158348 0.00597439 -0.0216407 0.0110995 -0.00515191 0.014212 -0.023602 -0.00203344 0.00267267 3.53711e-05 -0.00180304 -0.00241353 0.00188592 0.000315052 0.0021222 -3.55029e-05
internal_weight=3.90039 3.32416 0.576224 0.922351 2.40181 0.564577 0.296152 0.389983 2.12104 0.174594 0.136797 0.280768 0.153725 0.131471 0.127042 0.027661 0.0926793 0.0248581
internal_count=4549 4120 429 473 3647 457 285 318 2754 139 197 893 608 487 285 104 230 88
is_linear=0
shrinkage=0.06


Tree=211
num_leaves=21
num_cat=0
split_feature=8 6 1 11 4 13 4 7 8 7 8 4 7 6 6 6 8 8 4 7
split_gain=0.245363 0.111722 0.104173 0.091758 0.083659 0.0313337 0.0205936 0.0204796 0.0122678 0.0118297 0.0116712 0.00289769 0.00345351 0.00266161 0.00047389 0.000423952 0.000340728 0.000237966 6.23663e-05 1.69012e-05
threshold=0.31009600000000009 2.5000000000000004 0.97916650000000016 0.8856210000000001 2.5000000000000004 1.0000000180025095e-35 11.500000000000002 1.5000000000000002 1.0208335000000002 7.5000000000000009 0.65450900000000012 15.500000000000002 21.500000000000004 6.5000000000000009 25.500000000000004 8.5000000000000018 0.5895720000000001 0.45643900000000004 4.5000000000000009 23.500000000000004
decision_type=8 2 10 10 2 10 2 2 10 2 10 2 2 2 2 2 10 10 2 2
left_child=3 2 -2 -1 10 -4 -5 -7 9 13 15 12 -11 16 -13 -3 -6 -17 -15 -14
right_child=1 4 5 6 8 7 -8 -9 -10 11 -12 14 19 18 -16 17 -18 -19 -20 -21
leaf_value=-0.0055896592004108592 -0.012506783808097905 0.00073946686274914191 0.012709450532173846 0.024575845532467114 -0.00037732601336281984 -0.007300176307702454 -0.00064508024542854199 0.0043886646210243374 -0.0046111418584787647 0.0080155339267559671 -0.024289802592105492 0.00069876658979345005 3.8992748708036828e-05 -2.3275904301216171e-05 -0.0011882490530700349 -0.001306797222978361 0.0015029381673609414 0.00031755756576543477 -0.0037650650215194036 -0.00066417715808989519
leaf_weight=0.11932598656130755 0.24000160258947301 0.045095682373357593 0.81803749052050989 0.34581893930226215 0.037253057580528437 0.12875885715038748 0.072883511100371834 0.13739483946847031 0.09130678755172994 0.23002115204872098 1.1581116701236167 0.017257995714317076 0.020819920238864142 0.028976252011489123 0.043229730195889715 0.037238439577777172 0.064524880701355869 0.013460803347697947 0.095301665653096279 0.01887812050699722
leaf_count=113 464 104 373 269 64 110 41 28 739 546 963 38 42 79 132 52 218 73 121 31
internal_value=-0.00450986 -0.0112667 0.00187133 0.0169866 -0.0179077 0.0095278 0.0228255 -0.00256564 0.000438284 0.0036975 -0.0233732 0.00653551 0.00726331 -0.00239736 -0.00049863 -0.000238014 0.00109689 -0.000983753 -0.00368933 -0.000612592
internal_weight=3.7637 3.22567 1.32419 0.538028 1.90148 1.08419 0.418702 0.266154 0.64757 0.556263 1.25391 0.330207 0.269719 0.226056 0.0604877 0.0957949 0.101778 0.0506992 0.124278 0.039698
internal_count=4600 4177 975 423 3202 511 310 138 2010 1271 1192 789 619 482 170 229 282 125 200 73
is_linear=0
shrinkage=0.06


Tree=212
num_leaves=23
num_cat=0
split_feature=8 2 4 8 8 3 6 8 2 2 9 3 2 6 8 6 9 9 9 9 8 6
split_gain=0.23689 0.21877 0.127162 0.0620604 0.0857865 0.0556202 0.0560239 0.0260222 0.0181321 0.0245667 0.0168334 0.0122938 0.00277185 0.00223766 0.000959327 0.000341821 0.00027325 0.00024644 0.000171166 0.00011326 2.26047e-05 2.56491e-06
threshold=0.31009600000000009 52.500000000000007 4.5000000000000009 1.0208335000000002 0.84900300000000006 0.2715260000000001 24.500000000000004 0.65450900000000012 39.750000000000007 45.750000000000007 0.81340650000000014 0.35024200000000005 3321.0000000000005 11.500000000000002 0.35214600000000007 19.500000000000004 0.22829350000000001 1.6198150000000002 0.088465500000000016 0.75886600000000015 0.33809500000000009 3.5000000000000004
decision_type=8 8 2 10 10 10 2 8 10 10 8 10 10 2 10 2 10 8 10 10 10 2
left_child=2 3 -1 4 -2 6 7 14 -6 -10 13 -7 -8 16 18 -15 -9 -16 -3 -18 -13 -19
right_child=1 5 -4 -5 8 11 12 10 9 -11 -12 20 -14 15 17 -17 19 21 -20 -21 -22 -23
leaf_value=0.023757168294182028 -0.0069736415861864874 0.00016308140970762783 -0.0065595136822077064 -0.0073136426817395073 0.019761990710064414 0.0053915640712467782 0.003452429616186642 0.00012907156735839233 -0.0061025325784491245 0.0064995722510220845 -0.027537103468178399 -1.4399407672902378e-05 -0.001304549531463662 0.0016080995727927509 0.001391363074524308 -0.0003702887996534669 -0.0031956046343571158 1.2149437525262634e-05 -0.0016793028752812252 4.5602869853314393e-05 -0.0037185563921302333 -0.00029758114621690891
leaf_weight=0.31884334519054425 0.12582133861724321 0.024362527223276031 0.25161274005586165 0.12606693315319717 0.46548400906249299 0.13609219590216515 0.084278943228127789 0.017893545737024064 0.12157059348464827 0.10718752261891495 1.6215882226024405 0.013810941381962039 0.070733216944063315 0.038289529649773613 0.062162002268451033 0.013315213269379456 0.16722928878516541 0.023006038871244527 0.035148427192325471 0.011421716404584004 0.078212038362835301 0.032944818725809455
leaf_count=209 5 46 225 7 379 100 164 68 60 18 1624 6 226 111 327 28 462 33 21 58 311 69
internal_value=-0.00688113 -0.0130611 0.0147231 0.00679604 0.0117917 -0.0205188 -0.0226366 -0.0245581 0.0173014 0.000286325 -0.0259428 0.00171101 0.00203164 -0.00180911 -0.000329796 0.00123093 -0.00296896 0.00105794 -0.00148302 -0.0031255 -0.0036849 -0.000279327
internal_weight=3.94708 3.37662 0.570456 0.94613 0.820063 2.43049 2.20237 2.04736 0.694242 0.228758 1.86974 0.228115 0.155012 0.248149 0.177624 0.0516047 0.196545 0.118113 0.059511 0.178651 0.092023 0.0559509
internal_count=4557 4123 434 469 462 3654 3237 2847 457 78 2351 417 390 727 496 139 588 429 67 520 317 102
is_linear=0
shrinkage=0.06


Tree=213
num_leaves=9
num_cat=0
split_feature=1 3 11 3 0 3 12 4
split_gain=0.0770674 0.132868 0.142448 0.0931131 0.0446182 0.0144104 0.0140547 0.00965403
threshold=0.97916650000000016 0.22885400000000003 0.12701600000000005 0.2715260000000001 0.99999950000000004 0.42640750000000005 4.5000000000000009 19.500000000000004
decision_type=10 8 10 10 10 10 2 2
left_child=-1 2 -2 -3 -4 -5 7 -6
right_child=1 3 4 5 6 -7 -8 -9
leaf_value=-0.022969069197343896 -0.014066467291062954 -0.02573621306219304 -0.0026889701437954102 0.0067717605724809784 0.014058125088557258 -0.0033170338972496106 -0.0016110285957559342 -0.00084888909762011959
leaf_weight=0.59118929747637627 0.35340662077942475 0.28323878200171737 0.50817440736864239 0.17167485054233111 1.5709268620339569 0.11099964447930688 0.027396553661674372 0.050122820408432633
leaf_count=1929 26 58 41 61 2278 67 6 45
internal_value=-0.0117464 -0.00448336 0.00299221 -0.0183769 0.00935823 0.00331267 0.0126851 0.0134492
internal_weight=3.66713 3.07594 2.51003 0.565913 2.15662 0.282674 1.64845 1.62105
internal_count=4511 2582 2396 186 2370 128 2329 2323
is_linear=0
shrinkage=0.06


Tree=214
num_leaves=14
num_cat=0
split_feature=12 2 12 13 5 9 6 5 2 2 4 4 4
split_gain=0.250254 0.193699 0.184088 0.120244 0.0713038 0.0362768 0.025172 0.0236809 0.0872807 0.0395326 0.00474173 0.00249198 0.00301976
threshold=1.0000000180025095e-35 56717.250000000007 2.5000000000000004 1.0000000180025095e-35 2.5000000000000004 0.44571150000000009 1.5000000000000002 1.5000000000000002 672643.50000000012 58375.500000000007 1.5000000000000002 11.500000000000002 12.500000000000002
decision_type=2 8 2 10 2 10 2 2 8 10 2 2 2
left_child=6 2 3 4 11 10 -1 8 9 -3 -5 -2 -13
right_child=1 7 -4 5 -6 -7 -8 -9 -10 -11 -12 12 -14
leaf_value=0.0017117944256258369 0.033932771666804092 -0.0043098385637841373 -0.0087618044800381895 -0.00075583512942984299 -0.0029070446152976602 -0.0075161112298417071 -0.019456062310536256 -0.011631967067951495 -0.011630421964665291 0.013920128265321824 0.0079743362045982622 -0.0016410248030959125 0.0031452416042542205
leaf_weight=0.060756613551348315 1.1162735030084157 0.075542065813351544 0.200610302894347 0.079600137123634229 0.050798316344298544 0.23405709603684954 0.40190989861184789 0.22207495223847218 0.17807383082254091 0.4393398801330477 0.21765247617440764 0.037011327236541436 0.067646970099303871
leaf_count=81 1759 16 600 80 120 219 387 584 40 498 46 22 123
internal_value=0.00491529 0.0119927 0.0198131 0.024984 0.0309951 -0.000249029 -0.0174065 -0.0065358 0.0010035 0.0101661 0.00685601 0.0330795 0.00149933
internal_weight=3.38135 2.91868 2.00365 1.80304 1.27173 0.53131 0.462667 0.915031 0.692956 0.514882 0.297253 1.22093 0.104658
internal_count=4575 4107 2969 2369 2024 345 468 1138 554 514 126 1904 145
is_linear=0
shrinkage=0.06


Tree=215
num_leaves=28
num_cat=0
split_feature=8 2 6 6 6 3 8 9 2 2 8 3 3 8 2 8 2 2 2 9 9 8 9 9 8 8 9
split_gain=0.210716 0.197932 0.117928 0.0856683 0.0432741 0.0460346 0.014059 0.0139711 0.0138037 0.0249819 0.013161 0.0124226 0.0086437 0.0029947 0.00256045 0.00237736 0.00162724 0.00108854 0.00160391 0.00104925 0.000502328 0.000480853 0.00031046 0.000243173 3.76346e-05 2.58528e-05 1.26159e-06
threshold=0.31009600000000009 52.500000000000007 10.500000000000002 23.500000000000004 20.500000000000004 0.2715260000000001 0.62731500000000018 0.81340650000000014 39.750000000000007 45.750000000000007 1.9705880000000002 0.10304300000000001 0.35024200000000005 0.84900300000000006 19767.750000000004 2.0312500000000004 120.75000000000001 46371.750000000007 74067.750000000015 0.75044050000000007 0.61996650000000009 0.67424250000000019 0.16149900000000003 0.74562850000000014 0.52786400000000011 0.56385850000000015 0.77340950000000019
decision_type=8 8 2 2 2 10 8 8 10 10 10 10 10 8 10 10 10 10 10 10 10 10 10 10 10 8 8
left_child=2 3 -1 8 5 6 19 13 11 -10 -9 -2 -7 21 16 -12 -6 -4 -19 24 -16 -8 -15 -24 -3 -26 -25
right_child=1 4 17 -5 14 12 7 10 9 -11 15 -13 -14 22 20 -17 -18 18 -20 -21 -22 -23 23 26 25 -27 -28
leaf_value=0.023347460944903923 0.016919940462073849 -0.0017171987138620941 -0.0063345589443925022 -0.0085315150909708141 -0.000779280626381396 0.004599459031794071 -0.00040749277552871592 -0.026630070408253305 -0.0063136423978451929 0.0063934732696163616 0.0010960524631359559 -0.0007758509333682589 -0.003103667948840877 0.000156705367964434 0.00045144713649740149 -0.0031763544277044406 0.0035916611229846792 0.0016533601969940053 -0.0016485914126513569 0.0010671745647078453 -0.0019344062924686106 0.0020309682913141488 -0.003336480879613316 -1.7412942700315374e-05 -0.00020196951354290544 0.000228671432049756 0.00012702581050012113
leaf_weight=0.28355726524023372 0.43467919010254297 0.12626650198581102 0.18033242813544348 0.1748657868738519 0.013742001523496472 0.10957591137776024 0.016615663596894481 1.3749353521125156 0.12477979929826688 0.10333679047471378 0.17005332918051874 0.064942177152261138 0.071449691327870823 0.01072647998080356 0.014406364029127872 0.055806152275181375 0.14198044720615144 0.046996058368677041 0.071856870290503139 0.02197996457471163 0.039287753832468297 0.045426690972817596 0.14470605085443822 0.0072356585878878841 0.0073665123563841925 0.0077405073716363395 0.0060891263565281397
leaf_count=149 374 242 141 10 5 81 41 933 64 15 100 3 263 38 97 510 402 50 101 90 121 137 411 35 23 65 44
internal_value=-0.00587264 -0.0119074 0.0141874 0.00703129 -0.0190338 -0.0208427 -0.0226962 -0.0237172 0.0135444 -3.85168e-05 -0.0251138 0.0156362 0.00150549 -0.00149633 0.00145456 -0.00168957 0.00286541 -0.00578276 -3.2169e-05 -0.000701771 -0.00147334 0.00160913 -0.00303796 -0.00320288 -0.00167083 2.65826e-05 0.00010881
internal_weight=3.87074 3.28799 0.582743 0.902604 2.38539 2.17597 1.99495 1.83159 0.727738 0.228117 1.60079 0.499621 0.181026 0.2308 0.209417 0.225859 0.155722 0.299185 0.118853 0.163353 0.0536941 0.0620424 0.168757 0.158031 0.141374 0.015107 0.0133248
internal_count=4545 4104 441 466 3638 3013 2669 2249 456 79 1543 377 344 706 625 610 407 292 151 420 218 178 528 490 330 88 79
is_linear=0
shrinkage=0.06


Tree=216
num_leaves=18
num_cat=0
split_feature=2 8 8 9 2 2 9 2 2 2 8 8 2 2 9 9 9
split_gain=0.156663 0.0495954 0.0683641 0.0405609 0.0245823 0.0640746 0.0179359 0.00486102 0.00444406 0.0788535 0.00360564 0.00123753 0.00138119 0.000902477 0.000798176 0.000291044 0.000292034
threshold=52.500000000000007 1.0208335000000002 0.84900300000000006 0.72947000000000017 157372.50000000003 672643.50000000012 0.16149900000000003 261313.50000000003 2044.5000000000002 203.25000000000003 0.85449750000000013 0.12916650000000005 135400.50000000003 188802.75000000003 0.16149900000000003 0.26366500000000004 0.21190900000000004
decision_type=8 10 10 8 10 10 8 10 8 10 8 10 10 10 10 10 10
left_child=1 2 -1 10 8 7 -4 13 9 -5 11 -2 15 -6 -12 16 -13
right_child=3 -3 6 4 5 -7 -8 -9 -10 -11 14 12 -14 -15 -16 -17 -18
leaf_value=-0.0062455523856773301 -0.00074352071296143502 -0.007287196745303732 -0.0016954230077246809 -0.013892838818590424 0.00095834561924778986 -0.012255561220011915 0.01624680064909393 0.0080899506075089479 -0.027549059341231284 0.0074997438290160682 0.00046672472273808066 0.00067837516653827866 -0.00067929782157795133 -0.0016244474182232843 -0.0029528733223110658 0.0036255544070059567 -0.0007626480447493906
leaf_weight=0.16907484293915365 0.018547859253886023 0.12571644457057118 0.030114310033241054 0.34324575380014732 0.026358851344411849 0.19641212855276535 0.58740754402788298 0.28365273439703742 1.0695018411479396 0.29894069079455221 0.009964321056031622 0.013565520388510777 0.017047139292117208 0.072338527712417999 0.14431966278789332 0.1520545174680592 0.018936598007712746
leaf_count=7 20 8 19 155 79 17 452 197 1615 754 36 94 42 138 431 487 25
internal_value=-0.013698 0.00446526 0.00937106 -0.0194378 -0.0215682 -0.00319007 0.0148646 0.00696375 -0.0243142 -0.00543165 -0.000195368 0.00216296 0.00282659 -0.000690227 -0.00251901 0.00345051 -8.66946e-05
internal_weight=3.5772 0.912313 0.786597 2.66489 2.29045 0.578762 0.617522 0.38235 1.71169 0.642186 0.374436 0.220152 0.201604 0.0986974 0.154284 0.184557 0.0325021
internal_count=4576 486 478 4090 2955 431 471 414 2524 909 1135 668 648 217 467 606 119
is_linear=0
shrinkage=0.06


Tree=217
num_leaves=21
num_cat=0
split_feature=2 2 9 2 2 6 9 2 2 2 6 9 9 2 9 9 9 9 2 2
split_gain=0.0808467 0.0706251 0.0223852 0.0402556 0.0690547 0.00529646 0.00487787 0.00484744 0.00298062 0.0026841 0.0021519 0.0013306 0.00088557 0.000261261 7.72936e-05 5.50914e-05 2.18564e-05 2.21048e-05 6.16305e-06 4.57593e-05
threshold=42.750000000000007 19.500000000000004 1.2295455000000002 83427.000000000015 672643.50000000012 9.5000000000000018 2.0302095000000002 72789.000000000015 120.75000000000001 151924.50000000003 44.500000000000007 1.3552975 0.088465500000000016 139933.50000000003 2.8122035000000003 1.3331610000000003 2.4552650000000003 2.1391790000000004 111947.25000000001 89876.250000000015
decision_type=8 10 8 10 10 2 10 8 10 10 2 8 10 10 10 10 10 10 10 10
left_child=1 -1 5 6 9 12 11 8 -7 13 -10 15 -2 18 16 -4 17 -8 19 -5
right_child=2 -3 3 4 -6 7 14 -9 10 -11 -12 -13 -14 -15 -16 -17 -18 -19 -20 -21
leaf_value=-0.0079996676461363391 0.00025906582778349762 0.011656043919600659 -0.00055646724818226635 0.00027877536838076636 -0.012132001817592672 -0.0012493646315055811 0.00015036816496379006 -0.0025270027571090885 0.0046340509535841984 0.0082174388549786787 -0.00077745346507688239 -0.02506027483942503 -0.0053997187834229935 -0.00088271264597972676 -0.00058647874418103296 0.00017505581567837478 0.0003411717277777276 -0.00026136199406891772 0.0005392227867279894 -0.0002920498745584677
leaf_weight=0.42072153568733517 0.012707583853626025 0.24631648893409874 0.031078595626240824 0.009548277022986329 0.19447082913393388 0.021893803168495651 0.0092650588085233521 0.060179006359248888 0.31440605813622824 0.35004223110081512 0.017301194442552514 1.3642276709451835 0.2953104675434588 0.020460087846004171 0.015017079005701817 0.0082407889603928197 0.018737256254098611 0.01518800419580657 0.015329797737649642 0.013994553464726778
leaf_count=16 41 410 144 30 12 9 42 119 930 341 15 979 1005 28 113 27 76 89 49 51
internal_value=-0.0148162 0.00189667 -0.0182605 -0.0208025 -0.00234774 -0.00312907 -0.0243756 0.000950874 0.00297237 0.0076104 0.00397994 -0.0248156 -0.00514668 -0.000347373 -0.000341419 -0.000382234 0.000224306 -0.000110859 0.000512853 -1.43617e-05
internal_weight=3.45444 0.667038 2.7874 2.0656 0.603846 0.721798 1.46175 0.41378 0.353601 0.409375 0.331707 1.40355 0.308018 0.0593327 0.0582074 0.0393194 0.0431903 0.0244531 0.0388726 0.0235428
internal_count=4526 426 4100 1981 511 2119 1470 1073 954 499 945 1150 1046 158 320 171 207 131 130 81
is_linear=0
shrinkage=0.06


Tree=218
num_leaves=13
num_cat=0
split_feature=13 2 5 12 8 8 5 9 9 9 9 9
split_gain=0.396904 0.221525 0.160476 0.0694188 0.0573397 0.0448025 0.0130703 0.0105531 0.0111387 0.00278824 0.00140945 0.000516442
threshold=1.0000000180025095e-35 56717.250000000007 2.5000000000000004 2.5000000000000004 0.026333000000000006 0.82085550000000007 1.5000000000000002 2.2024320000000004 0.43483700000000008 1.3436980000000001 0.25516300000000008 2.2338490000000006
decision_type=8 8 2 2 10 8 2 10 8 10 10 10
left_child=1 2 3 4 -1 6 9 8 10 -3 -2 -9
right_child=7 5 -4 -5 -6 -7 -8 11 -10 -11 -12 -13
leaf_value=-0.0023261140342526474 -0.0019237417483496486 0.0085554863551546012 -0.0069188235323249785 -0.0027769677689619111 0.033767144219871578 -0.010851387316437961 -0.0026727015174922504 0.0013358719342007541 -0.020512889338249247 -0.00053248144178225446 0.0011966667166890598 -0.000684173942298219
leaf_weight=0.038645379245281997 0.080160200064710474 0.16534980302094471 0.13015146310499393 0.062067858409136423 1.1164892799497463 0.6006663109328656 0.046369450239581056 0.022808213823736767 0.920909153062894 0.012018195760902017 0.097908655683568213 0.011531206087965984
leaf_count=1 22 435 519 9 1926 261 41 5 1225 5 49 127
internal_value=0.00187107 0.0149912 0.0248293 0.0298135 0.0320406 -0.00588402 0.0054216 -0.0185126 -0.0191367 0.00801046 -0.00064862 0.000651892
internal_weight=3.30508 2.17176 1.34735 1.2172 1.15513 0.824404 0.223737 1.13332 1.09898 0.177368 0.178069 0.0343394
internal_count=4625 3197 2455 1936 1927 742 481 1428 1296 440 71 132
is_linear=0
shrinkage=0.06


Tree=219
num_leaves=25
num_cat=0
split_feature=8 11 3 5 6 9 4 3 4 8 8 3 6 3 3 8 4 6 4 9 6 9 9 9
split_gain=0.248602 0.0967531 0.0892463 0.0773047 0.105707 0.0211928 0.0170158 0.0310938 0.0134033 0.0133968 0.0125424 0.00684304 0.0032343 0.00268986 0.00222379 0.000984275 0.000768182 0.000109049 0.000236045 8.80102e-05 8.20251e-05 3.94276e-05 2.70225e-05 1.49342e-05
threshold=0.31009600000000009 0.89897950000000015 9.4500000000000007e-05 1.5000000000000002 15.500000000000002 1.9303890000000001 3.5000000000000004 0.2715260000000001 11.500000000000002 0.7257055 0.98000000000000009 0.29208400000000007 1.5000000000000002 2.9500000000000002e-05 0.081119500000000025 0.35214600000000007 15.500000000000002 6.5000000000000009 4.5000000000000009 0.37491200000000008 7.5000000000000009 0.67412900000000009 0.65336150000000004 0.22829350000000001
decision_type=8 10 8 2 2 10 2 10 2 10 10 10 2 10 10 10 2 2 2 10 2 8 8 8
left_child=1 -1 3 4 9 10 7 -4 -3 13 15 -9 -11 21 16 -6 20 -16 -19 -17 -8 22 23 -2
right_child=2 8 6 -5 5 -7 14 11 -10 12 -12 -13 -14 -15 17 19 -18 18 -20 -21 -22 -23 -24 -25
leaf_value=-0.0060277515964209504 -9.0725320242449403e-05 0.023825022078699215 -0.024723918552049549 -0.014045455135265826 -0.00086445428170454984 0.002565745662884525 -5.8076042627485957e-05 0.0037850501717378643 -1.3561381312988073e-05 0.0023965990503292066 -0.014449932521838073 -0.0030460997031015275 0.013621430151423261 -0.0029598560694790964 5.5859121903968617e-05 -6.971564544944856e-05 -0.00062632430799332858 0.00014846005858086881 -0.0026512020331763992 0.0020732953365031393 0.0021703747408146528 0.0015764365105078589 -0.00023842367900317129 0.0002940681720076047
leaf_weight=0.1275494027831886 0.0042144549515804623 0.34101254577763029 0.83789429604985322 0.28663574872552988 0.016582327487412729 0.046253843436716124 0.0091489862352318596 0.064982052783307154 0.089434282024740241 0.64434515355969757 0.28748886760149617 0.068115683938231086 0.69547512309509329 0.049264540313743055 0.01863880903692916 0.0064426136159454464 0.022302043238596525 0.0087033629861252848 0.069930777230183594 0.03576468197570648 0.088307433419686276 0.050663588150200667 0.0042421417674631803 0.0049248429459112222
leaf_count=116 25 276 680 500 11 28 46 14 44 201 44 205 1021 2 61 37 60 41 382 213 317 168 3 67
internal_value=-0.00568483 0.016135 -0.0122377 -0.00231184 0.0038058 -0.0105715 -0.0208541 -0.0226599 0.0223251 0.0104158 -0.0129287 0.000686105 0.0115546 -0.00133332 -0.000794405 0.00113195 0.00148526 -0.00239681 -0.00249097 0.00199316 0.00209888 0.00152369 -3.45639e-05 0.000202558
internal_weight=3.87832 0.557996 3.32032 2.1323 1.84566 0.392532 1.18802 0.970992 0.430447 1.45313 0.346278 0.133098 1.33982 0.11331 0.217031 0.0587896 0.119758 0.0972729 0.0786341 0.0422073 0.0974564 0.064045 0.0133814 0.0091393
internal_count=4562 436 4126 2320 1820 333 1806 899 320 1487 305 219 1222 265 907 261 423 484 423 250 363 263 95 92
is_linear=0
shrinkage=0.06


Tree=220
num_leaves=10
num_cat=0
split_feature=1 3 11 12 3 0 13 3 7
split_gain=0.137891 0.197517 0.225038 0.138626 0.0895112 0.0386065 0.0182396 0.0125068 0.0037807
threshold=0.97916650000000016 0.22885400000000003 0.12701600000000005 1.5000000000000002 0.2715260000000001 0.99984100000000009 1.0000000180025095e-35 0.54199800000000009 5.5000000000000009
decision_type=10 8 10 2 10 10 10 10 2
left_child=-1 2 -2 5 -3 -4 8 -6 -5
right_child=1 4 3 6 7 -7 -8 -9 -10
leaf_value=-0.022263510458157498 -0.014696988048428929 -0.024657372181533365 0.00044141692932326193 -0.0014449998093742683 0.0065879737929869361 0.024581381781140443 -0.0097710196313079353 -0.0030570786189307877 0.0042257265378399834
leaf_weight=0.56663820420362787 0.3158656285522744 0.28559148756903585 0.30871608730376432 0.07125073794668435 0.19093904322653543 1.2235782826010109 0.1833208696480142 0.068522301502525806 0.075645192086085444
leaf_count=1978 27 52 29 83 89 1869 43 34 381
internal_value=-0.00808067 5.7001e-05 0.00859943 0.0163044 -0.0175528 0.0218128 -0.00643867 0.00363593 0.00261351
internal_weight=3.29007 2.72343 2.17838 1.86251 0.545053 1.53229 0.330217 0.259461 0.146896
internal_count=4585 2607 2432 2405 175 1898 507 123 464
is_linear=0
shrinkage=0.06


Tree=221
num_leaves=16
num_cat=0
split_feature=2 13 2 2 5 11 11 3 8 6 3 3 6 8 2
split_gain=0.173586 0.201332 0.0719575 0.0520795 0.0483263 0.0423503 0.0650936 0.0269199 0.0137058 0.00947682 0.00383407 0.0046226 0.00366086 0.00205636 0.000393407
threshold=1924.5000000000002 1.0000000180025095e-35 24692.250000000004 672643.50000000012 1.5000000000000002 0.57518800000000014 0.30495200000000006 1.0000000180025095e-35 0.71825400000000006 4.5000000000000009 0.061778000000000007 0.36631450000000004 45.500000000000007 0.11324800000000002 157372.50000000003
decision_type=8 8 10 10 2 10 10 10 10 2 10 10 2 10 10
left_child=1 4 12 7 -1 6 -3 9 10 -4 -9 13 -2 -12 -13
right_child=2 5 3 -5 -6 -7 -8 8 -10 -11 11 14 -14 -15 -16
leaf_value=0.021877255901577349 -0.026948946253854456 -0.0091086371252892644 0.010497997955175222 -0.01210603699675134 -0.0032269530128951106 -0.016058317777421088 0.010632087374774193 -0.0015848925677568965 -0.0070437904567559875 -0.0012551474784582072 -0.00056438691087160563 -0.0017701858750522508 1.8553659109427366e-05 0.0058436886942348281 0.00036513229862284157
leaf_weight=0.56227050066263484 0.60527093394193787 0.16948895062523672 0.33529103898399604 0.19349110850089346 0.056684047885937616 0.34452294994844124 0.26188400224782526 0.06264299231042969 0.14154595989020891 0.066135002769442508 0.021809816651511937 0.033617394205066375 0.016937892272835597 0.19515377288189484 0.038957164309977088
leaf_count=1386 1078 73 230 11 116 140 43 140 617 337 21 31 26 266 43
internal_value=-0.00921561 0.00498635 -0.0183625 -0.00312961 0.0190051 -0.0106013 0.00193102 0.00417476 -0.00319196 0.00904773 0.00242046 0.00384407 -0.0266559 0.00526508 -0.0013522
internal_weight=3.1057 1.39485 1.71085 1.08864 0.618955 0.775896 0.431373 0.895153 0.493727 0.401426 0.352181 0.289538 0.622209 0.216964 0.0725746
internal_count=4558 1758 2800 1696 1502 256 116 1685 1118 567 501 361 1104 287 74
is_linear=0
shrinkage=0.06


Tree=222
num_leaves=33
num_cat=0
split_feature=3 7 2 2 13 4 2 4 9 8 8 9 2 8 9 2 2 3 3 9 8 8 2 2 9 9 2 9 9 9 9 2
split_gain=0.288552 0.240014 0.0506951 0.0401335 0.0352718 0.061824 0.0309528 0.0258797 0.0187867 0.0184349 0.0154365 0.0274996 0.0136884 0.0122575 0.00857884 0.00575064 0.00525911 0.00248335 0.00253133 0.00277278 0.000650144 0.00129347 0.000653952 0.000634898 0.000530823 0.000499938 0.000337911 5.80548e-05 8.9014e-05 3.48065e-05 1.5456e-05 9.65771e-06
threshold=1.0000000180025095e-35 5.5000000000000009 1266.7500000000002 27648.000000000004 1.0000000180025095e-35 1.5000000000000002 52.500000000000007 1.5000000000000002 0.81340650000000014 0.84900300000000006 0.33809500000000009 1.0216220000000003 77986.500000000015 1.6568630000000002 0.73546300000000009 203.25000000000003 35.250000000000007 0.5086305000000001 0.038577000000000007 0.32019750000000008 0.98000000000000009 0.35214600000000007 120.75000000000001 17185.500000000004 2.1663775000000003 0.65336150000000004 41809.500000000007 1.1023200000000004 2.0026645000000003 1.6296575000000002 0.61996650000000009 52372.500000000007
decision_type=8 2 8 10 8 2 10 2 8 10 10 8 10 10 10 10 10 10 10 8 10 10 10 8 10 8 10 10 10 10 10 10
left_child=1 4 10 8 5 13 -6 15 30 14 -2 -12 -7 -1 17 -3 -9 18 25 -20 21 -18 -23 -17 -22 -5 -24 -13 29 -29 -4 -28
right_child=2 7 3 9 6 12 -8 16 -10 -11 11 27 -14 -15 -16 23 20 -19 19 -21 24 22 26 -25 -26 -27 31 28 -30 -31 -32 -33
leaf_value=0.029520696457097879 -0.0051592032989064146 -0.01509080038027553 0.000582684978026166 0.00072300620650112685 0.0071489795782100343 0.0041149710107431445 -0.0064555379249678965 0.0039481675614430932 -0.027306134964389127 -0.0068768606666558237 -0.0046510572085030691 0.0092048960645713818 -0.0054516881897719921 0.001202160646747023 -0.0023600291582296829 0.0012088551495700187 -0.0013585184593262955 -0.00062485711730701505 -0.00054338480151518371 0.0076343640161069754 -0.0028064346416379351 -0.00053420667049614912 0.0024032460441131775 -0.00092063989779145729 0.00031880882970480325 -0.0012154560208747947 -0.00029150377632568319 -9.0523704206121341e-05 -0.00028672283040898295 0.00064433336046606018 -4.3550748598504638e-05 5.8400691637635988e-05
leaf_weight=0.61283450235168913 0.12967832072899876 0.29310005503793934 0.038382999700843357 0.019207185025152285 0.3419420523568989 0.080505232128416537 0.11987195975962095 0.068907305343600456 0.49350110027262417 0.12856344746251125 0.12800246564438567 0.1830866969685303 0.11933214330201736 0.14806454321660567 0.063666674614069052 0.031495137911406346 0.02697848677780712 0.02194405926275067 0.028023452570778318 0.20479065746258129 0.11241090145995258 0.0089020133018493652 0.058960900252714055 0.02264969251700677 0.013981121854158118 0.026504337878577644 0.0095778990653343499 0.020671037847932894 0.018553574031102471 0.022919602597539779 0.014309586149465758 0.0081229597053606994
leaf_count=499 18 87 94 52 9 363 163 22 742 581 74 35 69 20 120 158 27 23 62 230 344 1 331 77 43 28 34 52 41 38 52 59
internal_value=-0.00229969 0.0104914 -0.0168825 -0.021091 0.0205157 0.024142 0.00161726 -0.01052 -0.0260128 -0.00186334 6.00233e-05 0.00430986 -0.00138019 0.0278222 0.00365034 -0.0142576 0.001374 0.00575934 0.00635765 0.00700771 -0.00195592 0.000337418 0.00163101 0.000289748 -0.00248461 -0.00048845 0.00214508 0.00896609 0.000258594 0.000543035 0.000532802 -0.000231326
internal_weight=3.61944 2.07764 1.54181 1.03889 1.42255 0.960736 0.461814 0.655086 0.546194 0.4927 0.502912 0.373233 0.199837 0.760899 0.364136 0.347245 0.307842 0.30047 0.278526 0.232814 0.238934 0.112542 0.0855638 0.0541448 0.126392 0.0457115 0.0766618 0.245231 0.0621442 0.0435906 0.0526926 0.0177009
internal_count=4548 2306 2242 1984 1123 951 172 1183 888 1096 258 240 432 519 515 322 861 395 372 292 839 452 425 235 387 80 424 166 131 90 146 93
is_linear=0
shrinkage=0.06


Tree=223
num_leaves=11
num_cat=0
split_feature=13 3 3 5 8 12 3 7 8 7
split_gain=0.267095 0.266913 0.104531 0.0891082 0.0491137 0.0513357 0.00440384 0.00207677 0.00128318 0.000112775
threshold=1.0000000180025095e-35 0.26043150000000004 0.2715260000000001 2.5000000000000004 0.98000000000000009 2.5000000000000004 0.43645550000000005 2.5000000000000004 0.33809500000000009 1.5000000000000002
decision_type=8 8 10 2 10 2 10 2 10 2
left_child=1 3 -3 4 5 -1 -4 9 -8 -6
right_child=-2 2 6 -5 7 -7 8 -9 -10 -11
leaf_value=0.028640644825294433 -0.020280109659831961 -0.023552066037750872 0.0065374127702375693 -0.0060759695487179795 0.0010413446780017162 -0.002372998384412039 0.0010688234322286001 0.005971047898155773 -0.0020806215606956574 -4.1883175672508704e-05
leaf_weight=0.67397098758738216 1.1317787919688269 0.26138566449299094 0.16620800673626945 0.11256429251443467 0.54013211789424509 0.054962846217676997 0.030383622506633401 0.12317621733018314 0.035768033681961242 0.35013463428913383
leaf_count=1315 1402 45 129 552 154 4 34 644 78 197
internal_value=-0.00433808 0.00710609 -0.0154899 0.0164396 0.0195794 0.0262822 0.00533143 0.00409935 -0.000988361 0.000818541
internal_weight=3.48047 2.34869 0.493745 1.85494 1.74238 0.728934 0.23236 1.01344 0.0661517 0.890267
internal_count=4554 3152 286 2866 2314 1319 241 995 112 351
is_linear=0
shrinkage=0.06


Tree=224
num_leaves=20
num_cat=0
split_feature=0 0 2 2 3 9 6 6 3 6 4 2 11 7 2 9 2 7 7
split_gain=0.134476 0.148669 0.126138 0.0949892 0.0575248 0.0647628 0.034514 0.0151674 0.0140817 0.0114907 0.00544142 0.00632948 0.00292566 0.00239355 0.0024763 0.000622297 0.000384015 0.000212623 3.70369e-05
threshold=0.23795050000000004 0.23593750000000005 52.500000000000007 19.500000000000004 0.2715260000000001 1.4963915000000003 1.5000000000000002 16.500000000000004 0.57658700000000007 7.5000000000000009 17.500000000000004 83427.000000000015 0.9900000000000001 3.5000000000000004 94.500000000000014 0.39030600000000004 453.75000000000006 22.500000000000004 3.5000000000000004
decision_type=8 10 8 10 10 8 2 2 10 2 2 10 10 2 10 10 10 2 2
left_child=1 -1 3 -2 5 9 12 -7 -6 15 11 13 -5 -11 -15 18 -12 -9 -4
right_child=2 -3 4 6 8 7 -8 17 -10 10 16 -13 -14 14 -16 -17 -18 -19 -20
leaf_value=-0.0094659721394961798 -0.0084624834860225415 0.022374321137520321 0.0003398019915903621 0.0013158723317271332 0.0061500984868926431 -0.024248056095846154 0.017252401607730609 0.00076274969988370759 -0.0036928067604576503 -0.00057156870140419292 0.00030897894479051254 -0.0016206466727148388 -0.0036482785919365549 -0.00056811318493114795 0.0073275632429179493 -0.0049874212423003895 -0.0020669752880579048 -0.00048137070324099729 -0.00019257876408474396
leaf_weight=0.18717279898373851 0.37416146375471759 0.23136878979858011 0.016190874921449772 0.057534029707312584 0.19122408658586199 1.3077296844094233 0.37336288541337126 0.030392534528800641 0.071897935726155993 0.015712985499703791 0.023449867047020234 0.042487993137910962 0.098643885139608756 0.009483714762609452 0.26235259332679561 0.21460621065489249 0.060565495736227604 0.04184940655977698 0.016114231624669628
leaf_count=1228 18 7 77 3 133 664 317 80 60 26 4 88 131 2 993 544 83 63 57
internal_value=-0.00603542 0.0115 -0.0105127 0.00496318 -0.0162477 -0.0187611 0.0137801 -0.0233925 0.00266628 -0.000829432 0.00320389 0.00481672 -0.00226313 0.00628785 0.006822 -0.00473821 -0.00173055 0.000265253 0.000144939
internal_weight=3.6263 0.418542 3.20776 0.903702 2.30406 2.04094 0.529541 1.37997 0.263122 0.660964 0.414053 0.330037 0.156178 0.287549 0.271836 0.246911 0.0840154 0.0722419 0.0323051
internal_count=4578 1235 3343 469 2874 2681 451 807 193 1874 1196 1109 134 1021 995 678 87 143 134
is_linear=0
shrinkage=0.06


Tree=225
num_leaves=21
num_cat=0
split_feature=8 2 4 8 8 3 4 8 8 2 2 0 3 8 2 4 2 8 8 8
split_gain=0.191018 0.154953 0.089793 0.0416657 0.052004 0.0383917 0.0328614 0.0174735 0.0161576 0.0117571 0.0224997 0.011525 0.0106071 0.00402821 0.00234208 0.00168099 0.000542658 0.000413486 0.000245826 7.55841e-05
threshold=0.31009600000000009 52.500000000000007 3.5000000000000004 1.0208335000000002 0.84900300000000006 0.2715260000000001 5.5000000000000009 1.9705880000000002 0.65450900000000012 39.750000000000007 45.750000000000007 0.94233850000000008 0.35024200000000005 2.1010100000000005 2044.5000000000002 26.500000000000004 227460.00000000003 0.35214600000000007 0.50757600000000014 0.32843100000000008
decision_type=8 8 2 10 10 10 2 10 8 10 10 10 10 10 10 2 10 10 10 10
left_child=2 3 -1 4 -2 6 7 8 17 -6 -11 -4 -7 -9 -8 16 -13 -3 19 -16
right_child=1 5 11 -5 9 12 14 13 -10 10 -12 15 -14 -15 18 -17 -18 -19 -20 -21
leaf_value=0.022101034487805166 -0.0048027493945878774 -0.00092347517618834125 -0.0073734107168078409 -0.0056877732310004394 0.016976654224279405 0.0049840683697864024 0.0024856230480148596 0.0023770402393071925 -0.022888764984768363 -0.0058469170111323616 0.0062537844313981144 0.003501437365788969 -0.0034599511573494162 -0.0028047635031567459 -0.0002773025612072701 -0.00089535922091262292 -0.00024226371338657583 0.00075377783714732798 -0.0017883067897917727 0.00048230150194681384
leaf_weight=0.30358129864180261 0.13548071763943914 0.038047709818784026 0.13701224508986343 0.094678247987758368 0.38671044397415244 0.12981005458277639 0.092196117333514738 0.11830269502934232 1.4152444163537439 0.11291779032035265 0.10128450534830336 0.079083868738962337 0.086246925246086903 0.048950612614135025 0.0088993945682886988 0.021633607088006102 0.020799421748961322 0.090802802402322413 0.064895032779531903 0.033415876976505388
leaf_count=171 6 60 73 6 379 99 282 98 1365 53 17 143 322 448 13 11 27 353 483 147
internal_value=-0.00387505 -0.0102475 0.0147513 0.00668573 0.010636 -0.0168863 -0.0187831 -0.0205441 -0.0217831 0.0149426 0.00031301 -0.00458261 0.00153997 -0.000243142 0.000857988 0.00233283 0.00321038 -0.000120821 -0.00152249 0.000209771
internal_weight=3.51999 2.95788 0.56211 0.831072 0.736393 2.12681 1.91075 1.71135 1.54409 0.600913 0.214202 0.258529 0.216057 0.167253 0.199406 0.121517 0.0998833 0.128851 0.10721 0.0423153
internal_count=4556 4131 425 461 455 3670 3249 2324 1778 449 70 254 421 546 925 181 170 413 643 160
is_linear=0
shrinkage=0.06


Tree=226
num_leaves=13
num_cat=0
split_feature=8 2 4 6 8 8 8 0 6 3 4 6
split_gain=0.204716 0.161411 0.122984 0.101206 0.0379278 0.0317799 0.0277882 0.00745701 0.00624215 0.00149414 0.00105963 0.000903751
threshold=0.31009600000000009 1924.5000000000002 3.5000000000000004 15.500000000000002 0.37715500000000007 0.98000000000000009 1.0557280000000002 0.98943100000000006 21.500000000000004 0.068897000000000014 39.500000000000007 24.500000000000004
decision_type=8 8 2 2 10 10 10 10 2 10 2 2
left_child=2 3 -1 4 -2 9 -6 -4 -3 -5 -9 -10
right_child=1 8 7 5 6 -7 -8 10 11 -11 -12 -13
leaf_value=0.022243956537115316 -0.0045625638337241751 -0.023765479450224999 -0.0085906121937856135 0.0038334542677963784 0.014264585764887133 -0.014440244005898117 -0.0026640620764809149 0.0020166056491905584 0.00092403768352119695 -0.00066884989259243183 -0.0009117508383871142 -0.0016766464388029419
leaf_weight=0.29366799506533459 0.075938676425721718 1.3731983861907791 0.16356959141558036 0.077407361270161235 0.89878260422847234 0.39352051585592562 0.089829090629791608 0.082647488779912237 0.029827462760294909 0.014717345489771105 0.017252045858185738 0.084056449901254382
leaf_count=162 4 2031 84 188 1214 116 178 179 106 32 4 285
internal_value=-0.00753702 -0.0135399 0.0128674 0.00102018 0.00933517 -0.0112216 0.0121602 -0.00691745 -0.0230254 0.00316035 0.00114173 -0.000777442
internal_weight=3.59442 3.03728 0.557137 1.5502 1.06455 0.485645 0.988612 0.263469 1.48708 0.0921247 0.0998995 0.113884
internal_count=4583 4154 429 1732 1396 336 1392 267 2422 220 183 391
is_linear=0
shrinkage=0.06


Tree=227
num_leaves=26
num_cat=0
split_feature=2 2 11 2 9 11 4 6 8 9 6 2 0 6 6 8 2 9 9 9 9 9 9 9 9
split_gain=0.229751 0.144157 0.10976 0.0745486 0.040706 0.0402716 0.0391509 0.0229951 0.0206778 0.0131172 0.0115547 0.00974159 0.00549693 0.00276684 0.0015172 0.000755987 0.000594528 0.000350991 5.04568e-05 5.60561e-06 7.62457e-05 1.26892e-05 3.8583e-06 8.79636e-06 6.27378e-06
threshold=24692.250000000004 52.500000000000007 0.87867650000000019 19.500000000000004 1.3817445000000002 0.9900000000000001 1.5000000000000002 2.5000000000000004 0.98000000000000009 1.967554 7.5000000000000009 39.750000000000007 0.94233850000000008 36.500000000000007 1.5000000000000002 0.095454500000000012 20631.000000000004 0.26366500000000004 2.8122035000000003 1.1956645000000001 1.2393695000000002 0.21190900000000004 2.4552650000000003 2.1391790000000004 2.2588840000000006
decision_type=10 8 10 10 8 10 2 2 10 10 2 10 10 2 2 10 10 8 10 10 10 10 10 10 8
left_child=1 3 17 -1 10 -5 -4 14 12 -9 19 -7 -8 16 -6 -14 -12 -2 22 21 -21 -3 23 -11 -25
right_child=2 4 6 5 7 11 8 9 -10 18 13 -13 15 -15 -16 -17 -18 -19 -20 20 -22 -23 -24 24 -26
leaf_value=-0.0074357345387383138 4.7310440496401338e-05 -2.5511952549841207e-05 0.022712883587115387 0.016231952301078854 -0.0023402721253470114 0.0027979594371221233 -0.0013607835169083442 -0.027627834343357843 -0.0056737574354467956 0.00011975883368933377 0.0043264329943548006 -0.0057996228312575705 -0.00013183193329545652 -0.0010549062220445444 0.0010152438031506643 0.006937736044879809 -0.00022341779496796416 -0.0076423043270978548 -0.00021279850339177763 0.00034754322503499554 -0.00039142664295085933 -0.0052856366259467612 0.00043960905294490219 5.8776026296510834e-05 -0.00019021336749130998
leaf_weight=0.391755874850788 0.0093042313928887177 0.011409904767787915 0.65511050806526328 0.3745600791353354 0.14665633489312324 0.050096202452550642 0.02315823505341541 0.59478689745628799 0.12251717352773994 0.011247701029788004 0.22267166727760923 0.11905430349725066 0.018618692964082584 0.061490768232033588 0.10329846060812997 0.22980568837738247 0.010471080513525521 0.17240956383466255 0.0083003557137999451 0.0084916770101699512 0.0091736958693218185 0.20883362189124455 0.016517721152922604 0.005684149517037441 0.0059313856418157221
leaf_count=20 28 47 341 94 176 292 41 384 133 50 717 74 16 58 140 424 38 718 69 15 50 479 54 31 33
internal_value=-0.00221946 -0.0117566 0.0131411 0.00434577 -0.0197604 0.0121524 0.0186554 -0.0239918 0.000456634 -0.0266911 -0.00164139 -0.00303807 0.00550926 0.00304664 -0.00125074 0.0067267 0.00410662 -0.00754172 0.000211114 -0.0052183 -4.37502e-05 -0.00525736 0.000419235 -1.0877e-05 -0.000130713
internal_weight=3.59136 2.36043 1.23092 0.935466 1.42497 0.543711 1.04921 0.892423 0.3941 0.642468 0.532542 0.169151 0.271583 0.294634 0.249955 0.248424 0.233143 0.181714 0.0476813 0.237909 0.0176654 0.220244 0.039381 0.0228632 0.0116155
internal_count=4522 2821 1701 480 2341 460 955 937 614 621 1404 366 481 813 316 440 755 746 237 591 65 526 168 114 64
is_linear=0
shrinkage=0.06


Tree=228
num_leaves=19
num_cat=0
split_feature=12 8 4 12 1 2 3 6 12 5 2 6 3 9 9 2 9 9
split_gain=0.168615 0.132735 0.0946916 0.085482 0.0684038 0.0849356 0.0928731 0.0611122 0.0597327 0.0276865 0.0122143 0.0100036 0.00680504 0.0041948 0.0026432 0.000777894 0.00025345 0.000230162
threshold=1.0000000180025095e-35 0.98000000000000009 15.500000000000002 2.5000000000000004 0.97916650000000016 672643.50000000012 9.4500000000000007e-05 23.500000000000004 1.5000000000000002 2.5000000000000004 227460.00000000003 1.5000000000000002 0.46663650000000007 0.0033760000000000001 0.26366500000000004 261313.50000000003 0.25516300000000008 0.25516300000000008
decision_type=2 8 2 2 10 8 10 2 2 2 8 2 10 10 8 10 8 10
left_child=11 2 3 9 -3 6 7 8 16 10 12 -1 14 -10 17 -12 -6 -2
right_child=1 4 -4 -5 5 -7 -8 -9 13 -11 15 -13 -14 -15 -16 -17 -18 -19
leaf_value=0.00038690100500053291 0.00072856212154608958 -0.013837984952060534 -0.005531469069334609 -0.0044650542397097117 0.00034968767769594336 -0.0109577793276717 -0.0078063167951964198 -0.0045028809283077205 -0.004906999340415533 -0.0014866686403262291 -0.00095142189356379721 -0.018059580411344672 -9.1543933896269888e-05 0.0014260140363527816 0.028705998606857602 0.0014071319722164894 0.021524228980620338 -0.00056190192869289663
leaf_weight=0.070077544407468273 0.012288526482734818 0.28448037873022225 0.14640269953451934 0.09478654841586831 0.03552923687493581 0.16883531583516753 0.23392455124121614 0.12293845070234954 0.090659857800346799 0.025389650709257694 0.033912566781509668 0.37156002968004032 0.024158174084732309 0.038421747543907259 0.71573146506852936 0.061675767927226843 0.84342457678940264 0.01119971396838082
leaf_count=87 109 1203 182 113 49 34 26 32 23 85 37 389 19 140 1129 105 806 8
internal_value=0.000826796 0.00709516 0.0174466 0.0219413 -0.0032297 0.00342287 0.00908304 0.0146003 0.0180123 0.0256391 0.0268093 -0.0168945 0.0279732 -0.00342851 0.0284157 0.000465714 0.0213099 0.000165434
internal_weight=3.3854 2.94376 1.12555 0.979142 1.81821 1.53373 1.3649 1.13097 1.00804 0.884356 0.858966 0.441638 0.763378 0.129082 0.73922 0.0955883 0.878954 0.0234882
internal_count=4576 4100 1787 1605 2313 1110 1076 1050 1018 1492 1407 476 1265 163 1246 142 855 117
is_linear=0
shrinkage=0.06


Tree=229
num_leaves=17
num_cat=0
split_feature=8 4 9 9 0 13 2 4 4 2 4 2 2 2 9 9
split_gain=0.246584 0.0825225 0.0547394 0.0172566 0.00671345 0.00583502 0.00518219 0.00341914 0.00228926 0.00198546 0.00094759 0.000209822 0.000269881 0.000189421 0.000104393 1.72139e-05
threshold=0.31009600000000009 3.5000000000000004 0.59247950000000016 1.9818280000000004 0.94233850000000008 1.0000000180025095e-35 39.750000000000007 6.5000000000000009 1.5000000000000002 258.75000000000006 14.500000000000002 330.75000000000006 42410.250000000007 107107.50000000001 0.22829350000000001 0.16149900000000003
decision_type=8 2 8 10 10 10 8 2 2 8 2 10 10 10 10 10
left_child=1 -1 6 7 -3 -6 -2 -4 11 -5 -9 -8 -13 14 15 -10
right_child=2 4 3 9 5 -7 8 10 13 -11 -12 12 -14 -15 -16 -17
leaf_value=0.021381262012874415 0.0048855374856669638 -0.0064742026391720166 -0.018232530527169607 0.0023054992640229974 0.0039874294791362504 -0.0024932046670019747 -0.0030253672816468206 0.00081724418754511405 0.00013118277892477115 -0.0014832104607350204 -0.0018641707381601049 0.00072193662133621138 -0.00065767179872196267 -0.00022187703923185484 0.0016169997017761535 -0.00023341212348700503
leaf_weight=0.29033066046031342 0.087055766087360431 0.11929371047881432 2.386377388747861 0.065350565997505217 0.070459162572660716 0.043091692554298788 0.062710887679713778 0.099363742214336415 0.010889454082644079 0.031113768347495352 0.054287258572003338 0.01952708872340736 0.026026798270322615 0.0064223758308798997 0.071022827487468021 0.0081122738665726501
leaf_count=162 63 78 2363 46 172 13 55 438 56 345 183 91 62 31 380 23
internal_value=-0.00815678 0.0144501 -0.0148461 -0.017017 -0.00452514 0.00149768 0.00275812 -0.0177426 -0.00145097 0.000845268 -0.000924823 -0.00284575 5.85767e-05 0.00128218 0.0014946 -0.000100779
internal_weight=3.45144 0.523175 2.92826 2.63649 0.232845 0.113551 0.291767 2.54003 0.204712 0.0964643 0.153651 0.108265 0.0455539 0.0964469 0.0900246 0.0190017
internal_count=4561 425 4136 3375 263 185 761 2984 698 391 621 208 153 490 459 79
is_linear=0
shrinkage=0.06


Tree=230
num_leaves=25
num_cat=0
split_feature=3 11 4 6 2 8 1 2 6 6 6 6 6 9 2 0 8 2 9 7 9 2 2 2
split_gain=0.284317 0.145285 0.0495419 0.0382446 0.0482558 0.0244897 0.0144866 0.0114708 0.00644358 0.00468528 0.00928028 0.00307154 0.00248698 0.00148146 0.00143331 0.000914909 0.000828775 0.000775332 0.000713119 0.000462556 0.000343047 0.000161069 1.86999e-05 1.95014e-09
threshold=1.0000000180025095e-35 0.12701600000000005 6.5000000000000009 1.5000000000000002 22344.750000000004 1.0871210000000002 0.97916650000000016 19.500000000000004 3.5000000000000004 7.5000000000000009 23.500000000000004 43.500000000000007 19.500000000000004 0.25516300000000008 261313.50000000003 0.99999950000000004 0.35214600000000007 312018.00000000006 0.21190900000000004 23.500000000000004 0.74562850000000014 38074.500000000007 34158.750000000007 26815.500000000004
decision_type=8 10 2 2 10 10 10 8 2 2 2 2 2 8 10 10 10 10 10 2 10 10 10 10
left_child=1 -1 5 7 9 12 -7 -2 17 -5 -11 14 13 18 21 -4 -17 -6 -3 -18 -14 22 23 -10
right_child=3 2 15 4 8 6 -8 -9 11 10 -12 -13 20 -15 -16 16 19 -19 -20 -21 -22 -23 -24 -25
leaf_value=-0.0098652889308283743 0.0055108728836530474 0.0012935566581878505 -0.0034476855233437796 -0.025560649011663474 0.003616591795080976 -0.0049451015651783663 0.0047744569190003435 -0.0034753568464889455 -6.0739022321554977e-07 0.0026232278536168882 -0.0055004884631826133 0.0012620718888448766 -0.00066097567802491893 0.021897535053232834 0.00049890467985175637 -0.0010545933933066741 0.0018199553351676693 -0.00034128982641509526 -0.00097180311413226173 -0.00043511053720190774 0.00091408627848179789 -0.0046684733737927791 0.00017016612412203936 -0.0001947969924444006
leaf_weight=0.25159384065773349 0.096827154979109653 0.022715610206432424 0.059821178503625672 0.50169083768196265 0.094421345527734957 0.088207356006023363 0.12046483819722198 0.059955612436169758 0.0064624381811881895 0.097243192434689263 0.23449688574692118 0.026431831625814084 0.018703503923461429 1.1706120737198944 0.027162664293427952 0.02246295336226467 0.039648731966735795 0.02402624878595816 0.018894431988883298 0.022480002764496021 0.025097930756601272 0.21677973312034737 0.013178105837141629 0.019271054825367173
leaf_count=93 3 95 67 235 116 236 21 282 47 363 300 16 38 1385 68 27 231 39 15 16 76 666 49 79
internal_value=-0.0018143 0.0113481 0.0171748 -0.0166365 -0.0188341 0.0195139 -2.62146e-05 0.00204079 -0.000203669 -0.0230694 -0.00293752 -0.00297824 0.0213329 0.0216361 -0.00404941 -0.00287046 0.000340165 0.00322642 0.000319482 0.00136257 0.000252624 -0.00454511 -2.57516e-05 -0.000194166
internal_weight=3.27865 1.8607 1.60911 1.41795 1.26116 1.4647 0.208672 0.156783 0.427733 0.833431 0.33174 0.309286 1.25602 1.21222 0.282854 0.144413 0.0845917 0.118448 0.04161 0.0621287 0.0438014 0.255691 0.0389116 0.0257335
internal_count=4563 2300 2207 2263 1978 1866 257 285 1080 898 663 925 1609 1495 909 341 274 155 110 247 114 841 175 126
is_linear=0
shrinkage=0.06


Tree=231
num_leaves=27
num_cat=0
split_feature=8 6 6 1 3 9 9 9 4 6 9 0 3 0 6 4 9 9 6 9 6 6 4 0 9 9
split_gain=0.16461 0.0980543 0.0338808 0.0580142 0.0482671 0.0519845 0.0371474 0.0261509 0.0152336 0.0120755 0.00757022 0.00713102 0.00375614 0.00295906 0.00235192 0.00207498 0.00146169 0.00236335 0.0013055 0.00107313 0.00103847 0.000973902 0.000681565 0.000565113 0.000392615 0.000133642
threshold=0.31009600000000009 10.500000000000002 2.5000000000000004 0.97916650000000016 0.2715260000000001 1.4799940000000003 1.967554 1.0216220000000003 5.5000000000000009 3.5000000000000004 1.0743295000000004 0.94233850000000008 0.0010255000000000002 0.98943100000000006 3.5000000000000004 15.500000000000002 0.44571150000000009 0.27396850000000006 15.500000000000002 0.99432250000000011 1.5000000000000002 7.5000000000000009 13.500000000000002 0.99999950000000004 0.41592250000000003 0.94513150000000012
decision_type=8 2 2 10 10 8 10 10 2 2 10 10 8 8 2 2 10 10 2 10 2 2 2 10 8 8
left_child=1 -1 3 -2 5 7 -7 8 9 19 -6 -3 20 -14 -9 21 17 -11 -8 -4 -5 -10 -16 -13 -25 -26
right_child=2 11 4 12 10 6 18 14 15 16 -12 23 13 -15 22 -17 -18 -19 -20 -21 -22 -23 -24 24 25 -27
leaf_value=0.020711268123926433 -0.01120520505783032 -0.0076220538461260938 0.0023692468914486629 0.00124049852689417 0.005294959060477486 -0.025818806899060499 -0.00093271545811838435 -0.00068163346153744038 -0.00044425239018009739 -0.0021924769148555139 -0.0023846264199563171 0.0018371238038588232 0.001894308189250804 -0.0026879504988912605 0.0059884265242264832 -0.0010500858345132923 -0.011042282920836897 0.0018268820004135088 0.0024319268611389996 -0.00079030511060054298 0.0076647045689282852 0.0037540386615202703 -0.0001705628760654551 0.00063528119377275448 -0.0012822718213578701 0.00016409708971113
leaf_weight=0.27800442435909678 0.21522638353235402 0.1426385411323281 0.06748062431142865 0.60504118432436371 0.15137484345177643 0.62845691336769971 0.01818797470878053 0.01458032835580525 0.010654060773958918 0.07817805901322572 0.041234382362745237 0.03631258342647925 0.04246752207109239 0.045400870902085444 0.18417296292864194 0.034701936860074056 0.40895775204626261 0.04938498022602289 0.064223540059174411 0.013660393426107476 0.26029569010279374 0.10363788231188664 0.01133771661989158 0.010696196706703631 0.037788453097164165 0.037004839108703891
leaf_count=151 473 78 178 206 92 467 160 40 32 95 205 4 22 48 474 59 745 147 107 7 219 324 58 72 54 65
internal_value=-0.00563937 0.0124122 -0.0111237 -0.00129183 -0.0146637 -0.0170591 -0.0236175 -0.00275301 -0.00660529 -0.00882562 0.00302993 -0.0057922 0.00553737 -0.000767768 0.00514611 0.00226945 -0.0104163 -0.000396233 0.00151369 0.00159833 0.00624597 0.00331521 0.00578735 0.00123494 -0.000477647 -0.0010798
internal_weight=3.5911 0.542445 3.04866 1.16843 1.88022 1.68762 0.710868 0.976747 0.766656 0.617662 0.192609 0.264441 0.953205 0.0878684 0.210091 0.148994 0.536521 0.127563 0.0824115 0.081141 0.865337 0.114292 0.195511 0.121802 0.0854895 0.0747933
internal_count=4582 424 4158 968 3190 2893 734 2159 1587 1172 297 273 495 70 572 415 987 242 267 185 425 356 532 195 191 119
is_linear=0
shrinkage=0.06


Tree=232
num_leaves=8
num_cat=0
split_feature=1 13 3 2 9 3 9
split_gain=0.0645462 0.108414 0.162404 0.179163 0.138409 0.107915 0.0216803
threshold=0.97916650000000016 1.0000000180025095e-35 0.26600150000000006 672643.50000000012 1.9207165000000002 0.2715260000000001 1.0080240000000003
decision_type=10 10 10 10 10 10 10
left_child=-1 2 3 4 -2 -4 -3
right_child=1 6 5 -5 -6 -7 -8
leaf_value=-0.021291099617787961 0.024589114034741674 -0.016606725667112961 -0.021550356136704824 -0.011705474812066049 -0.0068835562301759181 0.0066918704320105766 0.0011150027040608913
leaf_weight=0.53019975091046978 1.1650173928064762 0.73720068841430464 0.25791675789514545 0.18689475581049908 0.18179284362122405 0.20055509218946099 0.15084189869230613
leaf_count=1963 2253 211 6 2 43 82 14
internal_value=-0.0108862 -0.00397732 0.00405496 0.012317 0.019218 -0.0130785 -0.0146003
internal_weight=3.41042 2.88022 1.99218 1.5337 1.34681 0.458472 0.888043
internal_count=4574 2611 2386 2298 2296 88 225
is_linear=0
shrinkage=0.06


Tree=233
num_leaves=25
num_cat=0
split_feature=8 2 2 4 6 3 6 4 9 3 9 3 2 9 3 2 0 9 4 4 9 4 2 4
split_gain=0.233362 0.14808 0.0582406 0.0456884 0.0403747 0.0432638 0.0288674 0.0188585 0.00945222 0.00827924 0.0080575 0.00779739 0.00550483 0.00148357 0.00129274 0.00128462 0.00119419 0.000806127 0.000736058 0.000679305 0.000663427 0.000168185 2.46236e-05 4.7301e-06
threshold=0.31009600000000009 52.500000000000007 19.500000000000004 15.500000000000002 16.500000000000004 0.2715260000000001 1.5000000000000002 2.5000000000000004 0.16149900000000003 0.42640750000000005 0.22829350000000001 0.35024200000000005 42.750000000000007 0.81340650000000014 0.054503000000000003 48321.000000000007 0.98943100000000006 0.55295900000000009 11.500000000000002 12.500000000000002 1.2016285000000002 4.5000000000000009 17185.500000000004 3.5000000000000004
decision_type=8 8 10 2 2 10 2 2 8 10 8 10 10 10 10 10 10 8 2 2 10 2 10 2
left_child=3 2 -2 9 5 7 12 10 -8 15 -3 -7 -4 17 -6 22 -5 -9 20 21 -16 23 -1 -15
right_child=1 4 6 16 14 11 8 13 -10 -11 -12 -13 -14 19 18 -17 -18 -19 -20 -21 -22 -23 -24 -25
leaf_value=0.00037705530000981436 -0.0060548483660223563 0.00042470922701532489 0.0020174724406239164 -0.0036345718745437717 0.0021841135777994373 0.004539289531028219 -0.00075054260017135769 -0.00076948968362347124 0.015835708983908844 -0.00022299927784262725 -0.023981707001163484 -0.0028601835800295934 -0.0044901744687627651 -6.5318125731500569e-05 0.001493479700759902 0.021373306375887146 0.00052950663534796446 0.0017505906348135104 -0.0017189202836233289 0.00042967379920219915 -0.0007795476264763387 -0.0028845452090374255 -0.00011429474764825448 0.00012766963909031703
leaf_weight=0.0199758412636587 0.35642307950183783 0.014613814946642489 0.068642920407000929 0.064082255470566452 0.14978244603480551 0.098047437659260939 0.040460917978634825 0.051135406745743128 0.36595006709649169 0.047633116788347252 1.4380398542180046 0.063195852901117178 0.0819508753484115 0.018180280560045503 0.03864360247462173 0.31415129861488822 0.033226497973373625 0.087255637085036142 0.035955150302470429 0.0084703011452802457 0.016323250776622444 0.083915273933598655 0.01551128767823684 0.013083719777569058
leaf_count=35 17 68 114 60 569 69 18 193 298 52 1328 252 16 132 66 221 31 279 185 13 80 338 48 107
internal_value=-0.00473042 -0.0114653 0.00519212 0.0165948 -0.0180131 -0.0200387 0.0116555 -0.0219448 0.0148249 0.0201268 -0.0236631 0.00167357 -0.00234852 -0.00121704 0.00120049 0.0210103 -0.00302593 0.000961446 -0.000936642 -0.00234099 0.000719379 -0.00274733 0.000259317 6.09295e-05
internal_weight=3.52465 3.03007 0.913428 0.49458 2.11664 1.87594 0.557005 1.71469 0.406411 0.397272 1.45265 0.161243 0.150594 0.262041 0.240704 0.349638 0.0973088 0.138391 0.090922 0.12365 0.0549669 0.115179 0.0354871 0.031264
internal_count=4589 4142 463 447 3679 2779 446 2458 316 356 1396 321 130 1062 900 304 91 472 331 590 146 577 83 239
is_linear=0
shrinkage=0.06


Tree=234
num_leaves=16
num_cat=0
split_feature=3 11 2 12 8 2 5 8 9 3 8 3 9 3 9
split_gain=0.164626 0.0972771 0.121276 0.0932143 0.0769381 0.0434896 0.0216457 0.00756185 0.00553868 0.00489173 0.00158391 0.00108966 0.000560511 5.69637e-05 2.68925e-05
threshold=0.17854250000000002 0.49285700000000005 672643.50000000012 2.5000000000000004 1.0208335000000002 29748.750000000004 2.5000000000000004 0.17156900000000003 0.088465500000000016 0.30406500000000009 0.13714750000000003 0.23634500000000003 2.2338490000000006 0.19691500000000003 2.4943935000000006
decision_type=8 10 10 2 10 10 2 10 10 10 10 10 10 10 8
left_child=1 12 3 4 6 -2 7 10 -6 11 -3 13 -1 -7 -14
right_child=5 2 -4 -5 8 9 -8 -9 -10 -11 -12 -13 14 -15 -16
leaf_value=-0.010404327880072593 -0.022771868586087769 0.0017660797776668318 -0.010588466850534054 -0.0069188172453528126 0.0014167243500846833 -0.00061058318295512451 -0.0014959047473277818 0.021954822707481229 -0.0055538246392467065 -0.0022151637836125729 -0.0015528055703757286 0.0040198967291737043 0.00022205167584083414 0.00016508595730107235 -0.0002161236527868674
leaf_weight=0.34318988362792957 0.40516756871875248 0.044714269126416961 0.16356719372197392 0.14439087351456681 0.13904192410700478 0.013280950493935961 0.025533823332807404 1.5464223925264375 0.1092903346670937 0.11784047761466354 0.035121485205309 0.08400492304826912 0.01151697398381657 0.0083645942104340065 0.005983803035633172
leaf_count=632 503 29 10 324 55 37 83 2202 146 253 40 76 38 61 61
internal_value=-0.00350509 0.00444319 0.00929669 0.0138429 0.0172623 -0.0187695 0.0205936 0.0213779 -0.00364254 0.0011681 0.000220132 0.00353219 -0.0102652 -0.000442644 7.06844e-06
internal_weight=3.19743 2.56877 2.20808 2.04452 1.90012 0.628659 1.65179 1.62626 0.248332 0.223491 0.0798358 0.10565 0.360691 0.0216455 0.0175008
internal_count=4550 3620 2889 2879 2555 930 2354 2271 201 427 69 174 731 98 99
is_linear=0
shrinkage=0.06


Tree=235
num_leaves=21
num_cat=0
split_feature=2 8 2 6 5 8 8 2 5 9 9 9 11 9 9 9 2 11 11 9
split_gain=0.133093 0.15637 0.139895 0.0926714 0.0640872 0.0367498 0.0267535 0.0226117 0.0609014 0.0220158 0.0206017 0.0161696 0.0135555 0.00925158 0.00859096 0.000442084 0.000379271 0.000303906 0.000124832 4.24605e-05
threshold=24692.250000000004 0.71825400000000006 77986.500000000015 15.500000000000002 2.5000000000000004 1.0208335000000002 0.98000000000000009 672643.50000000012 1.5000000000000002 0.89528450000000015 1.967554 0.66214050000000013 0.76568650000000005 0.26366500000000004 0.17733250000000003 0.54246000000000005 2044.5000000000002 0.9900000000000001 0.45993550000000005 1.0271870000000003
decision_type=10 10 10 2 2 8 10 10 2 10 10 8 10 10 8 10 8 10 10 10
left_child=1 9 4 5 12 14 -5 8 13 11 -8 15 18 -4 -3 -1 -11 -7 -2 -18
right_child=2 3 7 6 -6 17 10 -9 -10 16 -12 -13 -14 -15 -16 -17 19 -19 -20 -21
leaf_value=-0.00075994908465678288 -0.00090434743857799229 -0.00081515492479612651 0.010785126415367101 0.0029784136972461541 -0.0040070915294863427 -0.0040421238873912064 -0.015359628532033466 -0.011402665479446249 -0.0092389496312877788 0.0013058326910221298 0.0020004137202628077 -0.02645542191361493 0.023984103112228424 -0.0012785408146020498 0.013247472605462442 0.0010099265548240012 0.00012027057728329956 -5.1773291341862765e-05 0.00024141121324675432 -0.00062232544451135466
leaf_weight=0.039638963065954935 0.015574305900372343 0.049850171602883742 0.32211163728425163 0.077195959012897108 0.071470491957370541 0.071777902516260039 0.33387562878851895 0.18341184225209872 0.1708406379329972 0.033454259386417107 0.048248949929984519 0.53141782318198238 0.47149705195442948 0.04474218745235703 0.87744098600160214 0.02840942662442103 0.007332523568038595 0.1015081006771652 0.014591520292015048 0.022555706636921968
leaf_count=101 16 49 330 189 406 384 192 16 444 90 87 246 401 74 1157 65 41 145 69 139
internal_value=-0.00355333 -0.0108566 0.0082544 0.00173589 0.0192772 0.00934327 -0.0104039 -0.00661667 0.00136962 -0.0237138 -0.0133063 -0.0251745 0.0230538 0.00945485 0.0124608 0.00023271 0.000784609 -0.00374102 -0.000653777 -0.000500258
internal_weight=3.51695 2.22271 1.29424 1.5599 0.573133 1.10058 0.459321 0.721106 0.537694 0.662809 0.382125 0.599466 0.501663 0.366854 0.927291 0.0680484 0.0633425 0.173286 0.0301658 0.0298882
internal_count=4641 2885 1756 2203 892 1735 468 864 848 682 279 412 486 404 1206 166 270 529 85 180
is_linear=0
shrinkage=0.06


Tree=236
num_leaves=26
num_cat=0
split_feature=8 2 7 6 0 8 0 9 9 9 8 2 2 2 2 2 9 6 9 2 2 9 9 2 2
split_gain=0.145012 0.129353 0.124104 0.0861198 0.0684463 0.0197506 0.0130618 0.0123452 0.0110905 0.00971478 0.00858307 0.00566849 0.0409722 0.00920316 0.00131378 0.00119561 0.00191277 0.0011562 0.000369615 0.000333036 0.000276302 0.000272972 0.000190734 2.65581e-05 3.26059e-05
threshold=0.31009600000000009 2104.5000000000005 15.500000000000002 10.500000000000002 0.99865350000000008 0.98000000000000009 0.94233850000000008 1.967554 0.66780950000000006 0.16149900000000003 1.9705880000000002 85095.750000000015 672643.50000000012 505266.00000000006 166506.00000000003 26.250000000000004 1.2016285000000002 9.5000000000000018 0.54246000000000005 144198.00000000003 77986.500000000015 0.41592250000000003 0.16149900000000003 111947.25000000001 92767.500000000015
decision_type=8 8 2 2 10 10 10 10 8 8 10 10 10 10 10 10 8 2 8 10 10 10 10 10 10
left_child=3 2 4 -1 15 -4 -5 -7 17 -6 -11 -10 13 19 18 -2 -17 22 21 23 -19 -8 -3 24 -13
right_child=1 8 5 6 9 7 14 -9 11 10 -12 12 -14 -15 -16 16 -18 20 -20 -21 -22 -23 -24 -25 -26
leaf_value=0.020082635807002716 -0.0057924060841524445 0.00020519606533345264 0.0021257966828331617 -0.0079404759660729185 -0.00058375301345690866 -0.015000868409945183 0.00062377355024887293 0.0010783753317731614 -0.021535361146895606 0.018102743688085936 -0.00045728593708775763 0.00019190146367431017 -0.010454972721635602 0.0076864139938184629 -0.0006976547567465539 0.0018664097175543994 -0.0017694429690015918 0.0016819092167090828 0.0033412272500747834 -0.0017737796608588686 -0.00028950196400137379 -0.00077766978654613338 -0.0016150140881322328 0.00041876277261480079 -0.00030307993636905704
leaf_weight=0.27030100440970306 0.10036150668747745 0.0083255072750031411 0.062521601241314784 0.14962672114779707 0.048095950945935328 0.32421016782609513 0.010500515203602845 0.052676441460789647 0.84226689548813738 0.70207889270568558 0.043705141404643655 0.0080377680424135178 0.16217525611136807 0.15054399839209509 0.034164598422648851 0.056614509518112754 0.030278690352133708 0.051954961625597207 0.076711467325367266 0.16188294379389845 0.0058425251627340904 0.015865340290474705 0.050986854115762981 0.01749229262713925 0.0087068647335399874
leaf_count=145 4 32 160 82 56 136 71 86 1342 1178 7 43 14 26 38 47 81 289 84 307 10 11 182 59 60
internal_value=-0.00418662 -0.00969775 0.00290352 0.0122651 0.0118611 -0.0114425 -0.00498281 -0.0136025 -0.0181266 0.0165692 0.0173762 -0.0190242 -0.00334964 0.00526965 0.00238855 -0.00524292 0.00013714 -1.10596e-05 0.0031166 -0.00146065 0.00139734 -0.000155582 -0.001407 0.000303425 -0.000110426
internal_weight=3.44593 2.88876 1.42054 0.55717 0.981135 0.439408 0.286869 0.376887 1.46822 0.79388 0.745784 1.35111 0.508839 0.346664 0.137242 0.187255 0.0868932 0.11711 0.103077 0.19612 0.0577975 0.0263659 0.0593124 0.0342369 0.0167446
internal_count=4550 4119 1755 431 1373 382 286 222 2364 1241 1185 1851 509 495 204 132 128 513 166 469 299 82 214 162 103
is_linear=0
shrinkage=0.06


Tree=237
num_leaves=17
num_cat=0
split_feature=6 13 5 12 6 6 11 11 11 9 9 8 6 9 9 9
split_gain=0.153079 0.201096 0.121411 0.0434586 0.0407824 0.0273891 0.0178817 0.0169264 0.0240059 0.0130997 0.00862541 0.00579777 0.00259107 0.00184735 0.00137798 0.00169325
threshold=4.5000000000000009 1.0000000180025095e-35 2.5000000000000004 2.5000000000000004 48.500000000000007 5.5000000000000009 0.12701600000000005 0.67333350000000014 0.32993200000000006 0.29596200000000006 2.2024320000000004 0.33809500000000009 1.5000000000000002 0.041652000000000008 0.27396850000000006 0.46131900000000009
decision_type=2 8 2 2 2 2 10 8 10 8 10 8 2 8 10 10
left_child=7 2 3 4 6 -3 -2 8 12 -7 -11 -9 -1 -13 -10 -16
right_child=1 5 -4 -5 -6 9 -8 11 14 10 -12 13 -14 -15 15 -17
leaf_value=0.0004700237680876895 -0.00086112348067537623 0.0030351820532424989 -0.0065310341989276779 -0.0021293379129463043 -0.002007810837615778 0.0012539930360740657 0.029691753119624818 0.00039859160031480037 0.0066369082707641684 -0.015615743084439785 0.00077273983113937048 0.00019916036284724832 -0.0067668867907663324 -0.014115901892421012 0.0016303459121291609 -0.0018158235087286612
leaf_weight=0.067101199132594158 0.014453888288698757 0.07371372712077584 0.12194450062270334 0.050632021142519079 0.033384867012500763 0.043927228398388252 0.68907402752302005 0.048355704791901988 0.11488821642160474 0.37863780672705616 0.027495774855196942 0.0049686120946715864 0.12114933441625908 1.4286904805976519 0.027773133246228099 0.03133672983130964
leaf_count=126 5 67 520 7 1 12 1682 71 15 595 66 20 155 1177 5 112
internal_value=-0.0028231 0.00882439 0.0197113 0.0251552 0.0271765 -0.0106095 0.028927 -0.011795 8.6022e-05 -0.0133963 -0.0147457 -0.0135636 -0.00596265 -0.0140048 0.00613486 -0.000186099
internal_weight=3.27753 1.43326 0.909489 0.787545 0.736913 0.523775 0.703528 1.84426 0.362249 0.450061 0.406134 1.48201 0.188251 1.43366 0.173998 0.0591099
internal_count=4636 2955 2215 1695 1688 740 1687 1681 413 673 661 1268 281 1197 132 117
is_linear=0
shrinkage=0.06


Tree=238
num_leaves=16
num_cat=0
split_feature=8 2 4 11 8 5 0 6 11 6 6 8 2 2 8
split_gain=0.168094 0.136527 0.0834526 0.0831766 0.0480999 0.0120175 0.0104971 0.00787066 0.00592906 0.00188048 0.00135687 0.000814979 0.000690114 0.000128208 2.93804e-05
threshold=0.31009600000000009 1924.5000000000002 3.5000000000000004 0.18834450000000003 1.0208335000000002 1.5000000000000002 0.94233850000000008 23.500000000000004 0.9900000000000001 2.5000000000000004 32.500000000000007 0.33809500000000009 227460.00000000003 3057.0000000000005 0.41886000000000007
decision_type=8 8 2 8 10 2 10 2 10 2 2 8 10 10 10
left_child=2 3 -1 -2 5 7 -4 -5 -9 -6 11 -3 13 -8 -12
right_child=1 10 6 4 9 -7 12 8 -10 -11 14 -13 -14 -15 -16
leaf_value=0.019500142600768065 -0.011084718993085951 -0.00055277929769488533 -0.0076677457967773283 0.01375551092051073 0.00047398642963391511 -0.0014719308939429316 -5.3886736399919537e-05 0.0030390955695358711 -0.0033075443758912347 -0.0060335128150309251 -0.00037036396158713475 -0.021319598862169435 -0.00046753801501947723 0.0025991608260894717 0.0001393236803521039
leaf_weight=0.28641925443298566 0.28058238165976956 0.061252921983395603 0.14363924218923785 0.88267579505372828 0.02848997645196516 0.025051139295101055 0.027451989153632894 0.066008796136884484 0.056361160426604329 0.11261682127587846 0.017118820756877429 1.3165892767337937 0.023110973546863534 0.064789614880282898 0.016397177067119628
leaf_count=172 87 79 75 1296 47 47 4 131 6 118 49 2244 28 150 47
internal_value=-0.0063392 -0.012036 0.0120033 0.0015147 0.00824824 0.0118882 -0.00519089 0.0127892 -0.000226537 -0.00545567 -0.0208225 -0.0210171 0.00200282 0.00248314 -0.000227472
internal_weight=3.40856 2.86314 0.545411 1.45179 1.1712 1.0301 0.258992 1.00505 0.12237 0.141107 1.41136 1.37784 0.115353 0.0922416 0.033516
internal_count=4580 4151 429 1732 1645 1480 257 1433 137 165 2419 2323 182 154 96
is_linear=0
shrinkage=0.06


Tree=239
num_leaves=26
num_cat=0
split_feature=2 2 13 7 11 9 2 2 8 6 9 4 8 2 9 9 9 9 6 9 9 9 7 7 6
split_gain=0.166499 0.166996 0.105193 0.0720528 0.06651 0.0315784 0.0167349 0.0207183 0.00924757 0.00826761 0.00430021 0.00255007 0.0201793 0.00235998 0.00203429 0.000910922 0.000781135 0.000536596 0.000233058 0.000131725 7.99751e-05 7.28103e-05 5.63594e-05 1.29277e-05 4.55586e-06
threshold=24692.250000000004 52.500000000000007 1.0000000180025095e-35 23.500000000000004 0.87867650000000019 1.3817445000000002 39.750000000000007 45.750000000000007 0.84900300000000006 7.5000000000000009 2.0302095000000002 1.5000000000000002 0.98000000000000009 2458.5000000000005 0.53689550000000008 0.66780950000000006 0.29596200000000006 0.16149900000000003 19.500000000000004 1.1749905000000003 2.8122035000000003 1.2182650000000002 8.5000000000000018 8.5000000000000018 11.500000000000002
decision_type=10 8 8 2 10 8 10 10 10 2 10 2 10 8 10 10 8 10 2 10 10 10 2 2 2
left_child=1 3 4 6 16 9 8 -8 -1 17 -7 -6 -13 14 -11 23 -2 -3 22 -19 -12 -21 -17 -15 -24
right_child=2 5 -4 -5 11 10 7 -9 -10 13 20 12 -14 15 -16 18 -18 19 -20 21 -22 -23 24 -25 -26
leaf_value=-0.00058051397663312382 0.0003008594089143265 0.00018822921239517728 -0.0079267464738890774 -0.0078113354464534636 0.023137151755307561 -0.022898921866342237 -0.0060532862184397096 0.0055836624500396658 0.016246469400824241 -0.00074338414086158394 0.0003240204671417721 0.0068876278070001615 -0.0046597919090451837 -1.9298820156465099e-05 0.0045760642337650112 0.0004225136366322169 -0.0044514128264625348 -0.0046744364548245224 -0.0019933039005177581 0.00036662828241739657 -0.00043428386546317589 -0.0003544370617060889 -0.00026798083766768502 0.00091191955780760563 2.9972322787642529e-05
leaf_weight=0.055267837247812035 0.0062811424031675714 0.00912945027084755 0.15185166364790359 0.13848579120531213 0.56968792102998123 0.7746937796691783 0.11738274046001607 0.091046124816784868 0.40987128289452812 0.021873669578781119 0.029000683407502947 0.18065568808015087 0.09608926810324192 0.013804272093693726 0.11235961278725881 0.015408922707138117 0.10087725098128431 0.19116403274892946 0.05155918060336262 0.0075760025974886949 0.010371608188506798 0.0094672811883356189 0.0054876060421520378 0.018681071596802212 0.0046409955029957928
leaf_count=3 30 37 638 8 220 699 67 19 381 47 163 463 37 48 416 38 335 468 120 16 99 60 22 63 49
internal_value=-0.00105768 -0.00973315 0.0121658 0.00702404 0.0177851 -0.0188012 0.0129191 -0.000555932 0.0152155 -0.00139128 -0.02246 0.0213073 0.00236881 0.00268013 0.00381807 -0.000898539 -0.00415271 -0.00440836 -0.00176994 -0.00459889 -0.000101379 1.14186e-05 0.000184961 0.000880778 -0.00023694
internal_weight=3.19271 2.08727 1.10544 0.812054 0.953591 1.27522 0.673568 0.208429 0.465139 0.461152 0.814066 0.846433 0.276745 0.243815 0.134233 0.109582 0.107158 0.217337 0.0770967 0.208207 0.0393723 0.0170433 0.0255375 0.0324853 0.0101286
internal_count=4546 2823 1723 478 1085 2345 470 86 384 1384 961 720 500 803 463 340 365 581 229 544 262 76 109 111 71
is_linear=0
shrinkage=0.06


Tree=240
num_leaves=15
num_cat=0
split_feature=13 11 5 12 8 11 11 7 9 9 9 9 11 11
split_gain=0.392559 0.244913 0.0961036 0.0483812 0.0432183 0.0377326 0.0420849 0.00848657 0.00777681 0.00260731 0.00417132 0.00134149 0.00116018 1.63571e-05
threshold=1.0000000180025095e-35 0.43019450000000004 2.5000000000000004 2.5000000000000004 0.026333000000000006 0.50510200000000005 0.19782600000000003 1.5000000000000002 1.1644045000000003 0.99209000000000003 0.35531700000000005 2.2024320000000004 0.35857150000000004 0.38165250000000006
decision_type=8 10 2 2 10 8 10 2 10 8 10 10 10 10
left_child=1 7 3 4 -3 6 -2 -1 9 10 -8 -10 -9 -14
right_child=5 2 -4 -5 -6 -7 8 12 11 -11 -12 -13 13 -15
leaf_value=0.0011550725406550123 -0.0088526502942511964 -0.0019538881224670864 -0.0045570073987852098 -0.0019558598344690463 0.030816293708807264 -0.020540361987038153 0.002671168499633197 -0.01215150754183956 -0.0024057661510214043 0.0090668745191183966 -0.0026176036597822644 0.00096795248077973461 0.0001908502036751024 -0.00015246142909463369
leaf_weight=0.019203184172511212 0.16708257609207033 0.032500275665370171 0.082062341440178099 0.060193096736838814 1.5301474568223055 0.53711675961494632 0.079703133756993338 0.23026552489318419 0.041553875169483945 0.16929796342446934 0.068269974599388661 0.023033285184283159 0.0096878582953650039 0.012812150242098141
leaf_count=1 310 5 276 15 2348 746 8 426 177 42 71 61 28 48
internal_value=0.00553375 0.0185476 0.0254899 0.0281675 0.0296382 -0.0156902 -0.000747364 -0.0107975 0.006639 0.00811499 7.64492e-05 -0.00142354 -0.0119027 3.74419e-05
internal_weight=3.06293 1.97687 1.7049 1.62284 1.56265 1.08606 0.548941 0.271969 0.381858 0.317271 0.147973 0.0645872 0.252766 0.0225
internal_count=4562 3147 2644 2368 2353 1415 669 503 359 121 79 238 502 76
is_linear=0
shrinkage=0.06


Tree=241
num_leaves=21
num_cat=0
split_feature=3 2 7 13 6 2 2 2 8 2 6 2 11 2 3 8 8 3 8 2
split_gain=0.191643 0.132432 0.146672 0.0804626 0.0420136 0.0357264 0.0323197 0.0253702 0.0202702 0.0197892 0.017601 0.0247752 0.00723407 0.00477692 0.00282268 0.00235396 0.00219087 0.00203841 0.000639432 3.61033e-05
threshold=1.0000000180025095e-35 672643.50000000012 5.5000000000000009 1.0000000180025095e-35 11.500000000000002 1266.7500000000002 29748.750000000004 52.500000000000007 0.71008400000000005 42.750000000000007 1.5000000000000002 160.50000000000003 0.49285700000000005 94.500000000000014 0.36631450000000004 1.1778655000000002 0.91987200000000013 0.013950000000000002 0.35214600000000007 203465.25000000003
decision_type=8 8 2 8 2 8 10 10 10 10 2 10 10 10 10 10 10 10 10 10
left_child=1 2 3 4 -1 10 -7 -5 14 -4 -2 -12 -11 -14 17 18 -13 -8 -15 -16
right_child=5 -3 9 7 -6 6 8 -9 -10 12 11 16 13 15 19 -17 -18 -19 -20 -21
leaf_value=0.02872285492445667 0.0057522634097763358 -0.011275065243049397 0.0033746359316596738 0.0053698620685670813 -0.0020572561043871742 -0.022005259429383715 -0.00055793847273380242 -0.0069365338608324487 -0.0064826285997576791 -0.010677333695833048 -0.0087750501311732333 0.0050659341480050711 -0.0027419723446686453 -0.00025911536367663701 -0.00084672232771970039 -0.001042675598287427 -0.00072455567116372463 0.0059469814011182311 0.0041401287122052972 6.3946148965531033e-05
leaf_weight=0.7638144803986503 0.10895219464873629 0.18064416204288147 0.07678440903146122 0.29979606810957204 0.036351735821881448 0.51314624995029601 0.017875857814942719 0.12994230402182438 0.13295151845341024 0.23027880788140465 0.23535115241975291 0.098005437117535621 0.047838464532105718 0.0086888343103055377 0.031546226615319028 0.017681861379969632 0.019296346341434401 0.22578261202579597 0.11206723688155762 0.030824966219370253
leaf_count=951 20 6 95 8 17 914 40 166 603 179 40 114 13 30 36 145 90 373 695 38
internal_value=-0.00210739 0.00870071 0.0141661 0.0213783 0.0269585 -0.0142372 -0.0177895 -0.00060022 -0.000993915 -0.00608962 0.000248086 -0.00444784 -0.00898491 0.000344337 0.00452844 0.00288257 0.00431744 0.00540486 0.00387483 -0.000760107
internal_weight=3.31762 1.90389 1.72324 1.2299 0.800166 1.41373 0.952127 0.429738 0.438981 0.49334 0.461605 0.352653 0.416555 0.186276 0.30603 0.138438 0.117302 0.243658 0.120756 0.0623712
internal_count=4573 2305 2299 1142 968 2268 2004 174 1090 1157 264 244 1062 883 487 870 204 413 725 74
is_linear=0
shrinkage=0.06


Tree=242
num_leaves=15
num_cat=0
split_feature=13 8 5 2 12 4 2 5 6 4 3 6 4 2
split_gain=0.28869 0.157995 0.0726843 0.0721834 0.0373151 0.0388625 0.00951172 0.00696162 0.00422494 0.00330928 0.00167783 0.000196323 0.000106315 1.7927e-06
threshold=1.0000000180025095e-35 0.98000000000000009 2.5000000000000004 192.75000000000003 2.5000000000000004 33.500000000000007 120.75000000000001 1.5000000000000002 16.500000000000004 2.5000000000000004 0.43645550000000005 24.500000000000004 4.5000000000000009 1266.7500000000002
decision_type=8 8 2 8 2 2 10 2 2 2 10 2 2 8
left_child=1 2 4 7 5 6 -1 -3 9 -5 -8 13 -11 -10
right_child=-2 3 -4 8 -6 -7 10 -9 11 12 -12 -13 -14 -15
leaf_value=0.00023754299282695437 -0.020596383842515539 0.0097059103513933691 -0.0043433776403910369 -0.011564577651356758 -0.0019804927756246851 -0.0020376396047185274 0.028318742494765011 -0.0011806895824749974 7.1748562049832812e-06 0.00055952123319214116 0.00041261675289194126 0.00090292918369292373 -0.00033386119325252365 -0.00039384026487979357
leaf_weight=0.063583297538571837 0.92295626529812569 0.18825058094080271 0.077894216341519495 0.86281728377616684 0.048251219457597472 0.036381590995006263 0.64876417305822542 0.019964354811236262 0.0051951803179690623 0.032561258713030838 0.037862348894122988 0.016650639605359174 0.017565392328833696 0.0066068418127542819
leaf_count=6 1411 512 166 556 6 5 1383 15 20 211 30 20 171 96
internal_value=-0.00289835 0.00916131 0.0201294 -0.00486002 0.0235355 0.0253332 0.0270664 0.0085488 -0.0107015 -0.0111371 0.0279369 0.000514106 0.000226653 -0.00038469
internal_weight=2.9853 2.06235 0.912737 1.14961 0.834843 0.786591 0.75021 0.208215 0.941397 0.912944 0.686627 0.0284527 0.0501267 0.011802
internal_count=4608 3197 1596 1601 1430 1424 1419 527 1074 938 1413 136 382 116
is_linear=0
shrinkage=0.06


Tree=243
num_leaves=17
num_cat=0
split_feature=3 12 8 7 5 3 8 3 12 3 9 9 1 3 9 3
split_gain=0.14739 0.0659893 0.0584761 0.0769399 0.0417042 0.0273381 0.0183272 0.0147785 0.00554203 0.0106723 0.00464698 0.00287735 0.0112588 0.002478 0.00108912 0.00023854
threshold=0.18372050000000004 2.5000000000000004 1.0208335000000002 1.5000000000000002 2.5000000000000004 0.2715260000000001 0.22086700000000004 0.35024200000000005 1.5000000000000002 0.0012035000000000004 0.26366500000000004 0.088465500000000016 0.97916650000000016 0.024227500000000003 0.22829350000000001 0.13333250000000005
decision_type=8 2 10 2 2 10 10 10 2 10 8 10 10 10 10 10
left_child=1 2 3 8 6 -2 13 -7 9 -1 14 12 -4 -5 -8 -3
right_child=5 15 11 4 -6 7 10 -9 -10 -11 -12 -13 -14 -15 -16 -17
leaf_value=0.0038870466577449483 -0.020493422822183582 -0.0087665189701230297 -0.0041763589836081748 -0.0024240892590695114 -0.0031996085474606203 0.0047685855870944864 0.0014644734780906641 -0.0048295356033408272 -0.0052257967453565712 -0.0038614107405489512 0.020519660203935579 -0.0065944571399108969 0.0045079138986173503 0.0017475609205821875 -0.001301159398636899 6.3859982856957935e-06
leaf_weight=0.48720957841215007 0.3097098510897921 0.16835816388083902 0.073148821176800882 0.049429705632064613 0.056240671441628254 0.1403336984476482 0.031663233681683445 0.1707874490202812 0.087360568912117742 0.1454373844244401 1.1474771959328791 0.13406784580729436 0.079808633279753849 0.050810067154088756 0.026214767107376247 0.0097964640062855324
leaf_count=258 356 574 59 32 174 128 148 438 18 44 1836 384 7 56 22 52
internal_value=-0.00205291 0.00521586 0.00853009 0.011626 0.0170012 -0.0166933 0.0188817 -0.000165188 -0.00251422 0.000831685 0.0200607 -0.00551095 0.000334643 -0.000643093 0.000165969 -0.00868815
internal_weight=3.16785 2.54702 2.36887 2.08184 1.36184 0.620831 1.30559 0.311121 0.720008 0.632647 1.20536 0.287025 0.152957 0.10024 0.057878 0.178155
internal_count=4586 3664 3038 2588 2268 922 2094 566 320 302 2006 450 66 88 170 626
is_linear=0
shrinkage=0.06


Tree=244
num_leaves=12
num_cat=0
split_feature=13 2 5 12 11 2 4 2 2 8 8
split_gain=0.222843 0.162653 0.127939 0.0390886 0.0359652 0.0504434 0.0348317 0.0114962 0.0410625 0.0116038 0.00402007
threshold=1.0000000180025095e-35 672643.50000000012 2.5000000000000004 2.5000000000000004 0.55684800000000012 52.500000000000007 33.500000000000007 57339.000000000007 79908.750000000015 0.18465900000000005 1.9705880000000002
decision_type=8 8 2 2 8 8 2 10 10 10 10
left_child=1 2 3 6 5 -2 7 9 -9 -1 -10
right_child=4 -3 -4 -5 -6 -7 -8 8 10 -11 -12
leaf_value=0.00012264839580911741 0.0077451021203837917 -0.01117527176538961 -0.0074630907471190866 -0.0022457416074735809 -0.018744842315528604 -0.0092047194062271891 -0.0020074062018124277 -0.0057260436056054435 0.010836722855319799 0.028625565648702181 -0.00046425129389572313
leaf_weight=0.06168370857631067 0.36137381981825445 0.17973139237983571 0.14186223203432757 0.05317114786885202 0.43516925168296439 0.1802443509332079 0.036485571123193838 0.19743186799860257 0.29586789607310493 0.94567631459358381 0.037473908334504813
leaf_count=28 18 38 721 14 704 684 7 115 348 1857 9
internal_value=0.00233249 0.0123347 0.0178952 0.0221042 -0.0137708 -0.00020747 0.0234794 0.0246366 0.00437998 0.0278108 0.0101709
internal_weight=2.92617 1.94938 1.76965 1.62779 0.976787 0.541618 1.57462 1.53813 0.530774 1.00736 0.333342
internal_count=4543 3137 3099 2378 1406 702 2364 2357 472 1885 357
is_linear=0
shrinkage=0.06


Tree=245
num_leaves=20
num_cat=0
split_feature=3 11 2 13 4 5 2 3 4 3 8 2 8 8 4 2 2 3 2
split_gain=0.15686 0.094269 0.127964 0.0979399 0.0510485 0.0485003 0.0427897 0.0255295 0.0396701 0.0137477 0.0126226 0.00802267 0.00202786 0.00306103 0.00176576 0.00150946 0.000350693 0.000123856 5.656e-05
threshold=9.4500000000000007e-05 0.30495200000000006 672643.50000000012 1.0000000180025095e-35 1.5000000000000002 1.5000000000000002 52.500000000000007 0.2715260000000001 3.5000000000000004 0.35024200000000005 0.31698550000000009 52.500000000000007 0.095454500000000012 0.87750000000000006 25.500000000000004 157372.50000000003 37434.750000000007 0.51922900000000005 161619.75000000003
decision_type=8 10 10 10 2 2 10 10 2 10 8 10 10 10 2 10 10 10 10
left_child=1 11 3 4 -3 -6 -5 8 10 16 -2 -1 -10 14 -14 -11 -9 -17 -18
right_child=7 2 -4 6 5 -7 -8 9 12 15 -12 -13 13 -15 -16 17 18 -19 -20
leaf_value=0.00093432567927684501 0.00073596860184269963 0.025996662799825571 -0.010237924970755336 0.0063181479788819656 0.0086261266921070761 -0.0087036973580263757 -0.010498277955006182 0.0046555358285856486 -0.0016645256587024433 -0.0053435989981663922 -0.024184887480590788 -0.011584022441361046 0.0040874438560081425 -0.0015176877932914479 -0.00073252389756003574 0.0007067560191540244 -0.00034130920478596589 -0.00030864436036689936 0.00029230921682626651
leaf_weight=0.053558867191895954 0.01620777129937756 0.64169063058943698 0.1587953663110967 0.11774876085110009 0.16775833533029072 0.15779421234765323 0.21074981387573644 0.099487534102081554 0.034754148990032263 0.1366304026596481 0.68262979715655092 0.21445799252251163 0.15307164604382706 0.030920710507416516 0.017225791496457532 0.027923893088882323 0.017037138259183848 0.013912891670770478 0.022590718101128004
leaf_count=4 79 811 5 9 1043 94 346 49 14 339 671 135 414 398 23 59 46 44 30
internal_value=-0.00698793 0.0044364 0.0102513 0.0161281 0.0216926 -2.9113e-06 -0.00425193 -0.0176945 -0.0202942 -0.000447526 -0.0235139 -0.0103184 0.000550969 0.00200077 0.00339057 -0.00480297 0.00445125 0.000396946 -4.63738e-05
internal_weight=2.97495 1.72255 1.45454 1.29574 0.967243 0.325553 0.328499 1.25239 0.93481 0.317583 0.698838 0.268017 0.235972 0.201218 0.170297 0.178467 0.139115 0.0418368 0.0396279
internal_count=4613 2447 2308 2303 1948 1137 355 2166 1599 567 750 139 849 835 437 442 125 103 76
is_linear=0
shrinkage=0.06


Tree=246
num_leaves=16
num_cat=0
split_feature=13 2 11 12 6 5 8 11 11 7 5 9 9 9 9
split_gain=0.247622 0.141559 0.16034 0.0775031 0.0377558 0.036887 0.031915 0.0145628 0.0304846 0.0127009 0.0097607 0.00621676 0.00777478 0.00465711 0.00203683
threshold=1.0000000180025095e-35 56717.250000000007 0.35355400000000009 2.5000000000000004 48.500000000000007 2.5000000000000004 0.82085550000000007 0.55684800000000012 0.49285700000000005 1.5000000000000002 1.5000000000000002 0.99209000000000003 1.1644045000000003 0.29596200000000006 1.3436980000000001
decision_type=8 8 10 2 2 2 8 8 10 2 2 10 10 8 10
left_child=1 2 9 4 5 -4 10 8 11 -1 14 13 -13 -2 -3
right_child=7 6 3 -5 -6 -7 -8 -9 -10 -11 -12 12 -14 -15 -16
leaf_value=0.0020544296648518988 0.00058828967278496313 0.0069579269535822753 0.029937364333331121 -0.0037589014447930082 -0.0018789709488873474 -0.0017314235405215602 -0.010658602935331508 -0.02098269250939146 0.0060055006997838606 -0.010083841486517557 -0.0025102428565695156 0.0039224422115141369 -0.0033313784243812102 -0.0099063154744190272 -0.00048807588550808616
leaf_weight=0.034748630598188224 0.052771220172871502 0.13055673387862032 0.93859799383972109 0.083652812923901365 0.031251914799213409 0.029664654379303101 0.52080664949426136 0.50873555321231845 0.11872039362242504 0.17940801478653157 0.043450833014503587 0.086185427058808273 0.058581640980264638 0.19177316891182272 0.010525806137593463
leaf_count=2 12 423 1894 175 1 69 260 715 63 292 45 78 391 169 4
internal_value=-0.00158529 0.00966464 0.0176186 0.0241184 0.0271646 0.0285804 -0.00671765 -0.0175487 -0.00247628 -0.00804439 0.00401323 -0.00752371 0.000641147 -0.00898863 0.00646151
internal_weight=3.01943 2.00266 1.29732 1.08317 0.999515 0.968263 0.70534 1.01677 0.508032 0.214157 0.184533 0.389311 0.144767 0.244544 0.141083
internal_count=4593 3165 2433 2139 1964 1963 732 1428 713 294 472 650 469 181 427
is_linear=0
shrinkage=0.06


Tree=247
num_leaves=28
num_cat=0
split_feature=3 6 3 6 1 7 6 6 9 9 9 3 8 9 3 3 8 3 9 8 9 3 7 7 3 3 8
split_gain=0.139305 0.116363 0.0392089 0.0245325 0.0666143 0.0215657 0.019906 0.016096 0.017818 0.0144412 0.0107647 0.00753098 0.0058473 0.00400298 0.00254331 0.00429295 0.00211221 0.00163829 0.00119928 0.00104118 0.000528918 0.000410776 0.000371092 0.000260892 0.000116879 0.000108438 3.23604e-05
threshold=1.0000000180025095e-35 10.500000000000002 0.27697050000000006 2.5000000000000004 0.97916650000000016 5.5000000000000009 26.500000000000004 1.5000000000000002 1.0967975000000003 2.0302095000000002 0.29596200000000006 0.36631450000000004 0.26846850000000005 0.25516300000000008 9.4500000000000007e-05 0.013268 0.98000000000000009 0.13528050000000003 0.44571150000000009 0.18898800000000002 0.21190900000000004 0.56036150000000007 7.5000000000000009 10.500000000000002 0.061778000000000007 0.017093000000000001 0.11324800000000002
decision_type=8 2 10 2 10 2 2 2 10 10 8 10 10 8 8 10 10 10 10 10 10 10 2 2 10 10 10
left_child=1 3 6 4 -1 13 7 14 12 10 -3 -4 26 20 -2 -16 -10 24 -7 21 -5 -13 -20 -24 25 -8 -9
right_child=2 9 11 5 -6 18 17 8 16 -11 -12 19 -14 -15 15 -17 -18 -19 22 -21 -22 -23 23 -25 -26 -27 -28
leaf_value=-0.0098286832607079339 0.0018986150973918697 0.0013431433992090512 0.004512852979726885 0.00097154103771463212 0.0087788216207522387 0.0011283382838071709 0.00041386930629826966 -0.00015974153862192679 0.0021828158615897729 0.0019555184124511009 -0.012813724774214566 0.0011502088901433124 -0.022873988448254817 0.019429215448094391 -0.003950008225537394 0.0018318806399156408 -0.0016747855762629157 -0.0014299760844928623 -0.0021442606986709829 -0.0032048746381461721 -0.00096032459185993165 -0.00062791563919304598 0.00081287594061568941 -0.00056630862243926036 0.0020896231227429431 -0.00045966351733008325 0.00036065503000341564
leaf_weight=0.18319581390096595 0.035709927800780639 0.022442843075623276 0.13713111463584926 0.022849716979180812 0.70528416504021152 0.027952836107942858 0.022122197209682781 0.0066272096737520761 0.052156676078084274 0.037479131922736997 0.37755056995047198 0.022841333120595664 0.60753218516038032 0.42435646960802842 0.13655186642426997 0.034333905068706372 0.030755001651414204 0.033068955817725509 0.070985881724482169 0.088198291328808409 0.018074590650940081 0.019182018193532713 0.038768051328588626 0.009527010413876269 0.054265613671304891 0.030525747875799425 0.016161403640580829
leaf_count=144 9 38 135 86 422 42 67 12 74 38 549 26 499 537 201 27 514 50 204 338 12 40 149 90 76 90 96
internal_value=-0.0041844 0.00541709 -0.01451 0.0120622 0.00176922 0.0166363 -0.017452 -0.0190761 -0.0210098 -0.00991286 -0.0116274 0.00172066 -0.0224281 0.0188975 -0.000520637 -0.00221594 0.000526701 0.000592188 -0.000753036 -0.00261101 1.54271e-05 0.000514884 -0.00180811 0.000260123 0.00194446 -4.81358e-05 0.000201101
internal_weight=3.26563 1.93847 1.32716 1.50099 0.88848 0.612515 1.05981 0.919828 0.713232 0.437473 0.399993 0.267353 0.630321 0.465281 0.206596 0.170886 0.0829117 0.139983 0.147234 0.130222 0.0409243 0.0420234 0.119281 0.0482951 0.106914 0.0526479 0.0227886
internal_count=4565 2311 2254 1686 566 1120 1715 1432 1195 625 587 539 607 635 237 228 588 283 485 404 98 66 443 239 233 157 108
is_linear=0
shrinkage=0.06


Tree=248
num_leaves=24
num_cat=0
split_feature=3 2 13 11 2 4 5 9 3 8 6 2 3 11 2 9 3 2 3 2 2 2 2
split_gain=0.17488 0.115827 0.114663 0.0822573 0.0500173 0.0402326 0.044354 0.0234937 0.0200381 0.0151731 0.0119939 0.0254544 0.0115837 0.00328891 0.00196368 0.00138915 0.000815399 0.00076858 0.000696477 0.000389371 0.000131332 6.42091e-05 6.62733e-06
threshold=1.0000000180025095e-35 672643.50000000012 1.0000000180025095e-35 0.69615400000000005 1078.5000000000002 1.5000000000000002 1.5000000000000002 0.73546300000000009 0.2715260000000001 1.5590280000000003 1.5000000000000002 26.250000000000004 0.33482000000000006 0.32993200000000006 261313.50000000003 0.54246000000000005 0.093303000000000011 3057.0000000000005 0.0078175000000000015 157372.50000000003 41809.500000000007 312018.00000000006 1388.2500000000002
decision_type=8 8 10 10 8 2 2 8 10 10 2 10 10 10 10 8 8 8 10 10 8 10 10
left_child=1 2 5 13 10 9 -7 16 14 -1 -2 -12 -10 -4 17 -13 18 22 -6 -14 -18 -21 -9
right_child=4 -3 3 -5 7 6 -8 8 12 -11 11 15 19 -15 -16 -17 20 -19 -20 21 -22 -23 -24
leaf_value=0.025526720739651079 0.0053577293365669396 -0.010949736335185145 -0.00017600906977304452 -0.013664529155781532 -0.00057052304456828534 0.0083155849079744187 -0.0083116366909201048 6.2467846616739818e-05 0.0039770990272999336 0.00050461100038507627 -0.0083446518859894674 -0.00046409201659843675 -0.0049372214136148502 0.0088293067151140325 -4.2913210507776921e-05 0.0050597343684160153 0.00020211927934668015 -0.023827501979686604 0.0021245109431558525 0.0003468911787010591 -0.0010962340156561287 -0.00032490839799126874 -0.00018889942127371518
leaf_weight=0.55687436621883513 0.10309329302253867 0.17610774174681876 0.12199284934104082 0.27767765903263353 0.013921025512900198 0.16074207981182553 0.14958866161032347 0.0062113644271448712 0.093968870645767311 0.13589442990632961 0.15265506773721427 0.010576263768598437 0.093039162662535091 0.24084507935549482 0.016437489506643033 0.15861774291261099 0.023754731697408715 0.52931010782322119 0.062527758298529079 0.026069209474371746 0.035401107554207556 0.024806724992231466 0.0094313128756766673
leaf_count=740 20 5 78 230 63 1023 110 28 87 53 6 13 262 65 67 187 55 942 201 62 99 40 97
internal_value=-0.00343685 0.00738858 0.0127522 -0.00408441 -0.0149156 0.0201749 7.42454e-05 -0.0190622 -0.0209161 0.0238161 0.00118241 -0.00319644 -0.000826239 0.00789406 -0.0234477 0.00461283 0.000661115 -0.023669 0.00155965 -0.00469756 -0.000876284 2.18542e-05 -0.000125856
internal_weight=3.17954 1.81972 1.64362 0.640516 1.35982 1.0031 0.310331 0.934879 0.799274 0.692769 0.424942 0.321849 0.237884 0.362838 0.56139 0.169194 0.135605 0.544953 0.0764488 0.143915 0.0591558 0.0508759 0.0156427
internal_count=4533 2304 2299 373 2229 1926 1133 2003 1585 793 226 206 451 143 1134 200 418 1067 264 364 154 102 125
is_linear=0
shrinkage=0.06


Tree=249
num_leaves=21
num_cat=0
split_feature=2 13 6 11 9 9 4 2 4 9 3 2 2 4 4 4 8 9 2 9
split_gain=0.21859 0.106013 0.078411 0.0615557 0.0472873 0.02933 0.0288827 0.0185552 0.00934933 0.00319828 0.0014564 0.00213491 0.00117815 0.00113573 0.00316294 0.000712156 0.000669404 0.000549894 1.36845e-05 8.48701e-06
threshold=24692.250000000004 1.0000000180025095e-35 2.5000000000000004 0.87867650000000019 0.41592250000000003 1.9303890000000001 3.5000000000000004 19767.750000000004 15.500000000000002 0.19821000000000003 9.4500000000000007e-05 2104.5000000000005 258.75000000000006 1.5000000000000002 2.5000000000000004 19.500000000000004 1.9705880000000002 0.29596200000000006 203.25000000000003 2.0026645000000003
decision_type=10 10 2 10 8 10 2 8 2 10 10 10 8 2 2 2 10 8 10 10
left_child=2 3 7 17 9 6 -6 16 10 -4 11 18 -7 -5 -15 -16 -1 -2 -8 -14
right_child=1 -3 4 13 5 12 8 -9 -10 -11 -12 -13 19 14 15 -17 -18 -19 -20 -21
leaf_value=0.0075481698139361402 0.00022697092963269667 -0.0079706192859679871 -0.0013234958445888251 0.023125500768044351 -0.025071735040742664 0.0023184845911384516 1.6473157480981526e-05 -0.0040282095835638106 -0.0049293603366428931 0.0040702740838662044 0.0036220987233038485 -0.0022018046149287333 1.5644647584907249e-05 -0.0010531819525769635 0.0043515106686581422 -0.00027636065874871315 8.2445194351786889e-05 -0.0040992809459240512 0.0016740886488204219 -0.0008987314444736153
leaf_weight=0.24510091025058534 0.0067826570520990162 0.15274125265386829 0.035875844825568159 0.51110891600728792 0.86216952680297232 0.062330220771400602 0.038671161915772245 0.074514715064651682 0.12983667919615982 0.08367673791872221 0.10515269961069862 0.054797898814285873 0.0030135879151202962 0.18321694509904773 0.091707297593529802 0.0080096560486708768 0.067907085664046463 0.094063202286633896 0.037314372464607004 0.017317502411970054
leaf_count=378 32 633 73 236 808 50 67 159 172 138 313 108 25 106 352 8 133 349 232 200
internal_value=-0.00370843 0.0120757 -0.0138628 0.017898 -0.0181958 -0.0204529 -0.0219139 0.00371735 -0.00156336 0.00271527 0.00277861 -0.000503007 0.00144495 0.0212765 0.00251444 0.0040665 0.00722484 -0.00386645 0.00162982 -0.000880698
internal_weight=2.86531 1.04763 1.81768 0.894889 1.43016 1.3106 1.22794 0.387523 0.365773 0.119553 0.235936 0.130783 0.0826613 0.794043 0.282934 0.099717 0.313008 0.100846 0.0759855 0.0203311
internal_count=4572 1716 2856 1083 2186 1975 1700 670 892 211 720 407 275 702 466 360 511 381 299 225
is_linear=0
shrinkage=0.06


Tree=250
num_leaves=20
num_cat=0
split_feature=3 7 2 2 13 11 4 2 4 6 2 2 6 6 4 4 2 3 4
split_gain=0.0988396 0.090385 0.145013 0.0589876 0.0293331 0.0497788 0.0420815 0.0173939 0.0173075 0.0138506 0.0114863 0.00758019 0.00305631 0.00174753 0.00164975 0.00104179 8.58829e-05 0.000116862 8.23526e-05
threshold=1.0000000180025095e-35 5.5000000000000009 672643.50000000012 1353.7500000000002 1.0000000180025095e-35 0.59175100000000014 1.5000000000000002 29748.750000000004 1.5000000000000002 3.5000000000000004 35971.500000000007 160.50000000000003 43.500000000000007 7.5000000000000009 13.500000000000002 2.5000000000000004 372.75000000000006 0.082845000000000016 2.5000000000000004
decision_type=8 2 8 8 10 10 2 10 2 2 10 10 2 2 2 2 10 10 2
left_child=1 2 4 9 6 -6 -1 -5 -3 -2 -9 -11 -12 -10 18 -8 -13 -18 -15
right_child=3 8 -4 7 5 -7 15 10 13 11 12 16 -14 14 -16 -17 17 -19 -20
leaf_value=0.023164638904122806 0.0063707775950011111 -0.011929051811279828 -0.011027689939223786 -0.021586674246907918 0.0087237760186590959 -0.0086382748298787764 -0.0021689666858929336 0.0036194306511572907 -0.0011648531200566966 -0.0053770191436205497 -0.0056753664677988572 0.0023420935868047757 0.00088395693808061241 -5.3680718467349062e-06 -0.00081805190552781796 0.0008103546325055732 0.00043639320576030764 -0.00047583839897998172 0.0033595970451496863
leaf_weight=0.62226655856284196 0.13757647163583864 0.28396215605243913 0.17706769436335901 0.49263865722423372 0.22138818416715367 0.15979909091402078 0.1380679307912942 0.070006349282266456 0.061757688225043239 0.16917269027180737 0.33704984408723249 0.051212630554800853 0.022570850989723112 0.023551576290628873 0.043938609454926336 0.031077457961146138 0.015211129193630768 0.010305729578249156 0.11249923987452348
leaf_count=543 48 318 6 908 29 141 208 66 212 28 1008 71 14 81 82 224 70 50 458
internal_value=-0.00519489 0.00345251 0.010045 -0.0137256 0.0168383 0.000460802 0.0200659 -0.0182247 -0.00896317 0.00244667 -0.00196661 -0.00310003 -0.00491633 0.00132174 0.00243905 -0.00139666 0.00225157 -3.67727e-05 0.00328511
internal_weight=3.18112 1.87538 1.34967 1.30574 1.1726 0.381187 0.791412 0.922266 0.525709 0.383479 0.429627 0.245902 0.359621 0.241747 0.179989 0.169145 0.0767295 0.0255169 0.136051
internal_count=4565 2302 1151 2263 1145 170 975 1996 1151 267 1088 219 1022 833 621 432 191 120 539
is_linear=0
shrinkage=0.06


Tree=251
num_leaves=23
num_cat=0
split_feature=8 2 6 7 4 8 8 6 3 8 0 4 4 3 8 8 3 6 3 8 3 6
split_gain=0.122587 0.108161 0.0545546 0.0518461 0.047584 0.0331966 0.00923966 0.00681538 0.00699079 0.00641142 0.00615345 0.00294251 0.00129765 0.000743288 0.000443457 0.000442224 0.000427617 0.000400316 0.000226419 0.000179986 0.000110412 7.0206e-05
threshold=0.31009600000000009 39.750000000000007 10.500000000000002 24.500000000000004 2.5000000000000004 0.71008400000000005 0.65450900000000012 20.500000000000004 0.34373950000000003 1.0208335000000002 0.94233850000000008 14.500000000000002 28.500000000000004 0.35024200000000005 0.94868400000000008 0.35912700000000003 0.30928600000000006 15.500000000000002 0.041981500000000005 0.73798600000000014 4.250000000000001e-05 24.500000000000004
decision_type=8 8 2 2 2 10 8 2 10 10 10 2 2 10 10 10 10 2 10 10 10 2
left_child=2 3 -1 5 6 -2 16 8 -8 11 -4 14 17 -10 15 -6 18 -12 20 -13 21 -3
right_child=1 4 10 -5 9 -7 7 -9 13 -11 12 19 -14 -15 -16 -17 -18 -19 -20 -21 -22 -23
leaf_value=0.016286248559276389 -0.0035087673383275321 0.00053477835774734094 -0.0061008098532743518 -0.0067078647744968287 -9.9973600167483636e-05 0.014620250831823558 -0.02083716090345604 0.00028405558148112732 0.00125219038705827 -0.0029535329826151915 -0.00023231653106058807 -0.0012874350639512234 -0.00094493094946968372 -0.00104820420737324 -7.1370206308125602e-05 0.0048240212379143691 -0.00091187895580724539 0.0026615880754658557 0.0011678200544235615 0.00023610807334860297 -0.0006373165596930254 -0.00023339095163179603
leaf_weight=0.2520775930679523 0.058272054768167769 0.019860804470226534 0.1117775203747442 0.11773844534764066 0.027320787045027717 0.37374696248753025 1.3068806241872151 0.030890735888533638 0.020811723545193561 0.05852144057280384 0.028850377449998632 0.038942638719163369 0.018480326427379623 0.017772367536963429 0.044883957634738181 0.19606407357150601 0.025702842816826887 0.065818134324217681 0.024927629223384429 0.023062050702719716 0.016254238500550855 0.0071176581332110791
leaf_count=145 2 123 82 6 53 390 1343 52 1 724 62 138 10 141 230 724 17 137 64 60 23 18
internal_value=-0.00570085 -0.0109707 0.0103211 0.00572584 -0.016184 0.0114323 -0.0192859 -0.0200158 -0.0204042 0.000986585 -0.0042022 0.00338016 0.00146913 0.000203563 0.0044096 0.00463234 -6.92172e-05 0.00237309 0.000804751 -0.00103203 -0.000323349 0.000302195
internal_weight=2.88577 2.40877 0.477004 0.549757 1.85901 0.432019 1.47022 1.37636 1.34546 0.388795 0.224926 0.330274 0.113149 0.0385841 0.268269 0.223385 0.0938632 0.0946685 0.0681603 0.0620047 0.0432327 0.0269785
internal_count=4545 4109 436 398 3711 392 1782 1537 1485 1929 291 1205 209 142 1007 777 245 199 228 198 164 141
is_linear=0
shrinkage=0.06


Tree=252
num_leaves=20
num_cat=0
split_feature=8 2 6 3 6 6 3 0 2 2 9 3 4 4 9 9 4 6 6
split_gain=0.112393 0.0948673 0.0633239 0.033105 0.0281874 0.0204206 0.00769948 0.0063239 0.00539422 0.017889 0.00465435 0.00427115 0.000623867 0.000306226 0.000151728 0.000130064 5.19669e-05 3.01101e-05 5.56128e-07
threshold=0.31009600000000009 52.500000000000007 10.500000000000002 0.2715260000000001 21.500000000000004 23.500000000000004 0.35024200000000005 0.94233850000000008 39.750000000000007 45.750000000000007 0.22829350000000001 0.0078175000000000015 22.500000000000004 14.500000000000002 1.6296575000000002 0.88574250000000021 4.5000000000000009 24.500000000000004 23.500000000000004
decision_type=8 8 2 10 2 2 10 10 10 10 8 10 2 2 10 10 2 2 2
left_child=2 5 -1 4 10 8 -5 -4 11 -10 16 -2 -9 17 15 -15 -3 18 -6
right_child=1 3 7 6 13 -7 -8 12 9 -11 -12 -13 -14 14 -16 -17 -18 -19 -20
leaf_value=0.016289057511236795 0.010290674736609043 0.00042897642190951738 -0.0068240033163886014 0.0044360628832717025 -4.4741545045347469e-05 -0.0039509925763479602 -0.0028512894773363153 0.0018772655724904764 -0.0055303748119869389 0.0053179504820192224 -0.019108000148445718 -0.00019808261818933759 -0.00057624984262352014 0.00024587929836139934 0.0003907730868468829 -0.0009329489552075622 -0.00021574654675836209 0.0016877340208835553 2.2244257276373382e-05
leaf_weight=0.24600796539562031 0.21318890980273897 0.016771886619607934 0.1260604851267999 0.12192247426355596 0.0075768403039545573 0.075392212173028383 0.072690696777499397 0.086812274968906422 0.10358839514810825 0.086788197342684725 1.6260812965438163 0.1160487593151629 0.015310580529330764 0.0093787430159864016 0.015370618031738559 0.021421812169137411 0.0065228838320763307 0.080800505547813373 0.0039104120987758506
leaf_count=144 367 98 84 99 66 6 331 182 61 18 2631 6 14 46 53 60 14 253 29
internal_value=-0.00611859 -0.0108618 0.00954233 -0.0156074 -0.0173851 0.00482181 0.00160585 -0.00507178 0.00785705 -0.000271991 -0.0188573 0.00922594 0.00132033 0.00131176 -0.000294378 -0.000683691 0.000214032 0.00164916 -2.24909e-05
internal_weight=3.05165 2.57745 0.474191 1.98245 1.78783 0.595006 0.194613 0.228183 0.519614 0.190377 1.64938 0.329238 0.102123 0.138459 0.0461712 0.0308006 0.0232948 0.0922878 0.0114873
internal_count=4562 4138 424 3680 3250 458 430 280 452 79 2743 373 196 507 159 106 112 348 95
is_linear=0
shrinkage=0.06


Tree=253
num_leaves=9
num_cat=0
split_feature=3 5 11 7 7 9 9 9
split_gain=0.0714169 0.137699 0.0790396 0.0321941 0.0398678 0.0105787 0.000372176 0.000305389
threshold=0.18372050000000004 1.5000000000000002 0.30495200000000006 1.5000000000000002 24.500000000000004 0.16149900000000003 0.14276400000000003 0.34566900000000006
decision_type=8 2 10 2 2 8 10 8
left_child=1 2 -1 -4 5 6 -5 -2
right_child=7 -3 3 4 -6 -7 -8 -9
leaf_value=-0.008843563467295713 -7.6350432362207559e-05 -0.016958986393302716 -0.00080387018018216968 0.00051745640656527538 -0.0032497744267035349 0.017392652530562703 -0.0012633874676922403 -0.019758277109302575
leaf_weight=0.19066890749672949 0.010641199667588697 0.3789119065795602 0.55162433948316913 0.016454467988296306 0.094394129417196382 0.93565869877420482 0.022966570857533952 0.53053090549110493
leaf_count=30 27 1284 295 103 30 1882 12 878
internal_value=-0.00968328 -0.00182367 0.00624739 0.0107192 0.0141791 0.0166575 -0.000737365 -0.0196719
internal_weight=2.73185 2.19068 1.81177 1.6211 1.06947 0.97508 0.039421 0.541172
internal_count=4541 3636 2352 2322 2027 1997 115 905
is_linear=0
shrinkage=0.06


Tree=254
num_leaves=13
num_cat=0
split_feature=13 3 2 11 2 12 0 2 2 2 3 3
split_gain=0.10854 0.107678 0.113364 0.109697 0.074228 0.0526375 0.0211761 0.0108371 0.00543209 0.0279748 0.000618673 9.46871e-05
threshold=1.0000000180025095e-35 0.26043150000000004 672643.50000000012 0.35857150000000004 6552.0000000000009 2.5000000000000004 0.23593750000000005 64.500000000000014 56717.250000000007 79908.750000000015 0.45948850000000002 0.57658700000000007
decision_type=8 8 10 10 10 2 10 10 8 10 10 10
left_child=1 2 3 7 -3 6 -5 -1 -8 -10 -6 -12
right_child=-2 4 -4 5 10 -7 8 -9 9 -11 11 -13
leaf_value=0.001898343245768626 -0.018129220193503492 -0.019027817415901472 -0.010589456220781128 -0.0014804544406244867 0.0056030304380554532 -0.0035450957830618704 0.023611664017571043 -0.0093740194745155145 -0.0048467271906330531 0.0084382552166228572 0.00035138191547278428 -0.00047802762228943012
leaf_weight=0.03207484725862797 0.88989393604333589 0.26744111406151194 0.17046269246202417 0.025251749309972982 0.13086580349408905 0.079364958395672258 0.83863422504873564 0.16790149576991098 0.18959700104642263 0.23658347085984133 0.015066051193571184 0.012139189369918313
leaf_count=2 1396 91 3 55 128 182 1868 308 122 283 31 41
internal_value=-0.00759879 0.001089 0.00779402 0.013135 -0.0125622 0.0180372 0.0203332 -0.00749073 0.0212301 0.00327375 0.00536161 -0.000123787
internal_weight=3.05528 2.16538 1.73987 1.56941 0.425512 1.36943 1.29007 0.199976 1.26481 0.42618 0.158071 0.0272052
internal_count=4510 3114 2823 2820 291 2510 2328 310 2273 405 200 72
is_linear=0
shrinkage=0.06


Tree=255
num_leaves=17
num_cat=0
split_feature=3 6 13 11 0 3 3 6 9 9 11 6 6 6 6 6
split_gain=0.195174 0.140672 0.0570867 0.0524134 0.019646 0.0135236 0.0141719 0.0120379 0.0116997 0.00935135 0.00898142 0.0082124 0.00188334 0.00304109 0.000907251 0.000119224
threshold=1.0000000180025095e-35 9.5000000000000018 1.0000000180025095e-35 0.69615400000000005 0.23593750000000005 0.28551500000000007 0.36631450000000004 43.500000000000007 2.1663775000000003 0.29596200000000006 0.9900000000000001 1.5000000000000002 7.5000000000000009 17.500000000000004 24.500000000000004 27.500000000000004
decision_type=8 2 8 10 10 10 10 2 10 8 10 2 2 2 2 2
left_child=1 2 4 -4 -1 7 -7 11 9 -3 -6 -2 -13 -14 -11 -16
right_child=5 8 3 -5 10 6 -8 -9 -10 14 -12 12 13 -15 15 -17
leaf_value=-0.0012961518033956535 -0.00036468916296334021 0.0012841692624271336 0.0079264931181663011 -0.0095221501003576112 -0.00023417058268904422 0.004496591900189301 -0.0049935171313057114 0.00073927058848919226 0.0017457200100075374 -0.012039364326090023 0.023230069228591974 -0.020883646026338711 0.0012860712871759921 -0.0036453229136000167 0.0003951039937723268 -0.00053040033115769067
leaf_weight=0.022062215779442451 0.13053287853472262 0.021444230289489385 0.30743392477961617 0.1807874874684785 0.04034803506147 0.11937163203765522 0.15544585154384549 0.050477553537348285 0.035001869739062386 0.32521136088507774 0.66915261992653541 0.48697230048855999 0.09267551476295921 0.20794844469492091 0.022781679221225204 0.023565133542433614
leaf_count=97 222 38 105 214 88 131 397 24 35 504 1136 448 487 552 50 84
internal_value=-0.00284556 0.00881903 0.0163646 -0.000591491 0.021487 -0.0153442 -0.000577637 -0.0171122 -0.00908608 -0.0106115 0.0225393 -0.0179674 -0.0190488 -0.00230513 -0.0117337 -0.000132646
internal_weight=2.89121 1.64779 1.21978 0.488221 0.731563 1.24342 0.274817 0.968607 0.428004 0.393002 0.709501 0.918129 0.787596 0.300624 0.371558 0.0463468
internal_count=4612 2351 1640 319 1321 2261 528 1733 711 676 1224 1709 1487 1039 638 134
is_linear=0
shrinkage=0.06


Tree=256
num_leaves=20
num_cat=0
split_feature=8 2 4 2 3 4 6 6 3 0 0 2 6 6 2 6 2 6 6
split_gain=0.111947 0.0600824 0.0582987 0.043536 0.0339437 0.0298031 0.0221413 0.00947895 0.00756344 0.00583989 0.00388212 0.00375985 0.00162401 0.00145587 0.000728511 0.000323218 0.000122961 2.80757e-05 2.25409e-05
threshold=0.31009600000000009 52.500000000000007 4.5000000000000009 19.500000000000004 0.2715260000000001 2.5000000000000004 1.5000000000000002 16.500000000000004 0.35024200000000005 0.94233850000000008 0.99995650000000014 42.750000000000007 9.5000000000000018 5.5000000000000009 89876.250000000015 36.500000000000007 6122.2500000000009 23.500000000000004 26.500000000000004
decision_type=8 8 2 10 10 2 2 2 10 10 10 10 2 2 10 2 10 2 2
left_child=2 3 -1 -2 5 7 11 -3 -6 -4 -8 -5 13 -7 16 -14 -11 -9 -19
right_child=1 4 9 6 8 12 10 17 -10 14 -12 -13 15 -15 -16 -17 -18 18 -20
leaf_value=0.015757107460465714 -0.00683817068491991 -0.019683616484946289 -0.0065266615412018893 0.0014857556050108384 0.004623429323068539 0.00088774228631768089 -0.00018063328989492846 -9.5549093210963825e-05 -0.002690726744576264 -8.2354101148240884e-05 0.012432031351853525 -0.0041659340851566487 0.0017830999188565456 -0.0026316021878403065 -0.00063711875178575756 -0.00031260786081909435 0.002065782422798295 0.00057658901295723974 -6.6286381197871454e-05
leaf_weight=0.2640953924164936 0.26175960397813502 1.2990176013809103 0.11974119904334657 0.057872495708579663 0.11641223531114508 0.072655073713576601 0.064124877448193729 0.018441383052049676 0.070401809072791366 0.024411872786004096 0.24250917910285352 0.075479956751223654 0.17534899753627542 0.095534648668035516 0.033027851779479533 0.010299723500793334 0.043093363186926581 0.014355255694681546 0.014120834981440566
leaf_count=192 18 1372 73 118 101 297 12 68 323 4 303 18 1016 349 60 23 89 29 45
internal_value=-0.00612897 -0.0108641 0.00944683 0.00218477 -0.0147932 -0.0166619 0.00857373 -0.0191108 0.00192237 -0.00483161 0.0116748 -0.0025664 -0.000111411 -0.00165279 0.00128327 0.00150123 0.00193951 0.000401495 0.000503311
internal_weight=3.0727 2.58833 0.48437 0.701746 1.88659 1.69977 0.439987 1.34594 0.186814 0.220274 0.306634 0.133352 0.353838 0.16819 0.100533 0.185649 0.0675052 0.0469175 0.0284761
internal_count=4510 4092 418 469 3623 3199 451 1514 424 226 315 136 1685 646 153 1039 93 142 74
is_linear=0
shrinkage=0.06


Tree=257
num_leaves=22
num_cat=0
split_feature=8 2 4 2 3 4 6 0 3 6 0 2 6 6 2 4 2 6 4 6 6
split_gain=0.102366 0.0759871 0.0628445 0.0478019 0.0322646 0.0321059 0.0246917 0.00870445 0.00727676 0.00668443 0.00378368 0.00376472 0.00194999 0.00167759 0.00044998 0.00040187 0.000103386 7.60769e-05 4.46514e-05 1.3927e-05 4.83386e-06
threshold=0.31009600000000009 52.500000000000007 3.5000000000000004 19.500000000000004 0.2715260000000001 2.5000000000000004 1.5000000000000002 0.94233850000000008 0.35024200000000005 16.500000000000004 0.99995650000000014 42.750000000000007 9.5000000000000018 5.5000000000000009 227460.00000000003 14.500000000000002 3057.0000000000005 28.500000000000004 15.500000000000002 23.500000000000004 25.500000000000004
decision_type=8 8 2 10 10 2 2 10 10 2 10 10 2 2 10 2 10 2 2 2 2
left_child=2 3 -1 -2 5 9 11 -4 -6 -3 -8 -5 13 -7 16 -14 -9 18 -17 -11 -21
right_child=1 4 7 6 8 12 10 14 -10 19 -12 -13 15 -15 -16 17 -18 -19 -20 20 -22
leaf_value=0.016001599968031383 -0.0066085837697324899 -0.019453162752136429 -0.007257051690230153 0.0014896174946515059 0.0044385056533431623 0.00098059797062256663 -6.862959240769695e-05 -5.6361147776720099e-05 -0.0026927877997841533 -0.00011206808170100681 0.013523841475025698 -0.0041611764830237546 0.0021207564660728796 -0.0027562184870790034 -0.00035571878038803321 -0.00018471326313814054 0.0022278073896880592 -0.00054041272391399319 0.00042896043722031202 0.0002535814594245679 -3.2039053665911859e-05
leaf_weight=0.25264633330152753 0.25701451450004276 1.3102169994072026 0.13522079211543314 0.057991990426671691 0.12465487125155039 0.073330234586137411 0.067594262072816491 0.024852986811310984 0.070504258224900695 0.019522892098393529 0.27138661355365912 0.075043226242996752 0.13772041248557798 0.091180592889941181 0.021801313869218575 0.0085221082426869543 0.061674925907936995 0.021167218663322274 0.020743546036101179 0.016219095799897332 0.017912997464009095
leaf_count=169 16 1394 84 118 102 287 13 6 328 74 311 17 852 354 30 24 153 78 95 19 55
internal_value=-0.00553487 -0.0100659 0.00918994 0.00342171 -0.0146181 -0.0164447 0.00966248 -0.00506163 0.00176474 -0.0189647 0.0127864 -0.00255724 0.000116452 -0.00167884 0.00175397 0.00177801 0.00212369 -0.000285864 0.000244418 0.000105182 0.000217652
internal_weight=3.13692 2.64073 0.496196 0.729031 1.9117 1.71654 0.472016 0.24355 0.195159 1.36387 0.338981 0.133035 0.352664 0.164511 0.108329 0.188153 0.0865279 0.0504329 0.0292657 0.053655 0.0341321
internal_count=4579 4137 442 475 3662 3232 459 273 430 1542 324 135 1690 641 189 1049 159 197 119 148 74
is_linear=0
shrinkage=0.06


Tree=258
num_leaves=15
num_cat=0
split_feature=13 8 12 2 4 11 2 1 9 11 1 2 3 1
split_gain=0.184251 0.130889 0.0538031 0.048215 0.0455051 0.0263751 0.0505358 0.0180777 0.0158863 0.00857306 0.008323 0.000616152 0.000219474 0.00150414
threshold=1.0000000180025095e-35 0.98000000000000009 2.5000000000000004 192.75000000000003 15.500000000000002 0.67333350000000014 52.500000000000007 0.49418600000000007 1.2393695000000002 0.37668900000000005 0.97916650000000016 2104.5000000000005 0.23969050000000003 0.97916650000000016
decision_type=8 8 2 8 2 8 8 10 8 10 10 8 10 10
left_child=1 2 4 10 7 6 -2 -1 11 -9 -3 -5 13 -6
right_child=5 3 -4 8 12 -7 -8 9 -10 -11 -12 -13 -14 -15
leaf_value=-0.0010302688284586983 0.0074713512057282602 -0.0015988169692833305 -0.0033607950685668802 0.0025756946402085857 -0.0015685778082518323 -0.018729139832299978 -0.0095724280061519392 -0.0003897579857342379 -0.010514984688364336 0.026150224548607034 0.0086088011516463024 -0.00039125931294861703 -0.0022999559228676896 0.0016795300677642231
leaf_weight=0.017457270652812551 0.33177961339242745 0.027215219932258949 0.073959574037871789 0.052014486052940012 0.02675010484381346 0.43201335627054505 0.18880055140652985 0.015197424996586051 0.81656369014490338 0.64870091497323301 0.16378826510754152 0.029783703284920193 0.039757072525389958 0.028646063517953735
leaf_count=45 17 16 82 338 33 628 757 10 534 1348 489 201 21 76
internal_value=-0.000226458 0.00930951 0.0193391 -0.00402892 0.0221759 -0.0144679 -0.000940111 0.0247836 -0.00884678 0.0256736 0.00703314 0.00213233 -0.00207669 0.000110958
internal_weight=2.89243 1.93983 0.850468 1.08937 0.776509 0.952594 0.52058 0.681356 0.898362 0.663898 0.191003 0.0817982 0.0951532 0.0553962
internal_count=4595 3193 1615 1578 1533 1402 774 1403 1073 1358 505 539 130 109
is_linear=0
shrinkage=0.06


Tree=259
num_leaves=19
num_cat=0
split_feature=8 2 13 11 3 11 4 3 2 6 3 9 2 11 3 2 2 6
split_gain=0.121883 0.073044 0.056541 0.038297 0.0169936 0.0161385 0.013189 0.0171968 0.00819307 0.00715315 0.0046154 0.00440713 0.00157848 0.00136398 0.000534215 0.000124779 2.43127e-05 1.20245e-05
threshold=0.31009600000000009 52.500000000000007 1.0000000180025095e-35 0.9900000000000001 0.00092350000000000017 0.8856210000000001 2.5000000000000004 0.27697050000000006 1924.5000000000002 24.500000000000004 0.29208400000000007 0.61996650000000009 120.75000000000001 0.32993200000000006 0.29846800000000001 166506.00000000003 11952.750000000002 25.500000000000004
decision_type=8 8 8 10 10 10 2 10 10 2 10 10 10 10 10 10 10 2
left_child=2 3 5 13 -5 -1 7 9 12 -3 -9 15 -8 -2 -14 16 -10 -11
right_child=1 6 -4 4 -6 -7 8 10 11 17 -12 -13 14 -15 -16 -17 -18 -19
leaf_value=-0.0013611785158024381 0.00047534095500299106 -0.018343397800056727 -0.0053419440017904623 -0.0085598861115710745 0.0029850356457347157 0.017382806205151584 -0.00074113373957990778 0.0032288122591375913 -2.7689646390421239e-05 0.00042345500231674027 -0.0024384915586587379 -0.0055671797248425465 0.0039000384113812708 0.0099399258847762163 -0.00022435416269541366 -0.00015217457016175837 0.0013727963781259296 -4.7488081415830929e-05
leaf_weight=0.033942090896744381 0.16792645427631248 1.3412864927104236 0.097252398554701358 0.24079100831113465 0.10865699598798528 0.29524228522132034 0.013255497076897771 0.054596600642980664 0.006101466471591265 0.018590895739180158 0.052286562899098499 0.1581734522296756 0.12903810139505367 0.19811120867234422 0.010970739662298001 0.02266621572925942 0.059032326316810213 0.017104441591072828
leaf_count=45 11 1447 91 374 5 311 25 8 29 19 192 979 551 83 39 33 294 53
internal_value=-0.00573367 -0.0106498 0.0106882 0.00300361 -0.00541825 0.0158801 -0.0150799 -0.0167984 -0.00125203 -0.0179068 0.000758077 -0.00415531 0.00297028 0.00912442 0.00366355 0.00116782 0.00133878 0.000369826
internal_weight=3.02503 2.59859 0.426437 0.715486 0.349448 0.329184 1.8831 1.48386 0.399238 1.37698 0.106883 0.245973 0.153264 0.366038 0.140009 0.0878 0.0651338 0.0356953
internal_count=4589 4142 447 473 379 356 3669 1719 1950 1519 200 1335 615 94 590 356 323 72
is_linear=0
shrinkage=0.06


Tree=260
num_leaves=26
num_cat=0
split_feature=8 4 9 3 9 4 3 3 11 4 3 3 9 9 4 8 4 4 9 4 8 9 8 9 9
split_gain=0.0889326 0.0550959 0.0215383 0.0250162 0.0140388 0.0139699 0.0069402 0.00342316 0.00325218 0.00204443 0.00151117 0.00744635 0.00108682 0.000806015 0.000455813 0.000247017 0.000207943 0.000206021 0.0001823 2.24767e-05 1.74515e-05 1.02337e-05 6.48535e-06 3.97719e-06 7.57171e-07
threshold=0.31009600000000009 3.5000000000000004 0.44571150000000009 0.2715260000000001 1.9818280000000004 5.5000000000000009 0.35024200000000005 1.0000000180025095e-35 0.30495200000000006 14.500000000000002 9.4500000000000007e-05 6.1000000000000012e-05 0.71351650000000011 1.2830560000000002 3.5000000000000004 0.69398000000000015 1.5000000000000002 13.500000000000002 0.61996650000000009 4.5000000000000009 0.65450900000000012 1.6623735000000002 0.38585600000000003 1.7641175000000002 0.55909100000000012
decision_type=8 2 8 10 10 2 10 8 10 2 8 10 10 10 2 10 2 2 8 2 8 10 10 10 10
left_child=1 -1 7 4 5 10 -5 8 -2 13 11 -4 -3 24 -6 20 -9 -16 -8 -18 22 -15 -10 -23 -7
right_child=2 12 3 6 14 9 18 16 15 -11 -12 -13 -14 21 17 -17 19 -19 -20 -21 -22 23 -24 -25 -26
leaf_value=0.014914125669350974 -0.0011469781597928635 -0.0052955051467740337 -0.0061583311703941723 0.0047241837335002361 0.0018285703090306111 8.9646186413828511e-06 0.00012193098856488767 -0.0017294606010359456 -5.6785608184423544e-05 -0.0015955445127966309 -0.01767970817456228 0.0018785731716902164 0.00021337887138828175 -0.00054152147915531525 -0.00085154706921238368 0.0049506081707675976 -0.00012317792138253272 0.00042817902695351851 -0.0025502834451593664 0.0003234379802183616 -0.00021152599428996409 0.00010215038380572512 0.00020468222173628518 -6.9837666587530158e-05 0.0026744019542615104
leaf_weight=0.25101612012986185 0.019314036449941674 0.16877711522647587 1.2997316370328924 0.10971739457818319 0.043131326723596319 0.0071345366959575376 0.0051514815786504178 0.039046490219334373 0.0021546756743191517 0.04906807973748073 0.66327042082320997 0.03257954243963479 0.061053496472595725 0.018504864994611125 0.016882420008187182 0.096854369358879921 0.010335308594221715 0.012917339086925494 0.059816632608999498 0.01042635997873731 0.0051350291760172686 0.0033835620743047903 0.0034228592285217019 0.003208910397006548 0.087861163357956684
leaf_count=167 6 207 1590 96 131 49 8 40 15 147 702 11 58 130 125 227 39 44 307 53 12 19 76 46 325
internal_value=-0.00526209 0.00857277 -0.00949244 -0.0107743 -0.0121779 -0.0129247 0.00226634 0.00219282 0.00372429 0.000620499 -0.0138968 -0.00524061 -0.00484852 0.00214205 0.00137495 0.00484482 -0.00150464 -0.000419706 -0.00242286 0.000198243 -6.34575e-05 -0.000506399 0.000147651 3.22218e-05 0.00266522
internal_weight=3.0799 0.480847 2.59905 2.41236 2.23767 2.16474 0.174686 0.186689 0.126881 0.169161 1.99558 1.33231 0.229831 0.120093 0.0729311 0.107567 0.0598082 0.0297998 0.0649681 0.0207617 0.0107126 0.0250973 0.00557753 0.00659247 0.0949957
internal_count=4630 432 4198 3730 3319 3019 411 468 336 716 2303 1601 265 569 300 330 132 169 315 92 103 195 91 65 374
is_linear=0
shrinkage=0.06


Tree=261
num_leaves=33
num_cat=0
split_feature=8 2 11 12 8 8 3 6 2 2 2 8 9 3 8 8 8 2 8 8 2 9 2 8 6 8 8 8 8 8 8 8
split_gain=0.0806973 0.0996071 0.0501338 0.0377197 0.0489419 0.0469681 0.0278642 0.0259747 0.0199806 0.0106702 0.0481695 0.00715771 0.00672436 0.00655612 0.00511861 0.00202324 0.00171088 0.00129106 0.00119429 0.000968872 0.000454009 0.000217482 0.000192592 0.000188083 0.000176906 9.01492e-05 8.6586e-05 0.000247679 7.71554e-05 5.81288e-05 8.08768e-05 4.51592e-05
threshold=0.31009600000000009 52.500000000000007 0.89897950000000015 1.5000000000000002 1.0208335000000002 0.84900300000000006 0.2715260000000001 20.500000000000004 218.25000000000003 79908.750000000015 672643.50000000012 1.0557280000000002 0.68900850000000013 0.35024200000000005 1.9705880000000002 0.44058800000000004 0.93933800000000012 1924.5000000000002 0.65450900000000012 2.0312500000000004 151924.50000000003 0.22829350000000001 148035.00000000003 0.35214600000000007 24.500000000000004 0.35214600000000007 0.50757600000000014 0.32843100000000008 0.33809500000000009 0.67424250000000019 0.56125000000000014 0.49242400000000003
decision_type=8 8 10 2 10 10 10 2 10 10 10 10 8 10 10 10 8 10 8 10 10 10 10 10 2 10 10 10 10 10 10 10
left_child=2 3 -1 4 5 -2 7 9 -4 12 11 15 16 -8 18 25 29 24 23 -16 22 -18 -13 -14 -9 -11 27 -19 -15 30 -3 -25
right_child=1 6 8 -5 -6 -7 13 17 -10 10 -12 20 14 28 19 -17 21 26 -20 -21 -22 -23 -24 31 -26 -27 -28 -29 -30 -31 -32 -33
leaf_value=-0.0052290957950886082 -0.003563583219042073 0.00035549250798615564 -0.0019294634132890802 -0.0054672452041985035 -0.0050749746753668869 0.018194487453155425 0.0042717964684349441 -0.00010392272403614965 0.016164541354581063 0.00028547195071910964 -0.010134709296810349 -0.00040664586133935582 -0.00078800986145412071 3.8724008676109714e-05 0.00095574705136693898 0.0087331854044939775 0.00015738716662045069 -0.00059986838912466254 -0.020724832500181076 -0.0016889642243466401 -0.0017821889735965418 -0.0022747579979363873 0.00084338875417526199 0.00056436003810571246 0.0026064429656647492 -0.00055514463546904971 -0.001011190947614986 0.00072903211915565389 -0.0025943766235335957 0.0014483841113964798 -0.00040413638341731247 -0.00013827331227830511
leaf_weight=0.10786245418057694 0.10326471505686674 0.0080082753047460153 0.032259606421575882 0.093547223892528564 0.087148798047564924 0.41914505508066213 0.11991065440088267 0.014038127093954134 0.30245065569761209 0.020760923162015277 0.16395699879467429 0.0068229985190555445 0.016424969009676826 0.011509308242239058 0.086064606532090693 0.19646017308332375 0.01257881958008511 0.014427862523007207 0.83356390845892747 0.028916717690663063 0.030196442321539507 0.082149324669444468 0.015455211467269692 0.0094730794698989484 0.058039346058649244 0.015126021218748065 0.031096111682927585 0.02599123856271035 0.055476901101428666 0.032313197625626344 0.020006423928862205 0.020151545442786301
leaf_count=120 6 77 8 5 5 449 98 43 306 47 10 117 13 6 62 145 50 21 953 373 122 245 9 34 146 27 226 136 317 165 86 112
internal_value=-0.00379083 -0.00790601 0.00919794 0.00610244 0.0101716 0.0143779 -0.0133523 -0.0150228 0.0142816 -0.0165261 -0.00207665 0.00683968 -0.0185767 0.00175659 -0.0195891 0.00825803 -0.000745381 0.00152953 -0.0204152 -0.000627634 -0.00131975 -0.00210304 0.000437262 -0.000355917 0.00247402 -0.000262715 -0.000842898 0.00013404 -0.00252968 0.0013593 -5.2414e-05 0.000416313
internal_weight=3.0746 2.63202 0.442573 0.703106 0.609559 0.52241 1.92892 1.74202 0.33471 1.59843 0.448779 0.284822 1.14965 0.186897 0.994595 0.232347 0.155056 0.143593 0.879614 0.114981 0.0524747 0.0947281 0.0222782 0.0460496 0.0720775 0.0358869 0.0715152 0.0404191 0.0669862 0.0603279 0.0280147 0.0296246
internal_count=4539 4105 434 465 460 455 3640 3219 314 2647 477 467 2170 421 1547 219 623 572 1112 435 248 295 126 159 189 74 383 157 323 328 163 146
is_linear=0
shrinkage=0.06


Tree=262
num_leaves=8
num_cat=0
split_feature=1 3 13 9 3 9 3
split_gain=0.0530416 0.0608642 0.102962 0.0621801 0.0480641 0.0219485 0.00824752
threshold=0.97916650000000016 0.22885400000000003 1.0000000180025095e-35 1.9207165000000002 0.2715260000000001 0.93701000000000012 0.43645550000000005
decision_type=10 8 8 10 10 10 10
left_child=-1 2 3 -2 -3 -4 -6
right_child=1 4 5 -5 6 -7 -8
leaf_value=-0.019013918884208808 0.014481063329100921 -0.017503351048094425 -0.011677328973688318 -0.0057336284980180809 0.0055664745536658511 0.0023013230861001692 -0.0023809417418683707
leaf_weight=0.44996371529305212 1.0969558157494246 0.2611652873292768 0.56246035911681258 0.14183035908354225 0.14418463794572745 0.16516455220698845 0.076564976447116351
leaf_count=1969 2219 53 131 40 65 17 63
internal_value=-0.00964087 -0.00290385 0.00278295 0.0106394 -0.0123278 -0.00900887 0.00311762
internal_weight=2.89829 2.44833 1.96641 1.23879 0.481915 0.727625 0.22075
internal_count=4557 2588 2407 2259 181 148 128
is_linear=0
shrinkage=0.06


Tree=263
num_leaves=22
num_cat=0
split_feature=8 2 2 13 4 4 2 9 8 8 8 9 8 2 8 4 2 2 9 2 8
split_gain=0.0925845 0.103346 0.0658255 0.0423018 0.0260407 0.0173653 0.00814048 0.00561984 0.00499156 0.00476215 0.00213559 0.00190484 0.00162671 0.00166156 0.000157049 0.000152297 3.26146e-05 4.52858e-05 1.27345e-05 6.38782e-06 4.39545e-07
threshold=0.31009600000000009 52.500000000000007 19.500000000000004 1.0000000180025095e-35 17.500000000000004 2.5000000000000004 1857.7500000000002 0.16149900000000003 0.44636000000000003 1.9705880000000002 2.1010100000000005 0.67985250000000008 1.0741760000000002 120.75000000000001 0.49242400000000003 22.500000000000004 51377.250000000007 92767.500000000015 0.39847000000000005 29748.750000000004 0.80476200000000009
decision_type=8 8 10 8 2 2 10 8 8 10 10 10 10 10 10 2 10 10 10 8 10
left_child=3 2 -2 4 -1 8 12 -4 -3 -10 -11 14 13 -7 -8 -15 18 20 -16 -20 -18
right_child=1 5 7 -5 -6 6 11 -9 9 10 -12 -13 -14 15 16 -17 17 -19 19 -21 -22
leaf_value=0.016815002554024776 -0.0064649291402195611 0.00015202422950712693 -0.00047333708549923665 -0.0045202728080973561 -0.0021589201807758946 -0.00061793820301747496 0.00089424125083761635 0.014310830578096222 -0.016871720996405951 0.0016147183664397408 -0.0022186123132952955 -0.0044941893559815038 -0.00069425609812587394 0.0046802863804966156 -0.00047890853213037481 -4.1759543689928485e-05 0.00036120023494875305 -0.00022593824172970729 0.00013166009827578464 -8.6780893697610388e-05 -1.4326699987716558e-06
leaf_weight=0.28706429885096474 0.25154117477359283 0.050166509063273801 0.032621043206745526 0.081101927295094356 0.070894885975576472 0.011162629059981444 0.038947916069446364 0.329634758125394 1.2590617037067202 0.089342038294489723 0.038342813893905259 0.1623120564599958 0.013968123883387307 0.10859449813142419 0.018878451981436228 0.0072106952720787367 0.0061032432149659144 0.0047422012867173189 0.0074065086591872395 0.0051459756687108884 0.0042130271358473692
leaf_count=302 17 107 18 83 42 18 136 434 1116 100 411 943 105 456 56 20 48 26 40 37 28
internal_value=-0.00371085 -0.00838389 0.00647434 0.0100365 0.0142346 -0.0139028 -0.000564906 0.0136093 -0.0157984 -0.0161973 -0.000483025 -0.00368837 0.0033461 0.00401222 0.000572566 0.00461235 -0.000293921 0.000132954 -0.000429056 4.48449e-05 0.00035827
internal_weight=2.87846 2.4394 0.613797 0.439061 0.357959 1.8256 0.388685 0.362256 1.43691 1.38675 0.127685 0.247749 0.140936 0.126968 0.0854373 0.115805 0.0464894 0.0150585 0.0314309 0.0125525 0.0103163
internal_count=4543 4116 469 427 344 3647 1913 452 1734 1627 511 1314 599 494 371 476 235 102 133 77 76
is_linear=0
shrinkage=0.06


Tree=264
num_leaves=16
num_cat=0
split_feature=3 12 5 13 12 4 6 3 3 3 8 6 8 8 3
split_gain=0.177262 0.0879399 0.0339247 0.0285754 0.0322275 0.0161767 0.00447415 0.00312737 0.00444046 0.00352347 0.00289952 0.00109848 0.00174325 0.000297518 0.000153139
threshold=1.0000000180025095e-35 1.0000000180025095e-35 2.5000000000000004 1.0000000180025095e-35 1.5000000000000002 1.5000000000000002 7.5000000000000009 0.013268 9.4500000000000007e-05 0.36631450000000004 1.9705880000000002 23.500000000000004 0.86811600000000011 0.095454500000000012 0.00092350000000000017
decision_type=8 2 2 8 2 2 2 10 8 10 10 2 10 10 10
left_child=1 -1 3 10 -5 7 -7 8 -2 -9 -3 12 13 -8 -10
right_child=5 2 -4 4 -6 6 11 9 14 -11 -12 -13 -14 -15 -16
leaf_value=-0.0078918698264138984 0.0017368547540773972 0.020582312777975245 -0.0031053374885354388 0.0068136030677255557 -0.0069135072405763047 -0.018325516345182709 -0.00022456886047108091 0.0033599512997482448 -0.0044896217880206106 -0.0017386805478949673 0.00090934947586404169 -0.0027204184464907416 -0.0015105434701285455 0.0022031218659681897 -7.7917810045553725e-05
leaf_weight=0.16752910404829924 0.033246809456613624 0.65258587026346471 0.0544811788095102 0.38083155889398779 0.12357133030309342 0.43490259073587367 0.015932610229356214 0.1706468737220348 0.077181056219160382 0.044526425726871821 0.12504914079909213 0.21565907213516766 0.028989227022975683 0.088035820353979943 0.066004902979329927
leaf_count=85 21 1742 291 104 62 480 14 240 182 119 14 446 465 268 58
internal_value=-0.00157807 0.00966004 0.0142961 0.0160724 0.00109055 -0.0137901 -0.0162532 -0.000723896 -0.00265599 0.00174232 0.01971 -0.00199649 0.00054247 0.00196467 -0.00430306
internal_weight=2.67917 1.50405 1.33652 1.28204 0.504403 1.17513 0.783519 0.391606 0.176433 0.215173 0.777635 0.348617 0.132958 0.103968 0.143186
internal_count=4591 2298 2213 1922 166 2293 1673 620 261 359 1756 1193 747 282 240
is_linear=0
shrinkage=0.06


Tree=265
num_leaves=26
num_cat=0
split_feature=3 6 6 11 6 3 7 5 3 12 12 9 9 7 3 3 7 9 7 7 9 6 6 6 6
split_gain=0.119362 0.0749614 0.0522297 0.0206233 0.0178161 0.016163 0.0336806 0.0145556 0.0129141 0.0109771 0.00634058 0.00601696 0.00413429 0.00286245 0.00282683 0.00344086 0.00183835 0.00182735 0.00150291 0.000708931 0.000456881 0.00018152 0.000597337 0.000339565 1.73332e-05
threshold=1.0000000180025095e-35 9.5000000000000018 1.5000000000000002 0.19782600000000003 1.5000000000000002 0.2715260000000001 5.5000000000000009 2.5000000000000004 0.42640750000000005 1.5000000000000002 2.5000000000000004 0.29596200000000006 2.1663775000000003 5.5000000000000009 0.00092350000000000017 9.4500000000000007e-05 22.500000000000004 0.90265350000000011 4.5000000000000009 7.5000000000000009 1.0743295000000004 37.500000000000007 7.5000000000000009 41.500000000000007 24.500000000000004
decision_type=8 2 2 10 2 8 2 2 10 2 2 8 10 2 10 8 2 10 2 2 10 2 2 2 2
left_child=1 2 9 -4 14 6 17 10 18 -1 13 -3 -13 -5 15 -2 21 -6 -7 -15 -20 22 -8 -23 -18
right_child=4 11 3 7 5 8 16 -9 -10 -11 -12 12 -14 19 -16 -17 24 -19 20 -21 -22 23 -24 -25 -26
leaf_value=0.0025271306871912148 0.0017645583980916014 0.0012314474833725548 -0.0017020284657005454 0.020514724244878647 -0.019490083773819607 0.0049831959895024003 -0.00035154650229075846 -0.0011493050705873706 -0.00461439146766718 -0.0055327213926490261 -0.00035562557148731844 -0.0087832594665232938 0.00075817431286860355 -0.00075961623462058073 0.0029250381206302597 -0.0033561956174744411 -0.0012760600957540569 -0.00031581956908815513 0.00069899669396372916 0.0015593660814465951 -0.0011473706201289252 -0.00080582539007741484 0.0029578018784421349 0.00074108919687373032 9.130150643954231e-06
leaf_weight=0.4773765941608874 0.032679520900273817 0.020580817477821145 0.028929812902788399 0.60422505504448054 0.47065040707093397 0.11358881068736093 0.0065302351385980719 0.019523815244610887 0.13005194404468057 0.095038317514990922 0.02237084003718337 0.29312459620814479 0.018140621483325958 0.069984467805625172 0.072439189689248451 0.056106262205503299 0.021726451838731009 0.051932333947661391 0.023873869198723696 0.033429755007091444 0.01945751860148448 0.024585120951087447 0.11373171936247672 0.022416344512748765 0.024580313842307078
leaf_count=238 8 44 58 804 311 57 124 164 286 54 24 624 36 187 119 171 406 48 31 80 117 46 442 24 52
internal_value=-0.00190163 0.00699595 0.0119518 0.017106 -0.0119587 -0.0136109 -0.015792 0.0183898 -9.26841e-05 -0.00147863 0.0192747 -0.00700466 -0.00807306 0.0197401 0.00121824 -0.00158183 0.00130029 -0.0190435 0.00440412 0.00072386 -0.000435155 0.00246082 0.0026247 -6.48853e-05 -0.00123714
internal_weight=2.86707 1.68272 1.35088 0.778464 1.18435 1.02313 0.736153 0.749534 0.286972 0.572415 0.73001 0.331846 0.311265 0.707639 0.161225 0.0887858 0.21357 0.522583 0.15692 0.103414 0.0433314 0.167263 0.120262 0.0470015 0.0463068
internal_count=4555 2313 1609 1317 2242 1944 1453 1259 491 292 1095 704 660 1071 298 179 1094 359 205 267 148 636 566 70 458
is_linear=0
shrinkage=0.06


Tree=266
num_leaves=16
num_cat=0
split_feature=3 7 2 5 2 12 8 2 4 7 4 2 4 8 4
split_gain=0.0970246 0.094527 0.119514 0.0429979 0.0251881 0.0200854 0.0131899 0.0104715 0.00966437 0.00751463 0.00151799 0.000385738 0.000299933 0.000238993 2.47807e-05
threshold=0.17359300000000003 15.500000000000002 672643.50000000012 2.5000000000000004 29748.750000000004 2.5000000000000004 0.98000000000000009 315.75000000000006 11.500000000000002 2.5000000000000004 12.500000000000002 3321.0000000000005 13.500000000000002 0.31009600000000009 15.500000000000002
decision_type=8 2 10 2 10 2 10 8 2 2 2 10 2 10 2
left_child=1 2 3 5 7 8 11 -2 -1 -6 -10 -3 -8 -12 -14
right_child=4 6 -4 -5 9 -7 12 -9 10 -11 13 -13 14 -15 -16
leaf_value=0.017967886167896886 0.0005384924885117571 0.0019971243035087835 -0.010187198740623935 -0.0037673058627924264 0.0040951642283167961 -0.0015522832193123899 -0.011675327204063829 -0.01803502912120759 -0.0016950883038257235 -0.0030170793280638788 0.0017926258651338185 -0.00033381779805736648 -0.0002460222718681868 -0.00021129901290106972 0.00017940839790239822
leaf_weight=1.5668787333743246 0.057716945899301098 0.050163731211796292 0.16451392591261527 0.066962195302039507 0.12981069450506766 0.052886637964547734 0.30454350503350724 0.28817227281797386 0.032555432644585269 0.069739289003337035 0.03438840426679235 0.012480920580856036 0.0085952581575838849 0.032262508022540715 0.010875673178816214
leaf_count=2097 32 158 10 512 150 49 529 480 20 299 40 89 26 66 44
internal_value=-0.00162564 0.00448045 0.00965622 0.0144847 -0.0137588 0.0163197 -0.00976334 -0.0168384 0.0172565 0.0011665 -0.000103818 0.00165561 -0.0115541 0.00153392 -6.55019e-05
internal_weight=2.88255 2.33711 1.95045 1.78593 0.545439 1.71897 0.386659 0.345889 1.66609 0.19955 0.0992063 0.0626447 0.324014 0.0666509 0.0194709
internal_count=4601 3640 2794 2784 961 2272 846 512 2223 449 126 247 599 106 70
is_linear=0
shrinkage=0.06


Tree=267
num_leaves=28
num_cat=0
split_feature=8 6 2 2 6 6 0 0 2 2 9 2 2 9 2 4 2 4 4 2 9 2 9 9 9 9 2
split_gain=0.0805581 0.0501767 0.041426 0.0359498 0.0271842 0.0182834 0.0109491 0.0103274 0.00823785 0.0344034 0.0138309 0.00919307 0.0213212 0.0070354 0.00143329 0.00130968 0.00113104 0.000866194 0.000628481 0.000387106 0.000295689 0.000274067 0.000175603 0.000139194 9.70549e-05 5.80076e-05 3.81339e-06
threshold=0.31698550000000009 10.500000000000002 52.500000000000007 19.500000000000004 1.5000000000000002 20.500000000000004 0.94233850000000008 0.99995650000000014 24692.250000000004 672643.50000000012 0.088465500000000016 79908.750000000015 56717.250000000007 0.74562850000000014 15419.250000000002 39.500000000000007 42.750000000000007 1.5000000000000002 14.500000000000002 27.750000000000004 0.61996650000000009 74067.750000000015 1.4737975000000001 1.6296575000000002 1.5627210000000002 0.60603750000000012 196947.00000000003
decision_type=8 2 8 10 2 2 10 10 10 10 10 10 10 8 10 2 10 2 2 10 10 10 10 10 10 10 10
left_child=1 -1 3 -2 16 8 -3 -6 13 10 11 12 -10 17 18 21 19 25 22 -5 -16 -8 -7 -20 -24 -4 -23
right_child=2 6 5 4 7 14 15 -9 9 -11 -12 -13 -14 -15 20 -17 -18 -19 23 -21 -22 26 24 -25 -26 -27 -28
leaf_value=0.014165315743250062 -0.0063551872847916833 -0.007289712463584291 -0.0014716325060793926 0.0010715682762718109 -0.0011546932173043401 0.0027779504143369991 0.0032163353710282319 0.012771228127675043 0.0054113926226546077 -0.010141715708243411 -0.0031776819112864416 0.0085828958652788296 -0.006274891768839547 -0.017702025775073616 0.00035808898976924899 -0.00074778879937591907 -0.0040348407341709146 0.0010462504930611259 -0.00072829214205601155 -0.00063532327930543265 -0.0014482296480362398 -0.00015696167444705994 -0.00046047176673644132 0.00033841341491871736 0.00037470393017683106 6.2933586264911863e-05 4.2722292870541128e-05
leaf_weight=0.23294453593189279 0.24699076011893373 0.13589992203924339 0.054276883780403073 0.017941732839972246 0.045427820004988462 0.068950961402151623 0.058775244195203413 0.25398415122890583 0.11354239257889276 0.1641138159611728 0.12103289744845824 0.25985421830955602 0.14961864521501411 0.77532356017309212 0.011159738904098049 0.014230285421945155 0.07289065582153853 0.063739632683791569 0.017468548721808475 0.02167582610854879 0.030509413620166015 0.013646014160258346 0.0082270102793700062 0.011647907827864401 0.014976504151491099 0.010865155265491921 0.01190860857059306
leaf_count=152 16 93 130 46 12 174 126 303 59 16 926 192 29 1327 102 4 18 314 71 68 133 51 13 51 67 60 24
internal_value=-0.00536705 0.00798399 -0.0093918 0.0018058 0.00773452 -0.0125859 -0.00465735 0.0113957 -0.0138421 -0.00317622 0.00368784 0.00631988 -0.000940432 -0.0167008 0.00116649 0.00230399 -0.00349413 -0.000332145 0.00221792 0.000424867 -0.00108511 0.00303367 0.00264207 -0.00038738 -8.20408e-05 -0.00139689 -0.000112985
internal_weight=3.00162 0.467405 2.53422 0.658911 0.41192 1.87531 0.23446 0.299412 1.71237 0.808162 0.644048 0.523015 0.263161 0.904205 0.16294 0.0985602 0.112508 0.128882 0.121271 0.0396176 0.0416692 0.0843299 0.0921545 0.0291165 0.0232035 0.065142 0.0255546
internal_count=4577 450 4127 463 447 3664 298 315 3053 1222 1206 280 88 1831 611 205 132 504 376 114 235 201 254 122 80 190 75
is_linear=0
shrinkage=0.06


Tree=268
num_leaves=10
num_cat=0
split_feature=13 2 11 0 2 4 7 8 8
split_gain=0.121288 0.103932 0.109523 0.0403691 0.0300433 0.0275408 0.0101924 0.00333945 0.00264493
threshold=1.0000000180025095e-35 672643.50000000012 0.35857150000000004 0.23593750000000005 52.500000000000007 11.500000000000002 1.5000000000000002 1.2613635000000001 0.39009650000000001
decision_type=8 8 10 10 8 2 2 10 10
left_child=1 2 6 -4 -2 7 -1 -5 -7
right_child=4 -3 3 5 -6 8 -8 -9 -10
leaf_value=0.0017802421398250118 0.00028156814330060944 -0.010061069063007912 -0.0030439917133489786 0.021658695123390404 -0.016415394822191003 -0.0024759323879964016 -0.0094032883015337815 0.00098423164758639457 0.0018030596103961755
leaf_weight=0.030055204406380542 0.49431064428063098 0.16288245506621035 0.053385164466817625 1.1304770429433117 0.37472814974898938 0.11900887623414735 0.17529046703748463 0.12850167098986265 0.035893288502848009
leaf_count=2 24 35 226 2231 1412 81 419 66 135
internal_value=2.18942e-05 0.00783887 0.0126943 0.0174869 -0.0118488 0.019202 -0.00764747 0.0209183 -0.000781722
internal_weight=2.70453 1.83549 1.67261 1.46727 0.869039 1.41388 0.205346 1.25898 0.154902
internal_count=4631 3195 3160 2739 1436 2513 421 2297 216
is_linear=0
shrinkage=0.06


Tree=269
num_leaves=11
num_cat=0
split_feature=3 6 11 5 7 6 8 6 6 6
split_gain=0.133042 0.0885414 0.0231127 0.0128411 0.0132126 0.00469527 0.0017395 3.22842e-05 2.36486e-05 1.18275e-06
threshold=9.4500000000000007e-05 9.5000000000000018 0.19782600000000003 2.5000000000000004 1.5000000000000002 24.500000000000004 1.6568630000000002 27.500000000000004 28.500000000000004 32.500000000000007
decision_type=8 2 10 2 2 2 10 2 2 2
left_child=1 2 -1 4 -4 -3 -6 -7 -9 -10
right_child=-2 5 3 -5 6 7 -8 8 9 -11
leaf_value=-0.002839039725496208 -0.015895277259333283 -0.0097597187241695877 0.00068476029009378685 -0.0015283509154008802 0.015804273421379383 0.00067750546579359099 0.00079453881127349371 -0.00024983216244437383 0.00018088224244966342 -1.1186125111740984e-05
leaf_weight=0.049131764657431742 1.0778557520307002 0.32536127568437212 0.37182643401138171 0.026131932157113735 0.76425799661683413 0.038478054175357101 0.14049273551790975 0.0066435697954148045 0.0048942885623546317 0.0064729939185781404
leaf_count=82 2175 566 264 258 1046 67 39 14 43 44
internal_value=-0.00528896 0.00470755 0.0107072 0.0122291 0.0130584 -0.0089102 0.0151143 0.000589303 -7.95502e-05 0.000168593
internal_weight=2.81155 1.73369 1.35184 1.30271 1.27658 0.38185 0.904751 0.0564889 0.0180109 0.0113673
internal_count=4598 2423 1689 1607 1349 734 1085 168 101 87
is_linear=0
shrinkage=0.06


Tree=270
num_leaves=17
num_cat=0
split_feature=8 2 11 6 11 2 0 9 0 9 0 7 6 0 9 7
split_gain=0.0781736 0.0677986 0.0601417 0.0471815 0.0386204 0.0458643 0.0105387 0.00947026 0.00890982 0.00658249 0.00244528 0.000850541 0.000719088 5.92233e-05 4.46878e-05 2.28035e-05
threshold=0.31698550000000009 1924.5000000000002 0.19782600000000003 10.500000000000002 0.90454550000000011 94.500000000000014 0.94233850000000008 1.0623070000000003 0.94233850000000008 0.61996650000000009 0.98943100000000006 4.5000000000000009 9.5000000000000018 0.48106050000000006 0.16149900000000003 2.5000000000000004
decision_type=8 8 10 2 10 10 10 10 10 8 10 2 2 10 10 2
left_child=3 2 -2 -1 6 7 13 -6 -5 12 -7 15 14 -4 -3 -10
right_child=1 9 4 8 5 10 -8 -9 11 -11 -12 -13 -14 -15 -16 -17
leaf_value=0.013678616502874798 -0.0098171801288062244 6.1154069972139212e-05 -0.0012139085906830896 -0.0069055109388627394 -0.010239909427153701 -0.00053311974390732504 0.014194336566198619 0.001469862563433566 6.0627822768830044e-05 -0.016690347058994442 0.0077041201728836666 0.0025893550226624975 0.0010843853999706937 8.338214384114163e-05 -0.0012077027571494061 -0.00059876355017561382
leaf_weight=0.22734197997488115 0.21081526789930671 0.0089608147736722765 0.020620809569663834 0.12779150328424294 0.35793927113081736 0.0089627208672027336 0.33796198189884308 0.030980723555330769 0.026774268062581541 1.0895113217529797 0.20369270884475554 0.044670081184449373 0.045248704951518448 0.0072427479171892619 0.04242898928350769 0.024744243499299046
leaf_count=154 92 35 99 87 399 62 337 43 44 1915 680 95 266 17 175 63
internal_value=-0.00563174 -0.00970257 0.00105382 0.00768545 0.00720862 -0.00228168 0.0130592 -0.00892044 -0.00460325 -0.0159817 0.00720361 0.00196471 -5.81685e-05 -0.00112365 -0.00113872 -0.000524316
internal_weight=2.81569 2.36437 1.17822 0.451322 0.967401 0.601575 0.365826 0.38892 0.22398 1.18615 0.212655 0.0961886 0.0966385 0.0278636 0.0513898 0.0515185
internal_count=4563 4120 1729 443 1637 1184 453 442 289 2391 742 202 476 116 210 107
is_linear=0
shrinkage=0.06


Tree=271
num_leaves=24
num_cat=0
split_feature=8 2 6 3 6 2 6 0 4 9 9 9 9 4 2 2 4 9 2 9 9 9 2
split_gain=0.0783787 0.08205 0.0485048 0.0206668 0.0234558 0.0193183 0.0270182 0.00812118 0.00760061 0.00571445 0.00444515 0.00128057 0.00122883 0.00121479 0.0011395 0.000799066 0.000633228 0.000420852 0.000396455 0.000221794 0.000304565 0.000116038 5.90646e-05
threshold=0.31009600000000009 52.500000000000007 10.500000000000002 0.2715260000000001 24.500000000000004 19.500000000000004 1.5000000000000002 0.94233850000000008 2.5000000000000004 0.11410900000000002 0.16149900000000003 0.74047050000000014 0.44571150000000009 28.500000000000004 42.750000000000007 19767.750000000004 4.5000000000000009 0.55295900000000009 27.750000000000004 0.22829350000000001 0.27396850000000006 1.2393695000000002 192.75000000000003
decision_type=8 8 2 10 2 10 2 10 2 10 8 10 8 2 10 10 2 8 10 10 10 10 10
left_child=2 5 -1 4 8 -2 14 -4 12 -5 -8 17 19 -9 18 22 21 -10 -7 -3 -21 -13 -6
right_child=1 3 7 9 15 6 10 13 11 -11 -12 16 -14 -15 -16 -17 -18 -19 -20 20 -22 -23 -24
leaf_value=0.013635238759698033 -0.003321453831986081 0.00050016866299517108 -0.0068866201359163316 0.003562232420506828 -3.3028018326591089e-05 0.0010858869501535369 -0.00047628736480893782 0.0025330800394423852 -0.0005054082103954033 -0.0026748774971574918 0.012091037313948344 0.00067345932768800244 -0.018897532077019347 -0.00082910200979442858 -0.004010135829735406 -0.00065169241996436498 -0.0027123934311564283 0.0013889634249570962 -0.00064229366623923831 -0.0012254462356391929 0.0004385813712559837 -0.00030462856694652286 0.0021607582051361872
leaf_weight=0.22520166537833608 0.21622823094367083 0.0099821533294740528 0.12741481278499123 0.10600108312428336 0.015143259231990558 0.018184412823757157 0.03056071890569001 0.09252541714340623 0.049455822801974025 0.059947981028017239 0.27125120235723443 0.02488826734770555 1.2171072851715508 0.017186571029014885 0.071705606431351043 0.024287976128107402 0.11390154028777033 0.065752555169638072 0.02115291437075939 0.023538143221230712 0.011321372770908056 0.011285502734608599 0.063395977325853892
leaf_count=148 16 70 82 49 19 48 16 189 260 370 302 150 1293 9 16 120 601 253 65 17 93 150 243
internal_value=-0.00600223 -0.00998488 0.00743058 -0.0147322 -0.0160818 0.00429218 0.00780828 -0.0047206 -0.0173679 0.000947384 0.0114301 -0.00133511 -0.018658 0.00173388 -0.00346335 0.00144782 -0.00229479 0.000851758 0.000432731 -0.000292468 -0.000783434 0.000368813 0.00209933
internal_weight=2.88742 2.42509 0.462328 1.79601 1.63006 0.629083 0.412855 0.237127 1.52723 0.165949 0.301812 0.265284 1.26195 0.109712 0.111043 0.102827 0.150075 0.115208 0.0393373 0.0448417 0.0348595 0.0361738 0.0785392
internal_count=4579 4151 428 3688 3269 463 447 280 2887 419 318 1414 1473 198 129 382 901 513 113 180 110 300 262
is_linear=0
shrinkage=0.06


Tree=272
num_leaves=20
num_cat=0
split_feature=3 9 11 3 3 9 9 2 2 2 8 2 2 2 2 9 9 2 2
split_gain=0.163982 0.122333 0.0261758 0.0195762 0.0121887 0.0100069 0.00798672 0.00640896 0.00340735 0.00258966 0.00125013 0.000618918 0.000422254 0.000244449 0.000199537 7.20262e-05 9.05383e-05 2.68212e-05 8.0117e-06
threshold=1.0000000180025095e-35 0.44571150000000009 0.30495200000000006 0.27697050000000006 0.36631450000000004 0.59247950000000016 2.1663775000000003 203.25000000000003 2104.5000000000005 261313.50000000003 1.3416665000000003 227460.00000000003 34158.750000000007 228.75000000000003 135400.50000000003 0.26366500000000004 0.21190900000000004 157372.50000000003 368287.50000000006
decision_type=8 10 10 10 10 8 10 10 10 10 10 10 10 10 10 10 10 10 10
left_child=1 2 -1 5 12 13 7 -3 10 -7 -9 -6 -5 -2 15 16 -15 -14 -11
right_child=3 6 -4 4 11 9 -8 8 -10 18 -12 -13 17 14 -16 -17 -18 -19 -20
leaf_value=-0.0016179587795845283 -0.00048703996392965288 -0.010019289259777901 0.01870017503331094 0.0047710617598493129 -0.004483854579048748 -0.017140737362950374 0.0014905082936243102 0.0032016457217640603 -0.0022051718794461276 0.00019641159035642684 -0.00067856388322984004 0.00018947270493471769 -0.00026345472973837388 0.00035992559198517581 -0.00029993782975287737 0.001281395706392578 -0.00044786592729390375 0.00017974921609906176 -7.246076223615563e-05
leaf_weight=0.089967704469018139 0.0081289895279039737 0.28062462081015838 0.87654908603872173 0.095854966504703043 0.12900850038931821 0.7529396821400951 0.035175915920262923 0.084806291075437912 0.090749984941794537 0.0088084469280147459 0.011394219254725613 0.02646199328955845 0.013283059277455322 0.010346561884944094 0.0074483353637333485 0.040754224552074447 0.011315608382574283 0.020521470418316312 0.0086241116277960828
leaf_count=23 10 247 903 51 337 1341 65 550 489 39 38 74 42 58 28 196 11 41 32
internal_value=-0.00187955 0.00908036 0.0169479 -0.0136834 0.000215583 -0.0159441 -0.00725764 -0.00848295 0.000321478 -0.0169013 0.0025423 -0.00421285 0.00455436 0.000418521 0.000880636 0.00117123 -8.73911e-05 -8.07854e-05 0.000122913
internal_weight=2.60276 1.46927 0.966517 1.1335 0.28513 0.848366 0.502751 0.467575 0.18695 0.770372 0.0962005 0.15547 0.129659 0.0779937 0.0698647 0.0624164 0.0216622 0.0338045 0.0174326
internal_count=4575 2315 926 2260 545 1715 1389 1324 1077 1412 588 411 134 303 293 265 69 83 71
is_linear=0
shrinkage=0.06


Tree=273
num_leaves=20
num_cat=0
split_feature=3 13 2 11 12 11 2 2 0 8 2 6 2 2 3 8 4 6 6
split_gain=0.0706397 0.101075 0.1225 0.0928885 0.0448094 0.0349453 0.0302487 0.0291396 0.0157367 0.0120163 0.00938062 0.00777926 0.00674646 0.0129634 0.00275526 0.00225573 0.000831767 0.000693358 6.8536e-05
threshold=0.18372050000000004 1.0000000180025095e-35 77986.500000000015 0.35857150000000004 2.5000000000000004 0.55684800000000012 29748.750000000004 52.500000000000007 0.23593750000000005 0.19523800000000005 400.50000000000006 1.5000000000000002 563536.50000000012 89876.250000000015 0.29512400000000005 1.1339285000000003 4.5000000000000009 4.5000000000000009 5.5000000000000009
decision_type=8 10 10 10 2 10 10 10 10 10 8 2 10 10 10 10 2 2 2
left_child=1 2 3 11 8 7 10 -3 -5 -10 -2 -1 13 -4 16 17 -8 -15 -19
right_child=6 5 12 4 -6 -7 14 -9 9 -11 -12 -13 -14 15 -16 -17 -18 18 -20
leaf_value=0.0017785796143685269 0.00044358848224243757 0.007496592419648479 -0.0045955629168822265 -0.00095899818833655335 -0.0025097208675841343 -0.014628693476576854 0.0035824785485719535 -0.0059918766681226034 -2.679346060873787e-06 0.025186265840782613 -0.018239576268756989 -0.0072962371881380569 -0.0098358956695275817 0.0055398617296991692 -0.0013941280969221347 -0.00066066645477456422 -0.00038295340402173626 -0.00043823214982273363 0.00027748825896672669
leaf_weight=0.030793143097981313 0.054309337967424542 0.25706493936013419 0.090767876292375038 0.016228865453740582 0.069235979268341907 0.31255702638736693 0.080164270251771086 0.11044630959167989 0.070686293256585486 0.77189821176943951 0.30404361470573349 0.13031695710014901 0.15930276835570112 0.10186415969837981 0.091468518221518025 0.039878561947261915 0.018696721350352163 0.01066794143844163 0.014110504160271375
leaf_count=7 30 14 42 47 147 465 108 430 44 1965 465 209 7 93 262 62 58 19 111
internal_value=-0.00385527 0.00218534 0.00933575 0.0165391 0.0212477 -0.00977993 -0.0137921 0.00202561 0.0234828 0.0242185 -0.017166 -0.00552378 -0.00787793 0.000193246 0.00164484 0.00450541 0.00316651 0.00527467 -0.000157598
internal_weight=2.7345 2.18582 1.50575 1.08916 0.928049 0.680068 0.548682 0.367511 0.858813 0.842585 0.358353 0.16111 0.416592 0.257289 0.19033 0.166521 0.098861 0.126643 0.0247784
internal_count=4585 3662 2753 2419 2203 909 923 444 2056 2009 495 216 334 327 428 285 166 223 130
is_linear=0
shrinkage=0.06


Tree=274
num_leaves=22
num_cat=0
split_feature=8 11 2 2 6 9 8 2 2 2 2 1 9 2 6 9 2 2 2 2 2
split_gain=0.0837491 0.0391864 0.0268341 0.0307159 0.026213 0.0158462 0.0152917 0.0119014 0.0271714 0.0132084 0.0198433 0.00971284 0.00407276 0.00383542 0.00162888 0.000868686 0.00184017 0.000653905 0.000176761 0.000141635 9.38382e-07
threshold=0.31698550000000009 0.89897950000000015 2356.5000000000005 203.25000000000003 2.5000000000000004 0.44571150000000009 0.026333000000000006 6857.2500000000009 672643.50000000012 505266.00000000006 31461.750000000004 0.97916650000000016 0.25516300000000008 52.500000000000007 1.5000000000000002 0.51896550000000008 111947.25000000001 220813.50000000003 8803.5000000000018 157372.50000000003 7816.5000000000009
decision_type=8 10 8 8 2 8 10 10 10 10 10 10 8 10 2 8 10 10 10 8 10
left_child=1 -1 3 4 13 -6 -3 -4 9 10 14 -5 -13 -2 -9 19 -17 -18 20 -12 -16
right_child=2 6 7 11 5 -7 -8 8 -10 -11 15 12 -14 -15 18 16 17 -19 -20 -21 -22
leaf_value=-0.0045186470147287952 0.0045170026551929589 -0.0016525286659752568 -0.017742088744248766 -0.0018950649677264633 0.0020062580327128206 -0.011381507910291088 0.014634097101616114 -0.00030835565743715751 -0.0097697195849809765 0.0067798115790420705 0.00056434132192426328 -0.00069616256640364182 0.0091428030480630394 -0.0013671390674740477 2.8838109324469573e-05 -0.0071818154930706488 0.0010305013852410512 -0.001057253544692232 0.0051442305603339412 -0.00044453581445655518 -5.8169419260008443e-05
leaf_weight=0.098450025185229939 0.26572891704381629 0.027523532829945907 0.30278359956901091 0.032607327548248688 0.07351037887383427 0.4622919068660849 0.29064153269791859 0.11519454933841189 0.15836826242775714 0.13562335449569218 0.029280173463121173 0.021919314222031971 0.21099807425161998 0.047863609346677549 0.004919379931379809 0.2296787434243015 0.066165731321234489 0.095875509399775183 0.14523407071465044 0.0076396829063014584 0.0078649562747159507
leaf_count=129 235 3 447 271 68 291 317 43 15 33 222 52 789 49 42 606 221 161 462 18 41
internal_value=-0.00510353 0.00863033 -0.00930797 -0.000851562 -0.00551782 -0.00943438 0.0130404 -0.0130392 -0.0034362 0.0024266 -0.0019041 0.00664044 0.00840324 0.00326184 0.00433378 -0.00613053 -0.00638868 -5.15756e-05 0.00506184 0.0001282 -2.92727e-05
internal_weight=2.83016 0.416615 2.41355 1.11492 0.849395 0.535802 0.318165 1.29863 0.995844 0.837476 0.701853 0.265525 0.232917 0.313593 0.273213 0.42864 0.39172 0.162041 0.158018 0.0369199 0.0127843
internal_count=4515 449 4066 1755 643 359 320 2311 1864 1849 1816 1112 841 284 588 1228 988 382 545 240 83
is_linear=0
shrinkage=0.06


Tree=275
num_leaves=36
num_cat=0
split_feature=3 6 6 3 2 7 7 5 6 9 2 3 9 12 9 2 2 2 6 2 6 2 2 9 6 6 2 2 2 2 2 2 2 2 2
split_gain=0.0843846 0.0791521 0.0271189 0.0324354 0.0199059 0.025053 0.0226896 0.0186099 0.00888475 0.0082436 0.00811773 0.00763641 0.00704508 0.00655752 0.00281506 0.00265098 0.00251749 0.00139298 0.00133471 0.00105134 0.000558568 0.000536416 0.000471609 0.000404354 0.000227377 0.00010065 2.69062e-05 1.6735e-05 0.000280148 1.55978e-05 1.18081e-05 1.26563e-05 7.07328e-06 1.83072e-06 3.5842e-07
threshold=1.0000000180025095e-35 9.5000000000000018 1.5000000000000002 0.28551500000000007 77986.500000000015 1.5000000000000002 5.5000000000000009 1.5000000000000002 7.5000000000000009 2.1663775000000003 19.500000000000004 0.35024200000000005 0.29596200000000006 1.5000000000000002 0.25516300000000008 138.75000000000003 38074.500000000007 212.25000000000003 7.5000000000000009 4939.5000000000009 47.500000000000007 227460.00000000003 21776.250000000004 0.21190900000000004 34.500000000000007 13.500000000000002 99003.750000000015 64120.500000000007 43974.000000000007 79908.750000000015 16384.500000000004 31461.750000000004 41809.500000000007 261313.50000000003 23022.000000000004
decision_type=8 2 2 10 8 2 2 2 2 10 8 10 8 2 8 10 10 10 2 10 2 10 10 10 2 2 10 10 10 8 10 10 8 10 8
left_child=1 4 10 8 5 13 14 -6 22 12 -2 -5 -3 -1 23 -10 30 -14 -8 24 21 -13 -4 -7 -19 -21 29 28 -18 32 -17 34 -24 -28 -32
right_child=2 9 3 11 7 6 18 -9 15 -11 -12 20 17 -15 -16 16 27 19 -20 25 -22 -23 26 -25 -26 -27 33 -29 -30 -31 31 -33 -34 -35 -36
leaf_value=0.0024941439763845482 0.0051182033594048618 0.0011228993638309247 -0.019231288719641804 0.0045011097290863049 0.0047824909631446139 0.00085100007693982526 -0.002416713585076172 -0.0062045516650094399 -0.0030863321868397063 0.0014386842877556684 -0.0026748178692897777 -0.003321697272824812 -0.010855087356406289 -0.0044077554872258597 0.017570257100090327 0.0027874501963816704 -0.00071018398366692404 0.001475033208461603 0.00094057571090145091 0.00010689798115844895 0.00030984759885792883 0.00025080344621349309 6.4675599975742821e-05 -0.00084053285379764766 -0.00027281166117461059 -0.0016042882860222813 -0.00054697086035169118 -0.0015093310777296092 0.0006965006393953256 0.00021517746089953503 3.8102550587223349e-06 0.00016229489289335688 -0.0001944623259838815 3.1823359816145071e-06 -0.0001438818092994353
leaf_weight=0.060236069117309055 0.09039756655693032 0.018751495068499824 0.3741298575523615 0.11528590512170922 0.13746659096614178 0.019604852235715953 0.068317060111439787 0.10713313292581006 0.075246581211104058 0.027844270622153999 0.045677988995521446 0.080568429377308348 0.22415089802052535 0.073252673028036952 0.64522113164730399 0.1064591921203828 0.015609707494149916 0.042126457643462345 0.034004977913355106 0.0073149824056599746 0.014387219227501191 0.023835227326344466 0.0075223759176878966 0.015527992389252177 0.0048838928196346379 0.049308828694847762 0.022642994876150624 0.057655689162857016 0.023207562850075192 0.0065093194243672761 0.0094447299579769623 0.0059816391949425443 0.0063325700921268427 0.010496068283828208 0.0061755320130032479
leaf_count=175 4 36 150 94 145 75 282 98 16 32 285 287 67 15 666 457 36 289 124 81 23 63 36 12 4 189 114 237 129 36 58 51 76 37 58
internal_value=-0.00305825 0.0050561 -0.0114074 -0.013618 0.0110129 0.0131646 0.0153207 -0.00114843 -0.0166222 -0.00798778 0.00245043 0.0016221 -0.00925114 -0.00184056 0.0172113 -0.00139792 0.00122625 -0.0102433 -0.00145988 -0.000283325 -0.00269776 -0.0030175 -0.0188398 1.36206e-05 0.00120632 -0.00149127 -0.000446219 -0.00146375 -8.28348e-06 8.43292e-05 0.00275388 2.18692e-05 -0.000128748 -0.000538301 -0.000138757
internal_weight=2.63271 1.53515 1.09757 0.961491 1.16076 0.916165 0.782676 0.2446 0.727414 0.374381 0.136076 0.234077 0.346537 0.133489 0.680354 0.299781 0.224534 0.327785 0.102322 0.103634 0.118791 0.104404 0.427633 0.0351328 0.0470104 0.0566238 0.0535033 0.096473 0.0388173 0.0203643 0.128061 0.0216019 0.0138549 0.0331391 0.0156203
internal_count=4537 2290 2247 1958 1592 1349 1159 243 1491 698 289 467 666 190 753 1042 1026 630 406 563 373 350 449 87 293 270 299 402 165 148 624 167 112 151 116
is_linear=0
shrinkage=0.06


Tree=276
num_leaves=13
num_cat=0
split_feature=13 3 2 11 5 3 9 9 9 9 9 9
split_gain=0.0895717 0.118939 0.120702 0.0983527 0.0518191 0.0302883 0.0215003 0.00821603 0.00416934 0.00149049 0.00665075 0.000111467
threshold=1.0000000180025095e-35 0.26043150000000004 672643.50000000012 0.35857150000000004 2.5000000000000004 0.27697050000000006 0.43483700000000008 4.5203095000000006 1.0784005000000001 1.1578445000000002 1.1644045000000003 0.25516300000000008
decision_type=8 8 10 10 2 10 8 8 10 10 10 10
left_child=1 2 3 7 -5 -3 11 -1 -7 -8 -11 -2
right_child=6 5 -4 4 -6 8 9 -9 -10 10 -12 -13
leaf_value=-0.0077355394282376221 -8.2660669303804353e-05 -0.015297218579971397 -0.0096951950061857518 0.022705674120213969 -0.0032525436268753885 0.0041768032240934901 -0.016817733215929099 0.0017657023866213101 -0.0016995323278754236 0.0030225165142898467 -0.0037432634281561032 0.0015970869440209328
leaf_weight=0.13966570965931135 0.056146001934393897 0.23011168340872257 0.15694904853444325 1.1233807022772451 0.057228782265156153 0.10680131008120952 0.45158642590376985 0.030499480999424122 0.029067485560517525 0.050569627174809284 0.066341714188638434 0.062277224871650105
leaf_count=302 22 47 3 2293 255 105 691 4 134 10 597 51
internal_value=-0.00365156 0.00369473 0.0105916 0.0160703 0.0205328 -0.0116717 -0.0140015 -0.00597896 0.00253018 -0.0160846 -0.000730796 0.00143885
internal_weight=2.56063 1.8737 1.50772 1.35077 1.18061 0.36598 0.686921 0.170165 0.135869 0.568498 0.116911 0.118423
internal_count=4514 3143 2857 2854 2548 286 1371 306 239 1298 607 73
is_linear=0
shrinkage=0.06


Tree=277
num_leaves=12
num_cat=0
split_feature=11 13 5 11 6 12 3 6 4 6 3
split_gain=0.114784 0.079221 0.0665665 0.0560324 0.0290465 0.0291109 0.026865 0.0173383 0.00830893 0.00514819 0.000596843
threshold=0.19782600000000003 1.0000000180025095e-35 2.5000000000000004 0.55684800000000012 2.5000000000000004 2.5000000000000004 0.58773400000000009 16.500000000000004 1.5000000000000002 1.5000000000000002 0.0010255000000000002
decision_type=10 10 2 10 2 2 10 2 2 2 8
left_child=9 2 4 7 8 6 -6 -3 10 -1 -2
right_child=1 3 -4 -5 5 -7 -8 -9 -10 -11 -12
leaf_value=0.00034168007035766888 0.0045949762688936597 0.0089243346765521623 -0.0054654517210120162 -0.01224867667847695 0.023968445209301158 -0.001772789653472155 -0.0015847442819286854 -0.0031195907010635048 -0.0027767339952519837 -0.013339197423224642 -9.9273902253540567e-05
leaf_weight=0.054446598976938154 0.49652448589404252 0.253219345351681 0.10007705515999976 0.28338713026460027 0.71315423806936451 0.044079412706196308 0.033108074887422845 0.054536163685042993 0.11247753405586991 0.27310499723989778 0.059874875834793784
leaf_count=86 277 249 498 687 2015 9 8 130 90 532 8
internal_value=0.0031041 0.0087029 0.0137707 -0.00491808 0.0167759 0.0209868 0.0225765 0.00603662 0.00220641 -0.0125207 0.0043506
internal_weight=2.47799 2.15044 1.5593 0.591143 1.45922 0.790342 0.746262 0.307756 0.668877 0.327552 0.556399
internal_count=4589 3971 2905 1066 2407 2032 2023 379 375 618 285
is_linear=0
shrinkage=0.06


Tree=278
num_leaves=8
num_cat=0
split_feature=13 12 1 8 0 6 2
split_gain=0.193768 0.0943441 0.0928073 0.0713331 0.0326257 0.00866198 0.00610385
threshold=1.0000000180025095e-35 1.0000000180025095e-35 0.97916650000000016 0.28759400000000007 0.99999950000000004 1.5000000000000002 52.500000000000007
decision_type=8 2 10 8 10 2 8
left_child=1 5 3 -3 -4 -1 -2
right_child=6 2 4 -5 -6 -7 -8
leaf_value=0.0016596940722485333 -0.0016610021015550154 0.0087897749517965359 0.00099079156190831261 -0.011744098653881553 0.025942103917795407 -0.0085598129342448481 -0.015204569448887722
leaf_weight=0.032149402735740629 0.43522579548880447 0.23743194894632291 0.30369517405051738 0.23261538264068804 0.74342081253689685 0.15056149441898015 0.33786266817151045
leaf_count=28 21 20 20 570 2346 175 1378
internal_value=0.00347237 0.0128839 0.0170511 -0.00244836 0.0227245 -0.00687872 -0.0128169
internal_weight=2.47296 1.69987 1.51716 0.470047 1.04712 0.182711 0.773088
internal_count=4558 3159 2956 590 2366 203 1399
is_linear=0
shrinkage=0.06


Tree=279
num_leaves=14
num_cat=0
split_feature=13 3 2 5 3 12 2 2 1 2 4 7 3
split_gain=0.112736 0.123913 0.137042 0.0535031 0.0426282 0.0293763 0.0267086 0.0178423 0.0422646 0.0216316 0.0080161 0.0012632 0.000530302
threshold=1.0000000180025095e-35 0.26043150000000004 56717.250000000007 2.5000000000000004 0.2715260000000001 2.5000000000000004 39.750000000000007 672643.50000000012 0.97916650000000016 58375.500000000007 11.500000000000002 4.5000000000000009 0.33068250000000005
decision_type=8 8 10 2 10 2 8 10 10 10 2 2 10
left_child=1 2 3 5 -3 -1 -2 8 -4 -10 11 -6 -13
right_child=6 4 7 -5 10 -7 -8 -9 9 -11 -12 12 -14
leaf_value=0.024800333995306366 0.00062259252312390091 -0.015618648110534625 -0.0075263596722670162 -0.0032943015801582829 0.0060751468755790173 -0.0014892006749598124 -0.017954776942243497 -0.0098148755559340512 -0.0030294486238910162 0.011356176394750735 -0.0023736898369031627 0.00085225790244787872 -0.0010951415341026297
leaf_weight=0.76489834464064188 0.26598221238236863 0.2305039446846423 0.13483534788247198 0.058037323640746763 0.11637334816259681 0.049095539710833691 0.41743294533171138 0.15847518890223 0.053302846707083518 0.24028792837634683 0.04036721301599755 0.020549648575979518 0.024449966242173105
leaf_count=1871 17 42 161 390 80 12 1387 3 14 384 44 19 92
internal_value=-0.0028297 0.00503133 0.0120804 0.0206846 -0.0105836 0.0232679 -0.0146497 -0.00568244 0.00164714 0.00842152 0.00337883 0.00562264 -0.000241288
internal_weight=2.57459 1.89118 1.45893 0.872031 0.432244 0.813994 0.683415 0.586901 0.428426 0.293591 0.20174 0.161373 0.0449996
internal_count=4516 3112 2835 2273 277 1883 1404 562 559 398 235 191 111
is_linear=0
shrinkage=0.06


Tree=280
num_leaves=21
num_cat=0
split_feature=13 4 6 9 11 11 6 9 11 7 6 11 9 6 6 4 4 7 9 7
split_gain=0.0789856 0.087574 0.0406291 0.0364313 0.0207473 0.0192481 0.015588 0.00507226 0.00655439 0.00407111 0.011375 0.00248225 0.00216079 0.00163318 0.000901631 0.0012933 0.000645086 0.000145748 0.000128384 9.15177e-06
threshold=1.0000000180025095e-35 1.5000000000000002 1.5000000000000002 1.2751045000000001 0.67333350000000014 0.19782600000000003 2.5000000000000004 0.40797350000000004 0.20204100000000005 1.5000000000000002 12.500000000000002 0.58578400000000008 2.2024320000000004 48.500000000000007 7.5000000000000009 4.5000000000000009 26.500000000000004 19.500000000000004 1.3906425000000002 24.500000000000004
decision_type=8 2 2 8 8 10 2 10 10 2 2 10 10 2 2 2 2 2 8 2
left_child=1 2 -1 11 5 -2 -5 -7 -9 13 -11 17 -10 -8 15 -13 -16 -3 -12 -19
right_child=4 3 -4 6 -6 7 9 8 12 10 18 14 -14 -15 16 -17 -18 19 -20 -21
leaf_value=-0.00082138264861957044 -0.0061493814761039772 -0.0010976603418950133 0.016722003677747697 0.0018006434007192139 -0.016882922017220234 0.0062619078340384942 0.0017558881923619165 0.0029341818689246511 -0.004524736880313956 -0.015463791986734752 -0.00021931187796337586 0.0014216512719607175 0.00080661521281109698 -0.0016277096073116215 0.0051848017596398408 -0.0015789325617367633 -0.00020560799984329031 0.00028778152817371616 0.0010277218984699906 -5.6455118245276893e-05
leaf_weight=0.58420196560473436 0.11121278210885055 0.032569442439125851 0.40266895617878617 0.034404781588818878 0.37544114867250755 0.14513628728491312 0.030108620661849272 0.051064082781522302 0.10928215699550492 0.33613460844026122 0.0081330191915185424 0.036803236563173414 0.019943622472965217 0.027086958289146423 0.14315430170790933 0.03699474733457464 0.0068527779221767551 0.0092003724748792592 0.058810655751585728 0.005125240276356636
leaf_count=255 314 131 817 102 636 17 90 9 350 293 47 315 77 1 690 57 13 43 250 52
internal_value=-0.00420289 0.00327587 0.0111503 -0.00744213 -0.0132425 -0.000539473 -0.0119056 0.00457079 -0.000942561 -0.0134616 -0.014108 0.00366484 -0.00371627 0.000129547 0.00454046 -0.000152144 0.00497389 -0.000859423 0.000812665 0.000230384
internal_weight=2.56433 1.75225 0.986871 0.765379 0.81208 0.436639 0.494679 0.325426 0.18029 0.460274 0.403078 0.2707 0.129226 0.0571956 0.223805 0.073798 0.150007 0.0468951 0.0669437 0.0143256
internal_count=4559 3156 1072 2084 1403 767 783 453 436 681 590 1301 427 91 1075 372 703 226 297 95
is_linear=0
shrinkage=0.06


Tree=281
num_leaves=23
num_cat=0
split_feature=3 7 7 4 3 8 3 9 9 9 13 9 9 0 9 12 9 9 9 9 9 12
split_gain=0.0641725 0.0391059 0.0277697 0.0218181 0.0171062 0.0140816 0.00992665 0.00782195 0.00717888 0.00676237 0.00311167 0.00272252 0.00206461 0.00197087 0.00185244 0.000949879 0.00066421 0.000622053 0.000358892 0.000228742 2.7859e-05 2.64986e-05
threshold=1.0000000180025095e-35 15.500000000000002 1.5000000000000002 11.500000000000002 0.28551500000000007 1.0557280000000002 0.42640750000000005 0.73546300000000009 2.1663775000000003 1.0967975000000003 1.0000000180025095e-35 0.59247950000000016 0.9287200000000001 0.99999950000000004 0.44571150000000009 2.5000000000000004 1.2016285000000002 0.32019750000000008 0.19821000000000003 1.0743295000000004 0.62675950000000014 1.5000000000000002
decision_type=8 2 2 2 10 10 10 8 10 10 10 8 10 10 10 2 10 10 10 10 10 2
left_child=1 2 10 5 9 7 18 14 12 11 -1 17 20 -7 15 -4 -11 -2 -6 -20 -3 -16
right_child=4 8 3 -5 6 13 -8 -9 -10 16 -12 -13 -14 -15 21 -17 -18 -19 19 -21 -22 -23
leaf_value=0.0005436474309898409 -0.0012404614664353207 -0.00011317038552489906 0.0024157018027251456 -0.0030165659934806707 0.0042887668610872313 -0.0024149189182622577 -0.0038890748296299877 0.013882960953590004 0.0013069882375046943 0.0010843116349230099 -0.004829457111600874 -0.016854227542261069 -0.0092701483948623344 0.0012940678923876214 -0.001791627897150278 -0.00068605995910884241 -0.0010514956694217159 0.00086537930199631912 0.00059403999995669436 -0.00068063522985864825 0.00043603989402779872 1.3166443663658831e-05
leaf_weight=0.32492558413832773 0.044876623735035315 0.0078075323617666772 0.081569486452280904 0.058982217979064444 0.1031097433224204 0.04164828424109146 0.11186478164381697 0.59282876170618692 0.028904268667247379 0.030038462085030915 0.08218406490777852 0.69928857187278481 0.20332782446166675 0.14576628201029962 0.058266341809030564 0.011525900663400535 0.067374047021075967 0.038286551145574776 0.0234324478515191 0.011469501778265112 0.0093630713145103073 0.015221718769680592
leaf_count=217 115 26 290 58 51 205 329 781 49 100 50 663 183 27 258 5 677 194 37 111 44 124
internal_value=-0.00653606 0.00147682 0.00556005 0.00893506 -0.0134838 0.0108466 0.000261124 0.012589 -0.00759098 -0.0154497 -0.00320236 -0.0162909 -0.00887257 -0.000869786 3.09702e-05 0.00175537 -4.97215e-06 -0.000367089 0.00408651 -7.77677e-05 0.000320564 -0.00175377
internal_weight=2.79206 1.66232 1.41292 1.00581 1.12974 0.946827 0.249876 0.759412 0.249403 0.879864 0.40711 0.782452 0.220498 0.187415 0.166583 0.0930954 0.0974125 0.0831632 0.138012 0.0349019 0.0171706 0.0734881
internal_count=4594 2317 2015 1748 2277 1690 528 1458 302 1749 267 972 253 232 677 295 777 309 199 148 70 382
is_linear=0
shrinkage=0.06


Tree=282
num_leaves=18
num_cat=0
split_feature=13 3 2 11 5 2 2 5 2 2 9 12 9 9 9 9 9
split_gain=0.0772053 0.0836609 0.10036 0.0822807 0.0483865 0.0377284 0.00998904 0.0325685 0.0204639 0.00819648 0.00641556 0.00580985 0.00252865 0.0024798 0.0012769 0.00024849 2.99763e-05
threshold=1.0000000180025095e-35 0.26043150000000004 672643.50000000012 0.35355400000000009 2.5000000000000004 29748.750000000004 57339.000000000007 1.5000000000000002 58375.500000000007 64.500000000000014 2.2024320000000004 1.5000000000000002 0.43483700000000008 inf 0.28432200000000007 2.2338490000000006 1.0547245000000001
decision_type=8 8 10 10 2 10 8 2 10 10 10 2 8 8 10 10 10
left_child=1 2 3 9 6 11 -5 8 -8 -1 12 -3 14 16 -2 -12 -7
right_child=10 5 -4 4 -6 13 7 -9 -10 -11 15 -13 -14 -15 -16 -17 -18
leaf_value=0.0017385775906744092 -0.0018261192708205832 -0.015542926677899612 -0.0097599075348381685 0.021926517645161254 -0.0035620308778522066 5.1856825817830812e-05 -0.0029963909493533163 -0.0062643112386746381 0.010932569911196942 -0.0078491833360910673 0.00098976872068033358 0.00010707869449207029 -0.016337326984829953 0.0046243429263763932 0.0011830791209456297 -0.00044650246934443017 -0.00095841896493790079
leaf_weight=0.02934340666979518 0.067154963842767645 0.23590416942261083 0.15780642791287403 0.75542936416422857 0.063003714596561733 0.0092900597010157071 0.051943092708825245 0.10812784632435068 0.21724683865431871 0.13454084572731517 0.016812911901070038 0.077128980911766121 0.6336028726236691 0.089706021812162362 0.054672519170708256 0.0074955267336918032 0.016162095689651323
leaf_count=2 33 66 3 1904 260 18 8 11 384 297 5 64 1218 69 41 123 60
internal_value=-0.005988 0.00153638 0.00774685 0.0130538 0.0172688 -0.0104864 0.0195543 0.00233348 0.00800164 -0.00611369 -0.015077 -0.0145421 -0.0156028 0.00369239 -0.000624865 0.000543352 -0.000898697
internal_weight=2.72537 1.94563 1.51744 1.35964 1.19575 0.428191 1.13275 0.377318 0.26919 0.163884 0.779739 0.313033 0.75543 0.115158 0.121827 0.0243084 0.0254522
internal_count=4566 3146 2869 2866 2567 277 2307 403 392 299 1420 130 1292 147 74 128 78
is_linear=0
shrinkage=0.06


Tree=283
num_leaves=18
num_cat=0
split_feature=2 2 13 11 11 6 8 3 3 6 6 4 6 4 3 8 4
split_gain=0.0782787 0.0768458 0.0597254 0.0377301 0.0296763 0.0186328 0.0137265 0.00927934 0.00776779 0.00762105 0.00389888 0.00255306 0.00200424 0.00082718 0.000388897 0.000128073 2.95302e-05
threshold=24692.250000000004 52.500000000000007 1.0000000180025095e-35 0.9900000000000001 0.87867650000000019 20.500000000000004 0.98000000000000009 0.00092350000000000017 0.34373950000000003 1.5000000000000002 2.5000000000000004 11.500000000000002 1.5000000000000002 12.500000000000002 0.35024200000000005 0.95346300000000006 4.5000000000000009
decision_type=10 8 10 10 10 2 10 10 10 2 2 2 2 2 10 10 2
left_child=1 3 4 -1 -2 8 -6 -5 10 -8 12 15 -3 -12 -10 -7 -16
right_child=2 5 -4 7 6 11 9 -9 14 -11 13 -13 -14 -15 16 -17 -18
leaf_value=0.010433593327037657 -0.0028904817245103322 -0.0024073324357489004 -0.0067798363896562257 -0.0068765867610093446 0.017411654507588768 0.0025290772022909377 0.0037795628199756462 0.0020754538729632825 0.0011248059759871953 -0.0031410098108810929 -0.018319976885476801 -0.0017360889912934228 0.0013769535297720101 -0.00010140864697693514 -0.00068780349459626733 -6.3743597422535341e-05 7.5249588051597784e-05
leaf_weight=0.28852051722424232 0.076199830427867599 0.11947368251458101 0.12708214411213703 0.22087181171718839 0.3750687113715685 0.069775582058355212 0.2207263889213209 0.082890904392115772 0.018758840762529871 0.11008381117062527 0.63020090752706892 0.088870937279352802 0.062008817958485452 0.020266043455194449 0.011591592179684085 0.022006138860888314 0.0057892852964869226
leaf_count=101 369 247 633 363 602 210 21 5 2 78 1281 264 134 49 99 56 40
internal_value=-0.00234141 -0.00856846 0.00749915 0.00458207 0.0123219 -0.0146068 0.0146958 -0.00471554 -0.0164208 0.000846874 -0.0170318 0.00063526 -0.00104327 -0.0181577 0.000507475 0.00241843 -0.000609497
internal_weight=2.55019 1.64103 0.909161 0.592283 0.782079 1.04874 0.705879 0.303763 0.868089 0.33081 0.831949 0.180653 0.181483 0.650467 0.0361397 0.0917817 0.0173809
internal_count=4554 2851 1703 469 1070 2382 701 368 1852 99 1711 530 381 1330 141 266 139
is_linear=0
shrinkage=0.06


Tree=284
num_leaves=7
num_cat=0
split_feature=13 4 6 1 3 12
split_gain=0.0843907 0.108489 0.0404403 0.0502044 0.026758 0.0097876
threshold=1.0000000180025095e-35 1.5000000000000002 3.5000000000000004 0.97916650000000016 0.2715260000000001 1.0000000180025095e-35
decision_type=8 2 2 10 10 2
left_child=1 5 4 -4 -3 -1
right_child=-2 2 3 -5 -6 -7
leaf_value=-0.0008439511742875345 -0.011695355718621694 -0.014993888744164392 -0.0073451101205012819 0.010295703547164243 0.0027146327006925268 0.014753185743615789
leaf_weight=0.044593657787118213 0.76916080010960275 0.35958616477455507 0.13806227180248243 0.28070024993576226 0.054669162154823425 0.88669069244042475
leaf_count=41 1427 232 530 1307 21 1020
internal_value=-0.00182081 0.00515761 -0.00692624 0.00340192 -0.0123899 0.0139561
internal_weight=2.53346 1.7643 0.833018 0.418763 0.414255 0.931284
internal_count=4578 3151 2090 1837 253 1061
is_linear=0
shrinkage=0.06


Tree=285
num_leaves=10
num_cat=0
split_feature=1 0 6 8 11 8 12 0 0
split_gain=0.120382 0.0599815 0.0291121 0.0346918 0.0194996 0.0120297 0.0108926 0.00253001 0.00546302
threshold=0.97916650000000016 0.99999950000000004 1.5000000000000002 1.0208335000000002 0.12701600000000005 1.9705880000000002 4.5000000000000009 0.99431400000000014 0.89626850000000013
decision_type=10 10 2 10 10 10 2 8 10
left_child=-1 7 5 4 -4 -3 -6 8 -2
right_child=1 2 3 -5 6 -7 -8 -9 -10
leaf_value=-0.017845849098083101 -0.0030183531929100075 -0.0048191309096571643 -0.0018472702639482882 -0.0034131216933056771 0.01688623118117729 0.0038527131773201475 -0.00099949310343627187 -0.0077837469144155375 0.0029956498637989581
leaf_weight=0.40947254202274064 0.086136857451492577 0.36061071086442098 0.031537365022813901 0.070146708618267439 0.78999486682732822 0.068987642094725743 0.016867973958142102 0.28149046849830484 0.088921323789691087
leaf_count=1949 36 193 17 15 2259 8 6 63 27
internal_value=-0.00434776 0.00401556 0.00907274 0.0123926 0.0148523 -0.00170569 0.0161661 -0.00685944 -1.38867e-05
internal_weight=2.20417 1.79469 1.33815 0.908547 0.8384 0.429598 0.806863 0.456549 0.175058
internal_count=4573 2624 2498 2297 2282 201 2265 126 63
is_linear=0
shrinkage=0.06


Tree=286
num_leaves=17
num_cat=0
split_feature=13 11 5 6 11 11 4 12 7 4 3 7 11 11 7 12
split_gain=0.123174 0.0729512 0.037255 0.0418269 0.0312111 0.0277988 0.0250473 0.0250619 0.00922634 0.00539683 0.00463567 0.00440114 0.000526657 4.54255e-05 4.27878e-05 3.59091e-05
threshold=1.0000000180025095e-35 0.43019450000000004 2.5000000000000004 2.5000000000000004 0.55684800000000012 0.19782600000000003 11.500000000000002 2.5000000000000004 1.5000000000000002 1.5000000000000002 9.4500000000000007e-05 2.5000000000000004 0.35355400000000009 0.36549150000000002 1.5000000000000002 1.5000000000000002
decision_type=8 10 2 2 8 10 2 2 2 2 8 2 10 10 2 2
left_child=1 8 3 9 5 -2 7 -5 -1 10 14 -8 -10 -14 -3 -13
right_child=4 2 -4 6 -6 -7 11 -9 12 -11 -12 15 13 -15 -16 -17
leaf_value=0.0017277886548954019 -0.0065745860087046424 0.00057984101116750366 -0.0037509162313232769 0.023017056224771831 -0.016460831852217337 0.0063056968990095131 -0.0032617353184122579 -0.0014006192527615795 -0.0089603692768114463 -0.002713568510034286 -0.0015358927290973277 0.0023354669597456358 0.00029716279194018971 -0.00027255859749748742 0.0047986672134794654 -1.4160023366079948e-05
leaf_weight=0.029159157536923996 0.12016844426216255 0.32684082729974739 0.06658134620920475 0.57164852608457295 0.36380072575957456 0.3140204019155135 0.05961829810985364 0.046567525045247748 0.16707624258924625 0.10587703874989529 0.13927760372098419 0.040347366331843659 0.0074873250123346216 0.011197035626537399 0.14250849569179991 0.011697761492541758
leaf_count=2 309 156 291 1806 703 383 5 9 412 89 13 122 16 60 118 57
internal_value=0.000279517 0.00825901 0.012413 0.0143878 -0.0119734 0.000642294 0.0194627 0.0214489 -0.00712433 0.000875585 0.0027987 -0.000936275 -0.00879913 2.33412e-05 0.00425486 0.00229588
internal_weight=2.52387 1.72588 1.51096 1.44438 0.79799 0.434189 0.729879 0.618216 0.21492 0.714504 0.608627 0.111663 0.185761 0.0186844 0.469349 0.0520451
internal_count=4551 3156 2666 2375 1395 692 1999 1815 490 376 287 184 488 76 274 179
is_linear=0
shrinkage=0.06


Tree=287
num_leaves=34
num_cat=0
split_feature=3 2 6 13 4 2 7 9 9 3 3 9 4 2 9 7 2 9 4 9 2 2 3 3 2 2 7 2 3 2 3 2 7
split_gain=0.0618001 0.0692683 0.105651 0.0242741 0.0322628 0.0200696 0.0125386 0.00909771 0.00885504 0.00876001 0.00781797 0.00652547 0.00604942 0.0054967 0.00362082 0.00351009 0.00306559 0.00184054 0.000699186 0.000535255 0.000403765 0.00035368 0.000308467 0.000249912 0.000227217 0.000906469 0.000171811 0.000126312 8.59804e-05 8.27611e-05 4.3346e-05 1.62292e-05 2.03841e-06
threshold=8.1500000000000016e-05 672643.50000000012 9.5000000000000018 1.0000000180025095e-35 1.5000000000000002 1078.5000000000002 1.5000000000000002 2.2024320000000004 0.82007550000000007 0.2715260000000001 0.33482000000000006 0.29596200000000006 2.5000000000000004 75891.000000000015 1.2578225000000003 5.5000000000000009 160.50000000000003 1.2637840000000002 4.5000000000000009 0.29596200000000006 83427.000000000015 87899.250000000015 0.0078175000000000015 0.10455550000000001 203.25000000000003 4939.5000000000009 16.500000000000004 6857.2500000000009 0.12477950000000002 6122.2500000000009 0.29208400000000007 261313.50000000003 24.500000000000004
decision_type=8 8 2 8 2 8 2 10 8 10 10 8 2 10 8 2 10 8 2 10 8 10 10 10 10 10 2 8 10 8 10 10 2
left_child=1 2 3 4 -1 12 -5 11 20 13 -11 -4 14 -10 -2 -8 -14 -6 19 -17 22 -15 -7 -24 -13 -26 -18 29 -25 -12 -30 -23 -28
right_child=5 -3 7 6 17 8 15 -9 9 10 27 24 16 21 -16 18 26 -19 -20 -21 -22 31 23 28 25 -27 32 -29 30 -31 -32 -33 -34
leaf_value=0.020954670083769805 -0.0011635334512163828 -0.0097956153428155543 0.0010466445469205709 -0.0046294294735245139 0.0012905408631671367 -0.00039451797372636255 0.0052895556018741153 0.0015836928668230175 -0.017178850008901236 0.0033939330542394333 -0.00036823710064678295 -0.010617111487013881 -0.0040074066416923345 0.00083666196209336867 0.0049227150117525436 0.00043629964004701286 0.0014946063227001009 -0.0024011307797751243 0.00070917989844378063 -0.0021443178566974311 -0.00070160800628904832 -0.0007781971958765499 0.0016530447573985425 -0.00053459539883778193 0.0010452553700185574 -0.0014867035299740744 1.6406860809535941e-05 -0.0038492149787045663 0.00045486277106851275 0.00040188932573696361 -0.00016947134665929912 3.2883740056613732e-05 -0.00021616044679489897
leaf_weight=0.51726867603610993 0.06058058198323113 0.15836868477890687 0.017456691321967921 0.078845597265171929 0.039427650435754913 0.0093310634565568762 0.20436879990029411 0.030542081984094693 0.34016645986775984 0.082251147454371676 0.0061739009270240794 0.21667821175742574 0.070174361535464413 0.016358954133465886 0.10261169197110576 0.010614114216878079 0.027839591701194877 0.12285038827394601 0.027545498494873755 0.036905390240463021 0.018920099630122422 0.032372219320677686 0.048071910170619958 0.013877380450139754 0.045522081811213866 0.050259210748663463 0.0052411555298021995 0.10571690379583742 0.010289118837135902 0.0070923555322224266 0.0076390396970964494 0.012014098560030106 0.0052827910913038068
leaf_count=660 32 7 35 49 418 49 137 36 757 86 75 63 18 31 63 5 50 212 37 117 112 182 212 20 311 270 23 286 51 2 23 57 37
internal_value=-0.00371863 0.0034128 0.00836944 0.0150953 0.0181234 -0.0110415 0.000237305 -0.00785707 -0.0135212 -0.0146623 -0.000456884 -0.0092647 0.000975525 -0.0163767 0.00360544 0.00415556 -0.00266407 -0.00116554 -0.000980229 -0.00170166 0.000330459 7.56435e-05 0.000992531 0.00136985 -0.0101993 -0.000427628 0.00128607 -0.00377299 -0.000245431 3.3781e-05 0.000283691 -0.000737381 -0.000198718
internal_weight=2.53866 1.55665 1.39828 1.03783 0.679547 0.982005 0.358279 0.360458 0.710275 0.602146 0.201234 0.329916 0.27173 0.400912 0.163192 0.279434 0.108538 0.162278 0.075065 0.0475195 0.108129 0.0607453 0.0892085 0.0798774 0.31246 0.0957813 0.0383635 0.118983 0.0318055 0.0132663 0.0179282 0.0443863 0.0105239
internal_count=4523 2357 2350 1635 1290 2166 345 715 1943 1476 449 679 223 1027 95 296 128 630 159 122 467 270 355 306 644 581 110 363 94 77 74 239 60
is_linear=0
shrinkage=0.06


Tree=288
num_leaves=8
num_cat=0
split_feature=2 3 3 3 1 3 3
split_gain=0.0500244 0.0147193 0.0115665 0.0101617 0.00650288 1.29293e-05 5.48669e-05
threshold=52.500000000000007 9.4500000000000007e-05 0.2715260000000001 0.42640750000000005 0.97916650000000016 0.35024200000000005 0.38669800000000004
decision_type=8 10 10 10 10 10 10
left_child=1 4 -2 5 -1 -4 -7
right_child=2 -3 3 -5 -6 6 -8
leaf_value=-0.0014442864885492815 -0.01507501448545419 -0.0034591622039995638 0.0038276185128735193 -0.0042781629035360041 0.0074482924914084188 -0.00029168528827665507 0.00033422311641831566
leaf_weight=0.024387690587900912 1.6649741031660594 0.17506127979140729 0.11850996940847824 0.11431129859738576 0.2778048337349901 0.011248917842749506 0.01514677147497423
leaf_count=5 3530 16 130 329 446 53 43
internal_value=-0.0107728 0.0026896 -0.0138897 -0.000350739 0.00617263 0.00377808 4.31793e-05
internal_weight=2.40144 0.477254 1.92419 0.259217 0.302193 0.144906 0.0263957
internal_count=4552 467 4085 555 451 226 96
is_linear=0
shrinkage=0.06


Tree=289
num_leaves=19
num_cat=0
split_feature=3 2 11 5 2 3 2 2 3 4 2 2 2 2 3 2 2 2
split_gain=0.112557 0.0966937 0.103954 0.0344667 0.0137795 0.0202697 0.00855441 0.00511899 0.0046535 0.00451473 0.00361111 0.0015023 0.000263717 0.000202821 7.94855e-05 6.05152e-05 3.05388e-05 2.43053e-05
threshold=1.0000000180025095e-35 672643.50000000012 0.30495200000000006 2.5000000000000004 1594.5000000000002 0.2715260000000001 58375.500000000007 160.50000000000003 0.33482000000000006 14.500000000000002 52.500000000000007 89876.250000000015 372.75000000000006 6857.2500000000009 0.13799150000000002 68652.000000000015 65140.500000000007 351503.25000000006
decision_type=8 8 10 2 8 10 10 10 10 2 10 10 10 8 10 10 10 10
left_child=1 2 10 9 7 6 -6 -2 -7 -4 -1 15 -9 -10 -14 16 -8 -15
right_child=4 -3 3 -5 5 8 11 12 13 -11 -12 -13 14 17 -16 -17 -18 -19
leaf_value=0.00063104464472348097 -0.0027264609194184333 -0.0096061434803507376 0.020576461194713236 -0.0025056134249572394 -0.017534726800296375 0.0032452448744140668 0.00020772978481922759 0.0030831278039287371 0.00013175192076637804 -0.0001302731849103728 -0.0079869097401323672 -0.0016174753498148513 0.00031999427099366066 -0.0025239042861224335 -0.00044117438832599296 0.0016555699589685937 -0.0002627011782080269 1.0069244972333748e-06
leaf_weight=0.045843460131436697 0.24807704804334174 0.15549047732929477 0.93175986184905901 0.043501247781023267 0.44454885731738625 0.090485284210444661 0.0075641950861609075 0.065502066910994472 0.011605514851908083 0.025892255976941669 0.14637648862117203 0.065081610058769002 0.014822469862338039 0.074511956914648181 0.009072828346688766 0.036202062263328116 0.0064085842113854596 0.013094966216158355
leaf_count=4 47 4 1837 261 949 99 61 91 60 61 116 326 97 290 61 110 25 31
internal_value=-0.00211429 0.00740983 0.0129957 0.0184896 -0.0118205 -0.0139645 -0.016279 -0.000178092 0.000807959 0.020236 -0.00712623 -5.58812e-05 0.00290494 -0.00234501 -0.000117629 0.00158109 -5.43246e-05 -0.00249258
internal_weight=2.43584 1.34886 1.19337 1.00115 1.08698 0.749503 0.559805 0.337474 0.189698 0.957652 0.19222 0.115256 0.0893974 0.0992124 0.0238953 0.0501748 0.0139728 0.0876069
internal_count=4530 2283 2279 2159 2247 1951 1471 296 480 1898 120 522 249 381 158 196 86 321
is_linear=0
shrinkage=0.06


Tree=290
num_leaves=11
num_cat=0
split_feature=2 2 11 9 2 9 9 9 9 9
split_gain=0.0844643 0.0257853 0.0235856 0.00525906 0.00430591 0.00123638 3.65398e-05 3.41614e-05 3.90182e-06 2.78532e-06
threshold=52.500000000000007 23.250000000000004 0.9900000000000001 0.21190900000000004 39.750000000000007 2.2338490000000006 2.8122035000000003 0.088465500000000016 2.4095085000000007 0.14276400000000003
decision_type=8 10 10 8 10 10 10 10 10 10
left_child=1 -1 -3 7 -4 -5 8 -2 -7 -9
right_child=3 2 4 5 -6 6 -8 9 -10 -11
leaf_value=-0.0041042821278281898 0.00050210690231266891 0.011606865867592672 0.0016292445238385858 -0.015800679850540227 -0.0045142050512190224 -2.7634671293411243e-05 -0.00029626848720763793 -0.00015209066701734385 0.00024723461665809382 3.2306045608521332e-05
leaf_weight=0.25268566528393455 0.01352663952275146 0.28624565858626738 0.027604518383668619 1.8119172127512682 0.086457780007549445 0.0061034433310852556 0.0080668936770962318 0.0058928497892338791 0.013426296225588885 0.0084430888764472911
leaf_count=36 97 93 264 3645 70 54 112 27 94 51
internal_value=-0.0106693 0.00396712 0.0083546 -0.0153861 -0.00289955 -0.0156738 -7.38692e-05 0.00037796 0.000218484 -0.000118706
internal_weight=2.52037 0.652994 0.400308 1.86738 0.114062 1.83951 0.0275966 0.0278626 0.0195297 0.0143359
internal_count=4543 463 427 4080 334 3905 260 175 148 78
is_linear=0
shrinkage=0.06


Tree=291
num_leaves=20
num_cat=0
split_feature=8 4 9 3 4 9 0 3 4 9 6 4 9 4 9 9 9 9 9
split_gain=0.0677795 0.0353101 0.0274516 0.0211603 0.0154772 0.0150421 0.00698948 0.00492296 0.00219005 0.00104494 0.000828969 0.000718538 0.000195153 0.000128012 0.000126961 0.000115448 3.06013e-05 2.70856e-05 8.2314e-05
threshold=0.31009600000000009 3.5000000000000004 0.59247950000000016 0.2715260000000001 5.5000000000000009 1.9818280000000004 0.94233850000000008 0.35024200000000005 1.5000000000000002 1.2830560000000002 3.5000000000000004 15.500000000000002 0.64161950000000012 15.500000000000002 0.51896550000000008 0.55295900000000009 1.9303890000000001 0.54246000000000005 0.53689550000000008
decision_type=8 2 8 10 2 10 10 10 2 10 2 2 8 2 10 10 10 8 10
left_child=1 -1 8 4 5 -4 -3 -5 10 11 -2 -6 -9 -11 -10 -16 -15 18 -8
right_child=2 6 3 7 9 -7 17 12 14 13 -12 -13 -14 16 15 -17 -18 -19 -20
leaf_value=0.011336830251654217 0.00079812576854786067 -0.0063347871564873107 -0.01600240777128039 0.0036720355436081738 0.0023011395935513112 0.0013433085252126363 0.00037552283869753578 0.00014131138803693879 0.0034014273607867211 -0.0011904287678930706 -0.0017991283896165633 -0.00054150444401729347 -0.0023924709590140126 -0.00015935953124982622 -0.00046063780263262113 0.00044466763737010585 0.00034243633616174758 0.00173389322295437 -0.00039156367075165413
leaf_weight=0.20687949393050109 0.01996039350251555 0.11591979112563422 1.6255497871798068 0.10155272958218109 0.06758219429411827 0.035919949973504006 0.0086679651758458931 0.0044447809486882752 0.091875696821261954 0.038239466944105516 0.075939035583360237 0.01412223806255497 0.047852529905867414 0.0063137186571111661 0.017911870658281259 0.011385578796762275 0.011162376420543296 0.070732626418248401 0.0065254997462034234
leaf_count=158 85 78 2026 93 315 171 69 3 407 279 163 55 308 45 64 63 38 115 1
internal_value=-0.00756142 0.00600136 -0.0112035 -0.0128986 -0.0142078 -0.0152636 -0.00434991 0.00145593 0.00211416 0.000753852 -0.00102354 0.00176342 -0.00224748 -0.00099464 0.00329546 -1.86129e-05 0.0001827 0.00169551 -1.51114e-05
internal_weight=2.57854 0.408725 2.16981 1.95274 1.79889 1.66147 0.201846 0.15385 0.217073 0.13742 0.0958994 0.0817044 0.0522973 0.0557156 0.121173 0.0292974 0.0174761 0.0859261 0.0151935
internal_count=4536 421 4115 3333 2929 2197 263 404 782 732 248 370 311 362 534 127 83 185 70
is_linear=0
shrinkage=0.06


Tree=292
num_leaves=16
num_cat=0
split_feature=8 2 6 6 0 2 0 9 9 0 4 6 9 9 9
split_gain=0.059877 0.0553447 0.0398757 0.0360748 0.033126 0.0113757 0.00742026 0.00649448 0.00647625 0.00100004 0.000972618 0.000756589 0.000356809 0.000510562 7.6019e-06
threshold=0.31009600000000009 1924.5000000000002 15.500000000000002 10.500000000000002 0.99865350000000008 203.25000000000003 0.94233850000000008 0.66780950000000006 0.16149900000000003 0.94233850000000008 28.500000000000004 9.5000000000000018 1.0967975000000003 1.1100270000000003 0.16149900000000003
decision_type=8 8 2 2 10 10 10 8 8 10 2 2 10 10 10
left_child=3 2 4 -1 12 -4 -5 11 -6 -7 -8 14 -2 -14 -3
right_child=1 7 5 6 8 9 10 -9 -10 -11 -12 -13 13 -15 -16
leaf_value=0.011413295092274954 -0.0047709413984630272 8.2977501069706901e-06 -0.0094520135964135648 -0.0064508146273052529 -0.00091773620288380312 -0.00069938870467964244 0.0024052047678443074 -0.016151784673042201 0.011015664542670686 0.0025016390994250979 -0.00069977572601410487 0.0011487731563755482 0.0009819113894547198 -0.00092123183759701801 -0.001148211864819253
leaf_weight=0.19702172134839235 0.098212332202820329 0.0063370554980789464 0.2242533139524312 0.11836529225547565 0.021951312309283821 0.011790824897616403 0.086600913953589043 1.0843324033912722 0.57274084128221148 0.055615882987694931 0.016118128056405112 0.044284096833507647 0.016332313418388367 0.015584062331981841 0.041447612929914612
leaf_count=159 78 31 64 86 51 75 197 1876 1125 199 12 296 1 118 200
internal_value=-0.00657222 -0.0100481 0.000779196 0.00588816 0.00649908 -0.00746212 -0.00435017 -0.0154629 0.0102759 0.00181106 0.00172523 1.11654e-05 -0.00458102 6.04312e-05 -0.0011333
internal_weight=2.61099 2.19288 1.01648 0.418106 0.724821 0.29166 0.221084 1.1764 0.594692 0.0674067 0.102719 0.0920688 0.130129 0.0319164 0.0477847
internal_count=4568 4114 1711 454 1373 338 295 2403 1176 274 209 527 197 119 231
is_linear=0
shrinkage=0.06


Tree=293
num_leaves=27
num_cat=0
split_feature=3 6 2 13 11 0 3 4 9 3 2 9 2 4 2 9 2 2 2 6 9 2 9 6 2 2
split_gain=0.0664792 0.0644976 0.103638 0.0377079 0.0369495 0.0147362 0.0112853 0.0211451 0.0167868 0.00976966 0.00863227 0.00551804 0.0028571 0.00147161 0.00123508 0.00103697 0.000748926 0.000894287 0.000531141 0.000262613 0.000142241 0.00012779 0.0001184 7.39618e-05 1.26466e-05 8.60715e-07
threshold=9.4500000000000007e-05 9.5000000000000018 672643.50000000012 1.0000000180025095e-35 0.71198150000000016 0.23593750000000005 0.2715260000000001 3.5000000000000004 1.0216220000000003 0.42979950000000006 58375.500000000007 0.29596200000000006 203.25000000000003 5.5000000000000009 3737.2500000000005 1.2089180000000002 160.50000000000003 74067.750000000015 161619.75000000003 5.5000000000000009 0.52609050000000013 157372.50000000003 0.62675950000000014 13.500000000000002 340536.00000000006 1037.2500000000002
decision_type=8 2 8 10 10 10 10 2 10 10 10 8 10 2 10 10 10 10 10 2 10 10 10 2 10 10
left_child=1 2 3 5 -5 -1 7 8 10 13 -2 -3 -13 -8 22 16 -9 -18 -12 -10 -15 -11 -14 -16 -23 -17
right_child=6 11 -4 4 -6 -7 9 15 19 21 18 12 14 20 23 25 17 -19 -20 -21 -22 24 -24 -25 -26 -27
leaf_value=-0.001124005160625708 -0.017552873923971275 0.001023122700649132 -0.009203861866863226 0.0068869635416769041 -0.008054806937670295 0.019910943978949661 0.0045162063966787758 -0.00052068615383676605 -0.00027324704705984756 -0.0040543823878708236 0.0011929533116527523 -0.0097020626674839353 -0.00012451198134451113 0.00030290515399674316 8.351163211958303e-05 -2.2665348616017605e-06 0.0030140381578151461 -0.00049252664595200463 -0.00077750387877499182 0.0017005910885556142 -0.00082878849458758454 0.00015201163514059527 0.0016373964423203229 -0.0014955751819740574 -0.00014778730987330643 -0.00087139088589155249
leaf_weight=0.019075696540312492 0.49160759723099523 0.017081299833080155 0.1495291719420494 0.23986409800272668 0.14958692874915869 0.62668344802841602 0.11882578870790894 0.0087083559992606752 0.0045747069434582946 0.085431073162908433 0.02735686941377935 0.21040803726191371 0.0066861658106063251 0.012515348702436313 0.0072389383094559881 0.0093688771885354072 0.10970093549531157 0.024679325253600837 0.028581286052940413 0.037754044140456244 0.015401357937662397 0.01328335867219721 0.038599482099016313 0.046068327268585563 0.013275774737849133 0.02067217348030681
leaf_count=101 279 37 6 113 236 1209 154 4 181 255 109 73 30 9 93 38 357 109 79 115 70 44 277 211 26 342
internal_value=-0.00378953 0.0037177 0.00912807 0.0149972 -0.000518767 0.0189842 -0.0112385 -0.0129567 -0.0152627 9.65418e-05 -0.0166432 -0.00799947 -0.00889882 0.00393985 8.63804e-05 0.00121307 0.00202502 0.00250357 0.000403303 0.00142978 -0.000520331 -0.0039537 0.00150701 -0.00140544 4.17079e-06 -0.000865686
internal_weight=2.53256 1.51082 1.18474 1.03521 0.389451 0.645759 1.02174 0.763004 0.589875 0.258733 0.547546 0.326082 0.309001 0.146742 0.0985929 0.17313 0.143089 0.13438 0.0559382 0.0423288 0.0279167 0.11199 0.0452856 0.0533073 0.0265591 0.0300411
internal_count=4557 2386 1665 1659 349 1310 2171 1613 763 558 467 721 684 233 611 850 470 466 188 296 79 325 307 304 70 380
is_linear=0
shrinkage=0.06


Tree=294
num_leaves=16
num_cat=0
split_feature=3 13 5 9 6 3 3 6 3 3 6 9 9 9 3
split_gain=0.105044 0.0570518 0.0208396 0.0101226 0.009715 0.00875851 0.0109224 0.0108706 0.00126465 0.00266725 0.00107871 0.000310308 0.00122665 0.00118166 0.000131314
threshold=1.0000000180025095e-35 1.0000000180025095e-35 2.5000000000000004 0.43483700000000008 1.5000000000000002 0.27697050000000006 0.36631450000000004 1.5000000000000002 0.013268 9.4500000000000007e-05 43.500000000000007 0.93701000000000012 0.99432250000000011 2.2024320000000004 0.00092350000000000017
decision_type=8 10 2 8 2 10 10 2 10 8 2 10 10 10 10
left_child=1 2 4 -3 -1 7 -7 8 9 -2 -9 -5 -13 -14 -11
right_child=5 3 -4 11 -6 6 -8 10 -10 14 -12 12 13 -15 -16
leaf_value=0.0016234091625683339 0.0016280394352328931 0.0022413868857368651 -0.0022916301337428521 -0.0070583692780082632 0.016662519807432351 0.004113599048456055 -0.0042544731384910692 -0.014684953231474481 0.0016583364705452339 -0.0029511954291710084 -7.4297386293075242e-05 0.0013734983055386223 -0.0024061856261984389 0.00085649426571805527 -1.7505226562748859e-06
leaf_weight=0.44280358535615982 0.027855108499352133 0.092336714718840085 0.039633907432289561 0.28510079661100463 0.40669421885195334 0.11466746502264868 0.13269924272753997 0.6343068571504773 0.030361093422470731 0.04926706383957935 0.028723572107992368 0.027782476459833561 0.041542667588146287 0.017579604207639932 0.058562411076309218
leaf_count=159 6 27 157 195 1587 141 405 1455 27 159 23 17 127 20 29
internal_value=-0.00217868 0.00703368 0.012386 -0.00467466 0.0139396 -0.0115709 -0.00018739 -0.0130079 0.00024324 -0.0012548 -0.0144773 -0.00677377 -0.000205111 -0.00154335 -0.00279686
internal_weight=2.42992 1.35347 0.889132 0.464342 0.849498 1.07644 0.247367 0.829076 0.166046 0.135685 0.66303 0.372006 0.0869047 0.0591223 0.107829
internal_count=4534 2289 1903 386 1746 2245 546 1699 221 194 1478 359 164 147 188
is_linear=0
shrinkage=0.06


Tree=295
num_leaves=15
num_cat=0
split_feature=13 11 6 12 4 1 11 3 0 0 0 7 11 9
split_gain=0.0999052 0.0586694 0.0605179 0.0411578 0.0290015 0.0274305 0.0145245 0.0259493 0.0122667 0.0110495 0.00822861 0.00809763 0.00287111 0.00516271
threshold=1.0000000180025095e-35 0.35355400000000009 2.5000000000000004 2.5000000000000004 11.500000000000002 0.97916650000000016 0.67333350000000014 1.0000000180025095e-35 0.23593750000000005 0.99984100000000009 0.94233850000000008 1.5000000000000002 0.32993200000000006 1.1578445000000002
decision_type=8 10 2 2 2 10 8 8 10 10 10 2 10 10
left_child=1 11 5 4 8 -3 7 12 -4 -7 -6 -1 13 -2
right_child=6 2 3 -5 10 9 -8 -9 -10 -11 -12 -13 -14 -15
leaf_value=0.0016330026002635291 -0.0032228536536195377 -0.008165569321951496 -0.00081277511276608364 -0.0029503218763462808 -0.0042156006271342689 -0.0025501122074890409 -0.014230552752354004 -0.0069324591910845529 0.022625081813291426 0.0064240046129449939 0.0032748280062967275 -0.0082299228312305867 0.0064287462453148933 0.0027370710094980345
leaf_weight=0.027541536837816349 0.056274062382726586 0.14831958581271465 0.013709017423025216 0.070858833983947989 0.073750429954088759 0.10308543220162392 0.30207686385938359 0.12821910474667675 0.57540986329422594 0.44708355262991972 0.068841329466522438 0.15281560390940285 0.19929411340308434 0.050243795834830962
leaf_count=2 49 82 50 205 26 3 638 626 1845 357 184 411 63 37
internal_value=0.000222608 0.00743303 0.0110916 0.0169948 0.0195146 -0.00170363 -0.0110421 -0.000446992 0.0219114 0.00418218 -0.000898161 -0.00661631 0.00549875 -0.000478641
internal_weight=2.41752 1.68142 1.50106 0.802569 0.731711 0.698489 0.736108 0.434031 0.589119 0.550169 0.142592 0.180357 0.305812 0.106518
internal_count=4578 3165 2752 2310 2105 442 1413 775 1895 360 210 413 149 86
is_linear=0
shrinkage=0.06


Tree=296
num_leaves=28
num_cat=0
split_feature=3 6 6 5 9 9 6 3 9 3 12 3 3 6 9 9 9 7 7 9 9 3 3 9 9 6 6
split_gain=0.0531703 0.043734 0.0396948 0.00931781 0.00794163 0.00597077 0.00333873 0.00436478 0.0130393 0.00744985 0.00305865 0.00152226 0.00229868 0.00114257 0.00104903 0.000602785 0.000414244 0.000332094 0.000712582 0.000329165 0.000182859 5.00329e-05 8.95046e-05 3.5311e-05 3.90786e-05 2.82972e-05 5.21753e-06
threshold=1.0000000180025095e-35 9.5000000000000018 1.5000000000000002 2.5000000000000004 2.1663775000000003 0.29596200000000006 1.5000000000000002 0.2715260000000001 1.0967975000000003 0.33482000000000006 1.5000000000000002 9.4500000000000007e-05 0.013268 25.500000000000004 0.59247950000000016 0.25516300000000008 0.21190900000000004 5.5000000000000009 6.5000000000000009 0.32019750000000008 1.2016285000000002 0.42640750000000005 0.42037150000000006 1.967554 2.2338490000000006 27.500000000000004 29.500000000000004
decision_type=8 2 2 2 10 8 2 10 10 10 2 8 10 2 8 8 10 2 2 10 10 10 8 10 10 2 2
left_child=1 2 10 15 5 -3 11 8 14 -9 -1 -2 -13 -7 19 16 -4 -17 -19 -8 -10 22 -11 -22 -25 -15 -27
right_child=6 4 3 -5 -6 13 7 9 20 21 -12 12 -14 25 -16 17 -18 18 -20 -21 23 -23 -24 24 -26 26 -28
leaf_value=0.00036311662499780429 0.0015579603730996128 0.0010360967245255509 0.00090798500430058836 -0.0012035805891201336 0.001503702855670681 -0.0097242693537354704 -0.0010298120069930166 0.0031748885913326381 0.0012045442422489621 -0.00041103730666002523 -0.0050263094888037914 -0.0030127351419131916 0.0013046667055488107 0.00028646154993923587 -0.01547520609330892 0.012830171495630224 -0.00080885877463109232 -0.00091126378362533839 0.0013537446805048459 0.0005485424371362448 -0.00039671802503158846 -0.0038752827407444934 0.0003867943851354553 0.00035313570977634227 -0.00019709024438118486 -0.00021865269077237694 4.2112945228349414e-05
leaf_weight=0.39121267788868885 0.028598729075383522 0.017305108101027034 0.015663216587199713 0.020465453981159953 0.030181888623701525 0.27346213784858264 0.039694967726973118 0.085715107328724116 0.030008595161234553 0.019951486767240567 0.086365245006163605 0.050425728712980344 0.036353176592456293 0.0060297225954855085 0.5048329265623579 0.57224980936643988 0.014758114325559291 0.028623290384530264 0.055063035997591214 0.041162132227327675 0.037467038205249992 0.11241409362082777 0.007566612883238121 0.010957261079965974 0.0084893021821699222 0.0081083728473458905 0.0074066876259166756
leaf_count=221 9 44 83 219 38 527 109 93 92 102 49 189 86 21 520 742 13 102 168 176 402 300 7 64 124 29 59
internal_value=-0.00536426 0.00194347 0.00667512 0.011446 -0.00720315 -0.00854924 -0.0118707 -0.0124816 -0.0136313 -0.00072893 -0.00335362 -0.000188316 -0.00166783 -0.0094774 -0.0150011 0.0123133 9.8417e-05 0.0124782 0.000453027 -0.000462197 0.000908391 -0.00380763 -2.87265e-05 -0.000239698 0.000155223 0.000107864 -0.000175281
internal_weight=2.54053 1.52689 1.1844 0.706823 0.342494 0.312312 1.01364 0.89826 0.672612 0.225647 0.477578 0.115378 0.0867789 0.295007 0.58569 0.686357 0.0304213 0.655936 0.0836863 0.0808571 0.0869222 0.139932 0.0275181 0.0569136 0.0194466 0.0215448 0.0155151
internal_count=4588 2315 1597 1327 718 680 2273 1989 1487 502 270 284 275 636 805 1108 96 1012 270 285 682 409 109 590 188 109 88
is_linear=0
shrinkage=0.06


Tree=297
num_leaves=14
num_cat=0
split_feature=8 2 6 11 3 6 3 4 3 11 4 4 6
split_gain=0.055551 0.039952 0.0325263 0.0231926 0.0196397 0.0136025 0.00580208 0.00474864 0.00297883 0.00246807 0.000731972 0.00053266 0.000136171
threshold=0.31009600000000009 52.500000000000007 10.500000000000002 0.9900000000000001 0.28551500000000007 24.500000000000004 0.00092350000000000017 2.5000000000000004 0.33482000000000006 0.30495200000000006 4.5000000000000009 3.5000000000000004 37.500000000000007
decision_type=8 8 2 10 10 2 10 2 10 10 2 2 2
left_child=2 3 -1 9 5 7 -5 -3 -6 -2 -9 -4 -7
right_child=1 4 11 6 8 12 -8 10 -10 -11 -12 -13 -14
leaf_value=0.010838903834170669 -0.00013320092631265054 -0.01656908967475005 0.00016713933379384758 -0.0062281909155874112 0.00311465897523627 0.00096781415062091971 0.0014379066305747683 0.00064306951606635547 -0.001616932057868718 0.0077821256586867562 -0.0017819454804799118 -0.0043971608538888197 -0.00024640128721147768
leaf_weight=0.18556644558157165 0.12399352120701257 1.128041897092771 0.023086107914423337 0.20175287964866584 0.069986530979804118 0.097525070950723491 0.066281957610044628 0.092494380038260604 0.048416848183478578 0.15113208738330286 0.13239609111860773 0.1906492405305471 0.0081024322244047653
leaf_count=145 9 1445 66 366 61 369 4 568 336 82 832 222 16
internal_value=-0.00667184 -0.010021 0.00556403 0.0018514 -0.0132419 -0.0145456 -0.00469351 -0.0155444 0.00146407 0.00690798 -0.00107383 -0.00417264 0.000736055
internal_weight=2.51943 2.12012 0.399302 0.54316 1.57696 1.45856 0.268035 1.35293 0.118403 0.275126 0.22489 0.213735 0.105628
internal_count=4521 4088 433 461 3627 3230 370 2845 397 91 1400 288 385
is_linear=0
shrinkage=0.06


Tree=298
num_leaves=22
num_cat=0
split_feature=2 2 6 11 9 9 2 4 8 8 2 3 2 8 9 9 9 9 8 9 9
split_gain=0.0519091 0.0687945 0.046822 0.0399958 0.0300762 0.0146909 0.0127838 0.0111024 0.0127807 0.0092326 0.00183402 0.000927756 0.000413778 0.000382934 0.000366973 0.0100729 0.000362072 0.000299836 0.000186701 9.93038e-05 4.67192e-05
threshold=29748.750000000004 672643.50000000012 2.5000000000000004 0.87867650000000019 0.44571150000000009 1.9818280000000004 19767.750000000004 1.5000000000000002 0.85449750000000013 1.2264955000000002 39.750000000000007 0.33995900000000007 330.75000000000006 1.9705880000000002 1.4737975000000001 0.93701000000000012 1.2295455000000002 0.33350600000000002 0.11324800000000002 2.7462690000000003 1.3906425000000002
decision_type=10 10 2 10 8 10 8 2 10 10 10 10 10 10 8 10 10 8 10 10 10
left_child=2 3 6 17 10 14 13 9 11 -5 -4 18 -12 -1 15 -6 -17 -2 -9 -7 -18
right_child=1 -3 4 7 5 19 -8 8 -10 -11 12 -13 -14 -15 -16 16 20 -19 -20 -21 -22
leaf_value=0.0058586306041108482 0.0001062682279606795 -0.0091199912527170288 0.0033936331244598344 0.016601766907844182 -0.0058783157468776876 0.0011934278834883391 -0.003527120046440724 -4.3356285694281169e-05 -0.0044140427609558339 -0.00068605698917896432 -0.001407706314896639 -0.00027761547895285821 0.00051505273091417012 4.8034372906182985e-05 -0.019105754803605077 0.0026305423138245289 -0.00040437393008586355 -0.004385259238799049 0.00502968705114597 -0.00014500514641489645 0.00020503699350917171
leaf_weight=0.32826660641012528 0.007636294609255744 0.14853697932085197 0.059212623438724798 0.36979576848352735 0.29396145705868548 0.051629502160722041 0.064930303778510279 0.009375343859574059 0.093771088392713864 0.037667768102437549 0.031650025477574673 0.023838151038944488 0.015720623245215393 0.059309917194696027 0.50000467016616312 0.16086825913953362 0.026889399106948986 0.092344463273548172 0.14264610529698984 0.0072337534029429653 0.0075913096734439014
leaf_count=375 44 15 42 245 769 169 172 20 139 91 68 43 131 133 369 391 160 645 398 89 70
internal_value=-0.00512511 0.00387542 -0.0098068 0.0100937 -0.0137581 -0.0157755 0.00280658 0.0134878 0.00046565 0.0156517 0.00240874 0.00460868 -0.000887089 0.00564488 -0.0167997 -0.00319695 0.00238011 -0.00425747 0.00495077 0.00104734 -0.000201699
internal_weight=2.53288 0.925612 1.60727 0.777075 1.15476 1.04818 0.452507 0.677094 0.269631 0.407464 0.106583 0.17586 0.0473706 0.387577 0.989315 0.48931 0.195349 0.0999808 0.152021 0.0588633 0.0344807
internal_count=4578 1640 2938 1625 2258 2017 680 936 600 336 241 461 199 508 1759 1390 621 689 418 258 230
is_linear=0
shrinkage=0.06


Tree=299
num_leaves=12
num_cat=0
split_feature=13 3 5 0 2 0 2 0 9 3 3
split_gain=0.0961491 0.113123 0.061828 0.055796 0.0305769 0.0254814 0.0220423 0.0161221 0.00258712 0.00189112 0.00194754
threshold=1.0000000180025095e-35 0.26600150000000006 1.5000000000000002 0.24187300000000003 30519.000000000004 0.99999950000000004 39.750000000000007 0.23593750000000005 inf 0.27697050000000006 0.35024200000000005
decision_type=8 8 2 10 10 10 8 10 8 10 10
left_child=1 2 5 7 9 -1 -2 -4 -6 -3 -11
right_child=6 4 3 -5 8 -7 -8 -9 -10 10 -12
leaf_value=-0.00034659644841870312 0.00057223729314327936 -0.013817709118441338 -0.0025380313813131213 -0.010725710993027649 -0.00099655057871437169 0.020927739154054166 -0.016144659875101761 0.010311869392910204 0.0044040509145099466 0.001689146959426972 -0.0019901454662797705
leaf_weight=0.19664395099971443 0.27517650928348292 0.20843606826110783 0.044146071380964713 0.20722291061247233 0.023619523766683415 0.52865197065057146 0.36094075199162035 0.15592496368844877 0.078913971490692347 0.038407387473853305 0.047578334109857678
leaf_count=14 18 35 375 206 77 2233 1393 2 69 18 78
internal_value=-0.00209799 0.00577207 0.0130817 -0.00261399 -0.00951865 0.0183021 -0.0129833 0.00772427 0.00338448 -0.0131554 -0.000304618
internal_weight=2.16566 1.52955 1.13259 0.407294 0.396955 0.725296 0.636117 0.200071 0.102533 0.294422 0.0859857
internal_count=4518 3107 2830 583 277 2247 1411 377 146 131 96
is_linear=0
shrinkage=0.06


end of trees

feature_importances:
Column_2=1035
Column_9=566
Column_8=477
Column_6=463
Column_3=419
Column_11=264
Column_4=254
Column_13=229
Column_0=185
Column_12=141
Column_7=125
Column_5=115
Column_1=103

parameters:
[boosting: gbdt]
[objective: binary]
[metric: binary_logloss]
[tree_learner: serial]
[device_type: cpu]
[data_sample_strategy: bagging]
[data: ]
[valid: ]
[num_iterations: 300]
[learning_rate: 0.06]
[num_leaves: 63]
[num_threads: 10]
[seed: 26182]
[deterministic: 1]
[force_col_wise: 0]
[force_row_wise: 1]
[histogram_pool_size: -1]
[max_depth: -1]
[min_data_in_leaf: 30]
[min_sum_hessian_in_leaf: 0.001]
[bagging_fraction: 0.85]
[pos_bagging_fraction: 1]
[neg_bagging_fraction: 1]
[bagging_freq: 1]
[bagging_seed: 10911]
[bagging_by_query: 0]
[feature_fraction: 0.8]
[feature_fraction_bynode: 1]
[feature_fraction_seed: 30549]
[extra_trees: 0]
[extra_seed: 28222]
[early_stopping_round: 0]
[early_stopping_min_delta: 0]
[first_metric_only: 0]
[max_delta_step: 0]
[lambda_l1: 0]
[lambda_l2: 1]
[linear_lambda: 0]
[min_gain_to_split: 0]
[drop_rate: 0.1]
[max_drop: 50]
[skip_drop: 0.5]
[xgboost_dart_mode: 0]
[uniform_drop: 0]
[drop_seed: 10543]
[top_rate: 0.2]
[other_rate: 0.1]
[min_data_per_group: 100]
[max_cat_threshold: 32]
[cat_l2: 10]
[cat_smooth: 10]
[max_cat_to_onehot: 4]
[top_k: 20]
[monotone_constraints: ]
[monotone_constraints_method: basic]
[monotone_penalty: 0]
[feature_contri: ]
[forcedsplits_filename: ]
[refit_decay_rate: 0.9]
[cegb_tradeoff: 1]
[cegb_penalty_split: 0]
[cegb_penalty_feature_lazy: ]
[cegb_penalty_feature_coupled: ]
[path_smooth: 0]
[interaction_constraints: ]
[verbosity: -1]
[saved_feature_importance_type: 0]
[use_quantized_grad: 0]
[num_grad_quant_bins: 4]
[quant_train_renew_leaf: 0]
[stochastic_rounding: 1]
[linear_tree: 0]
[max_bin: 255]
[max_bin_by_feature: ]
[min_data_in_bin: 3]
[bin_construct_sample_cnt: 200000]
[data_random_seed: 20002]
[is_enable_sparse: 1]
[enable_bundle: 1]
[use_missing: 1]
[zero_as_missing: 0]
[feature_pre_filter: 1]
[pre_partition: 0]
[two_round: 0]
[header: 0]
[label_column: ]
[weight_column: ]
[group_column: ]
[ignore_column: ]
[categorical_feature: ]
[forcedbins_filename: ]
[precise_float_parser: 0]
[parser_config_file: ]
[objective_seed: 23954]
[num_class: 1]
[is_unbalance: 0]
[scale_pos_weight: 0.921646]
[sigmoid: 1]
[boost_from_average: 1]
[reg_sqrt: 0]
[alpha: 0.9]
[fair_c: 1]
[poisson_max_delta_step: 0.7]
[tweedie_variance_power: 1.5]
[lambdarank_truncation_level: 30]
[lambdarank_norm: 1]
[label_gain: ]
[lambdarank_position_bias_regularization: 0]
[eval_at: ]
[multi_error_top_k: 1]
[auc_mu_weights: ]
[num_machines: 1]
[local_listen_port: 12400]
[time_out: 120]
[machine_list_filename: ]
[machines: ]
[gpu_platform_id: -1]
[gpu_device_id: -1]
[gpu_device_id_list: ]
[gpu_use_dp: 0]
[num_gpu: 1]

end of parameters

pandas_categorical:null
