address,chain,entity,category,kind,status,rule,confidence,evidence,conflict,sweep_target,target_tier,asset,share,received,forwarded,n_deposits,n_senders,n_sweeps,median_delay_s,gas_verdict,gas_payer,gas_payer_entity,gas_kinds,n_paid,first_sweep_tx,last_sweep_time,complete
TA3ntKd4GUb3LH6eCDznxJaS4ZHGD56bCe,tron,CoinDCX,exchange,deposit,derived,sweep+gas,0.8075,"Sweep rule: forwarded 100% of the 100 USDT it received from 1 sender to CoinDCX wallet TU7BbA…vZbsFs (curated list) in 2 sweeps, typically 31 seconds after arrival. Gas rule: TFLxNH…aEznGd, labelled CoinDCX, sent the fee money for 2 of 2 sweeps. Both rules agree. Rule confidence 0.81, not calibrated.",,TU7BbAsb8t371eMijQeiGXsiLvY1vZbsFs,curated,USDT,1.0,100.000000,100.000000,2,1,2,31.5,confirmed,TFLxNHunhEizmeEdiMyA3r2XGLSKaEznGd,CoinDCX,native,2,573fa90acd00521d420b6125313b55c4cd7cebdbf6c2ba7d170e1559f70b7b78,2025-05-28T09:18:06Z,True
TA4Nx4AtGYx988GjSB1XAHDg55T62pGaQH,tron,CoinDCX,exchange,deposit,derived,sweep+gas,0.8075,"Sweep rule: forwarded 100% of the 635.02 USDT it received from 12 senders to CoinDCX wallet TU7BbA…vZbsFs (curated list) in 25 sweeps, typically 33 seconds after arrival. Only its first 50 transfers since 2025-05-18 were read; what it did later is not covered. Its gas listing was not read to the end. Gas rule: TFLxNH…aEznGd, labelled CoinDCX, sent the fee money for 18 of 25 sweeps. Both rules agree. Rule confidence 0.81, not calibrated.",,TU7BbAsb8t371eMijQeiGXsiLvY1vZbsFs,curated,USDT,1.0,635.020000,635.020000,25,12,25,33.0,confirmed,TFLxNHunhEizmeEdiMyA3r2XGLSKaEznGd,CoinDCX,native,18,7f165a0ea548d44794a5d886f3e371bd37e645b293b0243de39812f1769a882d,2025-07-07T23:35:06Z,False
TA6LG43jjYQvUjQRfX4ii8SGufhCLH4Dwg,tron,CoinDCX,exchange,deposit,derived,sweep+gas,0.8075,"Sweep rule: forwarded 96% of the 36,255.11 USDT it received from 3 senders to CoinDCX wallet TU7BbA…vZbsFs (curated list) in 24 sweeps, typically 37 seconds after arrival. Only its first 50 transfers since 2025-05-18 were read; what it did later is not covered. Its gas listing was not read to the end. Gas rule: TFLxNH…aEznGd, labelled CoinDCX, sent the fee money for 17 of 24 sweeps. Both rules agree. Rule confidence 0.81, not calibrated.",,TU7BbAsb8t371eMijQeiGXsiLvY1vZbsFs,curated,USDT,0.9636,36255.110000,34936.330000,25,3,24,37.5,confirmed,TFLxNHunhEizmeEdiMyA3r2XGLSKaEznGd,CoinDCX,native,17,39bae37c28f1f3446516ab9a72011b4c574d1ce87de4f95b4e4b6507985d28f6,2025-11-04T11:37:06Z,False
TA6LuvE7jr63rjbihgAHxjAaR6birdNaQx,tron,CoinDCX,exchange,deposit,derived,sweep+gas,0.8075,"Sweep rule: forwarded 100% of the 13 USDT it received from 1 sender to CoinDCX wallet TU7BbA…vZbsFs (curated list) in 1 sweep, typically 36 seconds after arrival. Gas rule: TFLxNH…aEznGd, labelled CoinDCX, sent the fee money for 1 of 1 sweep. Both rules agree. Rule confidence 0.81, not calibrated.",,TU7BbAsb8t371eMijQeiGXsiLvY1vZbsFs,curated,USDT,1.0,13.000000,13.000000,1,1,1,36.0,confirmed,TFLxNHunhEizmeEdiMyA3r2XGLSKaEznGd,CoinDCX,native,1,e2c64e4b197a6d4736be26130bac3b776456502739602500c176944c87ee0bc0,2025-05-29T05:56:36Z,True
TA94w1JZ6SsDSjW5saGsi5LALbG7RuPmo5,tron,CoinDCX,exchange,deposit,derived,sweep+gas,0.8075,"Sweep rule: forwarded 100% of the 228.33 USDT it received from 1 sender to CoinDCX wallet TU7BbA…vZbsFs (curated list) in 9 sweeps, typically 33 seconds after arrival. Gas rule: TFLxNH…aEznGd, labelled CoinDCX, sent the fee money for 8 of 9 sweeps. Both rules agree. Rule confidence 0.81, not calibrated.",,TU7BbAsb8t371eMijQeiGXsiLvY1vZbsFs,curated,USDT,1.0,228.330205,228.330205,9,1,9,33.0,confirmed,TFLxNHunhEizmeEdiMyA3r2XGLSKaEznGd,CoinDCX,native,8,fe88181f9f6a92205f80f44b70024e5acb24fb866dc648f4006034c7c309d07f,2025-06-07T06:58:06Z,True
TAA1c7hEMwVY5Qxu3KikvxK1RHNdAvWdkw,tron,CoinDCX,exchange,deposit,derived,sweep+gas,0.8075,"Sweep rule: forwarded 100% of the 59 USDT it received from 1 sender to CoinDCX wallet TU7BbA…vZbsFs (curated list) in 1 sweep, typically 27 seconds after arrival. Gas rule: TFLxNH…aEznGd, labelled CoinDCX, sent the fee money for 1 of 1 sweep. Both rules agree. Rule confidence 0.81, not calibrated.",,TU7BbAsb8t371eMijQeiGXsiLvY1vZbsFs,curated,USDT,1.0,59.000000,59.000000,1,1,1,27.0,confirmed,TFLxNHunhEizmeEdiMyA3r2XGLSKaEznGd,CoinDCX,native,1,56e16489703204422275095ab1dc32f2cf4f5387b755bbe7d0409681356f7f82,2025-05-30T13:12:06Z,True
TAArjTtSFr2VYX1Q7p4shBPkc4oTLg5sRW,tron,CoinDCX,exchange,deposit,derived,sweep+gas,0.8075,"Sweep rule: forwarded 100% of the 110.76 USDT it received from 1 sender to CoinDCX wallet TU7BbA…vZbsFs (curated list) in 2 sweeps, typically 40 seconds after arrival. Gas rule: TFLxNH…aEznGd, labelled CoinDCX, sent the fee money for 2 of 2 sweeps. Both rules agree. Rule confidence 0.81, not calibrated.",,TU7BbAsb8t371eMijQeiGXsiLvY1vZbsFs,curated,USDT,1.0,110.760429,110.760429,2,1,2,40.5,confirmed,TFLxNHunhEizmeEdiMyA3r2XGLSKaEznGd,CoinDCX,native,2,b3b4c49bfdbb60e7806d215a5146edba2ad76f36870837d48df36b5aef7ae21f,2025-05-30T17:05:06Z,True
TAHSoixWaGq8sk9V9LsHJoKTj7B6xdyF3V,tron,CoinDCX,exchange,deposit,derived,sweep+gas,0.8075,"Sweep rule: forwarded 100% of the 179 USDT it received from 2 senders to CoinDCX wallet TU7BbA…vZbsFs (curated list) in 2 sweeps, typically 49 seconds after arrival. Gas rule: TFLxNH…aEznGd, labelled CoinDCX, sent the fee money for 2 of 2 sweeps. Both rules agree. Rule confidence 0.81, not calibrated.",,TU7BbAsb8t371eMijQeiGXsiLvY1vZbsFs,curated,USDT,1.0,179.000000,179.000000,2,2,2,49.5,confirmed,TFLxNHunhEizmeEdiMyA3r2XGLSKaEznGd,CoinDCX,native,2,818c938af55baf674ec381a60e18f485650ed3005ad6ca07fe97ea526862ed48,2025-05-28T19:13:36Z,True
TAVZQqE7QCWX3zZZrCoZmvoHKHrwB8HtJt,tron,CoinDCX,exchange,deposit,derived,sweep+gas,0.8075,"Sweep rule: forwarded 100% of the 2.13 USDT it received from 1 sender to CoinDCX wallet TU7BbA…vZbsFs (curated list) in 1 sweep, typically 18 seconds after arrival. Gas rule: TFLxNH…aEznGd, labelled CoinDCX, sent the fee money for 1 of 1 sweep. Both rules agree. Rule confidence 0.81, not calibrated.",,TU7BbAsb8t371eMijQeiGXsiLvY1vZbsFs,curated,USDT,1.0,2.130000,2.130000,1,1,1,18.0,confirmed,TFLxNHunhEizmeEdiMyA3r2XGLSKaEznGd,CoinDCX,native,1,2bce7f52213a83311803b472f66d8e98df3e88d2d1d95171263e0440b54619ae,2025-05-30T05:02:36Z,True
TAVfYZRNJGjYWU1kjfFwEFp8j6F8Zfa7Rv,tron,CoinDCX,exchange,deposit,derived,sweep+gas,0.8075,"Sweep rule: forwarded 100% of the 40.12 USDT it received from 1 sender to CoinDCX wallet TU7BbA…vZbsFs (curated list) in 2 sweeps, typically 25 seconds after arrival. Gas rule: TFLxNH…aEznGd, labelled CoinDCX, sent the fee money for 2 of 2 sweeps. Both rules agree. Rule confidence 0.81, not calibrated.",,TU7BbAsb8t371eMijQeiGXsiLvY1vZbsFs,curated,USDT,1.0,40.124000,40.124000,2,1,2,25.5,confirmed,TFLxNHunhEizmeEdiMyA3r2XGLSKaEznGd,CoinDCX,native,2,ad86b22e14d28f59be0cfcc3cea778a1792dc64b6aac2ad7382ced4d5c95625c,2025-05-28T05:53:09Z,True
TAXH3v4v5u1CajEnDF61eyaw5CQfWbf6iC,tron,CoinDCX,exchange,deposit,derived,sweep+gas,0.8075,"Sweep rule: forwarded 100% of the 1,031 USDT it received from 4 senders to CoinDCX wallet TU7BbA…vZbsFs (curated list) in 5 sweeps, typically 39 seconds after arrival. Gas rule: TFLxNH…aEznGd, labelled CoinDCX, sent the fee money for 5 of 5 sweeps. Both rules agree. Rule confidence 0.81, not calibrated.",,TU7BbAsb8t371eMijQeiGXsiLvY1vZbsFs,curated,USDT,1.0,1031.000000,1031.000000,5,4,5,39.0,confirmed,TFLxNHunhEizmeEdiMyA3r2XGLSKaEznGd,CoinDCX,native,5,0defc73526a811f7803d4cf06f4d5a1c8657039da5f0fa338dee408bbf81f36c,2025-07-28T14:22:06Z,True
TAZWKm3s34FGgTXFeQMe9cRGBDxRq4RnJJ,tron,CoinDCX,exchange,deposit,derived,sweep+gas,0.8075,"Sweep rule: forwarded 100% of the 542.73 USDT it received from 1 sender to CoinDCX wallet TU7BbA…vZbsFs (curated list) in 21 sweeps, typically 33 seconds after arrival. Gas rule: TFLxNH…aEznGd, labelled CoinDCX, sent the fee money for 19 of 21 sweeps. Both rules agree. Rule confidence 0.81, not calibrated.",,TU7BbAsb8t371eMijQeiGXsiLvY1vZbsFs,curated,USDT,1.0,542.733322,542.733322,21,1,21,33.0,confirmed,TFLxNHunhEizmeEdiMyA3r2XGLSKaEznGd,CoinDCX,native,19,99bf1faa501e475cdc08e62047dfeb9d6bceeda2d31e68f47200bb568aa3acd6,2025-06-05T13:59:36Z,True
TAZaJcr1Jc7gazZvr3RLRxAiRABmeuUkud,tron,CoinDCX,exchange,deposit,derived,sweep+gas,0.8075,"Sweep rule: forwarded 100% of the 398 USDT it received from 2 senders to CoinDCX wallet TU7BbA…vZbsFs (curated list) in 6 sweeps, typically 24 seconds after arrival. Gas rule: TFLxNH…aEznGd, labelled CoinDCX, sent the fee money for 6 of 6 sweeps. Both rules agree. Rule confidence 0.81, not calibrated.",,TU7BbAsb8t371eMijQeiGXsiLvY1vZbsFs,curated,USDT,1.0,398.000000,398.000000,6,2,6,24.0,confirmed,TFLxNHunhEizmeEdiMyA3r2XGLSKaEznGd,CoinDCX,native,6,6c9a0fa5c6a33613348452ba9c75b0c42bcfd0ee9def0bd5c28543d6e57c9d11,2025-06-14T00:39:06Z,True
TAa7HzAArNQyV9c83Sca5aqztQfR16FMJd,tron,CoinDCX,exchange,deposit,derived,sweep+gas,0.8075,"Sweep rule: forwarded 100% of the 121 USDT it received from 1 sender to CoinDCX wallet TU7BbA…vZbsFs (curated list) in 4 sweeps, typically 39 seconds after arrival. Gas rule: TFLxNH…aEznGd, labelled CoinDCX, sent the fee money for 4 of 4 sweeps. Both rules agree. Rule confidence 0.81, not calibrated.",,TU7BbAsb8t371eMijQeiGXsiLvY1vZbsFs,curated,USDT,1.0,120.998965,120.998965,4,1,4,39.0,confirmed,TFLxNHunhEizmeEdiMyA3r2XGLSKaEznGd,CoinDCX,native,4,2de6097b3036294eab39b3599b28eb33295a60bf0b2cc4362f62ee1567542f9e,2025-05-26T08:32:39Z,True
TAbQBDKZWhS1YFQdZ24ZLjY29RGfLk1nSN,tron,CoinDCX,exchange,deposit,derived,sweep+gas,0.8075,"Sweep rule: forwarded 100% of the 2,537 USDT it received from 4 senders to CoinDCX wallet TU7BbA…vZbsFs (curated list) in 5 sweeps, typically 33 seconds after arrival. Gas rule: TFLxNH…aEznGd, labelled CoinDCX, sent the fee money for 5 of 5 sweeps. Both rules agree. Rule confidence 0.81, not calibrated.",,TU7BbAsb8t371eMijQeiGXsiLvY1vZbsFs,curated,USDT,1.0,2537.000000,2537.000000,5,4,5,33.0,confirmed,TFLxNHunhEizmeEdiMyA3r2XGLSKaEznGd,CoinDCX,native,5,cee28db90e578cf67947aaf8ea829fb56b52ea10207503d72b0f5337b2dfae9e,2025-06-18T10:54:06Z,True
TAchCxxPAorBBoMe1TDsBqc61YPSYEXj1C,tron,CoinDCX,exchange,deposit,derived,sweep+gas,0.8075,"Sweep rule: forwarded 100% of the 3,234 USDT it received from 2 senders to CoinDCX wallet TU7BbA…vZbsFs (curated list) in 10 sweeps, typically 39 seconds after arrival. Gas rule: TFLxNH…aEznGd, labelled CoinDCX, sent the fee money for 9 of 10 sweeps. Both rules agree. Rule confidence 0.81, not calibrated.",,TU7BbAsb8t371eMijQeiGXsiLvY1vZbsFs,curated,USDT,1.0,3234.000000,3234.000000,10,2,10,39.0,confirmed,TFLxNHunhEizmeEdiMyA3r2XGLSKaEznGd,CoinDCX,native,9,91f2e882ea4b8ded6866953472edba8aceca9b6460ab05d1a3ea5ac0a10819ca,2025-06-18T13:12:06Z,True
TAdB9QB1k7nzMM3k51jsSdziBfzftsP5zU,tron,CoinDCX,exchange,deposit,derived,sweep+gas,0.8075,"Sweep rule: forwarded 100% of the 342.03 USDT it received from 1 sender to CoinDCX wallet TU7BbA…vZbsFs (curated list) in 15 sweeps, typically 30 seconds after arrival. Gas rule: TFLxNH…aEznGd, labelled CoinDCX, sent the fee money for 15 of 15 sweeps. Both rules agree. Rule confidence 0.81, not calibrated.",,TU7BbAsb8t371eMijQeiGXsiLvY1vZbsFs,curated,USDT,1.0,342.029181,342.029181,15,1,15,30.0,confirmed,TFLxNHunhEizmeEdiMyA3r2XGLSKaEznGd,CoinDCX,native,15,8c8cf6721afb34c10fbdb6c979834291bbffd6bc0b653c9b12f456dda61bf61f,2025-06-04T16:40:36Z,True
TAiT9HG5XMzVtmczFixUsNEhPPDEzMufLV,tron,CoinDCX,exchange,deposit,derived,sweep+gas,0.8075,"Sweep rule: forwarded 100% of the 99 USDT it received from 1 sender to CoinDCX wallet TU7BbA…vZbsFs (curated list) in 1 sweep, typically 27 seconds after arrival. Gas rule: TFLxNH…aEznGd, labelled CoinDCX, sent the fee money for 1 of 1 sweep. Both rules agree. Rule confidence 0.81, not calibrated.",,TU7BbAsb8t371eMijQeiGXsiLvY1vZbsFs,curated,USDT,1.0,99.000000,99.000000,1,1,1,27.0,confirmed,TFLxNHunhEizmeEdiMyA3r2XGLSKaEznGd,CoinDCX,native,1,863b6e9b3521820cb90840a54392e4d7edf0547aa1e42612cd80c763bd63ba41,2025-05-30T07:19:36Z,True
TAnpDUf9FwmLksikTX9GWbb6oFJd7q22ny,tron,CoinDCX,exchange,deposit,derived,sweep+gas,0.8075,"Sweep rule: forwarded 100% of the 2,686.48 USDT it received from 1 sender to CoinDCX wallet TU7BbA…vZbsFs (curated list) in 17 sweeps, typically 30 seconds after arrival. Gas rule: TFLxNH…aEznGd, labelled CoinDCX, sent the fee money for 16 of 17 sweeps. Both rules agree. Rule confidence 0.81, not calibrated.",,TU7BbAsb8t371eMijQeiGXsiLvY1vZbsFs,curated,USDT,1.0,2686.482677,2686.482677,17,1,17,30.0,confirmed,TFLxNHunhEizmeEdiMyA3r2XGLSKaEznGd,CoinDCX,native,16,03c790e5e27eceec57748ebde1656f899554e655f9c6bd5a853dc7ecebac8b76,2025-09-22T03:15:36Z,True
TAtnWbDnA3ZEzbjtbAs9TrwikBp2oL6JnJ,tron,CoinDCX,exchange,deposit,derived,sweep+gas,0.8075,"Sweep rule: forwarded 100% of the 26,838.23 USDT it received from 8 senders to CoinDCX wallet TU7BbA…vZbsFs (curated list) in 14 sweeps, typically 30 seconds after arrival. Gas rule: TFLxNH…aEznGd, labelled CoinDCX, sent the fee money for 12 of 14 sweeps. Both rules agree. Rule confidence 0.81, not calibrated.",,TU7BbAsb8t371eMijQeiGXsiLvY1vZbsFs,curated,USDT,1.0,26838.229340,26838.229340,13,8,14,30.0,confirmed,TFLxNHunhEizmeEdiMyA3r2XGLSKaEznGd,CoinDCX,native,12,11a95723a091563f5f1c5054f303edcd628bc9047b288b68f26f7fc47ac75383,2025-10-07T13:00:06Z,True
TAu2xRPZgFxhieXSQCZgU4Y4mUVRVaK55H,tron,CoinDCX,exchange,deposit,derived,sweep+gas,0.8075,"Sweep rule: forwarded 100% of the 175.89 USDT it received from 2 senders to CoinDCX wallet TU7BbA…vZbsFs (curated list) in 2 sweeps, typically 36 seconds after arrival. Gas rule: TFLxNH…aEznGd, labelled CoinDCX, sent the fee money for 2 of 2 sweeps. Both rules agree. Rule confidence 0.81, not calibrated.",,TU7BbAsb8t371eMijQeiGXsiLvY1vZbsFs,curated,USDT,1.0,175.890000,175.890000,2,2,2,36.0,confirmed,TFLxNHunhEizmeEdiMyA3r2XGLSKaEznGd,CoinDCX,native,2,90da324d71d25c71ddca7083951a7dd89d19a34d93e9d3ebb61f68c12f09b1c2,2025-05-29T12:14:36Z,True
TAuSHuWKr41rQQGwb2JEEDyqKF3NDZ4cjU,tron,CoinDCX,exchange,deposit,derived,sweep+gas,0.8075,"Sweep rule: forwarded 100% of the 3,500 USDT it received from 1 sender to CoinDCX wallet TU7BbA…vZbsFs (curated list) in 2 sweeps, typically 27 seconds after arrival. Gas rule: TFLxNH…aEznGd, labelled CoinDCX, sent the fee money for 2 of 2 sweeps. Both rules agree. Rule confidence 0.81, not calibrated.",,TU7BbAsb8t371eMijQeiGXsiLvY1vZbsFs,curated,USDT,1.0,3500.000000,3500.000000,2,1,2,27.0,confirmed,TFLxNHunhEizmeEdiMyA3r2XGLSKaEznGd,CoinDCX,native,2,9e50f94f424ae69b95990f70af1c3ee4196f51d85fba07752d971bdaa42daa2f,2025-06-02T05:53:36Z,True
TAuq74qQcqBkY6F7xQ8dKtv4a1yeFJxmmy,tron,CoinDCX,exchange,deposit,derived,sweep+gas,0.8075,"Sweep rule: forwarded 100% of the 68.58 USDT it received from 1 sender to CoinDCX wallet TU7BbA…vZbsFs (curated list) in 2 sweeps, typically 33 seconds after arrival. Gas rule: TFLxNH…aEznGd, labelled CoinDCX, sent the fee money for 2 of 2 sweeps. Both rules agree. Rule confidence 0.81, not calibrated.",,TU7BbAsb8t371eMijQeiGXsiLvY1vZbsFs,curated,USDT,1.0,68.580000,68.580000,2,1,2,33.0,confirmed,TFLxNHunhEizmeEdiMyA3r2XGLSKaEznGd,CoinDCX,native,2,3630f3e5f00606ca31bc8683a3b6c9afb0e868a04730329b4e14d9d99604ad14,2025-05-29T07:23:06Z,True
TAvASj6kf5vmLpaRsBHkETutTjh2UbdSYW,tron,CoinDCX,exchange,deposit,derived,sweep+gas,0.8075,"Sweep rule: forwarded 100% of the 432.76 USDT it received from 1 sender to CoinDCX wallet TU7BbA…vZbsFs (curated list) in 1 sweep, typically 39 seconds after arrival. Gas rule: TFLxNH…aEznGd, labelled CoinDCX, sent the fee money for 1 of 1 sweep. Both rules agree. Rule confidence 0.81, not calibrated.",,TU7BbAsb8t371eMijQeiGXsiLvY1vZbsFs,curated,USDT,1.0,432.762766,432.762766,1,1,1,39.0,confirmed,TFLxNHunhEizmeEdiMyA3r2XGLSKaEznGd,CoinDCX,native,1,a32b1b057865fbef29dbbdcd9472cd41094885a3e784cc60f3308c30c8ee0a72,2025-05-30T03:52:06Z,True
TAxEfKYhY5jyYBmGggCrtwbRZQtwq8Lvmy,tron,CoinDCX,exchange,deposit,derived,sweep+gas,0.8075,"Sweep rule: forwarded 100% of the 1,031.10 USDT it received from 5 senders to CoinDCX wallet TU7BbA…vZbsFs (curated list) in 10 sweeps, typically 30 seconds after arrival. Gas rule: TFLxNH…aEznGd, labelled CoinDCX, sent the fee money for 10 of 10 sweeps. Both rules agree. Rule confidence 0.81, not calibrated.",,TU7BbAsb8t371eMijQeiGXsiLvY1vZbsFs,curated,USDT,1.0,1031.100000,1031.100000,10,5,10,30.0,confirmed,TFLxNHunhEizmeEdiMyA3r2XGLSKaEznGd,CoinDCX,native,10,36f7deff1e5793df03720a5955d74acc305137c25544c3eb68335ca9fb96c505,2025-06-07T15:19:36Z,True
TB3z8WRvKQdH6JzT1tPwZ87oUx1V15ts6X,tron,CoinDCX,exchange,deposit,derived,sweep+gas,0.8075,"Sweep rule: forwarded 100% of the 2,000 USDT it received from 1 sender to CoinDCX wallet TU7BbA…vZbsFs (curated list) in 1 sweep, typically 48 seconds after arrival. Gas rule: TFLxNH…aEznGd, labelled CoinDCX, sent the fee money for 1 of 1 sweep. Both rules agree. Rule confidence 0.81, not calibrated.",,TU7BbAsb8t371eMijQeiGXsiLvY1vZbsFs,curated,USDT,1.0,2000.000000,2000.000000,1,1,1,48.0,confirmed,TFLxNHunhEizmeEdiMyA3r2XGLSKaEznGd,CoinDCX,native,1,837d20dacefdf66a0709c99d37f82ce22ffd9394a5da1ae72ca8962b30464450,2025-05-27T14:35:39Z,True
TB8pRNs1NMwjhbrsRmajorWjuj2F3xgiHq,tron,CoinDCX,exchange,deposit,derived,sweep+gas,0.8075,"Sweep rule: forwarded 100% of the 3,493 USDT it received from 5 senders to CoinDCX wallet TU7BbA…vZbsFs (curated list) in 7 sweeps, typically 30 seconds after arrival. Gas rule: TFLxNH…aEznGd, labelled CoinDCX, sent the fee money for 7 of 7 sweeps. Both rules agree. Rule confidence 0.81, not calibrated.",,TU7BbAsb8t371eMijQeiGXsiLvY1vZbsFs,curated,USDT,1.0,3493.000000,3493.000000,7,5,7,30.0,confirmed,TFLxNHunhEizmeEdiMyA3r2XGLSKaEznGd,CoinDCX,native,7,7e3c13fb0a896446a221665e0e93234db81755b0a8367cebd29f70899ec8acab,2025-06-16T03:54:36Z,True
TBEbfkXLbidiTE2Az7djHiq1fkEkNmbwiA,tron,CoinDCX,exchange,deposit,derived,sweep+gas,0.8075,"Sweep rule: forwarded 100% of the 748.30 USDT it received from 2 senders to CoinDCX wallet TU7BbA…vZbsFs (curated list) in 8 sweeps, typically 39 seconds after arrival. Gas rule: TFLxNH…aEznGd, labelled CoinDCX, sent the fee money for 8 of 8 sweeps. Both rules agree. Rule confidence 0.81, not calibrated.",,TU7BbAsb8t371eMijQeiGXsiLvY1vZbsFs,curated,USDT,1.0,748.300000,748.300000,8,2,8,39.0,confirmed,TFLxNHunhEizmeEdiMyA3r2XGLSKaEznGd,CoinDCX,native,8,691ab870516ed44f2a646d533fffa8c7e60fe9261d8bc809d55075fd69c19b68,2025-08-15T03:12:39Z,True
TBHAGS8UBV68obiHnAeTbANfEj4yck3jYP,tron,CoinDCX,exchange,deposit,derived,sweep+gas,0.8075,"Sweep rule: forwarded 100% of the 866.73 USDT it received from 4 senders to CoinDCX wallet TU7BbA…vZbsFs (curated list) in 5 sweeps, typically 33 seconds after arrival. Gas rule: TFLxNH…aEznGd, labelled CoinDCX, sent the fee money for 5 of 5 sweeps. Both rules agree. Rule confidence 0.81, not calibrated.",,TU7BbAsb8t371eMijQeiGXsiLvY1vZbsFs,curated,USDT,1.0,866.729732,866.729732,5,4,5,33.0,confirmed,TFLxNHunhEizmeEdiMyA3r2XGLSKaEznGd,CoinDCX,native,5,f80478a6f1aaa54d36b280547f45a38aea681d3769859756a9f4619b8355353a,2025-06-15T15:22:06Z,True
TBK3dKMFj9hrxptTBQNmTTog8j9FMxMvBm,tron,CoinDCX,exchange,deposit,derived,sweep+gas,0.8075,"Sweep rule: forwarded 100% of the 7,365 USDT it received from 6 senders to CoinDCX wallet TU7BbA…vZbsFs (curated list) in 12 sweeps, typically 33 seconds after arrival. Gas rule: TFLxNH…aEznGd, labelled CoinDCX, sent the fee money for 11 of 12 sweeps. Both rules agree. Rule confidence 0.81, not calibrated.",,TU7BbAsb8t371eMijQeiGXsiLvY1vZbsFs,curated,USDT,1.0,7365.000000,7365.000000,12,6,12,33.0,confirmed,TFLxNHunhEizmeEdiMyA3r2XGLSKaEznGd,CoinDCX,native,11,700fb12c017920bf8093c315d34a228482acea4eb5b99d05cf4e452512855c49,2025-08-29T16:57:06Z,True
TBK971pdWjqRW2EmX5aV8WXtzuTrSyNDTb,tron,CoinDCX,exchange,deposit,derived,sweep+gas,0.8075,"Sweep rule: forwarded 100% of the 49 USDT it received from 1 sender to CoinDCX wallet TU7BbA…vZbsFs (curated list) in 1 sweep, typically 24 seconds after arrival. Gas rule: TFLxNH…aEznGd, labelled CoinDCX, sent the fee money for 1 of 1 sweep. Both rules agree. Rule confidence 0.81, not calibrated.",,TU7BbAsb8t371eMijQeiGXsiLvY1vZbsFs,curated,USDT,1.0,49.000000,49.000000,1,1,1,24.0,confirmed,TFLxNHunhEizmeEdiMyA3r2XGLSKaEznGd,CoinDCX,native,1,861cb98bf2831c0a76d02d95e7bba30a5160361e4366cb73ecd46a801b7984a1,2025-05-26T05:16:06Z,True
TBKEnjWXtuDtYMXVHDNXSoPzUBVZaRHs71,tron,CoinDCX,exchange,deposit,derived,sweep+gas,0.8075,"Sweep rule: forwarded 100% of the 130.64 USDT it received from 1 sender to CoinDCX wallet TU7BbA…vZbsFs (curated list) in 3 sweeps, typically 48 seconds after arrival. Gas rule: TFLxNH…aEznGd, labelled CoinDCX, sent the fee money for 3 of 3 sweeps. Both rules agree. Rule confidence 0.81, not calibrated.",,TU7BbAsb8t371eMijQeiGXsiLvY1vZbsFs,curated,USDT,1.0,130.640224,130.640224,3,1,3,48.0,confirmed,TFLxNHunhEizmeEdiMyA3r2XGLSKaEznGd,CoinDCX,native,3,1045b34b0d5e6ff3fe1958e41448abe8bf633b9a5f3a1db36f4a043eac4e6f29,2025-06-02T07:23:36Z,True
TBM2ekMEb1oVR2Te8Fo6HQWMJhoRwUdLEr,tron,CoinDCX,exchange,deposit,derived,sweep+gas,0.8075,"Sweep rule: forwarded 100% of the 60 USDT it received from 1 sender to CoinDCX wallet TU7BbA…vZbsFs (curated list) in 6 sweeps, typically 31 seconds after arrival. Gas rule: TFLxNH…aEznGd, labelled CoinDCX, sent the fee money for 6 of 6 sweeps. Both rules agree. Rule confidence 0.81, not calibrated.",,TU7BbAsb8t371eMijQeiGXsiLvY1vZbsFs,curated,USDT,1.0,60.000000,60.000000,6,1,6,31.5,confirmed,TFLxNHunhEizmeEdiMyA3r2XGLSKaEznGd,CoinDCX,native,6,b0bde0e43ebf9f87ac74a32ebed0048924caa1deaf49bba9b663f3a41f697e9a,2025-06-03T16:51:06Z,True
TBTXQ3QXJf6ihmYy9srsoMTv2cFVfUhuWu,tron,CoinDCX,exchange,deposit,derived,sweep+gas,0.8075,"Sweep rule: forwarded 100% of the 255.31 USDT it received from 1 sender to CoinDCX wallet TU7BbA…vZbsFs (curated list) in 7 sweeps, typically 27 seconds after arrival. Gas rule: TFLxNH…aEznGd, labelled CoinDCX, sent the fee money for 6 of 7 sweeps. Both rules agree. Rule confidence 0.81, not calibrated.",,TU7BbAsb8t371eMijQeiGXsiLvY1vZbsFs,curated,USDT,1.0,255.313945,255.313945,7,1,7,27.0,confirmed,TFLxNHunhEizmeEdiMyA3r2XGLSKaEznGd,CoinDCX,native,6,540593c4f51e2808da1698fe16218098e52ed976d1c27b5137b336883c80aeb8,2025-06-02T06:28:06Z,True
TBUq951mriGJpDdRo4HG9XtAWJ1rQoGE5w,tron,CoinDCX,exchange,deposit,derived,sweep+gas,0.8075,"Sweep rule: forwarded 100% of the 368.98 USDT it received from 1 sender to CoinDCX wallet TU7BbA…vZbsFs (curated list) in 12 sweeps, typically 34 seconds after arrival. Gas rule: TFLxNH…aEznGd, labelled CoinDCX, sent the fee money for 11 of 12 sweeps. Both rules agree. Rule confidence 0.81, not calibrated.",,TU7BbAsb8t371eMijQeiGXsiLvY1vZbsFs,curated,USDT,1.0,368.980503,368.980503,12,1,12,34.5,confirmed,TFLxNHunhEizmeEdiMyA3r2XGLSKaEznGd,CoinDCX,native,11,21a88dfccaf6f418f47189c8a4e25c4660a127a10ae965b00224ddb5186223c1,2025-05-28T15:19:39Z,True
TBYgyyCefVstNxydeaL8HiY4wnyi9NWwNm,tron,CoinDCX,exchange,deposit,derived,sweep+gas,0.8075,"Sweep rule: forwarded 100% of the 94.18 USDT it received from 1 sender to CoinDCX wallet TU7BbA…vZbsFs (curated list) in 4 sweeps, typically 43 seconds after arrival. Gas rule: TFLxNH…aEznGd, labelled CoinDCX, sent the fee money for 3 of 4 sweeps. Both rules agree. Rule confidence 0.81, not calibrated.",,TU7BbAsb8t371eMijQeiGXsiLvY1vZbsFs,curated,USDT,1.0,94.181492,94.181492,4,1,4,43.5,confirmed,TFLxNHunhEizmeEdiMyA3r2XGLSKaEznGd,CoinDCX,native,3,25f795619e5ee61db1067c932177feba7310b6e12c8592bc789381bef147ce2f,2025-06-06T06:10:36Z,True
TBZ8qbgsn6bexMtKNq4Xh4PivPtv1HQJHv,tron,CoinDCX,exchange,deposit,derived,sweep+gas,0.8075,"Sweep rule: forwarded 100% of the 15 USDT it received from 1 sender to CoinDCX wallet TU7BbA…vZbsFs (curated list) in 1 sweep, typically 27 seconds after arrival. Gas rule: TFLxNH…aEznGd, labelled CoinDCX, sent the fee money for 1 of 1 sweep. Both rules agree. Rule confidence 0.81, not calibrated.",,TU7BbAsb8t371eMijQeiGXsiLvY1vZbsFs,curated,USDT,1.0,15.000000,15.000000,1,1,1,27.0,confirmed,TFLxNHunhEizmeEdiMyA3r2XGLSKaEznGd,CoinDCX,native,1,873d7f67f006e408a3f388dd57dcacd3ac7027056f76aaa28b1b5b9ce10c1277,2025-05-29T02:22:06Z,True
TBaZYenfohoqPeEqnDWwtZQZTgmB4kTbaC,tron,CoinDCX,exchange,deposit,derived,sweep+gas,0.8075,"Sweep rule: forwarded 100% of the 355.15 USDT it received from 1 sender to CoinDCX wallet TU7BbA…vZbsFs (curated list) in 9 sweeps, typically 30 seconds after arrival. Gas rule: TFLxNH…aEznGd, labelled CoinDCX, sent the fee money for 9 of 9 sweeps. Both rules agree. Rule confidence 0.81, not calibrated.",,TU7BbAsb8t371eMijQeiGXsiLvY1vZbsFs,curated,USDT,1.0,355.145931,355.145931,9,1,9,30.0,confirmed,TFLxNHunhEizmeEdiMyA3r2XGLSKaEznGd,CoinDCX,native,9,8fff76bce54be68a44b10130f31d81e8bf1f466223c0d5e4f37d9f99c6af78d2,2025-06-15T15:52:06Z,True
TBb2nrLgQzReuLSqQUMTjK3hZGCtTmzKjN,tron,CoinDCX,exchange,deposit,derived,sweep+gas,0.8075,"Sweep rule: forwarded 100% of the 78.57 USDT it received from 1 sender to CoinDCX wallet TU7BbA…vZbsFs (curated list) in 1 sweep, typically 27 seconds after arrival. Gas rule: TFLxNH…aEznGd, labelled CoinDCX, sent the fee money for 1 of 1 sweep. Both rules agree. Rule confidence 0.81, not calibrated.",,TU7BbAsb8t371eMijQeiGXsiLvY1vZbsFs,curated,USDT,1.0,78.570000,78.570000,1,1,1,27.0,confirmed,TFLxNHunhEizmeEdiMyA3r2XGLSKaEznGd,CoinDCX,native,1,886f1b192c77eeb8da5d9221fcaf3eb93bc23656771bf9bc4d769428c8429a73,2025-05-27T19:19:06Z,True
TBcj3N8ZaLiesAkP679feVPFLStcFZsyv1,tron,CoinDCX,exchange,deposit,derived,sweep+gas,0.8075,"Sweep rule: forwarded 100% of the 466.56 USDT it received from 1 sender to CoinDCX wallet TU7BbA…vZbsFs (curated list) in 13 sweeps, typically 28 seconds after arrival. Gas rule: TFLxNH…aEznGd, labelled CoinDCX, sent the fee money for 11 of 13 sweeps. Both rules agree. Rule confidence 0.81, not calibrated.",,TU7BbAsb8t371eMijQeiGXsiLvY1vZbsFs,curated,USDT,1.0,466.555309,466.555309,12,1,13,28.5,confirmed,TFLxNHunhEizmeEdiMyA3r2XGLSKaEznGd,CoinDCX,native,11,af8b4d25f5f5f0788cd0a4baf0b97d5f676f6954af2d455e7074a09da4557f75,2025-06-25T09:26:00Z,True
TBhUWCH9NzhLKxNv67p5GXyXa3S4jrDERC,tron,CoinDCX,exchange,deposit,derived,sweep+gas,0.8075,"Sweep rule: forwarded 100% of the 12.92 USDT it received from 1 sender to CoinDCX wallet TU7BbA…vZbsFs (curated list) in 1 sweep, typically 45 seconds after arrival. Gas rule: TFLxNH…aEznGd, labelled CoinDCX, sent the fee money for 1 of 1 sweep. Both rules agree. Rule confidence 0.81, not calibrated.",,TU7BbAsb8t371eMijQeiGXsiLvY1vZbsFs,curated,USDT,1.0,12.920644,12.920644,1,1,1,45.0,confirmed,TFLxNHunhEizmeEdiMyA3r2XGLSKaEznGd,CoinDCX,native,1,6b722101c1751d5d84305ecba56d196ac0fe170628eed8b195697ed92717bca3,2025-05-26T13:03:09Z,True
TBijWDPnES2FzXrDqQSvmroMETfYXEZrLF,tron,CoinDCX,exchange,deposit,derived,sweep+gas,0.8075,"Sweep rule: forwarded 100% of the 265.80 USDT it received from 1 sender to CoinDCX wallet TU7BbA…vZbsFs (curated list) in 1 sweep, typically 39 seconds after arrival. Gas rule: TFLxNH…aEznGd, labelled CoinDCX, sent the fee money for 1 of 1 sweep. Both rules agree. Rule confidence 0.81, not calibrated.",,TU7BbAsb8t371eMijQeiGXsiLvY1vZbsFs,curated,USDT,1.0,265.800000,265.800000,1,1,1,39.0,confirmed,TFLxNHunhEizmeEdiMyA3r2XGLSKaEznGd,CoinDCX,native,1,2613b34e3d98e742072fcbe57e7b028195b8948a28eeddd5e7964671b76c0a7a,2025-05-26T16:27:06Z,True
TBis5UVBd1BPFkj3tEckkKYdvPyNfJo1kF,tron,CoinDCX,exchange,deposit,derived,sweep+gas,0.8075,"Sweep rule: forwarded 100% of the 84.40 USDT it received from 1 sender to CoinDCX wallet TU7BbA…vZbsFs (curated list) in 4 sweeps, typically 33 seconds after arrival. Gas rule: TFLxNH…aEznGd, labelled CoinDCX, sent the fee money for 4 of 4 sweeps. Both rules agree. Rule confidence 0.81, not calibrated.",,TU7BbAsb8t371eMijQeiGXsiLvY1vZbsFs,curated,USDT,1.0,84.399631,84.399631,4,1,4,33.0,confirmed,TFLxNHunhEizmeEdiMyA3r2XGLSKaEznGd,CoinDCX,native,4,fb7d89cef77babb938081d9a8fef9105a9b8d3c98c288bfbfd11ed8d0f6b4c95,2025-06-05T06:04:06Z,True
TBjjoow1d4aX7CwbynckVpU5JKxLs9pUNz,tron,CoinDCX,exchange,deposit,derived,sweep+gas,0.8075,"Sweep rule: forwarded 100% of the 9.27 USDT it received from 1 sender to CoinDCX wallet TU7BbA…vZbsFs (curated list) in 1 sweep, typically 18 seconds after arrival. Gas rule: TFLxNH…aEznGd, labelled CoinDCX, sent the fee money for 1 of 1 sweep. Both rules agree. Rule confidence 0.81, not calibrated.",,TU7BbAsb8t371eMijQeiGXsiLvY1vZbsFs,curated,USDT,1.0,9.269535,9.269535,1,1,1,18.0,confirmed,TFLxNHunhEizmeEdiMyA3r2XGLSKaEznGd,CoinDCX,native,1,ad5d151515def29e8016dc29c13c8d99acfb418dadfe99d55fc0cf40d5ef8c3a,2025-05-29T09:24:06Z,True
TBmykp715341tLUqQYAUEsonmiVnVGDK9E,tron,CoinDCX,exchange,deposit,derived,sweep+gas,0.8075,"Sweep rule: forwarded 100% of the 160.10 USDT it received from 1 sender to CoinDCX wallet TU7BbA…vZbsFs (curated list) in 7 sweeps, typically 24 seconds after arrival. Gas rule: TFLxNH…aEznGd, labelled CoinDCX, sent the fee money for 7 of 7 sweeps. Both rules agree. Rule confidence 0.81, not calibrated.",,TU7BbAsb8t371eMijQeiGXsiLvY1vZbsFs,curated,USDT,1.0,160.104695,160.104695,7,1,7,24.0,confirmed,TFLxNHunhEizmeEdiMyA3r2XGLSKaEznGd,CoinDCX,native,7,00ad52ee5fd1cce0468536c433b100b893bab5fc41b96ad2a6fea6d7b1b30edc,2025-06-01T19:30:06Z,True
TBnDozqQkgwAxjNS5Nh2mppgEtC55CwH69,tron,CoinDCX,exchange,deposit,derived,sweep+gas,0.8075,"Sweep rule: forwarded 93% of the 3,112.84 USDT it received from 10 senders to CoinDCX wallet TU7BbA…vZbsFs (curated list) in 24 sweeps, typically 36 seconds after arrival. Only its first 50 transfers since 2025-05-18 were read; what it did later is not covered. Its gas listing was not read to the end. Gas rule: TFLxNH…aEznGd, labelled CoinDCX, sent the fee money for 17 of 24 sweeps. Both rules agree. Rule confidence 0.81, not calibrated.",,TU7BbAsb8t371eMijQeiGXsiLvY1vZbsFs,curated,USDT,0.9293,3112.844777,2892.844777,26,10,24,36.0,confirmed,TFLxNHunhEizmeEdiMyA3r2XGLSKaEznGd,CoinDCX,native,17,749f01cb22717d5b5efd0ce6992782c0210fc7e32fd21e8e3c6227d7894bde33,2025-11-18T12:20:06Z,False
TBnUsGvraBR7nkPcLQohtTE1MZ1szCn11t,tron,CoinDCX,exchange,deposit,derived,sweep+gas,0.8075,"Sweep rule: forwarded 100% of the 21.24 USDT it received from 1 sender to CoinDCX wallet TU7BbA…vZbsFs (curated list) in 1 sweep, typically 42 seconds after arrival. Gas rule: TFLxNH…aEznGd, labelled CoinDCX, sent the fee money for 1 of 1 sweep. Both rules agree. Rule confidence 0.81, not calibrated.",,TU7BbAsb8t371eMijQeiGXsiLvY1vZbsFs,curated,USDT,1.0,21.240000,21.240000,1,1,1,42.0,confirmed,TFLxNHunhEizmeEdiMyA3r2XGLSKaEznGd,CoinDCX,native,1,2bdef95e4ef3feb1959f1797f24a3725591bcedbe43dd48a26d3b5628da3a6b1,2025-05-26T07:37:39Z,True
TBnqtWypEChm1vxnH88EwpT9SRe8g8nYJu,tron,CoinDCX,exchange,deposit,derived,sweep,0.68,"Sweep rule: forwarded 99% of the 2.83 USDT it received from 1 sender to CoinDCX wallet TFLxNH…aEznGd (curated list) in 2 sweeps, typically 3 seconds after arrival. Gas rule: TPwqVN…XucS6t, not labelled, paid the energy for 2 of 2 sweeps. Sweep rule only. Rule confidence 0.68, not calibrated.",,TFLxNHunhEizmeEdiMyA3r2XGLSKaEznGd,curated,USDT,1.0,2.830766,2.830666,2,1,2,3.0,unlabelled,TPwqVNwzU4kBA92NeAgfHQu28XSdXucS6t,,energy,2,31738835c74f324f6822d5fa19575efdd16daad526c6e22cd511920a13edaace,2025-11-29T06:09:36Z,True
TBvnVJSWx5kkauVS3kbLU3syNNBpoLFH1b,tron,CoinDCX,exchange,deposit,derived,sweep+gas,0.8075,"Sweep rule: forwarded 100% of the 27 USDT it received from 1 sender to CoinDCX wallet TU7BbA…vZbsFs (curated list) in 1 sweep, typically 27 seconds after arrival. Gas rule: TFLxNH…aEznGd, labelled CoinDCX, sent the fee money for 1 of 1 sweep. Both rules agree. Rule confidence 0.81, not calibrated.",,TU7BbAsb8t371eMijQeiGXsiLvY1vZbsFs,curated,USDT,1.0,27.000000,27.000000,1,1,1,27.0,confirmed,TFLxNHunhEizmeEdiMyA3r2XGLSKaEznGd,CoinDCX,native,1,ad0b630b08f2de55bcf62cadc1050e7ea952f8ed6523ad0abc82f53aa35cc69f,2025-05-28T13:34:36Z,True
TBwCVTxgphWctpizwpVmB3qxvtjbrpef8G,tron,CoinDCX,exchange,deposit,derived,sweep+gas,0.8075,"Sweep rule: forwarded 100% of the 160.50 USDT it received from 2 senders to CoinDCX wallet TU7BbA…vZbsFs (curated list) in 2 sweeps, typically 37 seconds after arrival. Gas rule: TFLxNH…aEznGd, labelled CoinDCX, sent the fee money for 2 of 2 sweeps. Both rules agree. Rule confidence 0.81, not calibrated.",,TU7BbAsb8t371eMijQeiGXsiLvY1vZbsFs,curated,USDT,1.0,160.504000,160.504000,2,2,2,37.5,confirmed,TFLxNHunhEizmeEdiMyA3r2XGLSKaEznGd,CoinDCX,native,2,10b5a71cff83c9d65c5747ad6c13217651980f963da579a1f14b46a7df335dfe,2025-06-02T15:50:36Z,True
TC3JbemaonTXozMT4KYoma8TdK9XEjZPFs,tron,CoinDCX,exchange,deposit,derived,sweep+gas,0.8075,"Sweep rule: forwarded 100% of the 81.82 USDT it received from 1 sender to CoinDCX wallet TU7BbA…vZbsFs (curated list) in 4 sweeps, typically 40 seconds after arrival. Gas rule: TFLxNH…aEznGd, labelled CoinDCX, sent the fee money for 4 of 4 sweeps. Both rules agree. Rule confidence 0.81, not calibrated.",,TU7BbAsb8t371eMijQeiGXsiLvY1vZbsFs,curated,USDT,1.0,81.817922,81.817922,4,1,4,40.5,confirmed,TFLxNHunhEizmeEdiMyA3r2XGLSKaEznGd,CoinDCX,native,4,ca5ef2a9ad9e1f321eaa7c52be4f19fd0420618533df34ad4abfcf2e83fd5ad6,2025-05-28T14:17:06Z,True
TC7DYx13afkiuunhJWev96QrQXyyv6b3nd,tron,CoinDCX,exchange,deposit,derived,sweep+gas,0.8075,"Sweep rule: forwarded 100% of the 108 USDT it received from 2 senders to CoinDCX wallet TU7BbA…vZbsFs (curated list) in 2 sweeps, typically 33 seconds after arrival. Gas rule: TFLxNH…aEznGd, labelled CoinDCX, sent the fee money for 2 of 2 sweeps. Both rules agree. Rule confidence 0.81, not calibrated.",,TU7BbAsb8t371eMijQeiGXsiLvY1vZbsFs,curated,USDT,1.0,108.000000,108.000000,2,2,2,33.0,confirmed,TFLxNHunhEizmeEdiMyA3r2XGLSKaEznGd,CoinDCX,native,2,718099f8c733220468c50761d58d6922746f59cdbe28c4a11b0b7929fcfbff35,2025-05-29T18:16:36Z,True
TC8GKcC8bC19XVURN3vitGd5bpYP7SgQTt,tron,CoinDCX,exchange,deposit,derived,sweep+gas,0.8075,"Sweep rule: forwarded 100% of the 37.41 USDT it received from 1 sender to CoinDCX wallet TU7BbA…vZbsFs (curated list) in 1 sweep, typically 39 seconds after arrival. Gas rule: TFLxNH…aEznGd, labelled CoinDCX, sent the fee money for 1 of 1 sweep. Both rules agree. Rule confidence 0.81, not calibrated.",,TU7BbAsb8t371eMijQeiGXsiLvY1vZbsFs,curated,USDT,1.0,37.414494,37.414494,1,1,1,39.0,confirmed,TFLxNHunhEizmeEdiMyA3r2XGLSKaEznGd,CoinDCX,native,1,dbb6f677bd203dea87dcbcfceff7ab40a9766a5fb6b8ce1242ff1038615f036f,2025-05-26T17:04:06Z,True
TCEbsH7waj9woPW7KSCDircdLWgYatXkY4,tron,CoinDCX,exchange,deposit,derived,sweep+gas,0.8075,"Sweep rule: forwarded 100% of the 747.10 USDT it received from 1 sender to CoinDCX wallet TU7BbA…vZbsFs (curated list) in 14 sweeps, typically 34 seconds after arrival. Gas rule: TFLxNH…aEznGd, labelled CoinDCX, sent the fee money for 12 of 14 sweeps. Both rules agree. Rule confidence 0.81, not calibrated.",,TU7BbAsb8t371eMijQeiGXsiLvY1vZbsFs,curated,USDT,1.0,747.100000,747.100000,14,1,14,34.5,confirmed,TFLxNHunhEizmeEdiMyA3r2XGLSKaEznGd,CoinDCX,native,12,22300478672e0f9068a4da6645b63c54a8b16fc83ecb55b2d8d712d981cab403,2025-06-16T04:10:36Z,True
TCH4Sx742xQAggqrGE7Mk5qwQRW3gRKzKN,tron,CoinDCX,exchange,deposit,derived,sweep+gas,0.8075,"Sweep rule: forwarded 100% of the 600.78 USDT it received from 1 sender to CoinDCX wallet TU7BbA…vZbsFs (curated list) in 3 sweeps, typically 39 seconds after arrival. Gas rule: TFLxNH…aEznGd, labelled CoinDCX, sent the fee money for 3 of 3 sweeps. Both rules agree. Rule confidence 0.81, not calibrated.",,TU7BbAsb8t371eMijQeiGXsiLvY1vZbsFs,curated,USDT,1.0,600.776380,600.776380,3,1,3,39.0,confirmed,TFLxNHunhEizmeEdiMyA3r2XGLSKaEznGd,CoinDCX,native,3,7b0fc35d010a854444ce2288208558fbc18e1fd6c8510e348631aaaa1e428793,2025-05-30T08:35:36Z,True
TCHLhdBkgAz8m6HXdxuwkjyqyiP8BGyUYF,tron,CoinDCX,exchange,deposit,derived,sweep+gas,0.8075,"Sweep rule: forwarded 100% of the 147.28 USDT it received from 1 sender to CoinDCX wallet TU7BbA…vZbsFs (curated list) in 6 sweeps, typically 33 seconds after arrival. Gas rule: TFLxNH…aEznGd, labelled CoinDCX, sent the fee money for 5 of 6 sweeps. Both rules agree. Rule confidence 0.81, not calibrated.",,TU7BbAsb8t371eMijQeiGXsiLvY1vZbsFs,curated,USDT,1.0,147.278648,147.278648,6,1,6,33.0,confirmed,TFLxNHunhEizmeEdiMyA3r2XGLSKaEznGd,CoinDCX,native,5,9b7de9fb94eed3bd049372884a8fb9d18ed251ce468d1a5c9b5bfa8a2dd2520a,2025-05-30T04:49:06Z,True
TCTtgkLL2MpGKHw52fVEuernCB8et8mdq9,tron,CoinDCX,exchange,deposit,derived,sweep+gas,0.8075,"Sweep rule: forwarded 100% of the 39.84 USDT it received from 1 sender to CoinDCX wallet TU7BbA…vZbsFs (curated list) in 1 sweep, typically 27 seconds after arrival. Gas rule: TFLxNH…aEznGd, labelled CoinDCX, sent the fee money for 1 of 1 sweep. Both rules agree. Rule confidence 0.81, not calibrated.",,TU7BbAsb8t371eMijQeiGXsiLvY1vZbsFs,curated,USDT,1.0,39.842432,39.842432,1,1,1,27.0,confirmed,TFLxNHunhEizmeEdiMyA3r2XGLSKaEznGd,CoinDCX,native,1,e30572398514b9db79d2d5b8bb0e0e6840ede7847d267e7bc78f7d593f5256c5,2025-05-30T13:38:06Z,True
TCUFjAMfxqYvhk23LrfDKKcLffy2fhtzd1,tron,CoinDCX,exchange,deposit,derived,sweep+gas,0.8075,"Sweep rule: forwarded 100% of the 61.30 USDT it received from 1 sender to CoinDCX wallet TU7BbA…vZbsFs (curated list) in 4 sweeps, typically 25 seconds after arrival. Gas rule: TFLxNH…aEznGd, labelled CoinDCX, sent the fee money for 4 of 4 sweeps. Both rules agree. Rule confidence 0.81, not calibrated.",,TU7BbAsb8t371eMijQeiGXsiLvY1vZbsFs,curated,USDT,1.0,61.302522,61.302522,4,1,4,25.5,confirmed,TFLxNHunhEizmeEdiMyA3r2XGLSKaEznGd,CoinDCX,native,4,abf14967b2aa659fc423eb9411b2376ddd5e51865ed85de835afdf914b3720e2,2025-05-28T00:57:06Z,True
TCVmETTjAPDki67NPPL7YU4oUfViNhFdu4,tron,CoinDCX,exchange,deposit,derived,sweep+gas,0.8075,"Sweep rule: forwarded 100% of the 2,225 USDT it received from 4 senders to CoinDCX wallet TU7BbA…vZbsFs (curated list) in 6 sweeps, typically 37 seconds after arrival. Gas rule: TFLxNH…aEznGd, labelled CoinDCX, sent the fee money for 6 of 6 sweeps. Both rules agree. Rule confidence 0.81, not calibrated.",,TU7BbAsb8t371eMijQeiGXsiLvY1vZbsFs,curated,USDT,1.0,2225.000000,2225.000000,6,4,6,37.5,confirmed,TFLxNHunhEizmeEdiMyA3r2XGLSKaEznGd,CoinDCX,native,6,adc7f29cfaed59d3a602fc5eed3945a65908b216529d1825b55bc81c4ad8ba52,2025-06-02T15:17:09Z,True
TCZcproTRUrhwmnw5sh7JYTe7zhGGejwkd,tron,CoinDCX,exchange,deposit,derived,sweep+gas,0.8075,"Sweep rule: forwarded 100% of the 4,954 USDT it received from 3 senders to CoinDCX wallet TU7BbA…vZbsFs (curated list) in 23 sweeps, typically 40 seconds after arrival. Only its first 50 transfers since 2025-05-18 were read; what it did later is not covered. Its gas listing was not read to the end. Gas rule: TFLxNH…aEznGd, labelled CoinDCX, sent the fee money for 14 of 23 sweeps. Both rules agree. Rule confidence 0.81, not calibrated.",,TU7BbAsb8t371eMijQeiGXsiLvY1vZbsFs,curated,USDT,1.0,4954.000000,4954.000000,23,3,23,40.5,confirmed,TFLxNHunhEizmeEdiMyA3r2XGLSKaEznGd,CoinDCX,native,14,7df2af003af5b2205d6ea22c046d942d241e32e5d984bd3bf13ab405abc1154d,2026-01-14T12:05:06Z,False
TCcNWte2ykQgTxv7qynPKWmW5mwNA4Vd93,tron,CoinDCX,exchange,deposit,derived,sweep+gas,0.8075,"Sweep rule: forwarded 100% of the 2,824.28 USDT it received from 22 senders to CoinDCX wallet TU7BbA…vZbsFs (curated list) in 25 sweeps, typically 33 seconds after arrival. Only its first 50 transfers since 2025-05-18 were read; what it did later is not covered. Its gas listing was not read to the end. Gas rule: TFLxNH…aEznGd, labelled CoinDCX, sent the fee money for 14 of 25 sweeps. Both rules agree. Rule confidence 0.81, not calibrated.",,TU7BbAsb8t371eMijQeiGXsiLvY1vZbsFs,curated,USDT,1.0,2824.280000,2824.280000,25,22,25,33.0,confirmed,TFLxNHunhEizmeEdiMyA3r2XGLSKaEznGd,CoinDCX,native,14,96a01db9b1ffbe557d3ca45405cf2a838639912195943522afecf2a13f5f6b88,2025-06-08T01:31:36Z,False
TCf9P9M5GQYBuoWwBSYTDPTtdM8x8bqW7k,tron,CoinDCX,exchange,deposit,derived,sweep+gas,0.8075,"Sweep rule: forwarded 100% of the 58 USDT it received from 1 sender to CoinDCX wallet TU7BbA…vZbsFs (curated list) in 1 sweep, typically 42 seconds after arrival. Gas rule: TFLxNH…aEznGd, labelled CoinDCX, sent the fee money for 1 of 1 sweep. Both rules agree. Rule confidence 0.81, not calibrated.",,TU7BbAsb8t371eMijQeiGXsiLvY1vZbsFs,curated,USDT,1.0,58.000000,58.000000,1,1,1,42.0,confirmed,TFLxNHunhEizmeEdiMyA3r2XGLSKaEznGd,CoinDCX,native,1,ee189e46b409c8869920fcac5539cd025d19e85f2a443f2aacb2fbea046b6884,2025-05-25T20:05:36Z,True
TCjuEyri3LFMS13zc44XmVUphuw3Pmk8W3,tron,CoinDCX,exchange,deposit,derived,sweep+gas,0.8075,"Sweep rule: forwarded 100% of the 232 USDT it received from 1 sender to CoinDCX wallet TU7BbA…vZbsFs (curated list) in 10 sweeps, typically 34 seconds after arrival. Gas rule: TFLxNH…aEznGd, labelled CoinDCX, sent the fee money for 10 of 10 sweeps. Both rules agree. Rule confidence 0.81, not calibrated.",,TU7BbAsb8t371eMijQeiGXsiLvY1vZbsFs,curated,USDT,1.0,232.000000,232.000000,10,1,10,34.5,confirmed,TFLxNHunhEizmeEdiMyA3r2XGLSKaEznGd,CoinDCX,native,10,7060be47469efdaf579dc85daefbcc27d58e38b6cb211f364eee6e0108dfe02e,2025-05-26T10:28:36Z,True
TCkwjv6gnApXiNkstk3xT7e6ErwstSKE2o,tron,CoinDCX,exchange,deposit,derived,sweep+gas,0.8075,"Sweep rule: forwarded 100% of the 1,180 USDT it received from 4 senders to CoinDCX wallet TU7BbA…vZbsFs (curated list) in 4 sweeps, typically 31 seconds after arrival. Gas rule: TFLxNH…aEznGd, labelled CoinDCX, sent the fee money for 4 of 4 sweeps. Both rules agree. Rule confidence 0.81, not calibrated.",,TU7BbAsb8t371eMijQeiGXsiLvY1vZbsFs,curated,USDT,1.0,1180.000000,1180.000000,4,4,4,31.5,confirmed,TFLxNHunhEizmeEdiMyA3r2XGLSKaEznGd,CoinDCX,native,4,d04aeec74048a11f42278cfc7005815994a875b87c880b572fc7feba72320d92,2025-06-17T15:02:06Z,True
TCq3Ajh7DD353m9LXbVNAr8wpHFzFtyNfQ,tron,CoinDCX,exchange,deposit,derived,sweep+gas,0.8075,"Sweep rule: forwarded 100% of the 292.43 USDT it received from 1 sender to CoinDCX wallet TU7BbA…vZbsFs (curated list) in 11 sweeps, typically 36 seconds after arrival. Gas rule: TFLxNH…aEznGd, labelled CoinDCX, sent the fee money for 11 of 11 sweeps. Both rules agree. Rule confidence 0.81, not calibrated.",,TU7BbAsb8t371eMijQeiGXsiLvY1vZbsFs,curated,USDT,1.0,292.429148,292.429148,11,1,11,36.0,confirmed,TFLxNHunhEizmeEdiMyA3r2XGLSKaEznGd,CoinDCX,native,11,31057586e2cf947405082820aa56f59dc7969072fba5f3ed2d9f5e2b9672da39,2025-06-04T04:19:36Z,True
TCquPmP78koNPwfyW9yechNS1n6AjqULqq,tron,CoinDCX,exchange,deposit,derived,sweep+gas,0.8075,"Sweep rule: forwarded 100% of the 737.97 USDT it received from 8 senders to CoinDCX wallet TU7BbA…vZbsFs (curated list) in 25 sweeps, typically 39 seconds after arrival. Only its first 50 transfers since 2025-05-18 were read; what it did later is not covered. Its gas listing was not read to the end. Gas rule: TFLxNH…aEznGd, labelled CoinDCX, sent the fee money for 22 of 25 sweeps. Both rules agree. Rule confidence 0.81, not calibrated.",,TU7BbAsb8t371eMijQeiGXsiLvY1vZbsFs,curated,USDT,1.0,737.969998,737.969998,25,8,25,39.0,confirmed,TFLxNHunhEizmeEdiMyA3r2XGLSKaEznGd,CoinDCX,native,22,5904eecd47a91b30e8b14a125e186d87468f66c45e8f43bb2937e7202a01d0da,2025-06-26T16:22:39Z,False
TCukS2d37ELfsH6vqJTft27BngdD9z11mD,tron,CoinDCX,exchange,deposit,derived,sweep+gas,0.8075,"Sweep rule: forwarded 99% of the 823.39 USDT it received from 21 senders to CoinDCX wallet TU7BbA…vZbsFs (curated list) in 24 sweeps, typically 30 seconds after arrival. Only its first 50 transfers since 2025-05-18 were read; what it did later is not covered. Its gas listing was not read to the end. Gas rule: TFLxNH…aEznGd, labelled CoinDCX, sent the fee money for 15 of 24 sweeps. Both rules agree. Rule confidence 0.81, not calibrated.",,TU7BbAsb8t371eMijQeiGXsiLvY1vZbsFs,curated,USDT,0.9872,823.390000,812.860000,25,21,24,30.0,confirmed,TFLxNHunhEizmeEdiMyA3r2XGLSKaEznGd,CoinDCX,native,15,5df7992245a30286a3ad685c419d7bd801a15a91f3c6cdbedf93f62db0c76f31,2025-09-19T23:53:36Z,False
TCw8j3nQFnRDMUW2SeNbAgjnVKpELLcoV5,tron,CoinDCX,exchange,deposit,derived,sweep+gas,0.8075,"Sweep rule: forwarded 100% of the 847,730 USDT it received from 2 senders to CoinDCX wallet TU7BbA…vZbsFs (curated list) in 22 sweeps, typically 33 seconds after arrival. Its gas listing was not read to the end. Gas rule: TFLxNH…aEznGd, labelled CoinDCX, sent the fee money for 7 of 22 sweeps. Both rules agree. Rule confidence 0.81, not calibrated.",,TU7BbAsb8t371eMijQeiGXsiLvY1vZbsFs,curated,USDT,1.0,847730.000000,847730.000000,22,2,22,33.0,confirmed,TFLxNHunhEizmeEdiMyA3r2XGLSKaEznGd,CoinDCX,native,7,1878e14b6c3b9a8f72b63f69276cd838ee349b03861e6710a96f0793854b7df4,2025-12-12T16:36:06Z,False
TCwV9hCS8wq4rn6huFDhuUMJ13YGBeBbpG,tron,CoinDCX,exchange,deposit,derived,sweep+gas,0.8075,"Sweep rule: forwarded 100% of the 23.37 USDT it received from 1 sender to CoinDCX wallet TU7BbA…vZbsFs (curated list) in 1 sweep, typically 48 seconds after arrival. Gas rule: TFLxNH…aEznGd, labelled CoinDCX, sent the fee money for 1 of 1 sweep. Both rules agree. Rule confidence 0.81, not calibrated.",,TU7BbAsb8t371eMijQeiGXsiLvY1vZbsFs,curated,USDT,1.0,23.370000,23.370000,1,1,1,48.0,confirmed,TFLxNHunhEizmeEdiMyA3r2XGLSKaEznGd,CoinDCX,native,1,0575093f071b63214daccab818437a7cf6321d3cca7dc47274689d239360f64f,2025-05-28T11:31:36Z,True
TCyxyGXV2vr3SBC13xV646naRBe3pv1S6d,tron,CoinDCX,exchange,deposit,derived,sweep+gas,0.8075,"Sweep rule: forwarded 100% of the 95.20 USDT it received from 1 sender to CoinDCX wallet TU7BbA…vZbsFs (curated list) in 6 sweeps, typically 33 seconds after arrival. Gas rule: TFLxNH…aEznGd, labelled CoinDCX, sent the fee money for 6 of 6 sweeps. Both rules agree. Rule confidence 0.81, not calibrated.",,TU7BbAsb8t371eMijQeiGXsiLvY1vZbsFs,curated,USDT,1.0,95.197388,95.197388,6,1,6,33.0,confirmed,TFLxNHunhEizmeEdiMyA3r2XGLSKaEznGd,CoinDCX,native,6,6a836e04bb8945715f8cc0d02dbf954bce65cba33b647a04dc2e4cdce28a5db8,2025-05-28T09:23:36Z,True
TCzZhs7Dn4MGBMDctBN3E97RDEGWZVxzbJ,tron,CoinDCX,exchange,deposit,derived,sweep+gas,0.8075,"Sweep rule: forwarded 100% of the 309.24 USDT it received from 1 sender to CoinDCX wallet TU7BbA…vZbsFs (curated list) in 13 sweeps, typically 36 seconds after arrival. Gas rule: TFLxNH…aEznGd, labelled CoinDCX, sent the fee money for 11 of 13 sweeps. Both rules agree. Rule confidence 0.81, not calibrated.",,TU7BbAsb8t371eMijQeiGXsiLvY1vZbsFs,curated,USDT,1.0,309.239442,309.239442,13,1,13,36.0,confirmed,TFLxNHunhEizmeEdiMyA3r2XGLSKaEznGd,CoinDCX,native,11,168f2c80e8cacc027bc2b32c425e3e4cab7f11c43bf0f35c31d9397444acfa6c,2025-06-04T06:04:39Z,True
TD7c7pAsz3W8t7sSx7Y1V9BXsZij6z6ZXa,tron,CoinDCX,exchange,deposit,derived,sweep+gas,0.8075,"Sweep rule: forwarded 100% of the 110 USDT it received from 1 sender to CoinDCX wallet TU7BbA…vZbsFs (curated list) in 1 sweep, typically 33 seconds after arrival. Gas rule: TFLxNH…aEznGd, labelled CoinDCX, sent the fee money for 1 of 1 sweep. Both rules agree. Rule confidence 0.81, not calibrated.",,TU7BbAsb8t371eMijQeiGXsiLvY1vZbsFs,curated,USDT,1.0,110.000000,110.000000,1,1,1,33.0,confirmed,TFLxNHunhEizmeEdiMyA3r2XGLSKaEznGd,CoinDCX,native,1,0adfb43e83eac876b849f94573f13eac4818835e2a25298f3e6132255641f107,2025-05-29T10:10:06Z,True
TDA4RpVHp7JMfDPQYY75815Bz7PrAVAkx7,tron,CoinDCX,exchange,deposit,derived,sweep+gas,0.8075,"Sweep rule: forwarded 100% of the 11.76 USDT it received from 1 sender to CoinDCX wallet TU7BbA…vZbsFs (curated list) in 1 sweep, typically 36 seconds after arrival. Gas rule: TFLxNH…aEznGd, labelled CoinDCX, sent the fee money for 1 of 1 sweep. Both rules agree. Rule confidence 0.81, not calibrated.",,TU7BbAsb8t371eMijQeiGXsiLvY1vZbsFs,curated,USDT,1.0,11.756824,11.756824,1,1,1,36.0,confirmed,TFLxNHunhEizmeEdiMyA3r2XGLSKaEznGd,CoinDCX,native,1,16b8c9a598339c99154ff5851b42587f37c8e3d565a208ddc1e794b17690bb9d,2025-05-25T14:27:36Z,True
TDAQYnX9eVaDmBGqQpdEmNfXDa7hsNaqL2,tron,CoinDCX,exchange,deposit,derived,sweep+gas,0.8075,"Sweep rule: forwarded 100% of the 399 USDT it received from 1 sender to CoinDCX wallet TU7BbA…vZbsFs (curated list) in 5 sweeps, typically 39 seconds after arrival. Gas rule: TFLxNH…aEznGd, labelled CoinDCX, sent the fee money for 5 of 5 sweeps. Both rules agree. Rule confidence 0.81, not calibrated.",,TU7BbAsb8t371eMijQeiGXsiLvY1vZbsFs,curated,USDT,1.0,399.000000,399.000000,5,1,5,39.0,confirmed,TFLxNHunhEizmeEdiMyA3r2XGLSKaEznGd,CoinDCX,native,5,c5c669a6470f3907f3631eace4b94dab0e89c648207ca76d447ac977d2bf6358,2025-06-09T21:19:36Z,True
TDAnfwYS9EiaaUYKZsGuCG2synAGjwGERf,tron,CoinDCX,exchange,deposit,derived,sweep+gas,0.8075,"Sweep rule: forwarded 100% of the 458.43 USDT it received from 8 senders to CoinDCX wallet TU7BbA…vZbsFs (curated list) in 20 sweeps, typically 34 seconds after arrival. Gas rule: TFLxNH…aEznGd, labelled CoinDCX, sent the fee money for 18 of 20 sweeps. Both rules agree. Rule confidence 0.81, not calibrated.",,TU7BbAsb8t371eMijQeiGXsiLvY1vZbsFs,curated,USDT,1.0,458.430000,458.430000,20,8,20,34.5,confirmed,TFLxNHunhEizmeEdiMyA3r2XGLSKaEznGd,CoinDCX,native,18,ba0872766b34630e8194d8bd9432bfce7c7c75e53c50cc7290a0bd53a84e15a7,2025-08-14T02:35:36Z,True
TDBbYc2ir7XXnbsmZwwautcVfZF9sryM3b,tron,CoinDCX,exchange,deposit,derived,sweep+gas,0.8075,"Sweep rule: forwarded 100% of the 355.89 USDT it received from 2 senders to CoinDCX wallet TU7BbA…vZbsFs (curated list) in 2 sweeps, typically 39 seconds after arrival. Gas rule: TFLxNH…aEznGd, labelled CoinDCX, sent the fee money for 2 of 2 sweeps. Both rules agree. Rule confidence 0.81, not calibrated.",,TU7BbAsb8t371eMijQeiGXsiLvY1vZbsFs,curated,USDT,1.0,355.890576,355.890576,2,2,2,39.0,confirmed,TFLxNHunhEizmeEdiMyA3r2XGLSKaEznGd,CoinDCX,native,2,a8da691eb986c1a2cbe0f83cf79a4ff1af0fe67255d3f9af316766c627657f36,2025-06-08T13:25:36Z,True
TDBeA6HTsfPX4PcnWxxX8JZU4idi5ntvyY,tron,CoinDCX,exchange,deposit,derived,sweep+gas,0.8075,"Sweep rule: forwarded 100% of the 398.93 USDT it received from 2 senders to CoinDCX wallet TU7BbA…vZbsFs (curated list) in 2 sweeps, typically 55 seconds after arrival. Gas rule: TFLxNH…aEznGd, labelled CoinDCX, sent the fee money for 2 of 2 sweeps. Both rules agree. Rule confidence 0.81, not calibrated.",,TU7BbAsb8t371eMijQeiGXsiLvY1vZbsFs,curated,USDT,1.0,398.930000,398.930000,2,2,2,55.5,confirmed,TFLxNHunhEizmeEdiMyA3r2XGLSKaEznGd,CoinDCX,native,2,3e475d38f7a100b1be794512da0f6fabff2a4e3b5f9806b77a5bc12897266a8b,2025-05-30T10:24:36Z,True
TDCgQn8QAtgCi3sEvfvxrQKG1dGU4aVouT,tron,CoinDCX,exchange,deposit,derived,sweep+gas,0.8075,"Sweep rule: forwarded 100% of the 76.18 USDT it received from 3 senders to CoinDCX wallet TU7BbA…vZbsFs (curated list) in 5 sweeps, typically 27 seconds after arrival. Gas rule: TFLxNH…aEznGd, labelled CoinDCX, sent the fee money for 5 of 5 sweeps. Both rules agree. Rule confidence 0.81, not calibrated.",,TU7BbAsb8t371eMijQeiGXsiLvY1vZbsFs,curated,USDT,1.0,76.180000,76.180000,5,3,5,27.0,confirmed,TFLxNHunhEizmeEdiMyA3r2XGLSKaEznGd,CoinDCX,native,5,06f545e58df31fc73ba4f2fa0428f14ca5cef402527efea06babb7158e3b5a59,2025-05-31T10:50:36Z,True
TDE1Ynq77DAhPYRRjpBrRqR5RPjrZmSqE4,tron,CoinDCX,exchange,deposit,derived,sweep+gas,0.8075,"Sweep rule: forwarded 100% of the 596.39 USDT it received from 1 sender to CoinDCX wallet TU7BbA…vZbsFs (curated list) in 8 sweeps, typically 31 seconds after arrival. Gas rule: TFLxNH…aEznGd, labelled CoinDCX, sent the fee money for 8 of 8 sweeps. Both rules agree. Rule confidence 0.81, not calibrated.",,TU7BbAsb8t371eMijQeiGXsiLvY1vZbsFs,curated,USDT,1.0,596.394753,596.394753,8,1,8,31.5,confirmed,TFLxNHunhEizmeEdiMyA3r2XGLSKaEznGd,CoinDCX,native,8,df9423fcd0cc1961945d202c4270da825bb12d778f41ffeecf513f8fb7b76444,2025-06-04T21:29:36Z,True
TDGv7JDQdNvosgFPdctpmRndZ7f42HJiC7,tron,CoinDCX,exchange,deposit,derived,sweep+gas,0.8075,"Sweep rule: forwarded 100% of the 99.54 USDT it received from 1 sender to CoinDCX wallet TU7BbA…vZbsFs (curated list) in 6 sweeps, typically 42 seconds after arrival. Gas rule: TFLxNH…aEznGd, labelled CoinDCX, sent the fee money for 6 of 6 sweeps. Both rules agree. Rule confidence 0.81, not calibrated.",,TU7BbAsb8t371eMijQeiGXsiLvY1vZbsFs,curated,USDT,1.0,99.540000,99.540000,6,1,6,42.0,confirmed,TFLxNHunhEizmeEdiMyA3r2XGLSKaEznGd,CoinDCX,native,6,2b0b0a2debb4138713e06fcd6ad9e79ab6c5026ac0458f902be0b4da3d9eb5f0,2025-05-27T08:54:06Z,True
TDQuE5eaVnmD9r16FJ4kXYPZup1tAV9w4y,tron,CoinDCX,exchange,deposit,derived,sweep+gas,0.8075,"Sweep rule: forwarded 100% of the 126 USDT it received from 2 senders to CoinDCX wallet TU7BbA…vZbsFs (curated list) in 5 sweeps, typically 30 seconds after arrival. Gas rule: TFLxNH…aEznGd, labelled CoinDCX, sent the fee money for 4 of 5 sweeps. Both rules agree. Rule confidence 0.81, not calibrated.",,TU7BbAsb8t371eMijQeiGXsiLvY1vZbsFs,curated,USDT,1.0,126.000000,126.000000,5,2,5,30.0,confirmed,TFLxNHunhEizmeEdiMyA3r2XGLSKaEznGd,CoinDCX,native,4,537a636d94200f9c52f79822b8aa548ec59779af875957589675f2e7ac023ea9,2025-06-09T04:27:06Z,True
TDQxgbGJHcb6Zy5maahtaq2sggoy8weWj8,tron,CoinDCX,exchange,deposit,derived,sweep+gas,0.8075,"Sweep rule: forwarded 100% of the 21.70 USDT it received from 1 sender to CoinDCX wallet TU7BbA…vZbsFs (curated list) in 1 sweep, typically 27 seconds after arrival. Gas rule: TFLxNH…aEznGd, labelled CoinDCX, sent the fee money for 1 of 1 sweep. Both rules agree. Rule confidence 0.81, not calibrated.",,TU7BbAsb8t371eMijQeiGXsiLvY1vZbsFs,curated,USDT,1.0,21.695560,21.695560,1,1,1,27.0,confirmed,TFLxNHunhEizmeEdiMyA3r2XGLSKaEznGd,CoinDCX,native,1,8e9e587ba4b68e3b6bcc3205d11de4e54428848c510e4c9a4228bab100cd3b9a,2025-05-28T02:45:06Z,True
TDZGQWcFBGqdtj2DecVkQGYn6edZS5uWSS,tron,CoinDCX,exchange,deposit,derived,sweep+gas,0.8075,"Sweep rule: forwarded 100% of the 4,302.62 USDT it received from 4 senders to CoinDCX wallet TU7BbA…vZbsFs (curated list) in 25 sweeps, typically 33 seconds after arrival. Only its first 50 transfers since 2025-05-18 were read; what it did later is not covered. Its gas listing was not read to the end. Gas rule: TFLxNH…aEznGd, labelled CoinDCX, sent the fee money for 18 of 25 sweeps. Both rules agree. Rule confidence 0.81, not calibrated.",,TU7BbAsb8t371eMijQeiGXsiLvY1vZbsFs,curated,USDT,1.0,4302.615700,4302.615700,25,4,25,33.0,confirmed,TFLxNHunhEizmeEdiMyA3r2XGLSKaEznGd,CoinDCX,native,18,74a5343e3d5627ededb8fbd49fbb3cd8bc8b4f8c2719f04ab6d8e80f860ecdd9,2025-09-26T22:54:06Z,False
TDfPswb49V1DmikdFN8xWrquJdKgc8q6ba,tron,CoinDCX,exchange,deposit,derived,sweep+gas,0.8075,"Sweep rule: forwarded 100% of the 337.81 USDT it received from 1 sender to CoinDCX wallet TU7BbA…vZbsFs (curated list) in 9 sweeps, typically 39 seconds after arrival. Gas rule: TFLxNH…aEznGd, labelled CoinDCX, sent the fee money for 8 of 9 sweeps. Both rules agree. Rule confidence 0.81, not calibrated.",,TU7BbAsb8t371eMijQeiGXsiLvY1vZbsFs,curated,USDT,1.0,337.814815,337.814815,8,1,9,39.0,confirmed,TFLxNHunhEizmeEdiMyA3r2XGLSKaEznGd,CoinDCX,native,8,e636cbf6d2ef28625df29717c72fb301a3bb143ce9481216cb75810d41c1e360,2025-07-06T08:50:06Z,True
TDm4Pte361JiZLCpEwsrhExeLXp8oUDmM4,tron,CoinDCX,exchange,deposit,derived,sweep+gas,0.8075,"Sweep rule: forwarded 100% of the 36 USDT it received from 2 senders to CoinDCX wallet TU7BbA…vZbsFs (curated list) in 2 sweeps, typically 30 seconds after arrival. Gas rule: TFLxNH…aEznGd, labelled CoinDCX, sent the fee money for 2 of 2 sweeps. Both rules agree. Rule confidence 0.81, not calibrated.",,TU7BbAsb8t371eMijQeiGXsiLvY1vZbsFs,curated,USDT,1.0,36.000000,36.000000,2,2,2,30.0,confirmed,TFLxNHunhEizmeEdiMyA3r2XGLSKaEznGd,CoinDCX,native,2,43dc704ba9fe102ac93481a3b10651eb29819d6cca0e4af4e9ae0a7de0993d81,2025-05-28T16:45:06Z,True
TDnLwxbLkic3roNSg6puTLHPBs9AugGt1V,tron,CoinDCX,exchange,deposit,derived,sweep+gas,0.8075,"Sweep rule: forwarded 100% of the 718 USDT it received from 6 senders to CoinDCX wallet TU7BbA…vZbsFs (curated list) in 8 sweeps, typically 36 seconds after arrival. Gas rule: TFLxNH…aEznGd, labelled CoinDCX, sent the fee money for 7 of 8 sweeps. Both rules agree. Rule confidence 0.81, not calibrated.",,TU7BbAsb8t371eMijQeiGXsiLvY1vZbsFs,curated,USDT,1.0,718.000000,718.000000,8,6,8,36.0,confirmed,TFLxNHunhEizmeEdiMyA3r2XGLSKaEznGd,CoinDCX,native,7,4790b7a3428ac2e476159bc3d5ec90fe068247cce49d9c2636729a37f2113ac6,2025-06-10T16:44:06Z,True
TDsHTvjYbYURMTm2vijS5akL9i3wvB2XUP,tron,CoinDCX,exchange,deposit,derived,sweep+gas,0.8075,"Sweep rule: forwarded 100% of the 9 USDT it received from 1 sender to CoinDCX wallet TU7BbA…vZbsFs (curated list) in 1 sweep, typically 33 seconds after arrival. Gas rule: TFLxNH…aEznGd, labelled CoinDCX, sent the fee money for 1 of 1 sweep. Both rules agree. Rule confidence 0.81, not calibrated.",,TU7BbAsb8t371eMijQeiGXsiLvY1vZbsFs,curated,USDT,1.0,9.000000,9.000000,1,1,1,33.0,confirmed,TFLxNHunhEizmeEdiMyA3r2XGLSKaEznGd,CoinDCX,native,1,a52b92305a9243af217f270ca4712a642b0187336b20c724257c0f85c211dc7f,2025-05-25T07:52:06Z,True
TDsHp96RkNExFJXQWrzLxiaCe8Q1fPXep7,tron,CoinDCX,exchange,deposit,derived,sweep+gas,0.8075,"Sweep rule: forwarded 97% of the 728.24 USDT it received from 1 sender to CoinDCX wallet TU7BbA…vZbsFs (curated list) in 24 sweeps, typically 36 seconds after arrival. Its gas listing was not read to the end. Gas rule: TFLxNH…aEznGd, labelled CoinDCX, sent the fee money for 21 of 24 sweeps. Both rules agree. Rule confidence 0.81, not calibrated.",,TU7BbAsb8t371eMijQeiGXsiLvY1vZbsFs,curated,USDT,0.9669,728.241736,704.156653,24,1,24,36.0,confirmed,TFLxNHunhEizmeEdiMyA3r2XGLSKaEznGd,CoinDCX,native,21,620cc2632d18c941b08c1a3b1781343c939faea5c55c17214d910d112f074f4b,2025-06-25T09:26:21Z,False
TDsUWbL3GECRdXiGaL7EFsWpuH1hJGkc1v,tron,CoinDCX,exchange,deposit,derived,sweep+gas,0.8075,"Sweep rule: forwarded 100% of the 120 USDT it received from 1 sender to CoinDCX wallet TU7BbA…vZbsFs (curated list) in 9 sweeps, typically 36 seconds after arrival. Gas rule: TFLxNH…aEznGd, labelled CoinDCX, sent the fee money for 8 of 9 sweeps. Both rules agree. Rule confidence 0.81, not calibrated.",,TU7BbAsb8t371eMijQeiGXsiLvY1vZbsFs,curated,USDT,1.0,120.000000,120.000000,9,1,9,36.0,confirmed,TFLxNHunhEizmeEdiMyA3r2XGLSKaEznGd,CoinDCX,native,8,207b08672be84aea26839203ee0fb87227947f5fb99dcb093d951c209a327bde,2025-06-22T17:11:06Z,True
TDtPzjkLiygDDKDHUJpsLvUWewV6D7EzUF,tron,CoinDCX,exchange,deposit,derived,sweep+gas,0.8075,"Sweep rule: forwarded 100% of the 131.23 USDT it received from 2 senders to CoinDCX wallet TU7BbA…vZbsFs (curated list) in 7 sweeps, typically 42 seconds after arrival. Gas rule: TFLxNH…aEznGd, labelled CoinDCX, sent the fee money for 6 of 7 sweeps. Both rules agree. Rule confidence 0.81, not calibrated.",,TU7BbAsb8t371eMijQeiGXsiLvY1vZbsFs,curated,USDT,1.0,131.230000,131.230000,7,2,7,42.0,confirmed,TFLxNHunhEizmeEdiMyA3r2XGLSKaEznGd,CoinDCX,native,6,11b47264f118e83bdf3dffd59acd4f00f146f7a2f260339d9b4e772273b7b888,2025-06-06T06:51:06Z,True
TDwfkTgF1nf4mH4Vpi468wAWforUXeKtKE,tron,CoinDCX,exchange,deposit,derived,sweep+gas,0.8075,"Sweep rule: forwarded 100% of the 37.87 USDT it received from 1 sender to CoinDCX wallet TU7BbA…vZbsFs (curated list) in 1 sweep, typically 51 seconds after arrival. Gas rule: TFLxNH…aEznGd, labelled CoinDCX, sent the fee money for 1 of 1 sweep. Both rules agree. Rule confidence 0.81, not calibrated.",,TU7BbAsb8t371eMijQeiGXsiLvY1vZbsFs,curated,USDT,1.0,37.873863,37.873863,1,1,1,51.0,confirmed,TFLxNHunhEizmeEdiMyA3r2XGLSKaEznGd,CoinDCX,native,1,d3e54cc8d238eef5da9ffd30e71afc494f6522979f5082b83a0ce14a93147fda,2025-05-30T11:20:39Z,True
TE35sW4g1JCgHUpFnhPMbVLdM2zS9NVBgo,tron,CoinDCX,exchange,deposit,derived,sweep+gas,0.8075,"Sweep rule: forwarded 100% of the 140 USDT it received from 1 sender to CoinDCX wallet TU7BbA…vZbsFs (curated list) in 11 sweeps, typically 33 seconds after arrival. Gas rule: TFLxNH…aEznGd, labelled CoinDCX, sent the fee money for 10 of 11 sweeps. Both rules agree. Rule confidence 0.81, not calibrated.",,TU7BbAsb8t371eMijQeiGXsiLvY1vZbsFs,curated,USDT,1.0,140.000000,140.000000,11,1,11,33.0,confirmed,TFLxNHunhEizmeEdiMyA3r2XGLSKaEznGd,CoinDCX,native,10,d4c7852f76c8698bde46c3ab519785a111708843c3f5e587abeb3fd28f8a8edd,2025-08-23T06:17:36Z,True
TE3wsCepyDMiSHbm9Pt3XsTmf4doKjB5S3,tron,CoinDCX,exchange,deposit,derived,sweep+gas,0.8075,"Sweep rule: forwarded 100% of the 17.99 USDT it received from 1 sender to CoinDCX wallet TU7BbA…vZbsFs (curated list) in 1 sweep, typically 45 seconds after arrival. Gas rule: TFLxNH…aEznGd, labelled CoinDCX, sent the fee money for 1 of 1 sweep. Both rules agree. Rule confidence 0.81, not calibrated.",,TU7BbAsb8t371eMijQeiGXsiLvY1vZbsFs,curated,USDT,1.0,17.990000,17.990000,1,1,1,45.0,confirmed,TFLxNHunhEizmeEdiMyA3r2XGLSKaEznGd,CoinDCX,native,1,e3f2ab53ec2f24e52cee755b6ae387849f230a53b421a38e1067ed4d89eff866,2025-05-26T14:53:39Z,True
TE4bQVcLnSV6Ta8MzFy7S8CZgRvRAMmeh6,tron,CoinDCX,exchange,deposit,derived,sweep+gas,0.8075,"Sweep rule: forwarded 100% of the 10,322.03 USDT it received from 1 sender to CoinDCX wallet TU7BbA…vZbsFs (curated list) in 6 sweeps, typically 34 seconds after arrival. Gas rule: TFLxNH…aEznGd, labelled CoinDCX, sent the fee money for 6 of 6 sweeps. Both rules agree. Rule confidence 0.81, not calibrated.",,TU7BbAsb8t371eMijQeiGXsiLvY1vZbsFs,curated,USDT,1.0,10322.029999,10322.029999,6,1,6,34.5,confirmed,TFLxNHunhEizmeEdiMyA3r2XGLSKaEznGd,CoinDCX,native,6,1622d3b9cdf8dfc737182905766db6745627210bc11e10db42e3aa128dcd89de,2025-06-13T08:25:36Z,True
TE9YoryVkgpWfTy9LVBXcdUKTDKzKq63un,tron,CoinDCX,exchange,deposit,derived,sweep+gas,0.8075,"Sweep rule: forwarded 100% of the 300 USDT it received from 1 sender to CoinDCX wallet TU7BbA…vZbsFs (curated list) in 1 sweep, typically 42 seconds after arrival. Gas rule: TFLxNH…aEznGd, labelled CoinDCX, sent the fee money for 1 of 1 sweep. Both rules agree. Rule confidence 0.81, not calibrated.",,TU7BbAsb8t371eMijQeiGXsiLvY1vZbsFs,curated,USDT,1.0,300.000000,300.000000,1,1,1,42.0,confirmed,TFLxNHunhEizmeEdiMyA3r2XGLSKaEznGd,CoinDCX,native,1,d3fed6523c1bf0bf5e9b58459f7c3ec8b3384c1cc6ef0d338568e9ef403d2228,2025-05-27T10:38:06Z,True
TEBCQnT5MKNheHMyGsJAcXox15dqQRYLBp,tron,CoinDCX,exchange,deposit,derived,sweep+gas,0.8075,"Sweep rule: forwarded 100% of the 59.30 USDT it received from 2 senders to CoinDCX wallet TU7BbA…vZbsFs (curated list) in 2 sweeps, typically 42 seconds after arrival. Gas rule: TFLxNH…aEznGd, labelled CoinDCX, sent the fee money for 2 of 2 sweeps. Both rules agree. Rule confidence 0.81, not calibrated.",,TU7BbAsb8t371eMijQeiGXsiLvY1vZbsFs,curated,USDT,1.0,59.295773,59.295773,2,2,2,42.0,confirmed,TFLxNHunhEizmeEdiMyA3r2XGLSKaEznGd,CoinDCX,native,2,a3217d5f34f7bc08c622f711ebb53dc728bd9f231eea7c442d3a4ed054165535,2025-05-28T15:56:06Z,True
TEDWF9edQxTMfq864JFgrGw6mmVQwTZHpJ,tron,CoinDCX,exchange,deposit,derived,sweep+gas,0.8075,"Sweep rule: forwarded 100% of the 711 USDT it received from 4 senders to CoinDCX wallet TU7BbA…vZbsFs (curated list) in 4 sweeps, typically 21 seconds after arrival. Gas rule: TFLxNH…aEznGd, labelled CoinDCX, sent the fee money for 4 of 4 sweeps. Both rules agree. Rule confidence 0.81, not calibrated.",,TU7BbAsb8t371eMijQeiGXsiLvY1vZbsFs,curated,USDT,1.0,711.000000,711.000000,4,4,4,21.0,confirmed,TFLxNHunhEizmeEdiMyA3r2XGLSKaEznGd,CoinDCX,native,4,de63f62056342fcf1b0c5cde1fd3c57b38ec89e5caae87f275892efc32012a12,2025-06-15T13:29:09Z,True
TEExe5ZgShWvjkTKCp26jMTvybuPWiXYtC,tron,CoinDCX,exchange,deposit,derived,sweep+gas,0.8075,"Sweep rule: forwarded 100% of the 124.63 USDT it received from 1 sender to CoinDCX wallet TU7BbA…vZbsFs (curated list) in 3 sweeps, typically 30 seconds after arrival. Gas rule: TFLxNH…aEznGd, labelled CoinDCX, sent the fee money for 3 of 3 sweeps. Both rules agree. Rule confidence 0.81, not calibrated.",,TU7BbAsb8t371eMijQeiGXsiLvY1vZbsFs,curated,USDT,1.0,124.630703,124.630703,3,1,3,30.0,confirmed,TFLxNHunhEizmeEdiMyA3r2XGLSKaEznGd,CoinDCX,native,3,b337406b9ae178c3b7e66de8a9b11067f0b69f6619ad44a34fd19d3ccbb5bfe2,2025-06-06T09:08:06Z,True
TEG7w8HZzTaHB3AytpUjtL9R169F9gqSRY,tron,CoinDCX,exchange,deposit,derived,sweep,0.68,"Sweep rule: forwarded 100% of the 9 USDT it received from 1 sender to CoinDCX wallet TU7BbA…vZbsFs (curated list) in 1 sweep, typically 24 seconds after arrival. Gas rule: no outside gas payer seen. Sweep rule only. Rule confidence 0.68, not calibrated.",,TU7BbAsb8t371eMijQeiGXsiLvY1vZbsFs,curated,USDT,1.0,9.000000,9.000000,1,1,1,24.0,none,,,,0,f4e07afcf46791d1a342e3c1669179f9e81d4188fe2b28eb0692b5879d5084ee,2025-05-29T14:13:06Z,True
TEGyw5gGXJeTSoFGuWfJmhESC4HAws4Q8P,tron,CoinDCX,exchange,deposit,derived,sweep+gas,0.8075,"Sweep rule: forwarded 100% of the 598 USDT it received from 2 senders to CoinDCX wallet TU7BbA…vZbsFs (curated list) in 2 sweeps, typically 33 seconds after arrival. Gas rule: TFLxNH…aEznGd, labelled CoinDCX, sent the fee money for 2 of 2 sweeps. Both rules agree. Rule confidence 0.81, not calibrated.",,TU7BbAsb8t371eMijQeiGXsiLvY1vZbsFs,curated,USDT,1.0,598.000000,598.000000,2,2,2,33.0,confirmed,TFLxNHunhEizmeEdiMyA3r2XGLSKaEznGd,CoinDCX,native,2,04c34a400777125220b4228a931658017bae2482846893339274d39c28e04d80,2025-05-25T16:21:06Z,True
TEHbFVRH7pa6iVxG9LTrhAHgnaRn7qP7St,tron,CoinDCX,exchange,deposit,derived,sweep+gas,0.8075,"Sweep rule: forwarded 100% of the 917.11 USDT it received from 1 sender to CoinDCX wallet TU7BbA…vZbsFs (curated list) in 4 sweeps, typically 31 seconds after arrival. Gas rule: TFLxNH…aEznGd, labelled CoinDCX, sent the fee money for 4 of 4 sweeps. Both rules agree. Rule confidence 0.81, not calibrated.",,TU7BbAsb8t371eMijQeiGXsiLvY1vZbsFs,curated,USDT,1.0,917.105600,917.105600,4,1,4,31.5,confirmed,TFLxNHunhEizmeEdiMyA3r2XGLSKaEznGd,CoinDCX,native,4,19f287c7ac49cc7028c1ec8ea5ce91b3f4fb6ecda4746b578e92d01c04b2df5e,2025-06-15T10:40:36Z,True
TEKZ37LbBudSJdqx4txmG5MVZo1q325Ki1,tron,CoinDCX,exchange,deposit,derived,sweep+gas,0.8075,"Sweep rule: forwarded 100% of the 911 USDT it received from 1 sender to CoinDCX wallet TU7BbA…vZbsFs (curated list) in 19 sweeps, typically 42 seconds after arrival. Gas rule: TFLxNH…aEznGd, labelled CoinDCX, sent the fee money for 17 of 19 sweeps. Both rules agree. Rule confidence 0.81, not calibrated.",,TU7BbAsb8t371eMijQeiGXsiLvY1vZbsFs,curated,USDT,1.0,911.000000,911.000000,19,1,19,42.0,confirmed,TFLxNHunhEizmeEdiMyA3r2XGLSKaEznGd,CoinDCX,native,17,49bced0260d7ac62b39cbfaddb1dc1515eaac315603e092d5274b17207c50a15,2025-06-18T07:41:36Z,True
TEPxvsmgzfLvhfkVzrjkv5NBXRo8hK3kTJ,tron,CoinDCX,exchange,deposit,derived,sweep+gas,0.8075,"Sweep rule: forwarded 100% of the 158.26 USDT it received from 1 sender to CoinDCX wallet TU7BbA…vZbsFs (curated list) in 6 sweeps, typically 31 seconds after arrival. Gas rule: TFLxNH…aEznGd, labelled CoinDCX, sent the fee money for 6 of 6 sweeps. Both rules agree. Rule confidence 0.81, not calibrated.",,TU7BbAsb8t371eMijQeiGXsiLvY1vZbsFs,curated,USDT,1.0,158.258087,158.258087,6,1,6,31.5,confirmed,TFLxNHunhEizmeEdiMyA3r2XGLSKaEznGd,CoinDCX,native,6,2dfc5d0027cc1759df304b215b3871cf00cfb1721b4fc7e8146f4f7b892d43c7,2025-05-31T14:53:09Z,True
TEQo627jE2zMmTAC62nMVEqt3WZetKJuZf,tron,CoinDCX,exchange,deposit,derived,sweep+gas,0.8075,"Sweep rule: forwarded 100% of the 546.86 USDT it received from 2 senders to CoinDCX wallet TU7BbA…vZbsFs (curated list) in 15 sweeps, typically 36 seconds after arrival. Gas rule: TFLxNH…aEznGd, labelled CoinDCX, sent the fee money for 13 of 15 sweeps. Both rules agree. Rule confidence 0.81, not calibrated.",,TU7BbAsb8t371eMijQeiGXsiLvY1vZbsFs,curated,USDT,1.0,546.860000,546.860000,15,2,15,36.0,confirmed,TFLxNHunhEizmeEdiMyA3r2XGLSKaEznGd,CoinDCX,native,13,e761ec4d5bca3875ea7f03090dcba1110bfe0254e049c24646b4eea8a4a25870,2025-08-18T14:26:09Z,True
TEWLaAUp22ppf2wJfgh69oZo6MrDhBPPXL,tron,CoinDCX,exchange,deposit,derived,sweep+gas,0.8075,"Sweep rule: forwarded 92% of the 7,886.89 USDT it received from 3 senders to CoinDCX wallet TU7BbA…vZbsFs (curated list) in 14 sweeps, typically 36 seconds after arrival. Gas rule: TFLxNH…aEznGd, labelled CoinDCX, sent the fee money for 13 of 14 sweeps. Both rules agree. Rule confidence 0.81, not calibrated.",,TU7BbAsb8t371eMijQeiGXsiLvY1vZbsFs,curated,USDT,0.9156,7886.890000,7221.560000,14,3,14,36.0,confirmed,TFLxNHunhEizmeEdiMyA3r2XGLSKaEznGd,CoinDCX,native,13,14de0c61e4f4ff3043d617e9b2c08c3dc86bf1fceb6b65b4207c41de320cbe1f,2025-09-09T12:21:36Z,True
TEXCWubEs3rV33WPNFhmZaMoxD5zu3Th9P,tron,CoinDCX,exchange,deposit,derived,sweep+gas,0.8075,"Sweep rule: forwarded 100% of the 436.43 USDT it received from 2 senders to CoinDCX wallet TU7BbA…vZbsFs (curated list) in 2 sweeps, typically 36 seconds after arrival. Gas rule: TFLxNH…aEznGd, labelled CoinDCX, sent the fee money for 2 of 2 sweeps. Both rules agree. Rule confidence 0.81, not calibrated.",,TU7BbAsb8t371eMijQeiGXsiLvY1vZbsFs,curated,USDT,1.0,436.426225,436.426225,2,2,2,36.0,confirmed,TFLxNHunhEizmeEdiMyA3r2XGLSKaEznGd,CoinDCX,native,2,50424f3e899124aed8a48a7da958f76f86b6c5f1db27679db54a306d452a4255,2025-07-02T09:08:36Z,True
TEe5ygZuoWrwEpwn2RTRH7yHGGoHZjXXjo,tron,CoinDCX,exchange,deposit,derived,sweep+gas,0.8075,"Sweep rule: forwarded 100% of the 192.54 USDT it received from 1 sender to CoinDCX wallet TU7BbA…vZbsFs (curated list) in 3 sweeps, typically 33 seconds after arrival. Gas rule: TFLxNH…aEznGd, labelled CoinDCX, sent the fee money for 3 of 3 sweeps. Both rules agree. Rule confidence 0.81, not calibrated.",,TU7BbAsb8t371eMijQeiGXsiLvY1vZbsFs,curated,USDT,1.0,192.540000,192.540000,3,1,3,33.0,confirmed,TFLxNHunhEizmeEdiMyA3r2XGLSKaEznGd,CoinDCX,native,3,ac2a2a03d9f962b6f39da765ec66ad256a42b32bddbaf02b8af083edaef9ddca,2025-06-13T16:38:36Z,True
TEeUBvQjY9HZGh8oR97pCinAwpKQhB513x,tron,CoinDCX,exchange,deposit,derived,sweep+gas,0.8075,"Sweep rule: forwarded 100% of the 1,637.46 USDT it received from 2 senders to CoinDCX wallet TU7BbA…vZbsFs (curated list) in 2 sweeps, typically 43 seconds after arrival. Gas rule: TFLxNH…aEznGd, labelled CoinDCX, sent the fee money for 2 of 2 sweeps. Both rules agree. Rule confidence 0.81, not calibrated.",,TU7BbAsb8t371eMijQeiGXsiLvY1vZbsFs,curated,USDT,1.0,1637.460000,1637.460000,2,2,2,43.5,confirmed,TFLxNHunhEizmeEdiMyA3r2XGLSKaEznGd,CoinDCX,native,2,0382eda2c60fe950fbdf0d5d5fd3ac55f535adc11682ace0a628c235e9a666cb,2025-05-27T12:35:36Z,True
TEejjvJrgEDbr437XJrdvMBigUBw4ae7Dc,tron,CoinDCX,exchange,deposit,derived,sweep+gas,0.8075,"Sweep rule: forwarded 100% of the 3,255.90 USDT it received from 7 senders to CoinDCX wallet TU7BbA…vZbsFs (curated list) in 25 sweeps, typically 30 seconds after arrival. Only its first 50 transfers since 2025-05-18 were read; what it did later is not covered. Its gas listing was not read to the end. Gas rule: TFLxNH…aEznGd, labelled CoinDCX, sent the fee money for 21 of 25 sweeps. Both rules agree. Rule confidence 0.81, not calibrated.",,TU7BbAsb8t371eMijQeiGXsiLvY1vZbsFs,curated,USDT,1.0,3255.900000,3255.900000,25,7,25,30.0,confirmed,TFLxNHunhEizmeEdiMyA3r2XGLSKaEznGd,CoinDCX,native,21,c947e2422f88a93f1a62940e6db9d73e94deb313029b5c9aa4db967f4b574182,2025-07-20T04:24:36Z,False
TEhJrvGyFW8hFLWQ8JKqvq3MVXuiAn8sGW,tron,CoinDCX,exchange,deposit,derived,sweep+gas,0.8075,"Sweep rule: forwarded 100% of the 580 USDT it received from 1 sender to CoinDCX wallet TU7BbA…vZbsFs (curated list) in 1 sweep, typically 1 minute after arrival. Gas rule: TFLxNH…aEznGd, labelled CoinDCX, sent the fee money for 1 of 1 sweep. Both rules agree. Rule confidence 0.81, not calibrated.",,TU7BbAsb8t371eMijQeiGXsiLvY1vZbsFs,curated,USDT,1.0,580.000000,580.000000,1,1,1,69.0,confirmed,TFLxNHunhEizmeEdiMyA3r2XGLSKaEznGd,CoinDCX,native,1,0ba5d7bd0827d902121ea018ca582a0453bbb3bc8de08a83ac69b693cea16894,2025-05-30T12:11:09Z,True
TEhdDfGC7kTiZsSSGs1fYsuytbBJoLktK7,tron,CoinDCX,exchange,deposit,derived,sweep+gas,0.8075,"Sweep rule: forwarded 100% of the 48.67 USDT it received from 2 senders to CoinDCX wallet TU7BbA…vZbsFs (curated list) in 2 sweeps, typically 40 seconds after arrival. Gas rule: TFLxNH…aEznGd, labelled CoinDCX, sent the fee money for 2 of 2 sweeps. Both rules agree. Rule confidence 0.81, not calibrated.",,TU7BbAsb8t371eMijQeiGXsiLvY1vZbsFs,curated,USDT,1.0,48.666562,48.666562,2,2,2,40.5,confirmed,TFLxNHunhEizmeEdiMyA3r2XGLSKaEznGd,CoinDCX,native,2,3fa5e45249cad4fe183f503adadb4e34233cd54b3f636782afc96306eee2c7ed,2025-07-18T04:43:06Z,True
TEj5DFkXJKYJwSKHzjkzdrChuXM1dcakqm,tron,CoinDCX,exchange,deposit,derived,sweep+gas,0.8075,"Sweep rule: forwarded 100% of the 3,934 USDT it received from 10 senders to CoinDCX wallet TU7BbA…vZbsFs (curated list) in 25 sweeps, typically 36 seconds after arrival. Only its first 50 transfers since 2025-05-18 were read; what it did later is not covered. Its gas listing was not read to the end. Gas rule: TFLxNH…aEznGd, labelled CoinDCX, sent the fee money for 20 of 25 sweeps. Both rules agree. Rule confidence 0.81, not calibrated.",,TU7BbAsb8t371eMijQeiGXsiLvY1vZbsFs,curated,USDT,1.0,3934.000000,3934.000000,25,10,25,36.0,confirmed,TFLxNHunhEizmeEdiMyA3r2XGLSKaEznGd,CoinDCX,native,20,47be89691c2df3edc199a9c28df8321a9d3eee5e41f07c504098aaf3bf425177,2025-08-16T10:22:09Z,False
TEnYniYj4s3ybYB5SWJYJeLowYzvdsELJp,tron,CoinDCX,exchange,deposit,derived,sweep+gas,0.8075,"Sweep rule: forwarded 100% of the 168.87 USDT it received from 1 sender to CoinDCX wallet TU7BbA…vZbsFs (curated list) in 7 sweeps, typically 42 seconds after arrival. Gas rule: TFLxNH…aEznGd, labelled CoinDCX, sent the fee money for 7 of 7 sweeps. Both rules agree. Rule confidence 0.81, not calibrated.",,TU7BbAsb8t371eMijQeiGXsiLvY1vZbsFs,curated,USDT,1.0,168.866840,168.866840,7,1,7,42.0,confirmed,TFLxNHunhEizmeEdiMyA3r2XGLSKaEznGd,CoinDCX,native,7,7c91d1309dfa6acb8a885f8d7256e97144c7630a02778b31c511dc1f2f55f8bd,2025-06-05T06:52:36Z,True
TEur9pdbEnVWsUJ4GNPzkXUBkvpJoY3bdK,tron,CoinDCX,exchange,deposit,derived,sweep+gas,0.8075,"Sweep rule: forwarded 100% of the 210 USDT it received from 3 senders to CoinDCX wallet TU7BbA…vZbsFs (curated list) in 4 sweeps, typically 42 seconds after arrival. Gas rule: TFLxNH…aEznGd, labelled CoinDCX, sent the fee money for 4 of 4 sweeps. Both rules agree. Rule confidence 0.81, not calibrated.",,TU7BbAsb8t371eMijQeiGXsiLvY1vZbsFs,curated,USDT,1.0,210.000000,210.000000,4,3,4,42.0,confirmed,TFLxNHunhEizmeEdiMyA3r2XGLSKaEznGd,CoinDCX,native,4,0840367fa1e062d8b501b4bd76f4ad95c8017cdb547cf88dad385ee3606c1e45,2025-06-07T03:38:36Z,True
TEwz3teeKqbNWFUtW9k41Hsnz8E79BQdFw,tron,CoinDCX,exchange,deposit,derived,sweep+gas,0.8075,"Sweep rule: forwarded 100% of the 5,726.17 USDT it received from 6 senders to CoinDCX wallet TU7BbA…vZbsFs (curated list) in 15 sweeps, typically 39 seconds after arrival. Gas rule: TFLxNH…aEznGd, labelled CoinDCX, sent the fee money for 14 of 15 sweeps. Both rules agree. Rule confidence 0.81, not calibrated.",,TU7BbAsb8t371eMijQeiGXsiLvY1vZbsFs,curated,USDT,1.0,5726.170000,5726.170000,15,6,15,39.0,confirmed,TFLxNHunhEizmeEdiMyA3r2XGLSKaEznGd,CoinDCX,native,14,db20390dff089828683ae88445ffed0eeb83b82f4d52fb6a19c4867e99554af2,2025-07-13T16:30:36Z,True
TF14Beaig46smUab2v8vCs1bJxRU7n9xrz,tron,CoinDCX,exchange,deposit,derived,sweep+gas,0.8075,"Sweep rule: forwarded 100% of the 95.80 USDT it received from 1 sender to CoinDCX wallet TU7BbA…vZbsFs (curated list) in 7 sweeps, typically 42 seconds after arrival. Gas rule: TFLxNH…aEznGd, labelled CoinDCX, sent the fee money for 7 of 7 sweeps. Both rules agree. Rule confidence 0.81, not calibrated.",,TU7BbAsb8t371eMijQeiGXsiLvY1vZbsFs,curated,USDT,1.0,95.796562,95.796562,7,1,7,42.0,confirmed,TFLxNHunhEizmeEdiMyA3r2XGLSKaEznGd,CoinDCX,native,7,db4b8bc41e5994232f0b53efd4af18db9d041ffba3bf1bea7908a0929304732e,2025-06-04T09:41:06Z,True
TF9dZuam6AMKnSCjUBEiL9EGtJFKSwCcex,tron,CoinDCX,exchange,deposit,derived,sweep+gas,0.8075,"Sweep rule: forwarded 100% of the 348.87 USDT it received from 6 senders to CoinDCX wallet TU7BbA…vZbsFs (curated list) in 8 sweeps, typically 33 seconds after arrival. Gas rule: TFLxNH…aEznGd, labelled CoinDCX, sent the fee money for 8 of 8 sweeps. Both rules agree. Rule confidence 0.81, not calibrated.",,TU7BbAsb8t371eMijQeiGXsiLvY1vZbsFs,curated,USDT,1.0,348.868167,348.868167,8,6,8,33.0,confirmed,TFLxNHunhEizmeEdiMyA3r2XGLSKaEznGd,CoinDCX,native,8,c98de3dc4dfb7508703b33b3ec0ee468b7f7e19f967de3b4e7ff27b93a9726bb,2025-07-05T16:51:06Z,True
TF9prrn6RtUY8CQLYVdFne2J4WKpA1zmAx,tron,CoinDCX,exchange,deposit,derived,sweep+gas,0.8075,"Sweep rule: forwarded 100% of the 69.92 USDT it received from 2 senders to CoinDCX wallet TU7BbA…vZbsFs (curated list) in 4 sweeps, typically 30 seconds after arrival. Gas rule: TFLxNH…aEznGd, labelled CoinDCX, sent the fee money for 4 of 4 sweeps. Both rules agree. Rule confidence 0.81, not calibrated.",,TU7BbAsb8t371eMijQeiGXsiLvY1vZbsFs,curated,USDT,1.0,69.920000,69.920000,4,2,4,30.0,confirmed,TFLxNHunhEizmeEdiMyA3r2XGLSKaEznGd,CoinDCX,native,4,81f6be2a11f33ada3cfb031487025e7de40d0f05ff0de280a037d56b913fb600,2025-05-28T09:57:39Z,True
TFAJHoJSe8Ns1f4aEnYT4qWdcm8k4DYvw8,tron,CoinDCX,exchange,deposit,derived,sweep+gas,0.8075,"Sweep rule: forwarded 100% of the 38.96 USDT it received from 1 sender to CoinDCX wallet TU7BbA…vZbsFs (curated list) in 1 sweep, typically 39 seconds after arrival. Gas rule: TFLxNH…aEznGd, labelled CoinDCX, sent the fee money for 1 of 1 sweep. Both rules agree. Rule confidence 0.81, not calibrated.",,TU7BbAsb8t371eMijQeiGXsiLvY1vZbsFs,curated,USDT,1.0,38.960000,38.960000,1,1,1,39.0,confirmed,TFLxNHunhEizmeEdiMyA3r2XGLSKaEznGd,CoinDCX,native,1,b7c5ac97562a34477870f33e153e89ce2902f9893afc1be976f0a875ba688a35,2025-05-29T10:54:36Z,True
TFGh3JnD5rrji8G4FZXeWE7aUKmgC4WX4V,tron,CoinDCX,exchange,deposit,derived,sweep+gas,0.8075,"Sweep rule: forwarded 100% of the 716.47 USDT it received from 1 sender to CoinDCX wallet TU7BbA…vZbsFs (curated list) in 25 sweeps, typically 33 seconds after arrival. Its gas listing was not read to the end. Gas rule: TFLxNH…aEznGd, labelled CoinDCX, sent the fee money for 20 of 25 sweeps. Both rules agree. Rule confidence 0.81, not calibrated.",,TU7BbAsb8t371eMijQeiGXsiLvY1vZbsFs,curated,USDT,1.0,716.469728,716.469728,25,1,25,33.0,confirmed,TFLxNHunhEizmeEdiMyA3r2XGLSKaEznGd,CoinDCX,native,20,8b0c22366fcbf7cea3b5e90f27c68770b7d22319aa6826ffdc03d228e7575d8f,2025-06-11T18:13:36Z,False
TFLaaPiELY8qF2ik7cRgkwNgzjxfzxj2AB,tron,CoinDCX,exchange,deposit,derived,sweep+gas,0.8075,"Sweep rule: forwarded 100% of the 6.17 USDT it received from 1 sender to CoinDCX wallet TU7BbA…vZbsFs (curated list) in 1 sweep, typically 18 seconds after arrival. Gas rule: TFLxNH…aEznGd, labelled CoinDCX, sent the fee money for 1 of 1 sweep. Both rules agree. Rule confidence 0.81, not calibrated.",,TU7BbAsb8t371eMijQeiGXsiLvY1vZbsFs,curated,USDT,1.0,6.166073,6.166073,1,1,1,18.0,confirmed,TFLxNHunhEizmeEdiMyA3r2XGLSKaEznGd,CoinDCX,native,1,b101197be6b9b7d1bccae1d81d26ba97cbd19d2d077b3b86d61d61f0da21960c,2025-05-30T04:11:36Z,True
TFZiRycbtZ2KhqaFd6CiHrak8ireVzyGjy,tron,CoinDCX,exchange,deposit,derived,sweep+gas,0.8075,"Sweep rule: forwarded 100% of the 86.97 USDT it received from 1 sender to CoinDCX wallet TU7BbA…vZbsFs (curated list) in 3 sweeps, typically 24 seconds after arrival. Gas rule: TFLxNH…aEznGd, labelled CoinDCX, sent the fee money for 3 of 3 sweeps. Both rules agree. Rule confidence 0.81, not calibrated.",,TU7BbAsb8t371eMijQeiGXsiLvY1vZbsFs,curated,USDT,1.0,86.970000,86.970000,3,1,3,24.0,confirmed,TFLxNHunhEizmeEdiMyA3r2XGLSKaEznGd,CoinDCX,native,3,35d0139337bc904190164786974910071252f48cef86cbd1d4aa59779fb64452,2025-06-15T16:32:06Z,True
TFc94MM6KNr63F9gwZHHMCWN8WK4wj6sGK,tron,CoinDCX,exchange,deposit,derived,sweep+gas,0.8075,"Sweep rule: forwarded 100% of the 1.85 USDT it received from 1 sender to CoinDCX wallet TU7BbA…vZbsFs (curated list) in 1 sweep, typically 48 seconds after arrival. Gas rule: TFLxNH…aEznGd, labelled CoinDCX, sent the fee money for 1 of 1 sweep. Both rules agree. Rule confidence 0.81, not calibrated.",,TU7BbAsb8t371eMijQeiGXsiLvY1vZbsFs,curated,USDT,1.0,1.852626,1.852626,1,1,1,48.0,confirmed,TFLxNHunhEizmeEdiMyA3r2XGLSKaEznGd,CoinDCX,native,1,84aa2c5674014a73e6c622ac7c0e25424358a337e8e592643181fa50fe49d476,2025-05-29T06:11:36Z,True
TFeamuzd7H1CpGMsTJX7b9LE1cymFNBzUU,tron,CoinDCX,exchange,deposit,derived,sweep+gas,0.8075,"Sweep rule: forwarded 100% of the 36.45 USDT it received from 1 sender to CoinDCX wallet TU7BbA…vZbsFs (curated list) in 1 sweep, typically 18 seconds after arrival. Gas rule: TFLxNH…aEznGd, labelled CoinDCX, sent the fee money for 1 of 1 sweep. Both rules agree. Rule confidence 0.81, not calibrated.",,TU7BbAsb8t371eMijQeiGXsiLvY1vZbsFs,curated,USDT,1.0,36.446150,36.446150,1,1,1,18.0,confirmed,TFLxNHunhEizmeEdiMyA3r2XGLSKaEznGd,CoinDCX,native,1,ce9f8e97416470cbc50f635e716b7cf3e93ba19a0c5d3bb524e10e34792cfac9,2025-05-25T14:03:06Z,True
TFhMPUsHvKPnaUnjqpMuGNUPRrA3c4UX28,tron,CoinDCX,exchange,deposit,derived,sweep+gas,0.8075,"Sweep rule: forwarded 100% of the 166 USDT it received from 1 sender to CoinDCX wallet TU7BbA…vZbsFs (curated list) in 3 sweeps, typically 27 seconds after arrival. Gas rule: TFLxNH…aEznGd, labelled CoinDCX, sent the fee money for 3 of 3 sweeps. Both rules agree. Rule confidence 0.81, not calibrated.",,TU7BbAsb8t371eMijQeiGXsiLvY1vZbsFs,curated,USDT,1.0,166.000000,166.000000,3,1,3,27.0,confirmed,TFLxNHunhEizmeEdiMyA3r2XGLSKaEznGd,CoinDCX,native,3,03c851271cb077f5a2c01de56d67dbce4964ac0bea95e55b8ed1e4bfdc473f4c,2025-05-28T07:00:06Z,True
TFiEGxKpjVa2W1oBt7kaihY6csXRgcUVsS,tron,CoinDCX,exchange,deposit,derived,sweep+gas,0.8075,"Sweep rule: forwarded 100% of the 27,571.60 USDT it received from 1 sender to CoinDCX wallet TU7BbA…vZbsFs (curated list) in 13 sweeps, typically 27 seconds after arrival. Gas rule: TFLxNH…aEznGd, labelled CoinDCX, sent the fee money for 12 of 13 sweeps. Both rules agree. Rule confidence 0.81, not calibrated.",,TU7BbAsb8t371eMijQeiGXsiLvY1vZbsFs,curated,USDT,1.0,27571.600000,27571.600000,13,1,13,27.0,confirmed,TFLxNHunhEizmeEdiMyA3r2XGLSKaEznGd,CoinDCX,native,12,595a14023cb81f0669c4771a996f9f708846e906c5bb219bc2c121f8502c4e87,2025-06-11T06:20:06Z,True
TFjNjqnMKNUEU49WwHPaxKKY6cqD4YrBaT,tron,CoinDCX,exchange,deposit,derived,sweep+gas,0.8075,"Sweep rule: forwarded 100% of the 24.12 USDT it received from 1 sender to CoinDCX wallet TU7BbA…vZbsFs (curated list) in 1 sweep, typically 24 seconds after arrival. Gas rule: TFLxNH…aEznGd, labelled CoinDCX, sent the fee money for 1 of 1 sweep. Both rules agree. Rule confidence 0.81, not calibrated.",,TU7BbAsb8t371eMijQeiGXsiLvY1vZbsFs,curated,USDT,1.0,24.117538,24.117538,1,1,1,24.0,confirmed,TFLxNHunhEizmeEdiMyA3r2XGLSKaEznGd,CoinDCX,native,1,139936e23f4191890f9bbda8c00b0b2d90422c388bd6fe8eaebef11f34075e05,2025-05-29T14:42:06Z,True
TFpW6Anzh6SNVCDu2FxP3MKjdxBdo386oz,tron,CoinDCX,exchange,deposit,derived,sweep+gas,0.8075,"Sweep rule: forwarded 100% of the 10 USDT it received from 1 sender to CoinDCX wallet TU7BbA…vZbsFs (curated list) in 1 sweep, typically 42 seconds after arrival. Gas rule: TFLxNH…aEznGd, labelled CoinDCX, sent the fee money for 1 of 1 sweep. Both rules agree. Rule confidence 0.81, not calibrated.",,TU7BbAsb8t371eMijQeiGXsiLvY1vZbsFs,curated,USDT,1.0,10.000000,10.000000,1,1,1,42.0,confirmed,TFLxNHunhEizmeEdiMyA3r2XGLSKaEznGd,CoinDCX,native,1,e80a36d74f761ee049637bf38053c2931de5c749ab1d9706a7f32edd1763a4b2,2025-05-28T08:14:06Z,True
TFpoRomEtfBCyDc1944sbvWkS9cTHnC71f,tron,CoinDCX,exchange,deposit,derived,sweep+gas,0.8075,"Sweep rule: forwarded 100% of the 146.51 USDT it received from 2 senders to CoinDCX wallet TU7BbA…vZbsFs (curated list) in 5 sweeps, typically 34 seconds after arrival. Gas rule: TFLxNH…aEznGd, labelled CoinDCX, sent the fee money for 5 of 5 sweeps. Both rules agree. Rule confidence 0.81, not calibrated.",,TU7BbAsb8t371eMijQeiGXsiLvY1vZbsFs,curated,USDT,1.0,146.510461,146.510461,4,2,5,34.5,confirmed,TFLxNHunhEizmeEdiMyA3r2XGLSKaEznGd,CoinDCX,native,5,f73a882a0eed28c693bcc23a3296d3baf5c52603d804cc1a4cb503b61ccd2969,2025-06-25T09:28:30Z,True
TFrzM2rQL9uuxQhbWQBY9DNL8tzafTwtTi,tron,CoinDCX,exchange,deposit,derived,sweep+gas,0.8075,"Sweep rule: forwarded 100% of the 585.85 USDT it received from 1 sender to CoinDCX wallet TU7BbA…vZbsFs (curated list) in 1 sweep, typically 24 seconds after arrival. Gas rule: TFLxNH…aEznGd, labelled CoinDCX, sent the fee money for 1 of 1 sweep. Both rules agree. Rule confidence 0.81, not calibrated.",,TU7BbAsb8t371eMijQeiGXsiLvY1vZbsFs,curated,USDT,1.0,585.854100,585.854100,1,1,1,24.0,confirmed,TFLxNHunhEizmeEdiMyA3r2XGLSKaEznGd,CoinDCX,native,1,c01b1e431ae084eafd1713008bfcdb3166fbb27bebd8dc22be21e28e26641a2b,2025-05-27T15:56:36Z,True
TFuCU1BAR9dT6KYMRb2Z6nnP7C2jDQhJ8D,tron,CoinDCX,exchange,deposit,derived,sweep+gas,0.8075,"Sweep rule: forwarded 100% of the 5,107 USDT it received from 5 senders to CoinDCX wallet TU7BbA…vZbsFs (curated list) in 7 sweeps, typically 33 seconds after arrival. Gas rule: TFLxNH…aEznGd, labelled CoinDCX, sent the fee money for 6 of 7 sweeps. Both rules agree. Rule confidence 0.81, not calibrated.",,TU7BbAsb8t371eMijQeiGXsiLvY1vZbsFs,curated,USDT,1.0,5107.000000,5107.000000,7,5,7,33.0,confirmed,TFLxNHunhEizmeEdiMyA3r2XGLSKaEznGd,CoinDCX,native,6,98a33acc16ec77d519a41d4aff19ddb109f874f4e7cb8653237dcde2d86865f3,2025-06-17T07:21:06Z,True
TFvD1D2JnHMFB8TTuM9CC2TFqbEhs9LSBQ,tron,CoinDCX,exchange,deposit,derived,sweep+gas,0.8075,"Sweep rule: forwarded 97% of the 4,252 USDT it received from 6 senders to CoinDCX wallet TU7BbA…vZbsFs (curated list) in 24 sweeps, typically 34 seconds after arrival. Only its first 50 transfers since 2025-05-18 were read; what it did later is not covered. Its gas listing was not read to the end. Gas rule: TFLxNH…aEznGd, labelled CoinDCX, sent the fee money for 15 of 24 sweeps. Both rules agree. Rule confidence 0.81, not calibrated.",,TU7BbAsb8t371eMijQeiGXsiLvY1vZbsFs,curated,USDT,0.9703,4252.000000,4125.630000,25,6,24,34.5,confirmed,TFLxNHunhEizmeEdiMyA3r2XGLSKaEznGd,CoinDCX,native,15,dac3193ddc51fbb4f29347d840d78e04a0541be5fc3d861c00ae20ee10b9d5fe,2026-01-27T13:28:03Z,False
TFvt7cUW5ByDpsvYD4pQWWGz3R4t3Jq7UD,tron,CoinDCX,exchange,deposit,derived,sweep+gas,0.8075,"Sweep rule: forwarded 100% of the 1,458 USDT it received from 5 senders to CoinDCX wallet TU7BbA…vZbsFs (curated list) in 6 sweeps, typically 42 seconds after arrival. Gas rule: TFLxNH…aEznGd, labelled CoinDCX, sent the fee money for 6 of 6 sweeps. Both rules agree. Rule confidence 0.81, not calibrated.",,TU7BbAsb8t371eMijQeiGXsiLvY1vZbsFs,curated,USDT,1.0,1458.000000,1458.000000,6,5,6,42.0,confirmed,TFLxNHunhEizmeEdiMyA3r2XGLSKaEznGd,CoinDCX,native,6,8e569e1a5933cbd6367bc784480a064a744be70f6c183f99ed10a2bc62d425ee,2025-07-07T05:25:06Z,True
TFwNmSMAyeSK96ZTpUfstMVxVzDtDGhHqH,tron,CoinDCX,exchange,deposit,derived,sweep+gas,0.8075,"Sweep rule: forwarded 100% of the 19.51 USDT it received from 1 sender to CoinDCX wallet TU7BbA…vZbsFs (curated list) in 1 sweep, typically 27 seconds after arrival. Gas rule: TFLxNH…aEznGd, labelled CoinDCX, sent the fee money for 1 of 1 sweep. Both rules agree. Rule confidence 0.81, not calibrated.",,TU7BbAsb8t371eMijQeiGXsiLvY1vZbsFs,curated,USDT,1.0,19.508800,19.508800,1,1,1,27.0,confirmed,TFLxNHunhEizmeEdiMyA3r2XGLSKaEznGd,CoinDCX,native,1,deb529ef9768e4c95fc185092c50b826f9cb546977f696926abfb3e2d2772877,2025-05-29T15:54:09Z,True
TFxZtnAZwwdSugXSYKh7sfRZx3UUQLoQwp,tron,CoinDCX,exchange,deposit,derived,sweep+gas,0.8075,"Sweep rule: forwarded 100% of the 3,100 USDT it received from 1 sender to CoinDCX wallet TU7BbA…vZbsFs (curated list) in 2 sweeps, typically 37 seconds after arrival. Gas rule: TFLxNH…aEznGd, labelled CoinDCX, sent the fee money for 2 of 2 sweeps. Both rules agree. Rule confidence 0.81, not calibrated.",,TU7BbAsb8t371eMijQeiGXsiLvY1vZbsFs,curated,USDT,1.0,3100.000000,3100.000000,2,1,2,37.5,confirmed,TFLxNHunhEizmeEdiMyA3r2XGLSKaEznGd,CoinDCX,native,2,7ec94805ffb04b15d8f715644c0d42812d725a76172e8fad3de1872429cc75d7,2025-05-26T17:25:06Z,True
TG24uVBLe7gajPNQLNTpoMRPhJzPc5XVFW,tron,CoinDCX,exchange,deposit,derived,sweep+gas,0.8075,"Sweep rule: forwarded 100% of the 4,267.97 USDT it received from 2 senders to CoinDCX wallet TU7BbA…vZbsFs (curated list) in 4 sweeps, typically 25 seconds after arrival. Gas rule: TFLxNH…aEznGd, labelled CoinDCX, sent the fee money for 4 of 4 sweeps. Both rules agree. Rule confidence 0.81, not calibrated.",,TU7BbAsb8t371eMijQeiGXsiLvY1vZbsFs,curated,USDT,1.0,4267.970457,4267.970457,4,2,4,25.5,confirmed,TFLxNHunhEizmeEdiMyA3r2XGLSKaEznGd,CoinDCX,native,4,e89c6805815f6c50ef8d8c8caecee554ee634d6653f22fb83f20a67c3ca5e48f,2025-06-09T12:01:36Z,True
TG2rNEUMbH6vgyxam95sG2QKVTvJfVvYqz,tron,CoinDCX,exchange,deposit,derived,sweep+gas,0.8075,"Sweep rule: forwarded 100% of the 46,740 USDT it received from 1 sender to CoinDCX wallet TU7BbA…vZbsFs (curated list) in 25 sweeps, typically 36 seconds after arrival. Only its first 50 transfers since 2025-05-18 were read; what it did later is not covered. Its gas listing was not read to the end. Gas rule: TFLxNH…aEznGd, labelled CoinDCX, sent the fee money for 15 of 25 sweeps. Both rules agree. Rule confidence 0.81, not calibrated.",,TU7BbAsb8t371eMijQeiGXsiLvY1vZbsFs,curated,USDT,1.0,46740.000000,46740.000000,25,1,25,36.0,confirmed,TFLxNHunhEizmeEdiMyA3r2XGLSKaEznGd,CoinDCX,native,15,200980184ef364a42083bdfc4c79375a6d8f33b9ef2968d8a95ac6703b421d4d,2025-06-19T16:43:09Z,False
TG4kq9RauJKDszYEQXCcn3uys5i7sjZgW2,tron,CoinDCX,exchange,deposit,derived,sweep+gas,0.8075,"Sweep rule: forwarded 100% of the 252.24 USDT it received from 4 senders to CoinDCX wallet TU7BbA…vZbsFs (curated list) in 6 sweeps, typically 33 seconds after arrival. Gas rule: TFLxNH…aEznGd, labelled CoinDCX, sent the fee money for 5 of 6 sweeps. Both rules agree. Rule confidence 0.81, not calibrated.",,TU7BbAsb8t371eMijQeiGXsiLvY1vZbsFs,curated,USDT,1.0,252.236116,252.236116,6,4,6,33.0,confirmed,TFLxNHunhEizmeEdiMyA3r2XGLSKaEznGd,CoinDCX,native,5,1d2cbfd11ee7f4498efc50e4572cb822b48a3e7c4d9f1a005ad8913171a685e9,2025-06-07T03:21:06Z,True
TG7N1berZYRkmxsX43pmF3g6ghkETUGzgH,tron,CoinDCX,exchange,deposit,derived,sweep+gas,0.8075,"Sweep rule: forwarded 100% of the 16.27 USDT it received from 1 sender to CoinDCX wallet TU7BbA…vZbsFs (curated list) in 2 sweeps, typically 28 seconds after arrival. Gas rule: TFLxNH…aEznGd, labelled CoinDCX, sent the fee money for 2 of 2 sweeps. Both rules agree. Rule confidence 0.81, not calibrated.",,TU7BbAsb8t371eMijQeiGXsiLvY1vZbsFs,curated,USDT,1.0,16.268332,16.268332,2,1,2,28.5,confirmed,TFLxNHunhEizmeEdiMyA3r2XGLSKaEznGd,CoinDCX,native,2,da20d31d73c49871c4bf40c0b25d202aa293feae86298e6455ad52bc347957a4,2025-05-28T04:58:06Z,True
TGEPQG8yCXZA6cTvsfXrNabStxcSNSw9Fm,tron,CoinDCX,exchange,deposit,derived,sweep+gas,0.8075,"Sweep rule: forwarded 100% of the 791.27 USDT it received from 1 sender to CoinDCX wallet TU7BbA…vZbsFs (curated list) in 4 sweeps, typically 27 seconds after arrival. Gas rule: TFLxNH…aEznGd, labelled CoinDCX, sent the fee money for 4 of 4 sweeps. Both rules agree. Rule confidence 0.81, not calibrated.",,TU7BbAsb8t371eMijQeiGXsiLvY1vZbsFs,curated,USDT,1.0,791.267540,791.267540,4,1,4,27.0,confirmed,TFLxNHunhEizmeEdiMyA3r2XGLSKaEznGd,CoinDCX,native,4,ced59b45a7371935a415a13f98557ac0da845dc7c45872c5ee328c9a4bcb352f,2025-06-12T10:53:06Z,True
TGG8Hb8vg4Ft4DdUS3HRS5dX9vBH27BAv1,tron,CoinDCX,exchange,deposit,derived,sweep+gas,0.8075,"Sweep rule: forwarded 96% of the 549.57 USDT it received from 8 senders to CoinDCX wallet TU7BbA…vZbsFs (curated list) in 21 sweeps, typically 36 seconds after arrival. Its gas listing was not read to the end. Gas rule: TFLxNH…aEznGd, labelled CoinDCX, sent the fee money for 10 of 21 sweeps. Both rules agree. Rule confidence 0.81, not calibrated.",,TU7BbAsb8t371eMijQeiGXsiLvY1vZbsFs,curated,USDT,0.9587,549.570000,526.850000,22,8,21,36.0,confirmed,TFLxNHunhEizmeEdiMyA3r2XGLSKaEznGd,CoinDCX,native,10,921623fe8e47c0fd378a49625cd2119c92ab1384ac3669fe94d82943f22b5eb0,2026-08-10T05:45:06Z,False
TGGoXHVbfMSukdbJy4kpHF3WMwaHTsEFJV,tron,CoinDCX,exchange,deposit,derived,sweep+gas,0.8075,"Sweep rule: forwarded 100% of the 84 USDT it received from 1 sender to CoinDCX wallet TU7BbA…vZbsFs (curated list) in 6 sweeps, typically 33 seconds after arrival. Gas rule: TFLxNH…aEznGd, labelled CoinDCX, sent the fee money for 5 of 6 sweeps. Both rules agree. Rule confidence 0.81, not calibrated.",,TU7BbAsb8t371eMijQeiGXsiLvY1vZbsFs,curated,USDT,1.0,84.000000,84.000000,6,1,6,33.0,confirmed,TFLxNHunhEizmeEdiMyA3r2XGLSKaEznGd,CoinDCX,native,5,78da2ddf4f1e7ad955dfbd65d00a5aaae1a901572a01f88862d72f7e3d647393,2025-05-29T09:22:39Z,True
TGKPM3qsYbWJWBF59ME5e7AY6YFFgsrQKo,tron,CoinDCX,exchange,deposit,derived,sweep+gas,0.8075,"Sweep rule: forwarded 100% of the 109.06 USDT it received from 1 sender to CoinDCX wallet TU7BbA…vZbsFs (curated list) in 4 sweeps, typically 31 seconds after arrival. Gas rule: TFLxNH…aEznGd, labelled CoinDCX, sent the fee money for 3 of 4 sweeps. Both rules agree. Rule confidence 0.81, not calibrated.",,TU7BbAsb8t371eMijQeiGXsiLvY1vZbsFs,curated,USDT,1.0,109.059374,109.059374,4,1,4,31.5,confirmed,TFLxNHunhEizmeEdiMyA3r2XGLSKaEznGd,CoinDCX,native,3,10e3ed26b3c54b22285df64ef38027dbdea86e3bc8eb87108753e67d0c158a23,2025-06-13T06:21:06Z,True
TGMW7c1L531sg1UNa7nyk1UTJJpbhTr5Ec,tron,CoinDCX,exchange,deposit,derived,sweep+gas,0.8075,"Sweep rule: forwarded 100% of the 317 USDT it received from 1 sender to CoinDCX wallet TU7BbA…vZbsFs (curated list) in 3 sweeps, typically 24 seconds after arrival. Gas rule: TFLxNH…aEznGd, labelled CoinDCX, sent the fee money for 3 of 3 sweeps. Both rules agree. Rule confidence 0.81, not calibrated.",,TU7BbAsb8t371eMijQeiGXsiLvY1vZbsFs,curated,USDT,1.0,317.000000,317.000000,3,1,3,24.0,confirmed,TFLxNHunhEizmeEdiMyA3r2XGLSKaEznGd,CoinDCX,native,3,5444fbd2aef96a20dd24c439693c30e1f41719f6ef50beaba937c964af718458,2025-06-17T20:45:36Z,True
TGPKvYef4wxWbavaSg6Bdb5JT9vFXxyhQe,tron,CoinDCX,exchange,deposit,derived,sweep+gas,0.8075,"Sweep rule: forwarded 100% of the 9 USDT it received from 1 sender to CoinDCX wallet TU7BbA…vZbsFs (curated list) in 1 sweep, typically 30 seconds after arrival. Gas rule: TFLxNH…aEznGd, labelled CoinDCX, sent the fee money for 1 of 1 sweep. Both rules agree. Rule confidence 0.81, not calibrated.",,TU7BbAsb8t371eMijQeiGXsiLvY1vZbsFs,curated,USDT,1.0,9.000000,9.000000,1,1,1,30.0,confirmed,TFLxNHunhEizmeEdiMyA3r2XGLSKaEznGd,CoinDCX,native,1,3eb06013e6340b16952c92adf494c4b356ccf73f5ee6eed9945ec25fba3d5429,2025-05-30T11:53:09Z,True
TGSQ7rMXpF21jF5FnFkW5oNBfyH88ybf9z,tron,CoinDCX,exchange,deposit,derived,sweep+gas,0.8075,"Sweep rule: forwarded 100% of the 87.12 USDT it received from 1 sender to CoinDCX wallet TU7BbA…vZbsFs (curated list) in 4 sweeps, typically 39 seconds after arrival. Gas rule: TFLxNH…aEznGd, labelled CoinDCX, sent the fee money for 3 of 4 sweeps. Both rules agree. Rule confidence 0.81, not calibrated.",,TU7BbAsb8t371eMijQeiGXsiLvY1vZbsFs,curated,USDT,1.0,87.123787,87.123787,4,1,4,39.0,confirmed,TFLxNHunhEizmeEdiMyA3r2XGLSKaEznGd,CoinDCX,native,3,9e057c6554865275d419c626bd00658081c888d336002a9f7785014da9f7ba15,2025-05-26T02:14:06Z,True
TGWTw2v9a4LkKCum6rCZ44BzF2KVvfv7Cx,tron,CoinDCX,exchange,deposit,derived,sweep+gas,0.8075,"Sweep rule: forwarded 100% of the 105.55 USDT it received from 1 sender to CoinDCX wallet TU7BbA…vZbsFs (curated list) in 3 sweeps, typically 30 seconds after arrival. Gas rule: TFLxNH…aEznGd, labelled CoinDCX, sent the fee money for 3 of 3 sweeps. Both rules agree. Rule confidence 0.81, not calibrated.",,TU7BbAsb8t371eMijQeiGXsiLvY1vZbsFs,curated,USDT,1.0,105.549242,105.549242,3,1,3,30.0,confirmed,TFLxNHunhEizmeEdiMyA3r2XGLSKaEznGd,CoinDCX,native,3,a89cc581c0f052f533bb696c4f441b49ac3c800afac905931693e17ef34f25bb,2025-05-30T05:21:36Z,True
TGYQg7tBQZHnKJkxq1kkB4EtcHzkc916FM,tron,CoinDCX,exchange,deposit,derived,sweep+gas,0.8075,"Sweep rule: forwarded 100% of the 69.17 USDT it received from 1 sender to CoinDCX wallet TU7BbA…vZbsFs (curated list) in 5 sweeps, typically 21 seconds after arrival. Gas rule: TFLxNH…aEznGd, labelled CoinDCX, sent the fee money for 5 of 5 sweeps. Both rules agree. Rule confidence 0.81, not calibrated.",,TU7BbAsb8t371eMijQeiGXsiLvY1vZbsFs,curated,USDT,1.0,69.172334,69.172334,5,1,5,21.0,confirmed,TFLxNHunhEizmeEdiMyA3r2XGLSKaEznGd,CoinDCX,native,5,3545507cc3d24bd3f9f025c6ae4f826d6e63613b8d0f81fd4a9da5175630e016,2025-05-25T06:25:36Z,True
TGeyq3hRH4cX5JYHtJLJHGSzitqVqvNXmS,tron,CoinDCX,exchange,deposit,derived,sweep+gas,0.8075,"Sweep rule: forwarded 100% of the 103 USDT it received from 3 senders to CoinDCX wallet TU7BbA…vZbsFs (curated list) in 3 sweeps, typically 30 seconds after arrival. Gas rule: TFLxNH…aEznGd, labelled CoinDCX, sent the fee money for 2 of 3 sweeps. Both rules agree. Rule confidence 0.81, not calibrated.",,TU7BbAsb8t371eMijQeiGXsiLvY1vZbsFs,curated,USDT,1.0,103.000000,103.000000,3,3,3,30.0,confirmed,TFLxNHunhEizmeEdiMyA3r2XGLSKaEznGd,CoinDCX,native,2,7038d42f83564d6348a961ce02af1f5db83894ad593fdb092c0e3ab9296007b5,2025-06-06T18:35:06Z,True
TGgqKAgF9xjYsFzoHQxv6mN9qQM2ZopSSj,tron,CoinDCX,exchange,deposit,derived,sweep+gas,0.8075,"Sweep rule: forwarded 100% of the 16,481.04 USDT it received from 12 senders to CoinDCX wallet TU7BbA…vZbsFs (curated list) in 25 sweeps, typically 39 seconds after arrival. Only its first 50 transfers since 2025-05-18 were read; what it did later is not covered. Its gas listing was not read to the end. Gas rule: TFLxNH…aEznGd, labelled CoinDCX, sent the fee money for 13 of 25 sweeps. Both rules agree. Rule confidence 0.81, not calibrated.",,TU7BbAsb8t371eMijQeiGXsiLvY1vZbsFs,curated,USDT,1.0,16481.042137,16481.042137,25,12,25,39.0,confirmed,TFLxNHunhEizmeEdiMyA3r2XGLSKaEznGd,CoinDCX,native,13,18782b32d8536669e429f28913ed1dd1ec3e14d171527555373b730c3586ec88,2025-08-18T12:41:36Z,False
TGivux2SQ5fCGiQHsbRGm2mLNWtcxjvRiB,tron,CoinDCX,exchange,deposit,derived,sweep+gas,0.8075,"Sweep rule: forwarded 100% of the 442.10 USDT it received from 1 sender to CoinDCX wallet TU7BbA…vZbsFs (curated list) in 7 sweeps, typically 33 seconds after arrival. Gas rule: TFLxNH…aEznGd, labelled CoinDCX, sent the fee money for 7 of 7 sweeps. Both rules agree. Rule confidence 0.81, not calibrated.",,TU7BbAsb8t371eMijQeiGXsiLvY1vZbsFs,curated,USDT,1.0,442.100000,442.100000,7,1,7,33.0,confirmed,TFLxNHunhEizmeEdiMyA3r2XGLSKaEznGd,CoinDCX,native,7,2a24617167be03a8e903947449af15298ea81a9c2e7a5793c118f0dbab881625,2025-06-20T15:52:06Z,True
TGoq8Era2cETcELBWBygN8KuR7GM8PVSCe,tron,CoinDCX,exchange,deposit,derived,sweep+gas,0.8075,"Sweep rule: forwarded 100% of the 181.73 USDT it received from 1 sender to CoinDCX wallet TU7BbA…vZbsFs (curated list) in 7 sweeps, typically 36 seconds after arrival. Gas rule: TFLxNH…aEznGd, labelled CoinDCX, sent the fee money for 7 of 7 sweeps. Both rules agree. Rule confidence 0.81, not calibrated.",,TU7BbAsb8t371eMijQeiGXsiLvY1vZbsFs,curated,USDT,1.0,181.727621,181.727621,7,1,7,36.0,confirmed,TFLxNHunhEizmeEdiMyA3r2XGLSKaEznGd,CoinDCX,native,7,472f296dd32fad4d9487ff2b12400adc2c571ed3c2576bf422b8ad50da41f378,2025-06-05T16:10:36Z,True
TGptTPNVnJR2wT3wZM9MDY1dfsh648BYgj,tron,CoinDCX,exchange,deposit,derived,sweep+gas,0.8075,"Sweep rule: forwarded 100% of the 70.05 USDT it received from 4 senders to CoinDCX wallet TU7BbA…vZbsFs (curated list) in 4 sweeps, typically 39 seconds after arrival. Gas rule: TFLxNH…aEznGd, labelled CoinDCX, sent the fee money for 3 of 4 sweeps. Both rules agree. Rule confidence 0.81, not calibrated.",,TU7BbAsb8t371eMijQeiGXsiLvY1vZbsFs,curated,USDT,1.0,70.050000,70.050000,4,4,4,39.0,confirmed,TFLxNHunhEizmeEdiMyA3r2XGLSKaEznGd,CoinDCX,native,3,7c823e727b9bcdfad6850bc5baadc70b636566958ec515177b122c0b63259de6,2025-08-22T05:29:06Z,True
TGwCenp3vUhzjgR65XJQ7tGhiuaZbNkNMg,tron,CoinDCX,exchange,deposit,derived,sweep+gas,0.8075,"Sweep rule: forwarded 100% of the 273.37 USDT it received from 2 senders to CoinDCX wallet TU7BbA…vZbsFs (curated list) in 9 sweeps, typically 36 seconds after arrival. Gas rule: TFLxNH…aEznGd, labelled CoinDCX, sent the fee money for 9 of 9 sweeps. Both rules agree. Rule confidence 0.81, not calibrated.",,TU7BbAsb8t371eMijQeiGXsiLvY1vZbsFs,curated,USDT,1.0,273.369862,273.369862,9,2,9,36.0,confirmed,TFLxNHunhEizmeEdiMyA3r2XGLSKaEznGd,CoinDCX,native,9,ac172f88fa2857b520c03e5d24a8993655c5c21f3c0320fae31dca234c06d17d,2025-06-04T07:41:09Z,True
TGy1WLk9PXQiT2knPSVk6TeW99w6KzqSvf,tron,CoinDCX,exchange,deposit,derived,sweep+gas,0.8075,"Sweep rule: forwarded 100% of the 189.40 USDT it received from 5 senders to CoinDCX wallet TU7BbA…vZbsFs (curated list) in 14 sweeps, typically 31 seconds after arrival. Gas rule: TFLxNH…aEznGd, labelled CoinDCX, sent the fee money for 13 of 14 sweeps. Both rules agree. Rule confidence 0.81, not calibrated.",,TU7BbAsb8t371eMijQeiGXsiLvY1vZbsFs,curated,USDT,1.0,189.400000,189.400000,14,5,14,31.5,confirmed,TFLxNHunhEizmeEdiMyA3r2XGLSKaEznGd,CoinDCX,native,13,5e76d0952fb6df6062ad3d5650202a4b04ce020ec87bd408f15e3df17d3ae019,2025-11-08T16:17:36Z,True
TH3Q76JUgHib8Ztssue2drRVeCbwmPsq9u,tron,CoinDCX,exchange,deposit,derived,sweep+gas,0.8075,"Sweep rule: forwarded 100% of the 963.35 USDT it received from 1 sender to CoinDCX wallet TU7BbA…vZbsFs (curated list) in 6 sweeps, typically 24 seconds after arrival. Gas rule: TFLxNH…aEznGd, labelled CoinDCX, sent the fee money for 6 of 6 sweeps. Both rules agree. Rule confidence 0.81, not calibrated.",,TU7BbAsb8t371eMijQeiGXsiLvY1vZbsFs,curated,USDT,1.0,963.350000,963.350000,6,1,6,24.0,confirmed,TFLxNHunhEizmeEdiMyA3r2XGLSKaEznGd,CoinDCX,native,6,75628b77c9578d04e48fb04c7b6921662f65ae8f02997fbcf65e3ff66d508b7c,2025-06-17T06:32:06Z,True
TH6DFuqkzUFJFSUJJJYcVrz5fyPVyfkAQM,tron,CoinDCX,exchange,deposit,derived,sweep+gas,0.8075,"Sweep rule: forwarded 100% of the 122.93 USDT it received from 1 sender to CoinDCX wallet TU7BbA…vZbsFs (curated list) in 5 sweeps, typically 33 seconds after arrival. Gas rule: TFLxNH…aEznGd, labelled CoinDCX, sent the fee money for 5 of 5 sweeps. Both rules agree. Rule confidence 0.81, not calibrated.",,TU7BbAsb8t371eMijQeiGXsiLvY1vZbsFs,curated,USDT,1.0,122.933997,122.933997,5,1,5,33.0,confirmed,TFLxNHunhEizmeEdiMyA3r2XGLSKaEznGd,CoinDCX,native,5,1f5bd6bd1c220e0d284b715510be5cf43975b0e9e9b37e456a6e39b813c5a775,2025-06-04T09:39:36Z,True
THATNirSaGUZ93icBwkTbmdpQgR2S5asYL,tron,CoinDCX,exchange,deposit,derived,sweep+gas,0.8075,"Sweep rule: forwarded 100% of the 40 USDT it received from 2 senders to CoinDCX wallet TU7BbA…vZbsFs (curated list) in 2 sweeps, typically 25 seconds after arrival. Gas rule: TFLxNH…aEznGd, labelled CoinDCX, sent the fee money for 2 of 2 sweeps. Both rules agree. Rule confidence 0.81, not calibrated.",,TU7BbAsb8t371eMijQeiGXsiLvY1vZbsFs,curated,USDT,1.0,40.000000,40.000000,2,2,2,25.5,confirmed,TFLxNHunhEizmeEdiMyA3r2XGLSKaEznGd,CoinDCX,native,2,83ab92a0707ec77ede5fc01025bd8f3a7e62f3be9744b8f556d2159ca947afda,2025-05-28T11:45:06Z,True
THAeo4AfX3bLP3jXADNWPfQBqj5qc1WzHT,tron,CoinDCX,exchange,deposit,derived,sweep+gas,0.8075,"Sweep rule: forwarded 100% of the 467.20 USDT it received from 1 sender to CoinDCX wallet TU7BbA…vZbsFs (curated list) in 1 sweep, typically 36 seconds after arrival. Gas rule: TFLxNH…aEznGd, labelled CoinDCX, sent the fee money for 1 of 1 sweep. Both rules agree. Rule confidence 0.81, not calibrated.",,TU7BbAsb8t371eMijQeiGXsiLvY1vZbsFs,curated,USDT,1.0,467.199000,467.199000,1,1,1,36.0,confirmed,TFLxNHunhEizmeEdiMyA3r2XGLSKaEznGd,CoinDCX,native,1,7b5a270486b76b82092c1f79b72ff23eb141a5819089692ecbdc0090fec15d55,2025-05-30T09:31:06Z,True
THHe5Y4ksN79nGXKMeP7vF31t9aNkiprUa,tron,CoinDCX,exchange,deposit,derived,sweep+gas,0.8075,"Sweep rule: forwarded 100% of the 85.49 USDT it received from 1 sender to CoinDCX wallet TU7BbA…vZbsFs (curated list) in 4 sweeps, typically 31 seconds after arrival. Gas rule: TFLxNH…aEznGd, labelled CoinDCX, sent the fee money for 4 of 4 sweeps. Both rules agree. Rule confidence 0.81, not calibrated.",,TU7BbAsb8t371eMijQeiGXsiLvY1vZbsFs,curated,USDT,1.0,85.491581,85.491581,4,1,4,31.5,confirmed,TFLxNHunhEizmeEdiMyA3r2XGLSKaEznGd,CoinDCX,native,4,0d0fa14c6e05d305eb1e08b93e0e4359e513a2ddbf75de3467470ba8bf5a47f1,2025-06-04T15:38:09Z,True
THJ7SB1vpPq5zSVHKZb2UNeb1fyfwjC27s,tron,CoinDCX,exchange,deposit,derived,sweep+gas,0.8075,"Sweep rule: forwarded 100% of the 50.73 USDT it received from 2 senders to CoinDCX wallet TU7BbA…vZbsFs (curated list) in 3 sweeps, typically 27 seconds after arrival. Gas rule: TFLxNH…aEznGd, labelled CoinDCX, sent the fee money for 3 of 3 sweeps. Both rules agree. Rule confidence 0.81, not calibrated.",,TU7BbAsb8t371eMijQeiGXsiLvY1vZbsFs,curated,USDT,1.0,50.730000,50.730000,3,2,3,27.0,confirmed,TFLxNHunhEizmeEdiMyA3r2XGLSKaEznGd,CoinDCX,native,3,f35cc399b254d0742fe3a937b631608f1bdb19ce0c6cfd43b7755e4f728db64e,2025-06-01T06:04:36Z,True
THJx2c7jux9uaBFiDG5hTKqXMRmfeimm3w,tron,CoinDCX,exchange,deposit,derived,sweep+gas,0.8075,"Sweep rule: forwarded 100% of the 795.41 USDT it received from 17 senders to CoinDCX wallet TU7BbA…vZbsFs (curated list) in 25 sweeps, typically 33 seconds after arrival. Only its first 50 transfers since 2025-05-18 were read; what it did later is not covered. Its gas listing was not read to the end. Gas rule: TFLxNH…aEznGd, labelled CoinDCX, sent the fee money for 18 of 25 sweeps. Both rules agree. Rule confidence 0.81, not calibrated.",,TU7BbAsb8t371eMijQeiGXsiLvY1vZbsFs,curated,USDT,1.0,795.410000,795.410000,25,17,25,33.0,confirmed,TFLxNHunhEizmeEdiMyA3r2XGLSKaEznGd,CoinDCX,native,18,3f4fbc3003b101989933beaf4b65fb008832459ec1699bd107fe36c82ef9cb49,2025-06-17T05:25:06Z,False
THKePM1xTUtQGjSX9anzPdiWytBec4wcAk,tron,CoinDCX,exchange,deposit,derived,sweep+gas,0.8075,"Sweep rule: forwarded 100% of the 77 USDT it received from 1 sender to CoinDCX wallet TU7BbA…vZbsFs (curated list) in 2 sweeps, typically 45 seconds after arrival. Gas rule: TFLxNH…aEznGd, labelled CoinDCX, sent the fee money for 2 of 2 sweeps. Both rules agree. Rule confidence 0.81, not calibrated.",,TU7BbAsb8t371eMijQeiGXsiLvY1vZbsFs,curated,USDT,1.0,77.000000,77.000000,2,1,2,45.0,confirmed,TFLxNHunhEizmeEdiMyA3r2XGLSKaEznGd,CoinDCX,native,2,f6f4ef4602f22218894c1667c01b5562d4ceae3435fdfd0368294323a2f21e60,2025-06-01T03:03:06Z,True
THMorw1nDzjyfuZkqUDXCYkKofYST7TpYe,tron,CoinDCX,exchange,deposit,derived,sweep+gas,0.8075,"Sweep rule: forwarded 100% of the 7 USDT it received from 1 sender to CoinDCX wallet TU7BbA…vZbsFs (curated list) in 1 sweep, typically 24 seconds after arrival. Gas rule: TFLxNH…aEznGd, labelled CoinDCX, sent the fee money for 1 of 1 sweep. Both rules agree. Rule confidence 0.81, not calibrated.",,TU7BbAsb8t371eMijQeiGXsiLvY1vZbsFs,curated,USDT,1.0,7.000000,7.000000,1,1,1,24.0,confirmed,TFLxNHunhEizmeEdiMyA3r2XGLSKaEznGd,CoinDCX,native,1,3da6839cca4fe630da71039f0b6b32b8b0e9b38ad371c3cb9e4fd066719cdc76,2025-05-29T20:52:36Z,True
THWFx3J7dt3btjRcAoDM6keQT6tSaPkuF5,tron,CoinDCX,exchange,deposit,derived,sweep+gas,0.8075,"Sweep rule: forwarded 100% of the 484.92 USDT it received from 20 senders to CoinDCX wallet TU7BbA…vZbsFs (curated list) in 25 sweeps, typically 36 seconds after arrival. Only its first 50 transfers since 2025-05-18 were read; what it did later is not covered. Its gas listing was not read to the end. Gas rule: TFLxNH…aEznGd, labelled CoinDCX, sent the fee money for 18 of 25 sweeps. Both rules agree. Rule confidence 0.81, not calibrated.",,TU7BbAsb8t371eMijQeiGXsiLvY1vZbsFs,curated,USDT,1.0,484.920000,484.920000,25,20,25,36.0,confirmed,TFLxNHunhEizmeEdiMyA3r2XGLSKaEznGd,CoinDCX,native,18,3f2a7b5250570b08785f2e1af72c25927b6f2a55503c79ae333246d1411f7d41,2025-08-11T01:45:36Z,False
THYqrzovCLjdiLBNz2aJpT4qmLpfhzYzYb,tron,CoinDCX,exchange,deposit,derived,sweep+gas,0.8075,"Sweep rule: forwarded 100% of the 272.82 USDT it received from 4 senders to CoinDCX wallet TU7BbA…vZbsFs (curated list) in 4 sweeps, typically 34 seconds after arrival. Gas rule: TFLxNH…aEznGd, labelled CoinDCX, sent the fee money for 4 of 4 sweeps. Both rules agree. Rule confidence 0.81, not calibrated.",,TU7BbAsb8t371eMijQeiGXsiLvY1vZbsFs,curated,USDT,1.0,272.820000,272.820000,4,4,4,34.5,confirmed,TFLxNHunhEizmeEdiMyA3r2XGLSKaEznGd,CoinDCX,native,4,91c1af26f615bf7771f532693277ec23e78c63626c72d7d2cdfa576a6de8458f,2025-11-20T15:55:36Z,True
THZKteWj7WMM7jNsChd9uBaTa15Pir7h8H,tron,CoinDCX,exchange,deposit,derived,sweep+gas,0.8075,"Sweep rule: forwarded 100% of the 970.05 USDT it received from 10 senders to CoinDCX wallet TU7BbA…vZbsFs (curated list) in 25 sweeps, typically 36 seconds after arrival. Only its first 50 transfers since 2025-05-18 were read; what it did later is not covered. Its gas listing was not read to the end. Gas rule: TFLxNH…aEznGd, labelled CoinDCX, sent the fee money for 17 of 25 sweeps. Both rules agree. Rule confidence 0.81, not calibrated.",,TU7BbAsb8t371eMijQeiGXsiLvY1vZbsFs,curated,USDT,1.0,970.046863,970.046863,25,10,25,36.0,confirmed,TFLxNHunhEizmeEdiMyA3r2XGLSKaEznGd,CoinDCX,native,17,f5e41e34f8f2104ba5c08f3a5a4a77f46c83e58b44e31d44dcb3029abed7dd54,2025-07-23T07:42:09Z,False
THeFmJKwctdH5vX8LfineZuWsjX7E3gdEo,tron,CoinDCX,exchange,deposit,derived,sweep+gas,0.8075,"Sweep rule: forwarded 100% of the 166.97 USDT it received from 1 sender to CoinDCX wallet TU7BbA…vZbsFs (curated list) in 1 sweep, typically 39 seconds after arrival. Gas rule: TFLxNH…aEznGd, labelled CoinDCX, sent the fee money for 1 of 1 sweep. Both rules agree. Rule confidence 0.81, not calibrated.",,TU7BbAsb8t371eMijQeiGXsiLvY1vZbsFs,curated,USDT,1.0,166.966433,166.966433,1,1,1,39.0,confirmed,TFLxNHunhEizmeEdiMyA3r2XGLSKaEznGd,CoinDCX,native,1,2a44021c616aee813d1bfb8bc89b989e9136e6bafbb9f0f6cb3eaea1c854a16c,2025-05-28T12:59:09Z,True
THkpV4aV2tYeMpCKevrJ6ApWtPKDyHewBX,tron,CoinDCX,exchange,deposit,derived,sweep+gas,0.8075,"Sweep rule: forwarded 100% of the 7.43 USDT it received from 1 sender to CoinDCX wallet TU7BbA…vZbsFs (curated list) in 1 sweep, typically 36 seconds after arrival. Gas rule: TFLxNH…aEznGd, labelled CoinDCX, sent the fee money for 1 of 1 sweep. Both rules agree. Rule confidence 0.81, not calibrated.",,TU7BbAsb8t371eMijQeiGXsiLvY1vZbsFs,curated,USDT,1.0,7.426429,7.426429,1,1,1,36.0,confirmed,TFLxNHunhEizmeEdiMyA3r2XGLSKaEznGd,CoinDCX,native,1,0d1f8834267ded85542df4837b5b4cd20a7a05c71b15ac7e86da5c6b135721fe,2025-05-29T19:02:06Z,True
THnapV33v5ejkiXSHkQCWEa2oeAj2nePwy,tron,CoinDCX,exchange,deposit,derived,sweep+gas,0.8075,"Sweep rule: forwarded 100% of the 25.86 USDT it received from 1 sender to CoinDCX wallet TU7BbA…vZbsFs (curated list) in 1 sweep, typically 30 seconds after arrival. Gas rule: TFLxNH…aEznGd, labelled CoinDCX, sent the fee money for 1 of 1 sweep. Both rules agree. Rule confidence 0.81, not calibrated.",,TU7BbAsb8t371eMijQeiGXsiLvY1vZbsFs,curated,USDT,1.0,25.855843,25.855843,1,1,1,30.0,confirmed,TFLxNHunhEizmeEdiMyA3r2XGLSKaEznGd,CoinDCX,native,1,af65f4e0c63cc528c21fe73ee8725d504c6e5a08f7369479853948619b364332,2025-05-26T03:45:36Z,True
THp52yjomzjx8dHEh3UbhJs37NUTWgUwxu,tron,CoinDCX,exchange,deposit,derived,sweep+gas,0.8075,"Sweep rule: forwarded 100% of the 178.84 USDT it received from 1 sender to CoinDCX wallet TU7BbA…vZbsFs (curated list) in 6 sweeps, typically 36 seconds after arrival. Gas rule: TFLxNH…aEznGd, labelled CoinDCX, sent the fee money for 5 of 6 sweeps. Both rules agree. Rule confidence 0.81, not calibrated.",,TU7BbAsb8t371eMijQeiGXsiLvY1vZbsFs,curated,USDT,1.0,178.842145,178.842145,6,1,6,36.0,confirmed,TFLxNHunhEizmeEdiMyA3r2XGLSKaEznGd,CoinDCX,native,5,1355380f149ad97ef6256e0c9d976691a28246e31532af2af6d22dc32ee44316,2025-06-16T14:17:36Z,True
THuWriDhUhhU2sp6LWpp6FvzW6E58CRkY9,tron,CoinDCX,exchange,deposit,derived,sweep+gas,0.8075,"Sweep rule: forwarded 100% of the 5,013.58 USDT it received from 7 senders to CoinDCX wallet TU7BbA…vZbsFs (curated list) in 24 sweeps, typically 33 seconds after arrival. Only its first 50 transfers since 2025-05-18 were read; what it did later is not covered. Its gas listing was not read to the end. Gas rule: TFLxNH…aEznGd, labelled CoinDCX, sent the fee money for 17 of 24 sweeps. Both rules agree. Rule confidence 0.81, not calibrated.",,TU7BbAsb8t371eMijQeiGXsiLvY1vZbsFs,curated,USDT,1.0,5013.580000,5013.580000,24,7,24,33.0,confirmed,TFLxNHunhEizmeEdiMyA3r2XGLSKaEznGd,CoinDCX,native,17,e0bee6377eebb0c6fc9af68f3b3801a9c7864e0406b9df8054a324b18ec5864e,2026-03-09T13:01:36Z,False
THyX9QcLrPrNAiiitfbfNeNeyEvaMXMAb8,tron,CoinDCX,exchange,deposit,derived,sweep+gas,0.8075,"Sweep rule: forwarded 100% of the 88.95 USDT it received from 1 sender to CoinDCX wallet TU7BbA…vZbsFs (curated list) in 3 sweeps, typically 45 seconds after arrival. Gas rule: TFLxNH…aEznGd, labelled CoinDCX, sent the fee money for 3 of 3 sweeps. Both rules agree. Rule confidence 0.81, not calibrated.",,TU7BbAsb8t371eMijQeiGXsiLvY1vZbsFs,curated,USDT,1.0,88.953604,88.953604,3,1,3,45.0,confirmed,TFLxNHunhEizmeEdiMyA3r2XGLSKaEznGd,CoinDCX,native,3,fc02506b32a4f35a77f91208a8cfc36e7db113cff8960d79f3da67195a325702,2025-05-30T18:24:06Z,True
TJ42s1Sm6ELHhsFYxJbSfvHsVG11phbgWd,tron,CoinDCX,exchange,deposit,derived,sweep+gas,0.8075,"Sweep rule: forwarded 100% of the 261.42 USDT it received from 1 sender to CoinDCX wallet TU7BbA…vZbsFs (curated list) in 8 sweeps, typically 33 seconds after arrival. Gas rule: TFLxNH…aEznGd, labelled CoinDCX, sent the fee money for 7 of 8 sweeps. Both rules agree. Rule confidence 0.81, not calibrated.",,TU7BbAsb8t371eMijQeiGXsiLvY1vZbsFs,curated,USDT,1.0,261.419119,261.419119,8,1,8,33.0,confirmed,TFLxNHunhEizmeEdiMyA3r2XGLSKaEznGd,CoinDCX,native,7,5dafc3c905725813e303c5f35b681bf951ecea152960ad8be398d67ea3a42d5a,2025-06-04T03:30:06Z,True
TJ4QYZPSy1v3drxcn3W5j8szdCvpZBpPe1,tron,CoinDCX,exchange,deposit,derived,sweep+gas,0.8075,"Sweep rule: forwarded 100% of the 402.31 USDT it received from 1 sender to CoinDCX wallet TU7BbA…vZbsFs (curated list) in 2 sweeps, typically 34 seconds after arrival. Gas rule: TFLxNH…aEznGd, labelled CoinDCX, sent the fee money for 2 of 2 sweeps. Both rules agree. Rule confidence 0.81, not calibrated.",,TU7BbAsb8t371eMijQeiGXsiLvY1vZbsFs,curated,USDT,1.0,402.307487,402.307487,2,1,2,34.5,confirmed,TFLxNHunhEizmeEdiMyA3r2XGLSKaEznGd,CoinDCX,native,2,68d989def11dab6eb2b5c7865e4a0a77a9e7e7208e3cc7143b0194e6ab7bf2f4,2025-05-29T06:32:36Z,True
TJ7zr1PebnGFZ3oyqYR2qKwbfDKgjeHXnt,tron,CoinDCX,exchange,deposit,derived,sweep+gas,0.8075,"Sweep rule: forwarded 100% of the 2,724.08 USDT it received from 1 sender to CoinDCX wallet TU7BbA…vZbsFs (curated list) in 25 sweeps, typically 24 seconds after arrival. Only its first 50 transfers since 2025-05-18 were read; what it did later is not covered. Its gas listing was not read to the end. Gas rule: TFLxNH…aEznGd, labelled CoinDCX, sent the fee money for 16 of 25 sweeps. Both rules agree. Rule confidence 0.81, not calibrated.",,TU7BbAsb8t371eMijQeiGXsiLvY1vZbsFs,curated,USDT,1.0,2724.080000,2724.080000,25,1,25,24.0,confirmed,TFLxNHunhEizmeEdiMyA3r2XGLSKaEznGd,CoinDCX,native,16,ca89ad70e1784805f83d59e421f50fba1e177421ab75bee28ac467d472719566,2025-06-16T04:38:06Z,False
TJA8kJifhhcxrLz9Tz9x8LvMvLeq2g7kPU,tron,CoinDCX,exchange,deposit,derived,sweep+gas,0.8075,"Sweep rule: forwarded 100% of the 196.02 USDT it received from 1 sender to CoinDCX wallet TU7BbA…vZbsFs (curated list) in 9 sweeps, typically 39 seconds after arrival. Gas rule: TFLxNH…aEznGd, labelled CoinDCX, sent the fee money for 9 of 9 sweeps. Both rules agree. Rule confidence 0.81, not calibrated.",,TU7BbAsb8t371eMijQeiGXsiLvY1vZbsFs,curated,USDT,1.0,196.023946,196.023946,9,1,9,39.0,confirmed,TFLxNHunhEizmeEdiMyA3r2XGLSKaEznGd,CoinDCX,native,9,215e23b243c708d6a97512044c906f2792d89a112bb305c3a25811cfa6cd334f,2025-06-05T15:44:09Z,True
TJD2s8Mtih4xPzv16GwxikEPFaGvHRkPDq,tron,CoinDCX,exchange,deposit,derived,sweep+gas,0.8075,"Sweep rule: forwarded 100% of the 539.97 USDT it received from 1 sender to CoinDCX wallet TU7BbA…vZbsFs (curated list) in 11 sweeps, typically 27 seconds after arrival. Gas rule: TFLxNH…aEznGd, labelled CoinDCX, sent the fee money for 11 of 11 sweeps. Both rules agree. Rule confidence 0.81, not calibrated.",,TU7BbAsb8t371eMijQeiGXsiLvY1vZbsFs,curated,USDT,1.0,539.969681,539.969681,11,1,11,27.0,confirmed,TFLxNHunhEizmeEdiMyA3r2XGLSKaEznGd,CoinDCX,native,11,8a310a25ce472b937ca1462019cee9b31e6568a0d28a0008dbbb13837caf5a9b,2025-06-04T14:46:39Z,True
TJEmx5gQo4hwT89XqmNeztd4JPghxQWY8F,tron,CoinDCX,exchange,deposit,derived,sweep+gas,0.8075,"Sweep rule: forwarded 100% of the 175.83 USDT it received from 3 senders to CoinDCX wallet TU7BbA…vZbsFs (curated list) in 4 sweeps, typically 37 seconds after arrival. Gas rule: TFLxNH…aEznGd, labelled CoinDCX, sent the fee money for 4 of 4 sweeps. Both rules agree. Rule confidence 0.81, not calibrated.",,TU7BbAsb8t371eMijQeiGXsiLvY1vZbsFs,curated,USDT,1.0,175.830000,175.830000,4,3,4,37.5,confirmed,TFLxNHunhEizmeEdiMyA3r2XGLSKaEznGd,CoinDCX,native,4,9febe1fff763a157761cd4d84c45081f3a6b995923c5f34243853d532ed1591a,2025-07-23T10:39:06Z,True
TJGop1fjnrTwniUS3Y2Dtj5XZnw6mvfAhN,tron,CoinDCX,exchange,deposit,derived,sweep+gas,0.8075,"Sweep rule: forwarded 100% of the 999 USDT it received from 3 senders to CoinDCX wallet TU7BbA…vZbsFs (curated list) in 3 sweeps, typically 33 seconds after arrival. Gas rule: TFLxNH…aEznGd, labelled CoinDCX, sent the fee money for 3 of 3 sweeps. Both rules agree. Rule confidence 0.81, not calibrated.",,TU7BbAsb8t371eMijQeiGXsiLvY1vZbsFs,curated,USDT,1.0,999.000000,999.000000,3,3,3,33.0,confirmed,TFLxNHunhEizmeEdiMyA3r2XGLSKaEznGd,CoinDCX,native,3,adcd9e3e5a58be79ab87b70e299ee69929a3997cbbaff0bd9f8e59290f41b540,2025-07-18T11:07:36Z,True
TJK34x4Mkt8q8eHYsHuESXogsf2ydM8RpX,tron,CoinDCX,exchange,deposit,derived,sweep+gas,0.8075,"Sweep rule: forwarded 100% of the 2,350.48 USDT it received from 2 senders to CoinDCX wallet TU7BbA…vZbsFs (curated list) in 4 sweeps, typically 45 seconds after arrival. Gas rule: TFLxNH…aEznGd, labelled CoinDCX, sent the fee money for 4 of 4 sweeps. Both rules agree. Rule confidence 0.81, not calibrated.",,TU7BbAsb8t371eMijQeiGXsiLvY1vZbsFs,curated,USDT,1.0,2350.483071,2350.483071,4,2,4,45.0,confirmed,TFLxNHunhEizmeEdiMyA3r2XGLSKaEznGd,CoinDCX,native,4,ce8b03dade4677026a14d05a26b5a076078c22e32df55185ed87b7864a6fa590,2025-06-11T13:53:36Z,True
TJNmNUubkx4o7B2tEFvJGhf7ATueGzZhQ9,tron,CoinDCX,exchange,deposit,derived,sweep+gas,0.8075,"Sweep rule: forwarded 100% of the 2 USDT it received from 1 sender to CoinDCX wallet TU7BbA…vZbsFs (curated list) in 1 sweep, typically 18 seconds after arrival. Gas rule: TFLxNH…aEznGd, labelled CoinDCX, sent the fee money for 1 of 1 sweep. Both rules agree. Rule confidence 0.81, not calibrated.",,TU7BbAsb8t371eMijQeiGXsiLvY1vZbsFs,curated,USDT,1.0,2.000000,2.000000,1,1,1,18.0,confirmed,TFLxNHunhEizmeEdiMyA3r2XGLSKaEznGd,CoinDCX,native,1,1fce890acbf15e2b9266eb5e3cad568e4f7e552d65f0f69532321e7a920ddecd,2025-05-28T11:30:36Z,True
TJPZ5brm4qHSfTFgLpKbHgiWSidSoRyCAV,tron,CoinDCX,exchange,deposit,derived,sweep+gas,0.8075,"Sweep rule: forwarded 100% of the 127.14 USDT it received from 1 sender to CoinDCX wallet TU7BbA…vZbsFs (curated list) in 4 sweeps, typically 31 seconds after arrival. Gas rule: TFLxNH…aEznGd, labelled CoinDCX, sent the fee money for 4 of 4 sweeps. Both rules agree. Rule confidence 0.81, not calibrated.",,TU7BbAsb8t371eMijQeiGXsiLvY1vZbsFs,curated,USDT,1.0,127.143115,127.143115,4,1,4,31.5,confirmed,TFLxNHunhEizmeEdiMyA3r2XGLSKaEznGd,CoinDCX,native,4,77931f0af31ed9907c1fadfde87d4689d0e388c9e52e997df1d8d89d6b69f019,2025-06-12T19:23:36Z,True
TJVgfE5EfUa5vp8BbnMGrvHjJPWngysfbz,tron,CoinDCX,exchange,deposit,derived,sweep+gas,0.8075,"Sweep rule: forwarded 100% of the 1,178.78 USDT it received from 15 senders to CoinDCX wallet TU7BbA…vZbsFs (curated list) in 25 sweeps, typically 39 seconds after arrival. Only its first 50 transfers since 2025-05-18 were read; what it did later is not covered. Its gas listing was not read to the end. Gas rule: TFLxNH…aEznGd, labelled CoinDCX, sent the fee money for 19 of 25 sweeps. Both rules agree. Rule confidence 0.81, not calibrated.",,TU7BbAsb8t371eMijQeiGXsiLvY1vZbsFs,curated,USDT,1.0,1178.780000,1178.780000,25,15,25,39.0,confirmed,TFLxNHunhEizmeEdiMyA3r2XGLSKaEznGd,CoinDCX,native,19,68bf142fa5dc321e07fc74fa6f9267587907bc52ac1a1076fc3f8cad8bd5ae33,2025-06-12T00:51:36Z,False
TJWZGLCPth7K6rUJeNMRtADCPFncJB6jbG,tron,CoinDCX,exchange,deposit,derived,sweep+gas,0.8075,"Sweep rule: forwarded 100% of the 151.50 USDT it received from 1 sender to CoinDCX wallet TU7BbA…vZbsFs (curated list) in 7 sweeps, typically 33 seconds after arrival. Gas rule: TFLxNH…aEznGd, labelled CoinDCX, sent the fee money for 6 of 7 sweeps. Both rules agree. Rule confidence 0.81, not calibrated.",,TU7BbAsb8t371eMijQeiGXsiLvY1vZbsFs,curated,USDT,1.0,151.503250,151.503250,7,1,7,33.0,confirmed,TFLxNHunhEizmeEdiMyA3r2XGLSKaEznGd,CoinDCX,native,6,0a29124446878d9869f29591e337f5e0faf0e887323e015ac30179df0bf27d84,2025-06-05T08:03:09Z,True
TJYM7ckKp8qeJks6wDejvnRd7PGAUqemzu,tron,CoinDCX,exchange,deposit,derived,sweep+gas,0.8075,"Sweep rule: forwarded 100% of the 20.16 USDT it received from 1 sender to CoinDCX wallet TU7BbA…vZbsFs (curated list) in 1 sweep, typically 39 seconds after arrival. Gas rule: TFLxNH…aEznGd, labelled CoinDCX, sent the fee money for 1 of 1 sweep. Both rules agree. Rule confidence 0.81, not calibrated.",,TU7BbAsb8t371eMijQeiGXsiLvY1vZbsFs,curated,USDT,1.0,20.155869,20.155869,1,1,1,39.0,confirmed,TFLxNHunhEizmeEdiMyA3r2XGLSKaEznGd,CoinDCX,native,1,83a989221b2d0e2be893204e34f45842afadd8c78a6026b24c7612865b0d0b78,2025-05-28T01:11:36Z,True
TJZctvjB6mKAj5ybBjcigTRjgLcK7aZtA3,tron,CoinDCX,exchange,deposit,derived,sweep+gas,0.8075,"Sweep rule: forwarded 100% of the 2.94 USDT it received from 1 sender to CoinDCX wallet TU7BbA…vZbsFs (curated list) in 1 sweep, typically 24 seconds after arrival. Gas rule: TFLxNH…aEznGd, labelled CoinDCX, sent the fee money for 1 of 1 sweep. Both rules agree. Rule confidence 0.81, not calibrated.",,TU7BbAsb8t371eMijQeiGXsiLvY1vZbsFs,curated,USDT,1.0,2.938100,2.938100,1,1,1,24.0,confirmed,TFLxNHunhEizmeEdiMyA3r2XGLSKaEznGd,CoinDCX,native,1,e75e8e22b24aefdb4f4310e7864b0e1db30d2d7e2622b75e6ba5f74d6c048abc,2025-05-30T16:05:09Z,True
TJfhfS1Ci1oR368UEy56KZ9iEdLqHEPzAY,tron,CoinDCX,exchange,deposit,derived,sweep+gas,0.8075,"Sweep rule: forwarded 100% of the 30 USDT it received from 1 sender to CoinDCX wallet TU7BbA…vZbsFs (curated list) in 1 sweep, typically 30 seconds after arrival. Gas rule: TFLxNH…aEznGd, labelled CoinDCX, sent the fee money for 1 of 1 sweep. Both rules agree. Rule confidence 0.81, not calibrated.",,TU7BbAsb8t371eMijQeiGXsiLvY1vZbsFs,curated,USDT,1.0,30.000000,30.000000,1,1,1,30.0,confirmed,TFLxNHunhEizmeEdiMyA3r2XGLSKaEznGd,CoinDCX,native,1,62e9e322829006c4c6d2cb1444a6b4f33f2848e536fadfa384bed2301ea2ac8f,2025-05-29T07:45:09Z,True
TJg8Pvub2o3AeANEb7kUENJARx2KSgv615,tron,CoinDCX,exchange,deposit,derived,sweep+gas,0.8075,"Sweep rule: forwarded 100% of the 206.73 USDT it received from 1 sender to CoinDCX wallet TU7BbA…vZbsFs (curated list) in 12 sweeps, typically 28 seconds after arrival. Gas rule: TFLxNH…aEznGd, labelled CoinDCX, sent the fee money for 11 of 12 sweeps. Both rules agree. Rule confidence 0.81, not calibrated.",,TU7BbAsb8t371eMijQeiGXsiLvY1vZbsFs,curated,USDT,1.0,206.734379,206.734379,12,1,12,28.5,confirmed,TFLxNHunhEizmeEdiMyA3r2XGLSKaEznGd,CoinDCX,native,11,e263f445e930d58ef2b42c925cb93ded8c53cf9f1b52340728e6a2f3d357504d,2025-06-03T20:14:36Z,True
TJh6p3iBm8n9g2bGnPa97t2aDWc7A5SG1u,tron,CoinDCX,exchange,deposit,derived,sweep+gas,0.8075,"Sweep rule: forwarded 100% of the 36.13 USDT it received from 1 sender to CoinDCX wallet TU7BbA…vZbsFs (curated list) in 1 sweep, typically 27 seconds after arrival. Gas rule: TFLxNH…aEznGd, labelled CoinDCX, sent the fee money for 1 of 1 sweep. Both rules agree. Rule confidence 0.81, not calibrated.",,TU7BbAsb8t371eMijQeiGXsiLvY1vZbsFs,curated,USDT,1.0,36.130000,36.130000,1,1,1,27.0,confirmed,TFLxNHunhEizmeEdiMyA3r2XGLSKaEznGd,CoinDCX,native,1,901950029172c57a85c6ae770cf7361defb1dfca0424ce7947366989961dbb06,2025-05-29T12:06:06Z,True
TJiRbSpStqMUWRoKrmVhFtYgxpnhjjHntv,tron,CoinDCX,exchange,deposit,derived,sweep+gas,0.8075,"Sweep rule: forwarded 100% of the 30 USDT it received from 1 sender to CoinDCX wallet TU7BbA…vZbsFs (curated list) in 1 sweep, typically 42 seconds after arrival. Gas rule: TFLxNH…aEznGd, labelled CoinDCX, sent the fee money for 1 of 1 sweep. Both rules agree. Rule confidence 0.81, not calibrated.",,TU7BbAsb8t371eMijQeiGXsiLvY1vZbsFs,curated,USDT,1.0,30.000000,30.000000,1,1,1,42.0,confirmed,TFLxNHunhEizmeEdiMyA3r2XGLSKaEznGd,CoinDCX,native,1,40006e496710dc21bbf1d3fe5fbce1546245583f194bb3bb9b02b606088eca39,2025-05-26T04:10:06Z,True
TJjtFk5733JMdUbvSeoz4QKn57r9qjAhaP,tron,CoinDCX,exchange,deposit,derived,sweep+gas,0.8075,"Sweep rule: forwarded 100% of the 889.64 USDT it received from 4 senders to CoinDCX wallet TU7BbA…vZbsFs (curated list) in 7 sweeps, typically 21 seconds after arrival. Gas rule: TFLxNH…aEznGd, labelled CoinDCX, sent the fee money for 6 of 7 sweeps. Both rules agree. Rule confidence 0.81, not calibrated.",,TU7BbAsb8t371eMijQeiGXsiLvY1vZbsFs,curated,USDT,1.0,889.636146,889.636146,7,4,7,21.0,confirmed,TFLxNHunhEizmeEdiMyA3r2XGLSKaEznGd,CoinDCX,native,6,4ea6af1dbe2097bf7856ce60b646f1548e1112518d67bd8c19c95e1a4e8c2414,2025-06-06T08:47:06Z,True
TJrk3FxXBGpGTWK5gSsW8kWtRrtnjgQMhf,tron,CoinDCX,exchange,deposit,derived,sweep+gas,0.8075,"Sweep rule: forwarded 100% of the 674.85 USDT it received from 1 sender to CoinDCX wallet TU7BbA…vZbsFs (curated list) in 4 sweeps, typically 40 seconds after arrival. Gas rule: TFLxNH…aEznGd, labelled CoinDCX, sent the fee money for 4 of 4 sweeps. Both rules agree. Rule confidence 0.81, not calibrated.",,TU7BbAsb8t371eMijQeiGXsiLvY1vZbsFs,curated,USDT,1.0,674.850000,674.850000,4,1,4,40.5,confirmed,TFLxNHunhEizmeEdiMyA3r2XGLSKaEznGd,CoinDCX,native,4,c8be970cd45667b54389a927850b7e1ac7e6b4c5bdfcb743b4647259717cc43b,2025-06-08T08:22:06Z,True
TJt2mBJ1594EHnLJB5VP7nVzpE2eq6naZu,tron,CoinDCX,exchange,deposit,derived,sweep+gas,0.8075,"Sweep rule: forwarded 100% of the 110.39 USDT it received from 1 sender to CoinDCX wallet TU7BbA…vZbsFs (curated list) in 4 sweeps, typically 31 seconds after arrival. Gas rule: TFLxNH…aEznGd, labelled CoinDCX, sent the fee money for 4 of 4 sweeps. Both rules agree. Rule confidence 0.81, not calibrated.",,TU7BbAsb8t371eMijQeiGXsiLvY1vZbsFs,curated,USDT,1.0,110.392204,110.392204,4,1,4,31.5,confirmed,TFLxNHunhEizmeEdiMyA3r2XGLSKaEznGd,CoinDCX,native,4,353b9ae6cb60a7a7e9ac9200ecd8e0fe302a33df1dbad02907fcad568ae42a31,2025-05-27T12:40:36Z,True
TK1JfvnQfHg6vn2VLtmWvmNcoQMMZLTNSm,tron,CoinDCX,exchange,deposit,derived,sweep+gas,0.8075,"Sweep rule: forwarded 100% of the 20 USDT it received from 1 sender to CoinDCX wallet TU7BbA…vZbsFs (curated list) in 1 sweep, typically 45 seconds after arrival. Gas rule: TFLxNH…aEznGd, labelled CoinDCX, sent the fee money for 1 of 1 sweep. Both rules agree. Rule confidence 0.81, not calibrated.",,TU7BbAsb8t371eMijQeiGXsiLvY1vZbsFs,curated,USDT,1.0,20.000000,20.000000,1,1,1,45.0,confirmed,TFLxNHunhEizmeEdiMyA3r2XGLSKaEznGd,CoinDCX,native,1,60a79bdf60fffd2cfc482b442a8a5d682b7c7327b35fff2ad97dd45b230eac70,2025-05-28T12:06:36Z,True
TK6zddViTsrZyXdTsFkBe1ZXTFcc1UtdQK,tron,CoinDCX,exchange,deposit,derived,sweep+gas,0.8075,"Sweep rule: forwarded 100% of the 69.01 USDT it received from 1 sender to CoinDCX wallet TU7BbA…vZbsFs (curated list) in 4 sweeps, typically 34 seconds after arrival. Gas rule: TFLxNH…aEznGd, labelled CoinDCX, sent the fee money for 4 of 4 sweeps. Both rules agree. Rule confidence 0.81, not calibrated.",,TU7BbAsb8t371eMijQeiGXsiLvY1vZbsFs,curated,USDT,1.0,69.008558,69.008558,4,1,4,34.5,confirmed,TFLxNHunhEizmeEdiMyA3r2XGLSKaEznGd,CoinDCX,native,4,f36c8600a1b9e9365e398b9f72261c3c8cffe002034413e3f8c08a37e6a183a9,2025-06-17T07:41:06Z,True
TK73mx238SQrrkRXhdHMomGpuGVVK8WLa6,tron,CoinDCX,exchange,deposit,derived,sweep+gas,0.8075,"Sweep rule: forwarded 100% of the 59.16 USDT it received from 1 sender to CoinDCX wallet TU7BbA…vZbsFs (curated list) in 3 sweeps, typically 36 seconds after arrival. Gas rule: TFLxNH…aEznGd, labelled CoinDCX, sent the fee money for 3 of 3 sweeps. Both rules agree. Rule confidence 0.81, not calibrated.",,TU7BbAsb8t371eMijQeiGXsiLvY1vZbsFs,curated,USDT,1.0,59.162612,59.162612,3,1,3,36.0,confirmed,TFLxNHunhEizmeEdiMyA3r2XGLSKaEznGd,CoinDCX,native,3,2ca74d43cc5cadd0fb16fbb6285f053568538762487437d6f146e12dc07163e8,2025-06-04T02:07:06Z,True
TK7pbs5dCqyCC1E7yYVtgd1R58qeuxBW8D,tron,CoinDCX,exchange,deposit,derived,sweep+gas,0.8075,"Sweep rule: forwarded 100% of the 12.93 USDT it received from 1 sender to CoinDCX wallet TU7BbA…vZbsFs (curated list) in 1 sweep, typically 30 seconds after arrival. Gas rule: TFLxNH…aEznGd, labelled CoinDCX, sent the fee money for 1 of 1 sweep. Both rules agree. Rule confidence 0.81, not calibrated.",,TU7BbAsb8t371eMijQeiGXsiLvY1vZbsFs,curated,USDT,1.0,12.930000,12.930000,1,1,1,30.0,confirmed,TFLxNHunhEizmeEdiMyA3r2XGLSKaEznGd,CoinDCX,native,1,bfbf72293da5315874538747f981bc405b2be06e6eabb1472248a6174a108b60,2025-05-27T13:15:39Z,True
TKBPs8t2BtgcFkEoCHv9919erqNkMHrgWD,tron,CoinDCX,exchange,deposit,derived,sweep+gas,0.8075,"Sweep rule: forwarded 100% of the 4,784 USDT it received from 5 senders to CoinDCX wallet TU7BbA…vZbsFs (curated list) in 9 sweeps, typically 30 seconds after arrival. Gas rule: TFLxNH…aEznGd, labelled CoinDCX, sent the fee money for 9 of 9 sweeps. Both rules agree. Rule confidence 0.81, not calibrated.",,TU7BbAsb8t371eMijQeiGXsiLvY1vZbsFs,curated,USDT,1.0,4784.000000,4784.000000,9,5,9,30.0,confirmed,TFLxNHunhEizmeEdiMyA3r2XGLSKaEznGd,CoinDCX,native,9,6da46890b9109492f5a0e08c42f20773217ebe9d7d89aae363d68d6ea82c512f,2025-06-10T13:24:06Z,True
TKDZCABmcAkyTjPQyHenv2QiND6S6cbYfi,tron,CoinDCX,exchange,deposit,derived,sweep+gas,0.8075,"Sweep rule: forwarded 100% of the 448.94 USDT it received from 1 sender to CoinDCX wallet TU7BbA…vZbsFs (curated list) in 18 sweeps, typically 39 seconds after arrival. Gas rule: TFLxNH…aEznGd, labelled CoinDCX, sent the fee money for 17 of 18 sweeps. Both rules agree. Rule confidence 0.81, not calibrated.",,TU7BbAsb8t371eMijQeiGXsiLvY1vZbsFs,curated,USDT,1.0,448.941425,448.941425,18,1,18,39.0,confirmed,TFLxNHunhEizmeEdiMyA3r2XGLSKaEznGd,CoinDCX,native,17,7879191f9db9d66f0637de9b451913dd0fb63e130596e4b60354ba47c382488f,2025-06-04T13:06:36Z,True
TKDmuaRxMvkNj5V2WtHoy93BuswscoNxdG,tron,CoinDCX,exchange,deposit,derived,sweep+gas,0.8075,"Sweep rule: forwarded 100% of the 24 USDT it received from 1 sender to CoinDCX wallet TU7BbA…vZbsFs (curated list) in 1 sweep, typically 42 seconds after arrival. Gas rule: TFLxNH…aEznGd, labelled CoinDCX, sent the fee money for 1 of 1 sweep. Both rules agree. Rule confidence 0.81, not calibrated.",,TU7BbAsb8t371eMijQeiGXsiLvY1vZbsFs,curated,USDT,1.0,24.000000,24.000000,1,1,1,42.0,confirmed,TFLxNHunhEizmeEdiMyA3r2XGLSKaEznGd,CoinDCX,native,1,e722d5cbc1d440c20f9fb63af07c74cb67e37f48534b7d51ec50a44e0ba36949,2025-05-28T06:48:06Z,True
TKEELoZeWnHYdXPVkNpeYjgeDW3SVMmUcF,tron,CoinDCX,exchange,deposit,derived,sweep+gas,0.8075,"Sweep rule: forwarded 100% of the 879.49 USDT it received from 3 senders to CoinDCX wallet TU7BbA…vZbsFs (curated list) in 11 sweeps, typically 33 seconds after arrival. Gas rule: TFLxNH…aEznGd, labelled CoinDCX, sent the fee money for 10 of 11 sweeps. Both rules agree. Rule confidence 0.81, not calibrated.",,TU7BbAsb8t371eMijQeiGXsiLvY1vZbsFs,curated,USDT,1.0,879.490000,879.490000,11,3,11,33.0,confirmed,TFLxNHunhEizmeEdiMyA3r2XGLSKaEznGd,CoinDCX,native,10,a6db4c5415837ced332d59ba6de167a56c089e262e6b112a68dd3535c62e9126,2025-06-28T07:18:36Z,True
TKFUAuL8V5yf388jUMhwp1xVsc6wgKRB7Y,tron,CoinDCX,exchange,deposit,derived,sweep+gas,0.8075,"Sweep rule: forwarded 94% of the 3,192.47 USDT it received from 1 sender to CoinDCX wallet TU7BbA…vZbsFs (curated list) in 23 sweeps, typically 36 seconds after arrival. Only its first 50 transfers since 2025-05-18 were read; what it did later is not covered. Its gas listing was not read to the end. Gas rule: TFLxNH…aEznGd, labelled CoinDCX, sent the fee money for 18 of 23 sweeps. Both rules agree. Rule confidence 0.81, not calibrated.",,TU7BbAsb8t371eMijQeiGXsiLvY1vZbsFs,curated,USDT,0.9419,3192.469883,3007.064317,26,1,23,36.0,confirmed,TFLxNHunhEizmeEdiMyA3r2XGLSKaEznGd,CoinDCX,native,18,a35993727185a850f12a90759e9d7bf474735d22657078deee8c397d2f9dd2e1,2025-06-04T20:19:36Z,False
TKKFzyLWpB1fEQ4LEtkwMdJ36YiPgGxHzG,tron,CoinDCX,exchange,deposit,derived,sweep+gas,0.8075,"Sweep rule: forwarded 100% of the 3,814.50 USDT it received from 2 senders to CoinDCX wallet TU7BbA…vZbsFs (curated list) in 25 sweeps, typically 30 seconds after arrival. Only its first 50 transfers since 2025-05-18 were read; what it did later is not covered. Its gas listing was not read to the end. Gas rule: TFLxNH…aEznGd, labelled CoinDCX, sent the fee money for 12 of 25 sweeps. Both rules agree. Rule confidence 0.81, not calibrated.",,TU7BbAsb8t371eMijQeiGXsiLvY1vZbsFs,curated,USDT,1.0,3814.500000,3814.500000,25,2,25,30.0,confirmed,TFLxNHunhEizmeEdiMyA3r2XGLSKaEznGd,CoinDCX,native,12,dddd79beb1128d9618e2dd802186119b3427aeec9e84207f04e60921c047113f,2025-06-10T15:54:06Z,False
TKMTR5VNg9k2yE6Mp2RE2r6KZQjbFuNUPM,tron,CoinDCX,exchange,deposit,derived,sweep+gas,0.8075,"Sweep rule: forwarded 100% of the 195.84 USDT it received from 1 sender to CoinDCX wallet TU7BbA…vZbsFs (curated list) in 9 sweeps, typically 39 seconds after arrival. Gas rule: TFLxNH…aEznGd, labelled CoinDCX, sent the fee money for 8 of 9 sweeps. Both rules agree. Rule confidence 0.81, not calibrated.",,TU7BbAsb8t371eMijQeiGXsiLvY1vZbsFs,curated,USDT,1.0,195.835850,195.835850,9,1,9,39.0,confirmed,TFLxNHunhEizmeEdiMyA3r2XGLSKaEznGd,CoinDCX,native,8,d632ce1ee7c3fe223e94f447f95ce845e7798655ced0440eb7db0282a951562f,2025-06-04T08:36:09Z,True
TKP4EMt2U3Q5Dr7kRJaLnjBxU33NAzmxqu,tron,CoinDCX,exchange,deposit,derived,sweep+gas,0.8075,"Sweep rule: forwarded 100% of the 2,110.56 USDT it received from 1 sender to CoinDCX wallet TU7BbA…vZbsFs (curated list) in 7 sweeps, typically 36 seconds after arrival. Gas rule: TFLxNH…aEznGd, labelled CoinDCX, sent the fee money for 7 of 7 sweeps. Both rules agree. Rule confidence 0.81, not calibrated.",,TU7BbAsb8t371eMijQeiGXsiLvY1vZbsFs,curated,USDT,1.0,2110.559856,2110.559856,7,1,7,36.0,confirmed,TFLxNHunhEizmeEdiMyA3r2XGLSKaEznGd,CoinDCX,native,7,6e4897d2cbea70d47478684c38e8893457ce1d920d75b2d770aef4fddb86cd53,2025-06-16T12:41:06Z,True
TKPUgP288noZpsf3zW8A98SwqGcVbiENVn,tron,CoinDCX,exchange,deposit,derived,sweep+gas,0.8075,"Sweep rule: forwarded 100% of the 185.56 USDT it received from 3 senders to CoinDCX wallet TU7BbA…vZbsFs (curated list) in 9 sweeps, typically 39 seconds after arrival. Gas rule: TFLxNH…aEznGd, labelled CoinDCX, sent the fee money for 9 of 9 sweeps. Both rules agree. Rule confidence 0.81, not calibrated.",,TU7BbAsb8t371eMijQeiGXsiLvY1vZbsFs,curated,USDT,1.0,185.555038,185.555038,9,3,9,39.0,confirmed,TFLxNHunhEizmeEdiMyA3r2XGLSKaEznGd,CoinDCX,native,9,156ecd771d96945ee831db03ccda6e76ea94835f721cf0339d375cd86a1541c4,2025-06-04T09:07:09Z,True
TKPgYGgXqxKbLrnTse79q8snrHYhvKX9hW,tron,CoinDCX,exchange,deposit,derived,sweep+gas,0.8075,"Sweep rule: forwarded 100% of the 100.36 USDT it received from 1 sender to CoinDCX wallet TU7BbA…vZbsFs (curated list) in 3 sweeps, typically 27 seconds after arrival. Gas rule: TFLxNH…aEznGd, labelled CoinDCX, sent the fee money for 3 of 3 sweeps. Both rules agree. Rule confidence 0.81, not calibrated.",,TU7BbAsb8t371eMijQeiGXsiLvY1vZbsFs,curated,USDT,1.0,100.357960,100.357960,3,1,3,27.0,confirmed,TFLxNHunhEizmeEdiMyA3r2XGLSKaEznGd,CoinDCX,native,3,2104b5ca16fc1ae9f58684771bd316835f589db702d71f0dc17323d764ff26eb,2025-05-29T04:26:06Z,True
TKTEg9df1JxAJijw7UE9hR94NW6B2fpVZS,tron,CoinDCX,exchange,deposit,derived,sweep+gas,0.8075,"Sweep rule: forwarded 100% of the 571.10 USDT it received from 2 senders to CoinDCX wallet TU7BbA…vZbsFs (curated list) in 2 sweeps, typically 25 seconds after arrival. Gas rule: TFLxNH…aEznGd, labelled CoinDCX, sent the fee money for 2 of 2 sweeps. Both rules agree. Rule confidence 0.81, not calibrated.",,TU7BbAsb8t371eMijQeiGXsiLvY1vZbsFs,curated,USDT,1.0,571.096763,571.096763,2,2,2,25.5,confirmed,TFLxNHunhEizmeEdiMyA3r2XGLSKaEznGd,CoinDCX,native,2,3adfa4e3ea8214259052385f51848359c8a712b1537f2d3b15c2b8b9eff3df71,2025-05-30T14:58:06Z,True
TKU6g9uFhrmvoVqW2mPg3YxNEyduWvkpDp,tron,CoinDCX,exchange,deposit,derived,sweep+gas,0.8075,"Sweep rule: forwarded 100% of the 714.65 USDT it received from 3 senders to CoinDCX wallet TU7BbA…vZbsFs (curated list) in 5 sweeps, typically 33 seconds after arrival. Gas rule: TFLxNH…aEznGd, labelled CoinDCX, sent the fee money for 5 of 5 sweeps. Both rules agree. Rule confidence 0.81, not calibrated.",,TU7BbAsb8t371eMijQeiGXsiLvY1vZbsFs,curated,USDT,1.0,714.650000,714.650000,5,3,5,33.0,confirmed,TFLxNHunhEizmeEdiMyA3r2XGLSKaEznGd,CoinDCX,native,5,82da2dc8bacbdfab54c40956f259cc70d8bde2f36cb86fbe8da732ad55e27f4f,2025-06-16T22:38:36Z,True
TKUr1NN9DA6ET2jT3BCgE5VvNgCicaqDuy,tron,CoinDCX,exchange,deposit,derived,sweep+gas,0.8075,"Sweep rule: forwarded 100% of the 191.09 USDT it received from 1 sender to CoinDCX wallet TU7BbA…vZbsFs (curated list) in 8 sweeps, typically 36 seconds after arrival. Gas rule: TFLxNH…aEznGd, labelled CoinDCX, sent the fee money for 8 of 8 sweeps. Both rules agree. Rule confidence 0.81, not calibrated.",,TU7BbAsb8t371eMijQeiGXsiLvY1vZbsFs,curated,USDT,1.0,191.088164,191.088164,8,1,8,36.0,confirmed,TFLxNHunhEizmeEdiMyA3r2XGLSKaEznGd,CoinDCX,native,8,f5364dd8e179dfdb3729dcf6e8f997537bc9ca705ac1ff5b0797bf20c2cd9524,2025-06-16T14:15:06Z,True
TKWL5P2F6BbQNGeW5pq6V6kg7GPsbzfgJd,tron,CoinDCX,exchange,deposit,derived,sweep+gas,0.8075,"Sweep rule: forwarded 100% of the 26.56 USDT it received from 1 sender to CoinDCX wallet TU7BbA…vZbsFs (curated list) in 1 sweep, typically 30 seconds after arrival. Gas rule: TFLxNH…aEznGd, labelled CoinDCX, sent the fee money for 1 of 1 sweep. Both rules agree. Rule confidence 0.81, not calibrated.",,TU7BbAsb8t371eMijQeiGXsiLvY1vZbsFs,curated,USDT,1.0,26.556711,26.556711,1,1,1,30.0,confirmed,TFLxNHunhEizmeEdiMyA3r2XGLSKaEznGd,CoinDCX,native,1,bf610459a9a98ce556c2637294272b4f93e033f1eedd2d0eefc83abb52f4aac5,2025-05-25T20:37:36Z,True
TKXAf26CU6gpCxjpy7VdExwxS92ZUyy1YL,tron,CoinDCX,exchange,deposit,derived,sweep+gas,0.8075,"Sweep rule: forwarded 100% of the 20 USDT it received from 1 sender to CoinDCX wallet TU7BbA…vZbsFs (curated list) in 1 sweep, typically 27 seconds after arrival. Gas rule: TFLxNH…aEznGd, labelled CoinDCX, sent the fee money for 1 of 1 sweep. Both rules agree. Rule confidence 0.81, not calibrated.",,TU7BbAsb8t371eMijQeiGXsiLvY1vZbsFs,curated,USDT,1.0,20.000000,20.000000,1,1,1,27.0,confirmed,TFLxNHunhEizmeEdiMyA3r2XGLSKaEznGd,CoinDCX,native,1,223d03c15077568b064e77eea3c4a138e4b3d9705ad69bf4ff0aa78c97f0d177,2025-05-29T20:29:06Z,True
TKd1DQ74YSts6NidTEB77J9uaxBYZoP26z,tron,CoinDCX,exchange,deposit,derived,sweep+gas,0.8075,"Sweep rule: forwarded 100% of the 177.48 USDT it received from 1 sender to CoinDCX wallet TU7BbA…vZbsFs (curated list) in 7 sweeps, typically 39 seconds after arrival. Gas rule: TFLxNH…aEznGd, labelled CoinDCX, sent the fee money for 6 of 7 sweeps. Both rules agree. Rule confidence 0.81, not calibrated.",,TU7BbAsb8t371eMijQeiGXsiLvY1vZbsFs,curated,USDT,1.0,177.477956,177.477956,7,1,7,39.0,confirmed,TFLxNHunhEizmeEdiMyA3r2XGLSKaEznGd,CoinDCX,native,6,939ab6e7aa7385256c347d648ed44f92f69ed799e14a5a0f299551fe665921f5,2025-06-13T11:55:36Z,True
TKgtvvZZU1nEp7sZoydtSZVjCrJgbMPieq,tron,CoinDCX,exchange,deposit,derived,sweep+gas,0.8075,"Sweep rule: forwarded 100% of the 666.81 USDT it received from 1 sender to CoinDCX wallet TU7BbA…vZbsFs (curated list) in 6 sweeps, typically 27 seconds after arrival. Gas rule: TFLxNH…aEznGd, labelled CoinDCX, sent the fee money for 6 of 6 sweeps. Both rules agree. Rule confidence 0.81, not calibrated.",,TU7BbAsb8t371eMijQeiGXsiLvY1vZbsFs,curated,USDT,1.0,666.814912,666.814912,6,1,6,27.0,confirmed,TFLxNHunhEizmeEdiMyA3r2XGLSKaEznGd,CoinDCX,native,6,45e1e32099422091566b64ca5eff568361ae4b14b4e89129d52410610b37d21b,2025-06-10T06:35:06Z,True
TKh5wPmh9n1UvWissAyAzQsUBwWvY6fg5r,tron,CoinDCX,exchange,deposit,derived,sweep+gas,0.8075,"Sweep rule: forwarded 100% of the 3,990.51 USDT it received from 15 senders to CoinDCX wallet TU7BbA…vZbsFs (curated list) in 25 sweeps, typically 33 seconds after arrival. Only its first 50 transfers since 2025-05-18 were read; what it did later is not covered. Its gas listing was not read to the end. Gas rule: TFLxNH…aEznGd, labelled CoinDCX, sent the fee money for 16 of 25 sweeps. Both rules agree. Rule confidence 0.81, not calibrated.",,TU7BbAsb8t371eMijQeiGXsiLvY1vZbsFs,curated,USDT,1.0,3990.510000,3990.510000,25,15,25,33.0,confirmed,TFLxNHunhEizmeEdiMyA3r2XGLSKaEznGd,CoinDCX,native,16,f6c697ab987eda47e819e07e533597a0adee92c68b197fa9d7abef28f37efe56,2025-06-11T08:44:36Z,False
TKmoT5UBvTsuSU2LfmoioXmmGqivmfYm3T,tron,CoinDCX,exchange,deposit,derived,sweep+gas,0.8075,"Sweep rule: forwarded 100% of the 154.35 USDT it received from 1 sender to CoinDCX wallet TU7BbA…vZbsFs (curated list) in 6 sweeps, typically 46 seconds after arrival. Gas rule: TFLxNH…aEznGd, labelled CoinDCX, sent the fee money for 6 of 6 sweeps. Both rules agree. Rule confidence 0.81, not calibrated.",,TU7BbAsb8t371eMijQeiGXsiLvY1vZbsFs,curated,USDT,1.0,154.345210,154.345210,6,1,6,46.5,confirmed,TFLxNHunhEizmeEdiMyA3r2XGLSKaEznGd,CoinDCX,native,6,1af0dbdc2704aa7673e48cbce4b301da5b8db753fff0fd093a5ef42266e758c9,2025-05-30T10:36:09Z,True
TKtnYhyMARj1f8yGKX2JTLgHZMqdeuQzvv,tron,CoinDCX,exchange,deposit,derived,sweep+gas,0.8075,"Sweep rule: forwarded 96% of the 595.62 USDT it received from 1 sender to CoinDCX wallet TU7BbA…vZbsFs (curated list) in 24 sweeps, typically 33 seconds after arrival. Only its first 50 transfers since 2025-05-18 were read; what it did later is not covered. Its gas listing was not read to the end. Gas rule: TFLxNH…aEznGd, labelled CoinDCX, sent the fee money for 22 of 24 sweeps. Both rules agree. Rule confidence 0.81, not calibrated.",,TU7BbAsb8t371eMijQeiGXsiLvY1vZbsFs,curated,USDT,0.9642,595.618902,574.298902,25,1,24,33.0,confirmed,TFLxNHunhEizmeEdiMyA3r2XGLSKaEznGd,CoinDCX,native,22,5a0c44653fb3d34dc0204640e06bacb5e0195a56b0c4d841685759fda5105b60,2025-06-01T07:20:06Z,False
TKu7G3p7QQKFbKd3eQXfGS8tK1i3QpDyXm,tron,CoinDCX,exchange,deposit,derived,sweep+gas,0.8075,"Sweep rule: forwarded 100% of the 25.71 USDT it received from 1 sender to CoinDCX wallet TU7BbA…vZbsFs (curated list) in 1 sweep, typically 39 seconds after arrival. Gas rule: TFLxNH…aEznGd, labelled CoinDCX, sent the fee money for 1 of 1 sweep. Both rules agree. Rule confidence 0.81, not calibrated.",,TU7BbAsb8t371eMijQeiGXsiLvY1vZbsFs,curated,USDT,1.0,25.706324,25.706324,1,1,1,39.0,confirmed,TFLxNHunhEizmeEdiMyA3r2XGLSKaEznGd,CoinDCX,native,1,077b1804992eb037695adf0c1bd194128db1792419cb7cbc0ca806820809a0f0,2025-05-25T17:35:36Z,True
TKyynsLRN7Ma338jmHDkko2YJ87wRo7Zjw,tron,CoinDCX,exchange,deposit,derived,sweep+gas,0.8075,"Sweep rule: forwarded 100% of the 1,069.97 USDT it received from 1 sender to CoinDCX wallet TU7BbA…vZbsFs (curated list) in 25 sweeps, typically 36 seconds after arrival. Only its first 50 transfers since 2025-05-18 were read; what it did later is not covered. Its gas listing was not read to the end. Gas rule: TFLxNH…aEznGd, labelled CoinDCX, sent the fee money for 23 of 25 sweeps. Both rules agree. Rule confidence 0.81, not calibrated.",,TU7BbAsb8t371eMijQeiGXsiLvY1vZbsFs,curated,USDT,1.0,1069.967902,1069.967902,25,1,25,36.0,confirmed,TFLxNHunhEizmeEdiMyA3r2XGLSKaEznGd,CoinDCX,native,23,31affed2f4041bfa58f7896613a117d6810d79bfdbe7f87598a49b69a7928c83,2025-06-03T18:09:06Z,False
TKzTXothNCYTA9W4sN5XfGnyN5srEyunGM,tron,CoinDCX,exchange,deposit,derived,sweep+gas,0.8075,"Sweep rule: forwarded 100% of the 88.56 USDT it received from 1 sender to CoinDCX wallet TU7BbA…vZbsFs (curated list) in 1 sweep, typically 18 seconds after arrival. Gas rule: TFLxNH…aEznGd, labelled CoinDCX, sent the fee money for 1 of 1 sweep. Both rules agree. Rule confidence 0.81, not calibrated.",,TU7BbAsb8t371eMijQeiGXsiLvY1vZbsFs,curated,USDT,1.0,88.560460,88.560460,1,1,1,18.0,confirmed,TFLxNHunhEizmeEdiMyA3r2XGLSKaEznGd,CoinDCX,native,1,73937f62af8a3e419435dc3f7138635f9b4657b1ff88de74468134f4f7d96de2,2025-05-26T08:27:06Z,True
TL33knaj9Jr99LfhDuzPp8bZ8VhgYsRRTN,tron,CoinDCX,exchange,deposit,derived,sweep+gas,0.8075,"Sweep rule: forwarded 100% of the 97.87 USDT it received from 1 sender to CoinDCX wallet TU7BbA…vZbsFs (curated list) in 1 sweep, typically 33 seconds after arrival. Gas rule: TFLxNH…aEznGd, labelled CoinDCX, sent the fee money for 1 of 1 sweep. Both rules agree. Rule confidence 0.81, not calibrated.",,TU7BbAsb8t371eMijQeiGXsiLvY1vZbsFs,curated,USDT,1.0,97.872815,97.872815,1,1,1,33.0,confirmed,TFLxNHunhEizmeEdiMyA3r2XGLSKaEznGd,CoinDCX,native,1,4831083c2b720daf559ff874e0ddf81e7ae8f07c0b95f06b6acd639fd131475a,2025-05-30T16:59:06Z,True
TL3sZVZs1oaCEhegNba6Udsia1D6wBcb9E,tron,CoinDCX,exchange,deposit,derived,sweep+gas,0.8075,"Sweep rule: forwarded 100% of the 7.55 USDT it received from 1 sender to CoinDCX wallet TU7BbA…vZbsFs (curated list) in 1 sweep, typically 18 seconds after arrival. Gas rule: TFLxNH…aEznGd, labelled CoinDCX, sent the fee money for 1 of 1 sweep. Both rules agree. Rule confidence 0.81, not calibrated.",,TU7BbAsb8t371eMijQeiGXsiLvY1vZbsFs,curated,USDT,1.0,7.550000,7.550000,1,1,1,18.0,confirmed,TFLxNHunhEizmeEdiMyA3r2XGLSKaEznGd,CoinDCX,native,1,e737330e282c01b9e461bcab1610bceaac848104f2ed393292427a955e317f22,2025-05-30T03:28:06Z,True
TL6nJNY4qYfsum7GCeEu5BozKoNvJBXkxb,tron,CoinDCX,exchange,deposit,derived,sweep+gas,0.8075,"Sweep rule: forwarded 100% of the 90.35 USDT it received from 1 sender to CoinDCX wallet TU7BbA…vZbsFs (curated list) in 5 sweeps, typically 24 seconds after arrival. Gas rule: TFLxNH…aEznGd, labelled CoinDCX, sent the fee money for 5 of 5 sweeps. Both rules agree. Rule confidence 0.81, not calibrated.",,TU7BbAsb8t371eMijQeiGXsiLvY1vZbsFs,curated,USDT,1.0,90.347130,90.347130,5,1,5,24.0,confirmed,TFLxNHunhEizmeEdiMyA3r2XGLSKaEznGd,CoinDCX,native,5,fd89329de2e69a9d7d3580fe0f43e34b256ddb29b79c7794e8e83433b2e87e6d,2025-05-29T17:51:36Z,True
TL7N8orzZ75XMdR4SMpqrVtLsWyDPfT3u1,tron,CoinDCX,exchange,deposit,derived,sweep+gas,0.8075,"Sweep rule: forwarded 100% of the 184.70 USDT it received from 1 sender to CoinDCX wallet TU7BbA…vZbsFs (curated list) in 7 sweeps, typically 39 seconds after arrival. Gas rule: TFLxNH…aEznGd, labelled CoinDCX, sent the fee money for 7 of 7 sweeps. Both rules agree. Rule confidence 0.81, not calibrated.",,TU7BbAsb8t371eMijQeiGXsiLvY1vZbsFs,curated,USDT,1.0,184.700000,184.700000,7,1,7,39.0,confirmed,TFLxNHunhEizmeEdiMyA3r2XGLSKaEznGd,CoinDCX,native,7,b89bb6056fbf93c4cd633916b4dd14d0bb432bbcaa3780c0f101ad8e7af1ddf8,2025-06-21T11:02:06Z,True
TL8kpSxto3bD9o9nMnoZFxgXqskdDwM2Di,tron,CoinDCX,exchange,deposit,derived,sweep+gas,0.8075,"Sweep rule: forwarded 100% of the 29.03 USDT it received from 1 sender to CoinDCX wallet TU7BbA…vZbsFs (curated list) in 2 sweeps, typically 46 seconds after arrival. Gas rule: TFLxNH…aEznGd, labelled CoinDCX, sent the fee money for 2 of 2 sweeps. Both rules agree. Rule confidence 0.81, not calibrated.",,TU7BbAsb8t371eMijQeiGXsiLvY1vZbsFs,curated,USDT,1.0,29.031072,29.031072,2,1,2,46.5,confirmed,TFLxNHunhEizmeEdiMyA3r2XGLSKaEznGd,CoinDCX,native,2,837550df3cbf9c0bcfe8901c1c3dd04cf2d618fa27beae74a531438a0ce824ed,2025-05-28T17:14:36Z,True
TL8rG5NLrrSbgqxTxhntJ2pvZK9ywzp93A,tron,CoinDCX,exchange,deposit,derived,sweep+gas,0.8075,"Sweep rule: forwarded 100% of the 57.84 USDT it received from 1 sender to CoinDCX wallet TU7BbA…vZbsFs (curated list) in 3 sweeps, typically 21 seconds after arrival. Gas rule: TFLxNH…aEznGd, labelled CoinDCX, sent the fee money for 3 of 3 sweeps. Both rules agree. Rule confidence 0.81, not calibrated.",,TU7BbAsb8t371eMijQeiGXsiLvY1vZbsFs,curated,USDT,1.0,57.836912,57.836912,3,1,3,21.0,confirmed,TFLxNHunhEizmeEdiMyA3r2XGLSKaEznGd,CoinDCX,native,3,fe7a56a8f900b575dc45fc5869262265e5c8cef6154b79972f1f1886d9cd0679,2025-05-30T04:29:06Z,True
TLDMoQ1MC6WTPMi7te9SiZaFYgtiUdq773,tron,CoinDCX,exchange,deposit,derived,sweep+gas,0.8075,"Sweep rule: forwarded 100% of the 20 USDT it received from 1 sender to CoinDCX wallet TU7BbA…vZbsFs (curated list) in 1 sweep, typically 21 seconds after arrival. Gas rule: TFLxNH…aEznGd, labelled CoinDCX, sent the fee money for 1 of 1 sweep. Both rules agree. Rule confidence 0.81, not calibrated.",,TU7BbAsb8t371eMijQeiGXsiLvY1vZbsFs,curated,USDT,1.0,20.000000,20.000000,1,1,1,21.0,confirmed,TFLxNHunhEizmeEdiMyA3r2XGLSKaEznGd,CoinDCX,native,1,dcba67cc363e233d30a5abc5122289e6a0025c4af74b71fc5f041e009d516dbf,2025-05-29T11:06:06Z,True
TLGT8PXb59sukXTK1uwDtoD2ScMizZLcR3,tron,CoinDCX,exchange,deposit,derived,sweep+gas,0.8075,"Sweep rule: forwarded 100% of the 2,776.39 USDT it received from 10 senders to CoinDCX wallet TU7BbA…vZbsFs (curated list) in 25 sweeps, typically 27 seconds after arrival. Only its first 50 transfers since 2025-05-18 were read; what it did later is not covered. Its gas listing was not read to the end. Gas rule: TFLxNH…aEznGd, labelled CoinDCX, sent the fee money for 22 of 25 sweeps. Both rules agree. Rule confidence 0.81, not calibrated.",,TU7BbAsb8t371eMijQeiGXsiLvY1vZbsFs,curated,USDT,1.0,2776.386285,2776.386285,25,10,25,27.0,confirmed,TFLxNHunhEizmeEdiMyA3r2XGLSKaEznGd,CoinDCX,native,22,b41d0bedb48cd28c86a9bf469980e46f061b750f588fe738472e8cf10f7af668,2025-06-15T10:03:36Z,False
TLKq1Yqz26dXj9zv5dCwP6EbR33xdKstvr,tron,CoinDCX,exchange,deposit,derived,sweep+gas,0.8075,"Sweep rule: forwarded 100% of the 146.97 USDT it received from 1 sender to CoinDCX wallet TU7BbA…vZbsFs (curated list) in 1 sweep, typically 39 seconds after arrival. Gas rule: TFLxNH…aEznGd, labelled CoinDCX, sent the fee money for 1 of 1 sweep. Both rules agree. Rule confidence 0.81, not calibrated.",,TU7BbAsb8t371eMijQeiGXsiLvY1vZbsFs,curated,USDT,1.0,146.973243,146.973243,1,1,1,39.0,confirmed,TFLxNHunhEizmeEdiMyA3r2XGLSKaEznGd,CoinDCX,native,1,b63cb84da946ee438aed22946b3da9f66c426e868b45d603a1feb4016b650ab8,2025-05-27T12:30:06Z,True
TLLixLW5GHwbinRaNmtHnbkwqQLjrvu6ix,tron,CoinDCX,exchange,deposit,derived,sweep+gas,0.8075,"Sweep rule: forwarded 100% of the 91.32 USDT it received from 1 sender to CoinDCX wallet TU7BbA…vZbsFs (curated list) in 3 sweeps, typically 30 seconds after arrival. Gas rule: TFLxNH…aEznGd, labelled CoinDCX, sent the fee money for 3 of 3 sweeps. Both rules agree. Rule confidence 0.81, not calibrated.",,TU7BbAsb8t371eMijQeiGXsiLvY1vZbsFs,curated,USDT,1.0,91.321408,91.321408,3,1,3,30.0,confirmed,TFLxNHunhEizmeEdiMyA3r2XGLSKaEznGd,CoinDCX,native,3,abb2576e4ec16a22efa22089047c0e0a7650f8631eff2f99e6971077df51a2e3,2025-06-11T06:54:06Z,True
TLSXSTouG6yCtfsquuLbmWvQ4gR8gjU5Bv,tron,CoinDCX,exchange,deposit,derived,sweep+gas,0.8075,"Sweep rule: forwarded 100% of the 277.06 USDT it received from 1 sender to CoinDCX wallet TU7BbA…vZbsFs (curated list) in 11 sweeps, typically 42 seconds after arrival. Gas rule: TFLxNH…aEznGd, labelled CoinDCX, sent the fee money for 10 of 11 sweeps. Both rules agree. Rule confidence 0.81, not calibrated.",,TU7BbAsb8t371eMijQeiGXsiLvY1vZbsFs,curated,USDT,1.0,277.064865,277.064865,11,1,11,42.0,confirmed,TFLxNHunhEizmeEdiMyA3r2XGLSKaEznGd,CoinDCX,native,10,16ce1e4f49aa5e09ace5fc3fc40fcdc5bd4449baecddff81de8ad9f672024942,2025-06-04T15:13:06Z,True
TLZLQh87BNLrnJrP5bvZQWAo1vGfKMbXRh,tron,CoinDCX,exchange,deposit,derived,sweep+gas,0.8075,"Sweep rule: forwarded 100% of the 129.44 USDT it received from 3 senders to CoinDCX wallet TU7BbA…vZbsFs (curated list) in 3 sweeps, typically 39 seconds after arrival. Gas rule: TFLxNH…aEznGd, labelled CoinDCX, sent the fee money for 2 of 3 sweeps. Both rules agree. Rule confidence 0.81, not calibrated.",,TU7BbAsb8t371eMijQeiGXsiLvY1vZbsFs,curated,USDT,1.0,129.435695,129.435695,3,3,3,39.0,confirmed,TFLxNHunhEizmeEdiMyA3r2XGLSKaEznGd,CoinDCX,native,2,bb56e340ac94e510ee8a384b671f4d877a5ef2c2a7b4e55cd28575a2a397b770,2025-06-05T02:24:06Z,True
TLajaNxvQheexbDwfxNNmw6V3i3c4g3b38,tron,CoinDCX,exchange,deposit,derived,sweep+gas,0.8075,"Sweep rule: forwarded 100% of the 10,265.92 USDT it received from 9 senders to CoinDCX wallet TU7BbA…vZbsFs (curated list) in 25 sweeps, typically 33 seconds after arrival. Only its first 50 transfers since 2025-05-18 were read; what it did later is not covered. Its gas listing was not read to the end. Gas rule: TFLxNH…aEznGd, labelled CoinDCX, sent the fee money for 20 of 25 sweeps. Both rules agree. Rule confidence 0.81, not calibrated.",,TU7BbAsb8t371eMijQeiGXsiLvY1vZbsFs,curated,USDT,1.0,10265.923395,10265.923395,25,9,25,33.0,confirmed,TFLxNHunhEizmeEdiMyA3r2XGLSKaEznGd,CoinDCX,native,20,b8f15f91fe1a038983c11258cf9181892074df166c6b20e101c2f849864bb861,2025-06-26T19:36:06Z,False
TLbyYdAD9HAAz37Giv7TVkMgWhautCLz9L,tron,CoinDCX,exchange,deposit,derived,sweep+gas,0.8075,"Sweep rule: forwarded 100% of the 162 USDT it received from 1 sender to CoinDCX wallet TU7BbA…vZbsFs (curated list) in 2 sweeps, typically 30 seconds after arrival. Gas rule: TFLxNH…aEznGd, labelled CoinDCX, sent the fee money for 2 of 2 sweeps. Both rules agree. Rule confidence 0.81, not calibrated.",,TU7BbAsb8t371eMijQeiGXsiLvY1vZbsFs,curated,USDT,1.0,162.000000,162.000000,2,1,2,30.0,confirmed,TFLxNHunhEizmeEdiMyA3r2XGLSKaEznGd,CoinDCX,native,2,3939608b6e8e0803e4dfe1e74b8e017025496ef3df190eaf6a870822b281884e,2025-05-27T07:49:09Z,True
TLdeYhSUW1attj3BPS94GE998nWRKjvRbP,tron,CoinDCX,exchange,deposit,derived,sweep+gas,0.8075,"Sweep rule: forwarded 100% of the 4,415.89 USDT it received from 5 senders to CoinDCX wallet TU7BbA…vZbsFs (curated list) in 7 sweeps, typically 27 seconds after arrival. Gas rule: TFLxNH…aEznGd, labelled CoinDCX, sent the fee money for 7 of 7 sweeps. Both rules agree. Rule confidence 0.81, not calibrated.",,TU7BbAsb8t371eMijQeiGXsiLvY1vZbsFs,curated,USDT,1.0,4415.885369,4415.885369,7,5,7,27.0,confirmed,TFLxNHunhEizmeEdiMyA3r2XGLSKaEznGd,CoinDCX,native,7,254514a670428a9f7efd66a356aef9b93dae42c9cceaaa6c1163bc3a8023f0de,2025-07-11T23:16:06Z,True
TLe5kyxgY2PrpWFSvfJU5msyPoXB5RYMpB,tron,CoinDCX,exchange,deposit,derived,sweep+gas,0.8075,"Sweep rule: forwarded 100% of the 1,399 USDT it received from 1 sender to CoinDCX wallet TU7BbA…vZbsFs (curated list) in 1 sweep, typically 27 seconds after arrival. Gas rule: TFLxNH…aEznGd, labelled CoinDCX, sent the fee money for 1 of 1 sweep. Both rules agree. Rule confidence 0.81, not calibrated.",,TU7BbAsb8t371eMijQeiGXsiLvY1vZbsFs,curated,USDT,1.0,1399.000000,1399.000000,1,1,1,27.0,confirmed,TFLxNHunhEizmeEdiMyA3r2XGLSKaEznGd,CoinDCX,native,1,efe85a37201eba1ddcdc3f38bd5a0dcf8863218b03c9533d32fa2847561442d5,2025-05-28T14:42:36Z,True
TLj1SQqvWJkPF82HjAx5tCmGrFpzFgP7b9,tron,CoinDCX,exchange,deposit,derived,sweep+gas,0.8075,"Sweep rule: forwarded 100% of the 23.43 USDT it received from 1 sender to CoinDCX wallet TU7BbA…vZbsFs (curated list) in 1 sweep, typically 36 seconds after arrival. Gas rule: TFLxNH…aEznGd, labelled CoinDCX, sent the fee money for 1 of 1 sweep. Both rules agree. Rule confidence 0.81, not calibrated.",,TU7BbAsb8t371eMijQeiGXsiLvY1vZbsFs,curated,USDT,1.0,23.429857,23.429857,1,1,1,36.0,confirmed,TFLxNHunhEizmeEdiMyA3r2XGLSKaEznGd,CoinDCX,native,1,d9022d0b6bbf6008fcf6cc3d66454d146c7475728d4c76adb706498d9728061c,2025-05-28T09:55:06Z,True
TLm6JgwQNDrkNdSRTUoFm9QcWU8a1t3cRK,tron,CoinDCX,exchange,deposit,derived,sweep+gas,0.8075,"Sweep rule: forwarded 100% of the 265.22 USDT it received from 1 sender to CoinDCX wallet TU7BbA…vZbsFs (curated list) in 1 sweep, typically 27 seconds after arrival. Gas rule: TFLxNH…aEznGd, labelled CoinDCX, sent the fee money for 1 of 1 sweep. Both rules agree. Rule confidence 0.81, not calibrated.",,TU7BbAsb8t371eMijQeiGXsiLvY1vZbsFs,curated,USDT,1.0,265.217244,265.217244,1,1,1,27.0,confirmed,TFLxNHunhEizmeEdiMyA3r2XGLSKaEznGd,CoinDCX,native,1,2531ae20334a346b6bf3677f1bda4ada323bf47697456f3560924d1a6fc5683f,2025-05-26T11:34:09Z,True
TLnQ1nQcDsHiz6E2aWCFsCYnew7MagpkvX,tron,CoinDCX,exchange,deposit,derived,sweep+gas,0.8075,"Sweep rule: forwarded 100% of the 98.80 USDT it received from 2 senders to CoinDCX wallet TU7BbA…vZbsFs (curated list) in 2 sweeps, typically 25 seconds after arrival. Gas rule: TFLxNH…aEznGd, labelled CoinDCX, sent the fee money for 2 of 2 sweeps. Both rules agree. Rule confidence 0.81, not calibrated.",,TU7BbAsb8t371eMijQeiGXsiLvY1vZbsFs,curated,USDT,1.0,98.800000,98.800000,2,2,2,25.5,confirmed,TFLxNHunhEizmeEdiMyA3r2XGLSKaEznGd,CoinDCX,native,2,8c8f062568dd59b93b9175c8b48bc6be3cd01b8aa1f3ac6e4aaeb715e1dad18f,2025-05-31T04:02:36Z,True
TLp3nHCBJHFi3y8o4TBH9NNxL4DficYbTD,tron,CoinDCX,exchange,deposit,derived,sweep+gas,0.8075,"Sweep rule: forwarded 100% of the 1,657.38 USDT it received from 10 senders to CoinDCX wallet TU7BbA…vZbsFs (curated list) in 25 sweeps, typically 33 seconds after arrival. Its gas listing was not read to the end. Gas rule: TFLxNH…aEznGd, labelled CoinDCX, sent the fee money for 17 of 25 sweeps. Both rules agree. Rule confidence 0.81, not calibrated.",,TU7BbAsb8t371eMijQeiGXsiLvY1vZbsFs,curated,USDT,1.0,1657.384839,1657.384839,25,10,25,33.0,confirmed,TFLxNHunhEizmeEdiMyA3r2XGLSKaEznGd,CoinDCX,native,17,74a3d6df58721e58e5629f2899074c524defd602647210aa9b84a5d90abb2c07,2025-11-04T22:30:06Z,False
TLpSynVWfjXHm817DQH7ghDLckQ2jAqBdp,tron,CoinDCX,exchange,deposit,derived,sweep+gas,0.8075,"Sweep rule: forwarded 100% of the 699 USDT it received from 3 senders to CoinDCX wallet TU7BbA…vZbsFs (curated list) in 4 sweeps, typically 28 seconds after arrival. Gas rule: TFLxNH…aEznGd, labelled CoinDCX, sent the fee money for 4 of 4 sweeps. Both rules agree. Rule confidence 0.81, not calibrated.",,TU7BbAsb8t371eMijQeiGXsiLvY1vZbsFs,curated,USDT,1.0,699.000000,699.000000,4,3,4,28.5,confirmed,TFLxNHunhEizmeEdiMyA3r2XGLSKaEznGd,CoinDCX,native,4,3d66e69958183a99fbe6bed3f42bad0c4a2e02df52d5ae7a92c657a52613efc4,2025-07-01T19:05:36Z,True
TLvNz4UiAtFvFqsuHbRTQ3BNx1qKhiraKE,tron,CoinDCX,exchange,deposit,derived,sweep+gas,0.8075,"Sweep rule: forwarded 100% of the 10.40 USDT it received from 2 senders to CoinDCX wallet TU7BbA…vZbsFs (curated list) in 2 sweeps, typically 4 minutes after arrival. Gas rule: TFLxNH…aEznGd, labelled CoinDCX, sent the fee money for 2 of 2 sweeps. Both rules agree. Rule confidence 0.81, not calibrated.",,TU7BbAsb8t371eMijQeiGXsiLvY1vZbsFs,curated,USDT,1.0,10.400000,10.400000,2,2,2,229.5,confirmed,TFLxNHunhEizmeEdiMyA3r2XGLSKaEznGd,CoinDCX,native,2,a3f51ce81355d00bb49ccbbad6971389e394e9314ff9f3d8440d4f95d323b7e8,2025-06-21T07:31:06Z,True
TLvczerU1jW6E2ieSZ4Q87eYPL6LUndHo3,tron,CoinDCX,exchange,deposit,derived,sweep+gas,0.8075,"Sweep rule: forwarded 100% of the 26.45 USDT it received from 1 sender to CoinDCX wallet TU7BbA…vZbsFs (curated list) in 2 sweeps, typically 42 seconds after arrival. Gas rule: TFLxNH…aEznGd, labelled CoinDCX, sent the fee money for 2 of 2 sweeps. Both rules agree. Rule confidence 0.81, not calibrated.",,TU7BbAsb8t371eMijQeiGXsiLvY1vZbsFs,curated,USDT,1.0,26.450000,26.450000,2,1,2,42.0,confirmed,TFLxNHunhEizmeEdiMyA3r2XGLSKaEznGd,CoinDCX,native,2,965c2a61614da27839a7338d2768fc1316a40b91f73f88a1b2ae069e6d7404e5,2025-08-14T14:28:09Z,True
TM5N6SvQ1inTVN89TAkCU5zSTP12XSAmjS,tron,CoinDCX,exchange,deposit,derived,sweep+gas,0.8075,"Sweep rule: forwarded 100% of the 553.73 USDT it received from 1 sender to CoinDCX wallet TU7BbA…vZbsFs (curated list) in 25 sweeps, typically 39 seconds after arrival. Its gas listing was not read to the end. Gas rule: TFLxNH…aEznGd, labelled CoinDCX, sent the fee money for 25 of 25 sweeps. Both rules agree. Rule confidence 0.81, not calibrated.",,TU7BbAsb8t371eMijQeiGXsiLvY1vZbsFs,curated,USDT,1.0,553.728563,553.728563,25,1,25,39.0,confirmed,TFLxNHunhEizmeEdiMyA3r2XGLSKaEznGd,CoinDCX,native,25,25d531a75046fefaa160efa8b3d5bde682064aacbf96b0c427434867b9357d64,2025-06-04T15:20:09Z,False
TM6gKaXRtnUqicPGEGASKhETpcDSC1bnc1,tron,CoinDCX,exchange,deposit,derived,sweep+gas,0.8075,"Sweep rule: forwarded 96% of the 265.64 USDT it received from 6 senders to CoinDCX wallet TU7BbA…vZbsFs (curated list) in 11 sweeps, typically 39 seconds after arrival. Gas rule: TFLxNH…aEznGd, labelled CoinDCX, sent the fee money for 8 of 11 sweeps. Both rules agree. Rule confidence 0.81, not calibrated.",,TU7BbAsb8t371eMijQeiGXsiLvY1vZbsFs,curated,USDT,0.9615,265.640000,255.410000,12,6,11,39.0,confirmed,TFLxNHunhEizmeEdiMyA3r2XGLSKaEznGd,CoinDCX,native,8,0c992601670425beb073156a137bc698d336ef535e363f0709321075535130e5,2026-02-08T12:11:06Z,True
TM859KZjvprrRmiUWxYWMQJjTA9gmMzArg,tron,CoinDCX,exchange,deposit,derived,sweep+gas,0.8075,"Sweep rule: forwarded 100% of the 25.90 USDT it received from 1 sender to CoinDCX wallet TU7BbA…vZbsFs (curated list) in 2 sweeps, typically 40 seconds after arrival. Gas rule: TFLxNH…aEznGd, labelled CoinDCX, sent the fee money for 2 of 2 sweeps. Both rules agree. Rule confidence 0.81, not calibrated.",,TU7BbAsb8t371eMijQeiGXsiLvY1vZbsFs,curated,USDT,1.0,25.900000,25.900000,2,1,2,40.5,confirmed,TFLxNHunhEizmeEdiMyA3r2XGLSKaEznGd,CoinDCX,native,2,2255adf39ea59f4489537fbcfc31efa3b7eec0f512751ebfe078e4c363d7cf05,2025-05-25T01:00:36Z,True
TM8ryD5od88rinTw7iVTRs5mQ7rZ6eRCQJ,tron,CoinDCX,exchange,deposit,derived,sweep+gas,0.8075,"Sweep rule: forwarded 100% of the 411 USDT it received from 1 sender to CoinDCX wallet TU7BbA…vZbsFs (curated list) in 4 sweeps, typically 24 seconds after arrival. Gas rule: TFLxNH…aEznGd, labelled CoinDCX, sent the fee money for 4 of 4 sweeps. Both rules agree. Rule confidence 0.81, not calibrated.",,TU7BbAsb8t371eMijQeiGXsiLvY1vZbsFs,curated,USDT,1.0,411.000000,411.000000,4,1,4,24.0,confirmed,TFLxNHunhEizmeEdiMyA3r2XGLSKaEznGd,CoinDCX,native,4,da2f4577f42e299972dbfb54fdbac32634dcaadb91f2183f8d1f4f99bd8157c6,2025-06-06T02:40:36Z,True
TMAbbFHsZib6GBJstRroxCSzqsmDVLg68x,tron,CoinDCX,exchange,deposit,derived,sweep+gas,0.8075,"Sweep rule: forwarded 100% of the 5,630 USDT it received from 2 senders to CoinDCX wallet TU7BbA…vZbsFs (curated list) in 24 sweeps, typically 42 seconds after arrival. Only its first 50 transfers since 2025-05-18 were read; what it did later is not covered. Its gas listing was not read to the end. Gas rule: TFLxNH…aEznGd, labelled CoinDCX, sent the fee money for 15 of 24 sweeps. Both rules agree. Rule confidence 0.81, not calibrated.",,TU7BbAsb8t371eMijQeiGXsiLvY1vZbsFs,curated,USDT,1.0,5630.000000,5630.000000,24,2,24,42.0,confirmed,TFLxNHunhEizmeEdiMyA3r2XGLSKaEznGd,CoinDCX,native,15,4ece9de4905cbafd3894b71b031f7f81c35b180dc05ad9d42b5d3449d897948d,2026-01-14T14:13:36Z,False
TMCaDe5v7iPjNzP8axjQ4w3YJFxNrU8Xhj,tron,CoinDCX,exchange,deposit,derived,sweep+gas,0.8075,"Sweep rule: forwarded 100% of the 161.44 USDT it received from 1 sender to CoinDCX wallet TU7BbA…vZbsFs (curated list) in 1 sweep, typically 27 seconds after arrival. Gas rule: TFLxNH…aEznGd, labelled CoinDCX, sent the fee money for 1 of 1 sweep. Both rules agree. Rule confidence 0.81, not calibrated.",,TU7BbAsb8t371eMijQeiGXsiLvY1vZbsFs,curated,USDT,1.0,161.441450,161.441450,1,1,1,27.0,confirmed,TFLxNHunhEizmeEdiMyA3r2XGLSKaEznGd,CoinDCX,native,1,30a0df9b044b8d567b508e213dbd9096bc5851c94537055754909c7ca2af3fec,2025-05-25T09:16:36Z,True
TMEn4JDWoq743SCG8fyuWFUfEeSByMsU51,tron,CoinDCX,exchange,deposit,derived,sweep+gas,0.8075,"Sweep rule: forwarded 100% of the 32.37 USDT it received from 1 sender to CoinDCX wallet TU7BbA…vZbsFs (curated list) in 1 sweep, typically 24 seconds after arrival. Gas rule: TFLxNH…aEznGd, labelled CoinDCX, sent the fee money for 1 of 1 sweep. Both rules agree. Rule confidence 0.81, not calibrated.",,TU7BbAsb8t371eMijQeiGXsiLvY1vZbsFs,curated,USDT,1.0,32.374403,32.374403,1,1,1,24.0,confirmed,TFLxNHunhEizmeEdiMyA3r2XGLSKaEznGd,CoinDCX,native,1,8ea7cdf316f5b1a4a2beced39ff1f8996a0b7eac26d225214e7c41a38639ff2a,2025-05-30T13:57:06Z,True
TMFdkMhz9yyEK7UaCqPYNiGrp6jBpFJ9Zh,tron,CoinDCX,exchange,deposit,derived,sweep+gas,0.8075,"Sweep rule: forwarded 100% of the 48.26 USDT it received from 1 sender to CoinDCX wallet TU7BbA…vZbsFs (curated list) in 2 sweeps, typically 30 seconds after arrival. Gas rule: TFLxNH…aEznGd, labelled CoinDCX, sent the fee money for 2 of 2 sweeps. Both rules agree. Rule confidence 0.81, not calibrated.",,TU7BbAsb8t371eMijQeiGXsiLvY1vZbsFs,curated,USDT,1.0,48.260000,48.260000,2,1,2,30.0,confirmed,TFLxNHunhEizmeEdiMyA3r2XGLSKaEznGd,CoinDCX,native,2,61959edf4983bcb300073eb299c80f03c9edcacf76c6166b2ad937b0c8e767d7,2025-06-04T02:44:06Z,True
TMFyWuW5STLMVh1k8E66FvDh1GXFoGKWEa,tron,CoinDCX,exchange,deposit,derived,sweep+gas,0.8075,"Sweep rule: forwarded 100% of the 24.40 USDT it received from 1 sender to CoinDCX wallet TU7BbA…vZbsFs (curated list) in 1 sweep, typically 2 minutes after arrival. Gas rule: TFLxNH…aEznGd, labelled CoinDCX, sent the fee money for 1 of 1 sweep. Both rules agree. Rule confidence 0.81, not calibrated.",,TU7BbAsb8t371eMijQeiGXsiLvY1vZbsFs,curated,USDT,1.0,24.395021,24.395021,1,1,1,99.0,confirmed,TFLxNHunhEizmeEdiMyA3r2XGLSKaEznGd,CoinDCX,native,1,af6849db48dd6e6a3bfea67a3c75440e9fc7577da91ec5f10029e3a9b839682e,2025-05-30T12:10:39Z,True
TMGZznZLGvJNbt7H4DTwdoB54oubd9Zq1V,tron,CoinDCX,exchange,deposit,derived,sweep+gas,0.8075,"Sweep rule: forwarded 100% of the 556.86 USDT it received from 1 sender to CoinDCX wallet TU7BbA…vZbsFs (curated list) in 15 sweeps, typically 36 seconds after arrival. Gas rule: TFLxNH…aEznGd, labelled CoinDCX, sent the fee money for 13 of 15 sweeps. Both rules agree. Rule confidence 0.81, not calibrated.",,TU7BbAsb8t371eMijQeiGXsiLvY1vZbsFs,curated,USDT,1.0,556.860361,556.860361,15,1,15,36.0,confirmed,TFLxNHunhEizmeEdiMyA3r2XGLSKaEznGd,CoinDCX,native,13,a7ca1387816d08d5bfe4891ffbe109af0c23306d661f8bb93e0fd905590aa817,2025-06-21T14:20:06Z,True
TMJfxZVsKsXhDrknVp6AX3ooama1LgR9TV,tron,CoinDCX,exchange,deposit,derived,sweep+gas,0.8075,"Sweep rule: forwarded 100% of the 9 USDT it received from 1 sender to CoinDCX wallet TU7BbA…vZbsFs (curated list) in 1 sweep, typically 33 seconds after arrival. Gas rule: TFLxNH…aEznGd, labelled CoinDCX, sent the fee money for 1 of 1 sweep. Both rules agree. Rule confidence 0.81, not calibrated.",,TU7BbAsb8t371eMijQeiGXsiLvY1vZbsFs,curated,USDT,1.0,9.002729,9.002729,1,1,1,33.0,confirmed,TFLxNHunhEizmeEdiMyA3r2XGLSKaEznGd,CoinDCX,native,1,2faabdb95558caf84e12c690568016848ec4387344b539e655329dab3e5b3980,2025-05-27T13:15:39Z,True
TMQ6zrenkDcA6wWJLoKthitsqvTrDjVy6V,tron,CoinDCX,exchange,deposit,derived,sweep+gas,0.8075,"Sweep rule: forwarded 100% of the 95.87 USDT it received from 2 senders to CoinDCX wallet TU7BbA…vZbsFs (curated list) in 2 sweeps, typically 33 seconds after arrival. Gas rule: TFLxNH…aEznGd, labelled CoinDCX, sent the fee money for 2 of 2 sweeps. Both rules agree. Rule confidence 0.81, not calibrated.",,TU7BbAsb8t371eMijQeiGXsiLvY1vZbsFs,curated,USDT,1.0,95.873136,95.873136,2,2,2,33.0,confirmed,TFLxNHunhEizmeEdiMyA3r2XGLSKaEznGd,CoinDCX,native,2,d270d45d697e05593951fe7cc1007e8b6f899ba555d3b08e48126ff36021cfbd,2025-12-26T06:56:06Z,True
TMTomRfRZeAPceS1cn9c8etv7T77rZLLTq,tron,CoinDCX,exchange,deposit,derived,sweep+gas,0.8075,"Sweep rule: forwarded 100% of the 137.77 USDT it received from 1 sender to CoinDCX wallet TU7BbA…vZbsFs (curated list) in 8 sweeps, typically 39 seconds after arrival. Gas rule: TFLxNH…aEznGd, labelled CoinDCX, sent the fee money for 8 of 8 sweeps. Both rules agree. Rule confidence 0.81, not calibrated.",,TU7BbAsb8t371eMijQeiGXsiLvY1vZbsFs,curated,USDT,1.0,137.773840,137.773840,8,1,8,39.0,confirmed,TFLxNHunhEizmeEdiMyA3r2XGLSKaEznGd,CoinDCX,native,8,2533945a9f3da804ba7efe765bd0eb64d606170ac06232d0ef894f9ba8db98af,2025-05-28T12:20:36Z,True
TMWoopE69yutHrVKkcqMMjCA4pSqT5kTZw,tron,CoinDCX,exchange,deposit,derived,sweep+gas,0.8075,"Sweep rule: forwarded 100% of the 13,048.34 USDT it received from 2 senders to CoinDCX wallet TU7BbA…vZbsFs (curated list) in 25 sweeps, typically 36 seconds after arrival. Only its first 50 transfers since 2025-05-18 were read; what it did later is not covered. Its gas listing was not read to the end. Gas rule: TFLxNH…aEznGd, labelled CoinDCX, sent the fee money for 15 of 25 sweeps. Both rules agree. Rule confidence 0.81, not calibrated.",,TU7BbAsb8t371eMijQeiGXsiLvY1vZbsFs,curated,USDT,1.0,13048.340000,13048.340000,25,2,25,36.0,confirmed,TFLxNHunhEizmeEdiMyA3r2XGLSKaEznGd,CoinDCX,native,15,51b2a8d753d076d87dce21982ddc1bab428af431f85f1c2b11644e57202b2cc3,2025-07-19T17:44:06Z,False
TMYVAfk7mvvn3RRv6LxKkRy1wJi8MMSEBG,tron,CoinDCX,exchange,deposit,derived,sweep+gas,0.8075,"Sweep rule: forwarded 100% of the 88.86 USDT it received from 1 sender to CoinDCX wallet TU7BbA…vZbsFs (curated list) in 3 sweeps, typically 36 seconds after arrival. Gas rule: TFLxNH…aEznGd, labelled CoinDCX, sent the fee money for 3 of 3 sweeps. Both rules agree. Rule confidence 0.81, not calibrated.",,TU7BbAsb8t371eMijQeiGXsiLvY1vZbsFs,curated,USDT,1.0,88.857274,88.857274,3,1,3,36.0,confirmed,TFLxNHunhEizmeEdiMyA3r2XGLSKaEznGd,CoinDCX,native,3,0392809c237c8e07fe69951104c8abe1e602c0484d7499adc7e8a34c3df995e8,2025-06-09T03:28:06Z,True
TMYqUdQLJAVRq2GKAammDaeX6LBzAmFGno,tron,CoinDCX,exchange,deposit,derived,sweep+gas,0.8075,"Sweep rule: forwarded 100% of the 611.95 USDT it received from 1 sender to CoinDCX wallet TU7BbA…vZbsFs (curated list) in 21 sweeps, typically 36 seconds after arrival. Gas rule: TFLxNH…aEznGd, labelled CoinDCX, sent the fee money for 19 of 21 sweeps. Both rules agree. Rule confidence 0.81, not calibrated.",,TU7BbAsb8t371eMijQeiGXsiLvY1vZbsFs,curated,USDT,1.0,611.949789,611.949789,21,1,21,36.0,confirmed,TFLxNHunhEizmeEdiMyA3r2XGLSKaEznGd,CoinDCX,native,19,dcfe7d10d967bde85ed70518fe366481ffd67a63db73be03f54d90a06321acf1,2025-06-16T07:23:09Z,True
TMeznXetAugeAtcc4t7r8uPc7cBygJASRx,tron,CoinDCX,exchange,deposit,derived,sweep+gas,0.8075,"Sweep rule: forwarded 100% of the 32 USDT it received from 1 sender to CoinDCX wallet TU7BbA…vZbsFs (curated list) in 1 sweep, typically 42 seconds after arrival. Gas rule: TFLxNH…aEznGd, labelled CoinDCX, sent the fee money for 1 of 1 sweep. Both rules agree. Rule confidence 0.81, not calibrated.",,TU7BbAsb8t371eMijQeiGXsiLvY1vZbsFs,curated,USDT,1.0,32.000000,32.000000,1,1,1,42.0,confirmed,TFLxNHunhEizmeEdiMyA3r2XGLSKaEznGd,CoinDCX,native,1,98ca3f39e05f35c16a29aabdb19b09890c8ba97c0aa7bd8b5fa0afcf1ab991a7,2025-05-27T17:38:36Z,True
TMgAgJv3x5463Q9APzrZ1nLezVCAEfyvqA,tron,CoinDCX,exchange,deposit,derived,sweep+gas,0.8075,"Sweep rule: forwarded 100% of the 48.74 USDT it received from 1 sender to CoinDCX wallet TU7BbA…vZbsFs (curated list) in 2 sweeps, typically 39 seconds after arrival. Gas rule: TFLxNH…aEznGd, labelled CoinDCX, sent the fee money for 1 of 2 sweeps. Both rules agree. Rule confidence 0.81, not calibrated.",,TU7BbAsb8t371eMijQeiGXsiLvY1vZbsFs,curated,USDT,1.0,48.740000,48.740000,2,1,2,39.0,confirmed,TFLxNHunhEizmeEdiMyA3r2XGLSKaEznGd,CoinDCX,native,1,526d316a8fa7d6da19c71590ff83f4380c68e8e351744b781fdfef4149920aa8,2025-05-26T04:45:06Z,True
TMjQRxuYXqvcoYMRLF5VYep9AQSuzRGXzL,tron,CoinDCX,exchange,deposit,derived,sweep+gas,0.8075,"Sweep rule: forwarded 100% of the 499.70 USDT it received from 4 senders to CoinDCX wallet TU7BbA…vZbsFs (curated list) in 4 sweeps, typically 42 seconds after arrival. Gas rule: TFLxNH…aEznGd, labelled CoinDCX, sent the fee money for 4 of 4 sweeps. Both rules agree. Rule confidence 0.81, not calibrated.",,TU7BbAsb8t371eMijQeiGXsiLvY1vZbsFs,curated,USDT,1.0,499.700000,499.700000,4,4,4,42.0,confirmed,TFLxNHunhEizmeEdiMyA3r2XGLSKaEznGd,CoinDCX,native,4,764d5c45e465c19518fe0f8c3fe99414dd57442da76c9be6dfd083ce52a4dc3c,2025-05-30T09:29:36Z,True
TMmGH8cs23Vc5DDNUTYkQk1T65hrJYmfda,tron,CoinDCX,exchange,deposit,derived,sweep+gas,0.8075,"Sweep rule: forwarded 100% of the 9,784 USDT it received from 5 senders to CoinDCX wallet TU7BbA…vZbsFs (curated list) in 13 sweeps, typically 30 seconds after arrival. Gas rule: TFLxNH…aEznGd, labelled CoinDCX, sent the fee money for 12 of 13 sweeps. Both rules agree. Rule confidence 0.81, not calibrated.",,TU7BbAsb8t371eMijQeiGXsiLvY1vZbsFs,curated,USDT,1.0,9784.000000,9784.000000,13,5,13,30.0,confirmed,TFLxNHunhEizmeEdiMyA3r2XGLSKaEznGd,CoinDCX,native,12,2de4ae5c21f26ee78033af3c2bd07d9ba0c63e5402d70184a96bd995276b4653,2025-06-17T14:08:06Z,True
TMpMXpwKLhM8CmesXB7VaM6kst4jWwhCcN,tron,CoinDCX,exchange,deposit,derived,sweep+gas,0.8075,"Sweep rule: forwarded 100% of the 54 USDT it received from 1 sender to CoinDCX wallet TU7BbA…vZbsFs (curated list) in 16 sweeps, typically 33 seconds after arrival. Gas rule: TFLxNH…aEznGd, labelled CoinDCX, sent the fee money for 15 of 16 sweeps. Both rules agree. Rule confidence 0.81, not calibrated.",,TU7BbAsb8t371eMijQeiGXsiLvY1vZbsFs,curated,USDT,1.0,54.004711,54.004711,16,1,16,33.0,confirmed,TFLxNHunhEizmeEdiMyA3r2XGLSKaEznGd,CoinDCX,native,15,d8d8bb441e864b71679dc257192d2e1e864f8c0dcebefb75e97c68de25120b2c,2025-06-04T14:51:36Z,True
TMrQkndVieyemZZPdTfEdcHHY8h1rCmPmf,tron,CoinDCX,exchange,deposit,derived,sweep+gas,0.8075,"Sweep rule: forwarded 100% of the 46.27 USDT it received from 1 sender to CoinDCX wallet TU7BbA…vZbsFs (curated list) in 3 sweeps, typically 27 seconds after arrival. Gas rule: TFLxNH…aEznGd, labelled CoinDCX, sent the fee money for 3 of 3 sweeps. Both rules agree. Rule confidence 0.81, not calibrated.",,TU7BbAsb8t371eMijQeiGXsiLvY1vZbsFs,curated,USDT,1.0,46.270000,46.270000,3,1,3,27.0,confirmed,TFLxNHunhEizmeEdiMyA3r2XGLSKaEznGd,CoinDCX,native,3,9dbaa287f3158317dcae96d0b91d264810bc069636b3e0b0f5fa5672044ed117,2025-05-27T06:18:06Z,True
TMsVP5FQT2EZik5cQreJgZ8tHj7ZwZGUXG,tron,CoinDCX,exchange,deposit,derived,sweep+gas,0.8075,"Sweep rule: forwarded 100% of the 175 USDT it received from 5 senders to CoinDCX wallet TU7BbA…vZbsFs (curated list) in 7 sweeps, typically 30 seconds after arrival. Gas rule: TFLxNH…aEznGd, labelled CoinDCX, sent the fee money for 6 of 7 sweeps. Both rules agree. Rule confidence 0.81, not calibrated.",,TU7BbAsb8t371eMijQeiGXsiLvY1vZbsFs,curated,USDT,1.0,175.000000,175.000000,7,5,7,30.0,confirmed,TFLxNHunhEizmeEdiMyA3r2XGLSKaEznGd,CoinDCX,native,6,5f9fc4af7bd13cedffb267b1dde9be221b98ac745217ba799b373d58c9b24582,2025-07-01T14:42:36Z,True
TMtB5rsCeg9sSifqFeWUKjJLbLY8mAhChA,tron,CoinDCX,exchange,deposit,derived,sweep+gas,0.8075,"Sweep rule: forwarded 92% of the 4,246.52 USDT it received from 3 senders to CoinDCX wallet TU7BbA…vZbsFs (curated list) in 24 sweeps, typically 33 seconds after arrival. Only its first 50 transfers since 2025-05-18 were read; what it did later is not covered. Its gas listing was not read to the end. Gas rule: TFLxNH…aEznGd, labelled CoinDCX, sent the fee money for 16 of 24 sweeps. Both rules agree. Rule confidence 0.81, not calibrated.",,TU7BbAsb8t371eMijQeiGXsiLvY1vZbsFs,curated,USDT,0.9224,4246.520000,3917.000000,25,3,24,33.0,confirmed,TFLxNHunhEizmeEdiMyA3r2XGLSKaEznGd,CoinDCX,native,16,b6e38b66564a61e5b278ad2ac94965db622e0e69ba0396c86c8ef09048b640a0,2025-11-25T14:24:06Z,False
TMwh7W7kzJFkuppmKt8ufT8XUJ4CLpcvAq,tron,CoinDCX,exchange,deposit,derived,sweep+gas,0.8075,"Sweep rule: forwarded 100% of the 1,244.08 USDT it received from 1 sender to CoinDCX wallet TU7BbA…vZbsFs (curated list) in 5 sweeps, typically 30 seconds after arrival. Gas rule: TFLxNH…aEznGd, labelled CoinDCX, sent the fee money for 5 of 5 sweeps. Both rules agree. Rule confidence 0.81, not calibrated.",,TU7BbAsb8t371eMijQeiGXsiLvY1vZbsFs,curated,USDT,1.0,1244.080000,1244.080000,5,1,5,30.0,confirmed,TFLxNHunhEizmeEdiMyA3r2XGLSKaEznGd,CoinDCX,native,5,ce50ee0cda6394d42a34cb94c7fb5a64ad8ec06d23a25920893c1e50d2544370,2025-06-17T18:32:06Z,True
TMxuQxTyR1YAnTdfZXcTW8vkNtSmZE1h92,tron,CoinDCX,exchange,deposit,derived,sweep+gas,0.8075,"Sweep rule: forwarded 100% of the 59 USDT it received from 1 sender to CoinDCX wallet TU7BbA…vZbsFs (curated list) in 1 sweep, typically 24 seconds after arrival. Gas rule: TFLxNH…aEznGd, labelled CoinDCX, sent the fee money for 1 of 1 sweep. Both rules agree. Rule confidence 0.81, not calibrated.",,TU7BbAsb8t371eMijQeiGXsiLvY1vZbsFs,curated,USDT,1.0,59.000000,59.000000,1,1,1,24.0,confirmed,TFLxNHunhEizmeEdiMyA3r2XGLSKaEznGd,CoinDCX,native,1,2239734d532d367ba3d7623707c7a6d8d54f430a04e298d0ca95a42b0122c646,2025-05-26T14:27:06Z,True
TMyZZ1Z2t1XskKqbsD8d6i8eUF5ZzTVV1x,tron,CoinDCX,exchange,deposit,derived,sweep+gas,0.8075,"Sweep rule: forwarded 100% of the 780.54 USDT it received from 1 sender to CoinDCX wallet TU7BbA…vZbsFs (curated list) in 2 sweeps, typically 25 seconds after arrival. Gas rule: TFLxNH…aEznGd, labelled CoinDCX, sent the fee money for 2 of 2 sweeps. Both rules agree. Rule confidence 0.81, not calibrated.",,TU7BbAsb8t371eMijQeiGXsiLvY1vZbsFs,curated,USDT,1.0,780.540000,780.540000,2,1,2,25.5,confirmed,TFLxNHunhEizmeEdiMyA3r2XGLSKaEznGd,CoinDCX,native,2,319cf52b4ca3b921ee56382139335afe862741dd79b491bb307aec388937ee67,2025-05-30T06:51:09Z,True
TN1pYbiUZizQw8uSCjCNsqSvsJWQ3ZszDe,tron,CoinDCX,exchange,deposit,derived,sweep+gas,0.8075,"Sweep rule: forwarded 100% of the 118 USDT it received from 1 sender to CoinDCX wallet TU7BbA…vZbsFs (curated list) in 1 sweep, typically 21 seconds after arrival. Gas rule: TFLxNH…aEznGd, labelled CoinDCX, sent the fee money for 1 of 1 sweep. Both rules agree. Rule confidence 0.81, not calibrated.",,TU7BbAsb8t371eMijQeiGXsiLvY1vZbsFs,curated,USDT,1.0,118.000000,118.000000,1,1,1,21.0,confirmed,TFLxNHunhEizmeEdiMyA3r2XGLSKaEznGd,CoinDCX,native,1,5cbc90001444e99d6ec7b07249153781f4a51f94b4ee608823d4306beb855dea,2025-05-25T12:38:36Z,True
TN3mcq5WahLuSy8rhK69MrCnCrPdhKa1yN,tron,CoinDCX,exchange,deposit,derived,sweep+gas,0.8075,"Sweep rule: forwarded 100% of the 1,732.94 USDT it received from 10 senders to CoinDCX wallet TU7BbA…vZbsFs (curated list) in 25 sweeps, typically 33 seconds after arrival. Only its first 50 transfers since 2025-05-18 were read; what it did later is not covered. Its gas listing was not read to the end. Gas rule: TFLxNH…aEznGd, labelled CoinDCX, sent the fee money for 20 of 25 sweeps. Both rules agree. Rule confidence 0.81, not calibrated.",,TU7BbAsb8t371eMijQeiGXsiLvY1vZbsFs,curated,USDT,1.0,1732.942000,1732.942000,25,10,25,33.0,confirmed,TFLxNHunhEizmeEdiMyA3r2XGLSKaEznGd,CoinDCX,native,20,c74d4709f7cab3eb361ca184e3b8c593874e760397b411f282136d96ae1c21b9,2025-06-17T14:38:09Z,False
TN5MQRGL9iyHfHj61E8zZJE1jS8f5PK2gF,tron,CoinDCX,exchange,deposit,derived,sweep+gas,0.8075,"Sweep rule: forwarded 100% of the 64.60 USDT it received from 1 sender to CoinDCX wallet TU7BbA…vZbsFs (curated list) in 1 sweep, typically 42 seconds after arrival. Gas rule: TFLxNH…aEznGd, labelled CoinDCX, sent the fee money for 1 of 1 sweep. Both rules agree. Rule confidence 0.81, not calibrated.",,TU7BbAsb8t371eMijQeiGXsiLvY1vZbsFs,curated,USDT,1.0,64.603220,64.603220,1,1,1,42.0,confirmed,TFLxNHunhEizmeEdiMyA3r2XGLSKaEznGd,CoinDCX,native,1,ea73f86ed3c928590f16b4385c515fc13a692fd708b9180676aefe38dc72a402,2025-05-26T12:55:36Z,True
TNAH8EjhZuRcWJ1dksgrehrkvgmWK7cioL,tron,CoinDCX,exchange,deposit,derived,sweep+gas,0.8075,"Sweep rule: forwarded 100% of the 11.22 USDT it received from 1 sender to CoinDCX wallet TU7BbA…vZbsFs (curated list) in 1 sweep, typically 36 seconds after arrival. Gas rule: TFLxNH…aEznGd, labelled CoinDCX, sent the fee money for 1 of 1 sweep. Both rules agree. Rule confidence 0.81, not calibrated.",,TU7BbAsb8t371eMijQeiGXsiLvY1vZbsFs,curated,USDT,1.0,11.220000,11.220000,1,1,1,36.0,confirmed,TFLxNHunhEizmeEdiMyA3r2XGLSKaEznGd,CoinDCX,native,1,46e9630537475fe1ff758fd5b9aeb13c805889db1afd61369cadbcc4b0b8e693,2025-05-27T02:45:36Z,True
TNCRjcvxXGHGgqfsYBaMjKhTggdEBc9LiR,tron,CoinDCX,exchange,deposit,derived,sweep+gas,0.8075,"Sweep rule: forwarded 100% of the 90.33 USDT it received from 1 sender to CoinDCX wallet TU7BbA…vZbsFs (curated list) in 7 sweeps, typically 42 seconds after arrival. Gas rule: TFLxNH…aEznGd, labelled CoinDCX, sent the fee money for 7 of 7 sweeps. Both rules agree. Rule confidence 0.81, not calibrated.",,TU7BbAsb8t371eMijQeiGXsiLvY1vZbsFs,curated,USDT,1.0,90.332303,90.332303,7,1,7,42.0,confirmed,TFLxNHunhEizmeEdiMyA3r2XGLSKaEznGd,CoinDCX,native,7,b883c3e2baaf61ec4424441f2fd2a3b93ba468f0d1538bd5e193f998861610ee,2025-06-16T06:00:36Z,True
TNGz9nHnbxyEUu7Tc1ZNKrAUSw8QToK964,tron,CoinDCX,exchange,deposit,derived,sweep+gas,0.8075,"Sweep rule: forwarded 100% of the 55 USDT it received from 3 senders to CoinDCX wallet TU7BbA…vZbsFs (curated list) in 4 sweeps, typically 31 seconds after arrival. Gas rule: TFLxNH…aEznGd, labelled CoinDCX, sent the fee money for 3 of 4 sweeps. Both rules agree. Rule confidence 0.81, not calibrated.",,TU7BbAsb8t371eMijQeiGXsiLvY1vZbsFs,curated,USDT,1.0,55.000000,55.000000,4,3,4,31.5,confirmed,TFLxNHunhEizmeEdiMyA3r2XGLSKaEznGd,CoinDCX,native,3,f0db1b840926cfac062b0df7b5987b7e4904c09af157311f966896091020cf98,2025-05-28T13:40:09Z,True
TNHfoz2b7z6Ywz3tL38vNkF5BQLSHZLWVp,tron,CoinDCX,exchange,deposit,derived,sweep+gas,0.8075,"Sweep rule: forwarded 96% of the 1,397 USDT it received from 2 senders to CoinDCX wallet TU7BbA…vZbsFs (curated list) in 2 sweeps, typically 3 days after arrival. Gas rule: TFLxNH…aEznGd, labelled CoinDCX, sent the fee money for 2 of 2 sweeps. Both rules agree. Rule confidence 0.81, not calibrated.",,TU7BbAsb8t371eMijQeiGXsiLvY1vZbsFs,curated,USDT,0.9642,1397.000000,1347.000000,3,2,2,243057.0,confirmed,TFLxNHunhEizmeEdiMyA3r2XGLSKaEznGd,CoinDCX,native,2,1ebb8e4c4fabe08f73b2b22b9040038178eb872873f2db545a89fa8d82e16ac4,2025-08-19T06:33:54Z,True
TNJVkk5CSWymjoDjWmDJhBm3o5EnwfNzWd,tron,CoinDCX,exchange,deposit,derived,sweep+gas,0.8075,"Sweep rule: forwarded 100% of the 482.89 USDT it received from 1 sender to CoinDCX wallet TU7BbA…vZbsFs (curated list) in 22 sweeps, typically 37 seconds after arrival. Its gas listing was not read to the end. Gas rule: TFLxNH…aEznGd, labelled CoinDCX, sent the fee money for 21 of 22 sweeps. Both rules agree. Rule confidence 0.81, not calibrated.",,TU7BbAsb8t371eMijQeiGXsiLvY1vZbsFs,curated,USDT,1.0,482.886136,482.886136,22,1,22,37.5,confirmed,TFLxNHunhEizmeEdiMyA3r2XGLSKaEznGd,CoinDCX,native,21,6730f47af3d95cc6fa24cc8b06c145daa079d561f3983b27d2b53ad05992517b,2025-06-04T07:21:09Z,False
TNMcNvVXhCRhxEZUFW1g6qbHZyWwy3rFLP,tron,CoinDCX,exchange,deposit,derived,sweep+gas,0.8075,"Sweep rule: forwarded 100% of the 225.55 USDT it received from 3 senders to CoinDCX wallet TU7BbA…vZbsFs (curated list) in 11 sweeps, typically 27 seconds after arrival. Gas rule: TFLxNH…aEznGd, labelled CoinDCX, sent the fee money for 10 of 11 sweeps. Both rules agree. Rule confidence 0.81, not calibrated.",,TU7BbAsb8t371eMijQeiGXsiLvY1vZbsFs,curated,USDT,1.0,225.550000,225.550000,11,3,11,27.0,confirmed,TFLxNHunhEizmeEdiMyA3r2XGLSKaEznGd,CoinDCX,native,10,a09c916cc4c4bec1ade0bc97107fbbcd0bd23a7a5f67031e2357a83345127ffb,2025-06-17T00:58:36Z,True
TNSHsT95NAZEQTtVQi5MiTbvh1pXkEBZkr,tron,CoinDCX,exchange,deposit,derived,sweep+gas,0.8075,"Sweep rule: forwarded 94% of the 345.29 USDT it received from 23 senders to CoinDCX wallet TU7BbA…vZbsFs (curated list) in 24 sweeps, typically 30 seconds after arrival. Only its first 50 transfers since 2025-05-18 were read; what it did later is not covered. Its gas listing was not read to the end. Gas rule: TFLxNH…aEznGd, labelled CoinDCX, sent the fee money for 16 of 24 sweeps. Both rules agree. Rule confidence 0.81, not calibrated.",,TU7BbAsb8t371eMijQeiGXsiLvY1vZbsFs,curated,USDT,0.9424,345.290000,325.400000,25,23,24,30.0,confirmed,TFLxNHunhEizmeEdiMyA3r2XGLSKaEznGd,CoinDCX,native,16,f8c4c7647b2620a19fbe6ff937c88ac97fe0b74342e107f0da0d320e3ef461cd,2025-09-01T03:25:36Z,False
TNSwPv1jokCKJHJCGSrtcfwKdA32MKVjPs,tron,CoinDCX,exchange,deposit,derived,sweep+gas,0.8075,"Sweep rule: forwarded 100% of the 416.34 USDT it received from 1 sender to CoinDCX wallet TU7BbA…vZbsFs (curated list) in 14 sweeps, typically 31 seconds after arrival. Gas rule: TFLxNH…aEznGd, labelled CoinDCX, sent the fee money for 14 of 14 sweeps. Both rules agree. Rule confidence 0.81, not calibrated.",,TU7BbAsb8t371eMijQeiGXsiLvY1vZbsFs,curated,USDT,1.0,416.340048,416.340048,14,1,14,31.5,confirmed,TFLxNHunhEizmeEdiMyA3r2XGLSKaEznGd,CoinDCX,native,14,a4e8daadfa9780f28ee0de19c4f9a341766bddc8d4bd20465c2bd8a11293771f,2025-06-04T07:05:06Z,True
TNX4bY9iCfbmoBiVYu3U2kgRHXebcY7u9g,tron,CoinDCX,exchange,deposit,derived,sweep+gas,0.8075,"Sweep rule: forwarded 100% of the 683 USDT it received from 5 senders to CoinDCX wallet TU7BbA…vZbsFs (curated list) in 8 sweeps, typically 33 seconds after arrival. Gas rule: TFLxNH…aEznGd, labelled CoinDCX, sent the fee money for 7 of 8 sweeps. Both rules agree. Rule confidence 0.81, not calibrated.",,TU7BbAsb8t371eMijQeiGXsiLvY1vZbsFs,curated,USDT,1.0,683.000000,683.000000,7,5,8,33.0,confirmed,TFLxNHunhEizmeEdiMyA3r2XGLSKaEznGd,CoinDCX,native,7,332afd9d0ffccd133daa3443929b7f2a77aa022c6c965ed64e40a79280ec5561,2025-09-22T18:58:09Z,True
TNXAuksqcf9HDHZfvkwyXHTtSRJoZxWseX,tron,CoinDCX,exchange,deposit,derived,sweep+gas,0.8075,"Sweep rule: forwarded 100% of the 91.54 USDT it received from 1 sender to CoinDCX wallet TU7BbA…vZbsFs (curated list) in 6 sweeps, typically 34 seconds after arrival. Gas rule: TFLxNH…aEznGd, labelled CoinDCX, sent the fee money for 6 of 6 sweeps. Both rules agree. Rule confidence 0.81, not calibrated.",,TU7BbAsb8t371eMijQeiGXsiLvY1vZbsFs,curated,USDT,1.0,91.542833,91.542833,6,1,6,34.5,confirmed,TFLxNHunhEizmeEdiMyA3r2XGLSKaEznGd,CoinDCX,native,6,785151803bc642307745e9637b0e52001ddfd2820faa1e38b0f5d517a3800fa3,2025-08-02T12:57:06Z,True
TNZvmQuXbt5af8pcRmo3NMAkrK7LqyBmPD,tron,CoinDCX,exchange,deposit,derived,sweep+gas,0.8075,"Sweep rule: forwarded 100% of the 186.65 USDT it received from 1 sender to CoinDCX wallet TU7BbA…vZbsFs (curated list) in 3 sweeps, typically 21 seconds after arrival. Gas rule: TFLxNH…aEznGd, labelled CoinDCX, sent the fee money for 3 of 3 sweeps. Both rules agree. Rule confidence 0.81, not calibrated.",,TU7BbAsb8t371eMijQeiGXsiLvY1vZbsFs,curated,USDT,1.0,186.652900,186.652900,3,1,3,21.0,confirmed,TFLxNHunhEizmeEdiMyA3r2XGLSKaEznGd,CoinDCX,native,3,77647e28456aa0cb598e442f9b67ef0915b3c59ca2b6eade4c77af599b0621e9,2025-07-02T15:15:36Z,True
TNemxMbQkM73ELduv1EwN3y6UgNbLiAgj7,tron,CoinDCX,exchange,deposit,derived,sweep+gas,0.8075,"Sweep rule: forwarded 100% of the 96 USDT it received from 2 senders to CoinDCX wallet TU7BbA…vZbsFs (curated list) in 2 sweeps, typically 25 seconds after arrival. Gas rule: TFLxNH…aEznGd, labelled CoinDCX, sent the fee money for 2 of 2 sweeps. Both rules agree. Rule confidence 0.81, not calibrated.",,TU7BbAsb8t371eMijQeiGXsiLvY1vZbsFs,curated,USDT,1.0,96.000000,96.000000,2,2,2,25.5,confirmed,TFLxNHunhEizmeEdiMyA3r2XGLSKaEznGd,CoinDCX,native,2,15060e0e8730d1846f5f193ea7e2348f93baf8c8c50e9082ed836ca7bd41a55e,2025-05-29T14:53:06Z,True
TNfQgsi49euvmnGBrcRexDcXXo2UyMFFp8,tron,CoinDCX,exchange,deposit,derived,sweep+gas,0.8075,"Sweep rule: forwarded 100% of the 10.20 USDT it received from 1 sender to CoinDCX wallet TU7BbA…vZbsFs (curated list) in 1 sweep, typically 24 seconds after arrival. Gas rule: TFLxNH…aEznGd, labelled CoinDCX, sent the fee money for 1 of 1 sweep. Both rules agree. Rule confidence 0.81, not calibrated.",,TU7BbAsb8t371eMijQeiGXsiLvY1vZbsFs,curated,USDT,1.0,10.195733,10.195733,1,1,1,24.0,confirmed,TFLxNHunhEizmeEdiMyA3r2XGLSKaEznGd,CoinDCX,native,1,0c64861c62e68be98092d957405a33565525e63fe06b1a38573e2ae84871bda5,2025-05-29T07:28:36Z,True
TNnHYiSrQ2eswdzbACYvmpfAoX7M8Hpe91,tron,CoinDCX,exchange,deposit,derived,sweep+gas,0.8075,"Sweep rule: forwarded 100% of the 9,778 USDT it received from 1 sender to CoinDCX wallet TU7BbA…vZbsFs (curated list) in 25 sweeps, typically 33 seconds after arrival. Only its first 50 transfers since 2025-05-18 were read; what it did later is not covered. Its gas listing was not read to the end. Gas rule: TFLxNH…aEznGd, labelled CoinDCX, sent the fee money for 13 of 25 sweeps. Both rules agree. Rule confidence 0.81, not calibrated.",,TU7BbAsb8t371eMijQeiGXsiLvY1vZbsFs,curated,USDT,1.0,9778.000000,9778.000000,25,1,25,33.0,confirmed,TFLxNHunhEizmeEdiMyA3r2XGLSKaEznGd,CoinDCX,native,13,22391fbd973fc7e286857705f248f1dbfbbc6ce6063dd1c792e0cb8e9c94db77,2025-08-17T14:21:06Z,False
TNqeDRKFkKKBADcAXPx3f9EV7hF6UmibHw,tron,CoinDCX,exchange,deposit,derived,sweep+gas,0.8075,"Sweep rule: forwarded 100% of the 21.06 USDT it received from 1 sender to CoinDCX wallet TU7BbA…vZbsFs (curated list) in 1 sweep, typically 36 seconds after arrival. Gas rule: TFLxNH…aEznGd, labelled CoinDCX, sent the fee money for 1 of 1 sweep. Both rules agree. Rule confidence 0.81, not calibrated.",,TU7BbAsb8t371eMijQeiGXsiLvY1vZbsFs,curated,USDT,1.0,21.060000,21.060000,1,1,1,36.0,confirmed,TFLxNHunhEizmeEdiMyA3r2XGLSKaEznGd,CoinDCX,native,1,07176d1c873249b97da85b34c31c53e15909221c1e16ccbcff1a5618691d1c85,2025-05-27T06:49:39Z,True
TNtHKicHyBeE9sVjgYWxEvCUJ42yeDTGzd,tron,CoinDCX,exchange,deposit,derived,sweep+gas,0.8075,"Sweep rule: forwarded 100% of the 699 USDT it received from 3 senders to CoinDCX wallet TU7BbA…vZbsFs (curated list) in 3 sweeps, typically 39 seconds after arrival. Gas rule: TFLxNH…aEznGd, labelled CoinDCX, sent the fee money for 3 of 3 sweeps. Both rules agree. Rule confidence 0.81, not calibrated.",,TU7BbAsb8t371eMijQeiGXsiLvY1vZbsFs,curated,USDT,1.0,699.000021,699.000021,3,3,3,39.0,confirmed,TFLxNHunhEizmeEdiMyA3r2XGLSKaEznGd,CoinDCX,native,3,a2291b5cba96ef817a56aae37b1d3b5adb2057d6d218544faee7db63f23811b1,2025-06-13T06:39:09Z,True
TNtHfoPL3655CzLJfVs6Qoi5wVkGPEEYSo,tron,CoinDCX,exchange,deposit,derived,sweep+gas,0.8075,"Sweep rule: forwarded 100% of the 20.37 USDT it received from 1 sender to CoinDCX wallet TU7BbA…vZbsFs (curated list) in 1 sweep, typically 39 seconds after arrival. Gas rule: TFLxNH…aEznGd, labelled CoinDCX, sent the fee money for 1 of 1 sweep. Both rules agree. Rule confidence 0.81, not calibrated.",,TU7BbAsb8t371eMijQeiGXsiLvY1vZbsFs,curated,USDT,1.0,20.368563,20.368563,1,1,1,39.0,confirmed,TFLxNHunhEizmeEdiMyA3r2XGLSKaEznGd,CoinDCX,native,1,5a47250c4eb8d2952c81c351b5246666b319860145d9e9595ad4e471776d78ac,2025-05-28T14:29:06Z,True
TNuc6v7dY8ikz1pjewhRFSSZpUgBx1qiP7,tron,CoinDCX,exchange,deposit,derived,sweep+gas,0.8075,"Sweep rule: forwarded 100% of the 70.10 USDT it received from 2 senders to CoinDCX wallet TU7BbA…vZbsFs (curated list) in 2 sweeps, typically 30 seconds after arrival. Gas rule: TFLxNH…aEznGd, labelled CoinDCX, sent the fee money for 2 of 2 sweeps. Both rules agree. Rule confidence 0.81, not calibrated.",,TU7BbAsb8t371eMijQeiGXsiLvY1vZbsFs,curated,USDT,1.0,70.103664,70.103664,2,2,2,30.0,confirmed,TFLxNHunhEizmeEdiMyA3r2XGLSKaEznGd,CoinDCX,native,2,f575c7a0cb48b84c5d8dfbcb4d77834c0ca50a9ebb789c284f83688e629321fa,2025-05-27T20:38:06Z,True
TNwoCUggauzLLJkDnRKYSJMBThGrWUnqea,tron,CoinDCX,exchange,deposit,derived,sweep+gas,0.8075,"Sweep rule: forwarded 100% of the 205.01 USDT it received from 1 sender to CoinDCX wallet TU7BbA…vZbsFs (curated list) in 8 sweeps, typically 28 seconds after arrival. Gas rule: TFLxNH…aEznGd, labelled CoinDCX, sent the fee money for 7 of 8 sweeps. Both rules agree. Rule confidence 0.81, not calibrated.",,TU7BbAsb8t371eMijQeiGXsiLvY1vZbsFs,curated,USDT,1.0,205.009173,205.009173,8,1,8,28.5,confirmed,TFLxNHunhEizmeEdiMyA3r2XGLSKaEznGd,CoinDCX,native,7,8a33faeda13c80c85cf25c447a1727fe840ef1cb17985d61797c863b73e1bdc3,2025-06-04T12:13:06Z,True
TP1X1QWdMAmA2M8pG48NkB39XYRqXck3YK,tron,CoinDCX,exchange,deposit,derived,sweep+gas,0.8075,"Sweep rule: forwarded 100% of the 131.87 USDT it received from 2 senders to CoinDCX wallet TU7BbA…vZbsFs (curated list) in 2 sweeps, typically 30 seconds after arrival. Gas rule: TFLxNH…aEznGd, labelled CoinDCX, sent the fee money for 2 of 2 sweeps. Both rules agree. Rule confidence 0.81, not calibrated.",,TU7BbAsb8t371eMijQeiGXsiLvY1vZbsFs,curated,USDT,1.0,131.870000,131.870000,2,2,2,30.0,confirmed,TFLxNHunhEizmeEdiMyA3r2XGLSKaEznGd,CoinDCX,native,2,31d18b4ed81eb5adb6b76c4ab00d04c46421414dcba33d9dfd323384fcd6d070,2025-05-27T14:38:06Z,True
TP3WNUpgZd9moNFW5PpFaGsfNHJHhK6j34,tron,CoinDCX,exchange,deposit,derived,sweep+gas,0.8075,"Sweep rule: forwarded 100% of the 157.94 USDT it received from 2 senders to CoinDCX wallet TU7BbA…vZbsFs (curated list) in 2 sweeps, typically 34 seconds after arrival. Gas rule: TFLxNH…aEznGd, labelled CoinDCX, sent the fee money for 2 of 2 sweeps. Both rules agree. Rule confidence 0.81, not calibrated.",,TU7BbAsb8t371eMijQeiGXsiLvY1vZbsFs,curated,USDT,1.0,157.940000,157.940000,2,2,2,34.5,confirmed,TFLxNHunhEizmeEdiMyA3r2XGLSKaEznGd,CoinDCX,native,2,34a89853877d3e5f1cdc81d9e13c2273d31a91f6b4c5a5718268e151cc9b2cd7,2025-05-28T06:51:36Z,True
TP7gauGigmyyPXbn1fxsNbqbBTFXvSYKYz,tron,CoinDCX,exchange,deposit,derived,sweep+gas,0.8075,"Sweep rule: forwarded 99% of the 1,750,019 USDT it received from 5 senders to CoinDCX wallet TU7BbA…vZbsFs (curated list) in 20 sweeps, typically 25 seconds after arrival. Only its first 50 transfers since 2025-05-18 were read; what it did later is not covered. Its gas listing was not read to the end. Gas rule: TFLxNH…aEznGd, labelled CoinDCX, sent the fee money for 19 of 20 sweeps. Both rules agree. Rule confidence 0.81, not calibrated.",,TU7BbAsb8t371eMijQeiGXsiLvY1vZbsFs,curated,USDT,1.0,1750019.000140,1750012.000020,24,5,20,25.5,confirmed,TFLxNHunhEizmeEdiMyA3r2XGLSKaEznGd,CoinDCX,native,19,919c0f845d099e126b5d80f58236a3aa1adc0526954c0c0a5ef31458f16fd085,2025-06-10T09:44:06Z,False
TP8GdoGmFnRQ7iLnG77xkVd9dsptQJT7VM,tron,CoinDCX,exchange,deposit,derived,sweep+gas,0.8075,"Sweep rule: forwarded 100% of the 99 USDT it received from 1 sender to CoinDCX wallet TU7BbA…vZbsFs (curated list) in 1 sweep, typically 36 seconds after arrival. Gas rule: TFLxNH…aEznGd, labelled CoinDCX, sent the fee money for 1 of 1 sweep. Both rules agree. Rule confidence 0.81, not calibrated.",,TU7BbAsb8t371eMijQeiGXsiLvY1vZbsFs,curated,USDT,1.0,99.000000,99.000000,1,1,1,36.0,confirmed,TFLxNHunhEizmeEdiMyA3r2XGLSKaEznGd,CoinDCX,native,1,71b7d6d33351d8b4c25a74dde03fd340c276a154e70fc76b38317e98dc8e10e6,2025-05-30T07:40:09Z,True
TPBY8Q2KaChmKZ4LVbmv6rqh77YDQcAoLC,tron,CoinDCX,exchange,deposit,derived,sweep+gas,0.8075,"Sweep rule: forwarded 100% of the 156.86 USDT it received from 1 sender to CoinDCX wallet TU7BbA…vZbsFs (curated list) in 1 sweep, typically 27 seconds after arrival. Gas rule: TFLxNH…aEznGd, labelled CoinDCX, sent the fee money for 1 of 1 sweep. Both rules agree. Rule confidence 0.81, not calibrated.",,TU7BbAsb8t371eMijQeiGXsiLvY1vZbsFs,curated,USDT,1.0,156.855631,156.855631,1,1,1,27.0,confirmed,TFLxNHunhEizmeEdiMyA3r2XGLSKaEznGd,CoinDCX,native,1,85adb33ec7be848e3db61e4e744a6ce8c86636b37e8e00434999c498d6be6d6a,2025-05-28T09:17:06Z,True
TPBfCNk4YWG4Q8xtc3r5fCYANGeJ2W8w8i,tron,CoinDCX,exchange,deposit,derived,sweep+gas,0.8075,"Sweep rule: forwarded 100% of the 985.96 USDT it received from 4 senders to CoinDCX wallet TU7BbA…vZbsFs (curated list) in 7 sweeps, typically 30 seconds after arrival. Gas rule: TFLxNH…aEznGd, labelled CoinDCX, sent the fee money for 7 of 7 sweeps. Both rules agree. Rule confidence 0.81, not calibrated.",,TU7BbAsb8t371eMijQeiGXsiLvY1vZbsFs,curated,USDT,1.0,985.959554,985.959554,7,4,7,30.0,confirmed,TFLxNHunhEizmeEdiMyA3r2XGLSKaEznGd,CoinDCX,native,7,733cce096af0aadc88496168b6397ffddcd3eb1aa6a8bd61fc4affc8ad3eea59,2025-06-18T16:52:06Z,True
TPE5Wsuyk5fMur9teXJTuwfHXXrfCkidS9,tron,CoinDCX,exchange,deposit,derived,sweep+gas,0.8075,"Sweep rule: forwarded 100% of the 117.92 USDT it received from 1 sender to CoinDCX wallet TU7BbA…vZbsFs (curated list) in 6 sweeps, typically 31 seconds after arrival. Gas rule: TFLxNH…aEznGd, labelled CoinDCX, sent the fee money for 6 of 6 sweeps. Both rules agree. Rule confidence 0.81, not calibrated.",,TU7BbAsb8t371eMijQeiGXsiLvY1vZbsFs,curated,USDT,1.0,117.915472,117.915472,6,1,6,31.5,confirmed,TFLxNHunhEizmeEdiMyA3r2XGLSKaEznGd,CoinDCX,native,6,bd4f17d04956c4663de8931c71b59a44ca69465a5cea034504306cf67db7b589,2025-06-04T06:27:36Z,True
TPEPk6N74i2qcwW6GATDJjaStf6o9qUQdA,tron,CoinDCX,exchange,deposit,derived,sweep+gas,0.8075,"Sweep rule: forwarded 100% of the 214.35 USDT it received from 1 sender to CoinDCX wallet TU7BbA…vZbsFs (curated list) in 10 sweeps, typically 37 seconds after arrival. Gas rule: TFLxNH…aEznGd, labelled CoinDCX, sent the fee money for 10 of 10 sweeps. Both rules agree. Rule confidence 0.81, not calibrated.",,TU7BbAsb8t371eMijQeiGXsiLvY1vZbsFs,curated,USDT,1.0,214.346763,214.346763,10,1,10,37.5,confirmed,TFLxNHunhEizmeEdiMyA3r2XGLSKaEznGd,CoinDCX,native,10,04e6f2d15964c9d190577b5eb7422e848f4dcab56c32adad72a9e1183d401a67,2025-06-07T05:18:36Z,True
TPLYddGUsNWLRwpuJJo71ckzdHzyD9Pa7a,tron,CoinDCX,exchange,deposit,derived,sweep+gas,0.8075,"Sweep rule: forwarded 100% of the 32.19 USDT it received from 1 sender to CoinDCX wallet TU7BbA…vZbsFs (curated list) in 4 sweeps, typically 36 seconds after arrival. Gas rule: TFLxNH…aEznGd, labelled CoinDCX, sent the fee money for 3 of 4 sweeps. Both rules agree. Rule confidence 0.81, not calibrated.",,TU7BbAsb8t371eMijQeiGXsiLvY1vZbsFs,curated,USDT,1.0,32.190000,32.190000,3,1,4,36.0,confirmed,TFLxNHunhEizmeEdiMyA3r2XGLSKaEznGd,CoinDCX,native,3,9874c46a1b3652b6e9e0e0b58460c4ee97fb2cdfcf6378ee63f7122775db63cd,2025-09-26T08:05:06Z,True
TPQ7LLeRDnKS7PjGaKtnJmfHh3AwHLDApM,tron,CoinDCX,exchange,deposit,derived,sweep+gas,0.8075,"Sweep rule: forwarded 100% of the 62.47 USDT it received from 1 sender to CoinDCX wallet TU7BbA…vZbsFs (curated list) in 1 sweep, typically 33 seconds after arrival. Gas rule: TFLxNH…aEznGd, labelled CoinDCX, sent the fee money for 1 of 1 sweep. Both rules agree. Rule confidence 0.81, not calibrated.",,TU7BbAsb8t371eMijQeiGXsiLvY1vZbsFs,curated,USDT,1.0,62.474552,62.474552,1,1,1,33.0,confirmed,TFLxNHunhEizmeEdiMyA3r2XGLSKaEznGd,CoinDCX,native,1,0ca989df324ef7951b15e5550502b91bc0d69f23703c52e93aa221f593a1af43,2025-05-26T00:26:06Z,True
TPQFy7m2Sr8WGVHEGY82rhomQZ6LPm1ZKB,tron,CoinDCX,exchange,deposit,derived,sweep+gas,0.8075,"Sweep rule: forwarded 100% of the 271 USDT it received from 1 sender to CoinDCX wallet TU7BbA…vZbsFs (curated list) in 6 sweeps, typically 24 seconds after arrival. Gas rule: TFLxNH…aEznGd, labelled CoinDCX, sent the fee money for 6 of 6 sweeps. Both rules agree. Rule confidence 0.81, not calibrated.",,TU7BbAsb8t371eMijQeiGXsiLvY1vZbsFs,curated,USDT,1.0,271.000000,271.000000,6,1,6,24.0,confirmed,TFLxNHunhEizmeEdiMyA3r2XGLSKaEznGd,CoinDCX,native,6,ecde245ac2f9d52cd38f6a0b25228460b327391c976b3b954643bdb635e9cd2c,2025-06-22T10:58:36Z,True
TPQc72v5Xi8EkuFqHZbqhsQBNsjWHAEEZw,tron,CoinDCX,exchange,deposit,derived,sweep+gas,0.8075,"Sweep rule: forwarded 100% of the 10 USDT it received from 1 sender to CoinDCX wallet TU7BbA…vZbsFs (curated list) in 1 sweep, typically 36 seconds after arrival. Gas rule: TFLxNH…aEznGd, labelled CoinDCX, sent the fee money for 1 of 1 sweep. Both rules agree. Rule confidence 0.81, not calibrated.",,TU7BbAsb8t371eMijQeiGXsiLvY1vZbsFs,curated,USDT,1.0,10.000000,10.000000,1,1,1,36.0,confirmed,TFLxNHunhEizmeEdiMyA3r2XGLSKaEznGd,CoinDCX,native,1,2ddc7fe3b7b82cbe8041e73e38f4bec3db31b99bc0f9aa021e9bd0429da30202,2025-05-30T12:51:39Z,True
TPQq6oNNYU214pYTHJM4QssC854otmW9RU,tron,CoinDCX,exchange,deposit,derived,sweep+gas,0.8075,"Sweep rule: forwarded 100% of the 1,322 USDT it received from 5 senders to CoinDCX wallet TU7BbA…vZbsFs (curated list) in 9 sweeps, typically 42 seconds after arrival. Gas rule: TFLxNH…aEznGd, labelled CoinDCX, sent the fee money for 8 of 9 sweeps. Both rules agree. Rule confidence 0.81, not calibrated.",,TU7BbAsb8t371eMijQeiGXsiLvY1vZbsFs,curated,USDT,1.0,1322.000000,1322.000000,9,5,9,42.0,confirmed,TFLxNHunhEizmeEdiMyA3r2XGLSKaEznGd,CoinDCX,native,8,3d6af6f1ab3e5aecc689b24928fb98409f7809c6fff1a16333a4d661ad24e49f,2025-06-18T10:54:06Z,True
TPU664xSdku24WAha3saS6GVuS8canrdRx,tron,CoinDCX,exchange,deposit,derived,sweep+gas,0.8075,"Sweep rule: forwarded 100% of the 11.49 USDT it received from 1 sender to CoinDCX wallet TU7BbA…vZbsFs (curated list) in 1 sweep, typically 21 seconds after arrival. Gas rule: TFLxNH…aEznGd, labelled CoinDCX, sent the fee money for 1 of 1 sweep. Both rules agree. Rule confidence 0.81, not calibrated.",,TU7BbAsb8t371eMijQeiGXsiLvY1vZbsFs,curated,USDT,1.0,11.492502,11.492502,1,1,1,21.0,confirmed,TFLxNHunhEizmeEdiMyA3r2XGLSKaEznGd,CoinDCX,native,1,8406300e6a28528a3cc62a7020208164a60d3732b708b0616c937281a7c27ee6,2025-05-28T02:12:06Z,True
TPXtJC4phtFsuqnA7uvaDBcXJK6jVDcVh1,tron,CoinDCX,exchange,deposit,derived,sweep+gas,0.8075,"Sweep rule: forwarded 100% of the 55.47 USDT it received from 1 sender to CoinDCX wallet TU7BbA…vZbsFs (curated list) in 2 sweeps, typically 39 seconds after arrival. Gas rule: TFLxNH…aEznGd, labelled CoinDCX, sent the fee money for 2 of 2 sweeps. Both rules agree. Rule confidence 0.81, not calibrated.",,TU7BbAsb8t371eMijQeiGXsiLvY1vZbsFs,curated,USDT,1.0,55.471452,55.471452,2,1,2,39.0,confirmed,TFLxNHunhEizmeEdiMyA3r2XGLSKaEznGd,CoinDCX,native,2,605f0e1851ebba7acc3cf599691499abe4045a2ea0506cab7d6f112d9b3a80ae,2025-05-28T10:44:36Z,True
TPb1kFewUHfQwsmHeZsro3wJHH27nCTjUw,tron,CoinDCX,exchange,deposit,derived,sweep+gas,0.8075,"Sweep rule: forwarded 100% of the 655 USDT it received from 3 senders to CoinDCX wallet TU7BbA…vZbsFs (curated list) in 3 sweeps, typically 42 seconds after arrival. Gas rule: TFLxNH…aEznGd, labelled CoinDCX, sent the fee money for 3 of 3 sweeps. Both rules agree. Rule confidence 0.81, not calibrated.",,TU7BbAsb8t371eMijQeiGXsiLvY1vZbsFs,curated,USDT,1.0,655.000000,655.000000,3,3,3,42.0,confirmed,TFLxNHunhEizmeEdiMyA3r2XGLSKaEznGd,CoinDCX,native,3,850facab34507647fb6573b4b8174e422c0f4a62bce45d9229778dc328222011,2025-06-13T11:41:36Z,True
TPctAcLkKxqEHARmc69PEe34u3mehQixGF,tron,CoinDCX,exchange,deposit,derived,sweep+gas,0.8075,"Sweep rule: forwarded 100% of the 70.94 USDT it received from 1 sender to CoinDCX wallet TU7BbA…vZbsFs (curated list) in 1 sweep, typically 24 seconds after arrival. Gas rule: TFLxNH…aEznGd, labelled CoinDCX, sent the fee money for 1 of 1 sweep. Both rules agree. Rule confidence 0.81, not calibrated.",,TU7BbAsb8t371eMijQeiGXsiLvY1vZbsFs,curated,USDT,1.0,70.940000,70.940000,1,1,1,24.0,confirmed,TFLxNHunhEizmeEdiMyA3r2XGLSKaEznGd,CoinDCX,native,1,7316fe2b19373e2990089a9f27bf6ada4d3d537aed22f37ddef796b78c46cb18,2025-05-28T06:15:06Z,True
TPgMaLtpXveTB2Gocy2UwsaCxEygZoT2Gm,tron,CoinDCX,exchange,deposit,derived,sweep+gas,0.8075,"Sweep rule: forwarded 100% of the 20 USDT it received from 1 sender to CoinDCX wallet TU7BbA…vZbsFs (curated list) in 2 sweeps, typically 39 seconds after arrival. Gas rule: TFLxNH…aEznGd, labelled CoinDCX, sent the fee money for 2 of 2 sweeps. Both rules agree. Rule confidence 0.81, not calibrated.",,TU7BbAsb8t371eMijQeiGXsiLvY1vZbsFs,curated,USDT,1.0,20.000000,20.000000,1,1,2,39.0,confirmed,TFLxNHunhEizmeEdiMyA3r2XGLSKaEznGd,CoinDCX,native,2,55eb7afd7a9bf6e6e122e63dd74c7f45a3e022670258f90573b286c4349d8b72,2025-09-22T19:07:51Z,True
TPhEyiiMyLG1AGGsXuYiSxVfg1xsV1EGYa,tron,CoinDCX,exchange,deposit,derived,sweep+gas,0.8075,"Sweep rule: forwarded 100% of the 1,734 USDT it received from 1 sender to CoinDCX wallet TU7BbA…vZbsFs (curated list) in 3 sweeps, typically 27 seconds after arrival. Gas rule: TFLxNH…aEznGd, labelled CoinDCX, sent the fee money for 3 of 3 sweeps. Both rules agree. Rule confidence 0.81, not calibrated.",,TU7BbAsb8t371eMijQeiGXsiLvY1vZbsFs,curated,USDT,1.0,1734.000000,1734.000000,3,1,3,27.0,confirmed,TFLxNHunhEizmeEdiMyA3r2XGLSKaEznGd,CoinDCX,native,3,5cab4b39a59d0aae867da3f4d8b347945fc03998ee1de576c516bc8ca58c34f7,2025-06-17T16:51:06Z,True
TPoJ2ACsA9UcxiNzyzpezYUdXKcKbCESEq,tron,CoinDCX,exchange,deposit,derived,sweep+gas,0.8075,"Sweep rule: forwarded 100% of the 327.50 USDT it received from 1 sender to CoinDCX wallet TU7BbA…vZbsFs (curated list) in 4 sweeps, typically 25 seconds after arrival. Gas rule: TFLxNH…aEznGd, labelled CoinDCX, sent the fee money for 4 of 4 sweeps. Both rules agree. Rule confidence 0.81, not calibrated.",,TU7BbAsb8t371eMijQeiGXsiLvY1vZbsFs,curated,USDT,1.0,327.503230,327.503230,4,1,4,25.5,confirmed,TFLxNHunhEizmeEdiMyA3r2XGLSKaEznGd,CoinDCX,native,4,0877d1d907e6b79cb49dee2994132dfda5c6d6a288f84f99c56980911161f247,2025-05-30T17:44:06Z,True
TPqBfUuUtD483pDpAGUYLQjLD2QNkVeiPP,tron,CoinDCX,exchange,deposit,derived,sweep+gas,0.8075,"Sweep rule: forwarded 100% of the 140.32 USDT it received from 1 sender to CoinDCX wallet TU7BbA…vZbsFs (curated list) in 2 sweeps, typically 43 seconds after arrival. Gas rule: TFLxNH…aEznGd, labelled CoinDCX, sent the fee money for 2 of 2 sweeps. Both rules agree. Rule confidence 0.81, not calibrated.",,TU7BbAsb8t371eMijQeiGXsiLvY1vZbsFs,curated,USDT,1.0,140.317580,140.317580,2,1,2,43.5,confirmed,TFLxNHunhEizmeEdiMyA3r2XGLSKaEznGd,CoinDCX,native,2,56717c0e76b1f68b7263ec6e7a791ada10c7cc3433c6905e925aafb8b2e33aea,2025-06-07T14:33:36Z,True
TPqF2eZ5edXjmMaFfp7WTsH5pYkqnQ1Mh2,tron,CoinDCX,exchange,deposit,derived,sweep+gas,0.8075,"Sweep rule: forwarded 100% of the 46.98 USDT it received from 1 sender to CoinDCX wallet TU7BbA…vZbsFs (curated list) in 2 sweeps, typically 28 seconds after arrival. Gas rule: TFLxNH…aEznGd, labelled CoinDCX, sent the fee money for 2 of 2 sweeps. Both rules agree. Rule confidence 0.81, not calibrated.",,TU7BbAsb8t371eMijQeiGXsiLvY1vZbsFs,curated,USDT,1.0,46.982738,46.982738,2,1,2,28.5,confirmed,TFLxNHunhEizmeEdiMyA3r2XGLSKaEznGd,CoinDCX,native,2,907000d5a01d709d48b26f4317638f4ea2d684154913fcaa27a532f0242ed117,2025-05-29T16:49:06Z,True
TPriQ1rMYCbvoJ4iUnxVtybk4kH7qDGGoL,tron,CoinDCX,exchange,deposit,derived,sweep+gas,0.8075,"Sweep rule: forwarded 100% of the 101.03 USDT it received from 1 sender to CoinDCX wallet TU7BbA…vZbsFs (curated list) in 4 sweeps, typically 27 seconds after arrival. Gas rule: TFLxNH…aEznGd, labelled CoinDCX, sent the fee money for 4 of 4 sweeps. Both rules agree. Rule confidence 0.81, not calibrated.",,TU7BbAsb8t371eMijQeiGXsiLvY1vZbsFs,curated,USDT,1.0,101.029701,101.029701,4,1,4,27.0,confirmed,TFLxNHunhEizmeEdiMyA3r2XGLSKaEznGd,CoinDCX,native,4,075b6b850856de190cdd8c244fc11a929a70abe3a4b4ace48ee41f3f8aed1f5b,2025-06-04T11:44:36Z,True
TPs5QXWMHFELwDtE42xBDRG1UxEAYqxve9,tron,CoinDCX,exchange,deposit,derived,sweep+gas,0.8075,"Sweep rule: forwarded 100% of the 112.11 USDT it received from 1 sender to CoinDCX wallet TU7BbA…vZbsFs (curated list) in 4 sweeps, typically 34 seconds after arrival. Gas rule: TFLxNH…aEznGd, labelled CoinDCX, sent the fee money for 4 of 4 sweeps. Both rules agree. Rule confidence 0.81, not calibrated.",,TU7BbAsb8t371eMijQeiGXsiLvY1vZbsFs,curated,USDT,1.0,112.106588,112.106588,4,1,4,34.5,confirmed,TFLxNHunhEizmeEdiMyA3r2XGLSKaEznGd,CoinDCX,native,4,c5334bce32fec40259d536d0daee69f7b1e5980ec9e7c4e92f3461ecfc1f0092,2025-05-27T04:04:06Z,True
TPwtiEszBFqXLe5JLrZCbuDzQ4zhAMJJtP,tron,CoinDCX,exchange,deposit,derived,sweep+gas,0.8075,"Sweep rule: forwarded 100% of the 623.76 USDT it received from 2 senders to CoinDCX wallet TU7BbA…vZbsFs (curated list) in 11 sweeps, typically 33 seconds after arrival. Gas rule: TFLxNH…aEznGd, labelled CoinDCX, sent the fee money for 11 of 11 sweeps. Both rules agree. Rule confidence 0.81, not calibrated.",,TU7BbAsb8t371eMijQeiGXsiLvY1vZbsFs,curated,USDT,1.0,623.760000,623.760000,11,2,11,33.0,confirmed,TFLxNHunhEizmeEdiMyA3r2XGLSKaEznGd,CoinDCX,native,11,4084b2e959b325b880bac11645027a6d1206b9fdae1d3a4b87f475ca6071ec93,2025-06-17T06:43:36Z,True
TQB5CveTpUuhELz6DHhGzSbM9fZv2rc3vY,tron,CoinDCX,exchange,deposit,derived,sweep+gas,0.8075,"Sweep rule: forwarded 99% of the 1,090,501.86 USDT it received from 1 sender to CoinDCX wallet TU7BbA…vZbsFs (curated list) in 25 sweeps, typically 31 seconds after arrival. Only its first 50 transfers since 2025-05-18 were read; what it did later is not covered. Its gas listing was not read to the end. Gas rule: TFLxNH…aEznGd, labelled CoinDCX, sent the fee money for 15 of 25 sweeps. Both rules agree. Rule confidence 0.81, not calibrated.",,TU7BbAsb8t371eMijQeiGXsiLvY1vZbsFs,curated,USDT,0.9987,1090501.862113,1089110.152872,25,1,25,31.5,confirmed,TFLxNHunhEizmeEdiMyA3r2XGLSKaEznGd,CoinDCX,native,15,cbd61405363d01c0bac927968a9090149bf46f208f62f823cb133ef40a13803c,2026-04-25T06:45:33Z,False
TQEa2vWpPHZHSE9ZfuubhaQWV7QW9MBiEz,tron,CoinDCX,exchange,deposit,derived,sweep+gas,0.8075,"Sweep rule: forwarded 100% of the 1,186.17 USDT it received from 3 senders to CoinDCX wallet TU7BbA…vZbsFs (curated list) in 7 sweeps, typically 33 seconds after arrival. Gas rule: TFLxNH…aEznGd, labelled CoinDCX, sent the fee money for 6 of 7 sweeps. Both rules agree. Rule confidence 0.81, not calibrated.",,TU7BbAsb8t371eMijQeiGXsiLvY1vZbsFs,curated,USDT,1.0,1186.170000,1186.170000,7,3,7,33.0,confirmed,TFLxNHunhEizmeEdiMyA3r2XGLSKaEznGd,CoinDCX,native,6,cf34514058c12675ac709c3238937b4038d88e0c0c5e33f2f37284429408532c,2025-11-06T05:57:06Z,True
TQKwqihtH4LrGihoXvo6nu2RnFT3DU63rt,tron,CoinDCX,exchange,deposit,derived,sweep+gas,0.8075,"Sweep rule: forwarded 100% of the 280 USDT it received from 1 sender to CoinDCX wallet TU7BbA…vZbsFs (curated list) in 1 sweep, typically 18 seconds after arrival. Gas rule: TFLxNH…aEznGd, labelled CoinDCX, sent the fee money for 1 of 1 sweep. Both rules agree. Rule confidence 0.81, not calibrated.",,TU7BbAsb8t371eMijQeiGXsiLvY1vZbsFs,curated,USDT,1.0,280.000000,280.000000,1,1,1,18.0,confirmed,TFLxNHunhEizmeEdiMyA3r2XGLSKaEznGd,CoinDCX,native,1,1128bc6845fb1a2a7ea886ebc3431275779f34d3956fe08e68e99da6c3fd7f80,2025-05-25T16:20:36Z,True
TQPgtiXt7GhD7t6t9PGdRxi4GH51y6xiGf,tron,CoinDCX,exchange,deposit,derived,sweep+gas,0.8075,"Sweep rule: forwarded 100% of the 5,486.21 USDT it received from 2 senders to CoinDCX wallet TU7BbA…vZbsFs (curated list) in 10 sweeps, typically 24 seconds after arrival. Gas rule: TFLxNH…aEznGd, labelled CoinDCX, sent the fee money for 9 of 10 sweeps. Both rules agree. Rule confidence 0.81, not calibrated.",,TU7BbAsb8t371eMijQeiGXsiLvY1vZbsFs,curated,USDT,1.0,5486.214870,5486.214870,10,2,10,24.0,confirmed,TFLxNHunhEizmeEdiMyA3r2XGLSKaEznGd,CoinDCX,native,9,ba4277985aa6e889b457a4be0832b5ab891e973487aeff8cf20cdbfe7215ac8e,2025-06-17T10:23:06Z,True
TQQC6kDd7xrmHLuBPt1AR5pPywWijcGfia,tron,CoinDCX,exchange,deposit,derived,sweep+gas,0.8075,"Sweep rule: forwarded 100% of the 221.64 USDT it received from 1 sender to CoinDCX wallet TU7BbA…vZbsFs (curated list) in 5 sweeps, typically 42 seconds after arrival. Gas rule: TFLxNH…aEznGd, labelled CoinDCX, sent the fee money for 4 of 5 sweeps. Both rules agree. Rule confidence 0.81, not calibrated.",,TU7BbAsb8t371eMijQeiGXsiLvY1vZbsFs,curated,USDT,1.0,221.642998,221.642998,5,1,5,42.0,confirmed,TFLxNHunhEizmeEdiMyA3r2XGLSKaEznGd,CoinDCX,native,4,d28ae6600677b2e0978914f74f5892efc4337c64aa74cadd41599f154d17e360,2025-06-08T09:54:36Z,True
TQSpi8jnHGYMfGgdUwu32h2cbpNPcwecT8,tron,CoinDCX,exchange,deposit,derived,sweep+gas,0.8075,"Sweep rule: forwarded 100% of the 1,336 USDT it received from 2 senders to CoinDCX wallet TU7BbA…vZbsFs (curated list) in 2 sweeps, typically 27 seconds after arrival. Gas rule: TFLxNH…aEznGd, labelled CoinDCX, sent the fee money for 2 of 2 sweeps. Both rules agree. Rule confidence 0.81, not calibrated.",,TU7BbAsb8t371eMijQeiGXsiLvY1vZbsFs,curated,USDT,1.0,1336.000000,1336.000000,2,2,2,27.0,confirmed,TFLxNHunhEizmeEdiMyA3r2XGLSKaEznGd,CoinDCX,native,2,998d24da96ee50fefa715ab3582114330c98d6c45eecf66aa01f5ad5074fe93e,2025-05-30T14:27:09Z,True
TQWKfrYkEkSM7dQX9rtMDrUw8H84Mt7xk6,tron,CoinDCX,exchange,deposit,derived,sweep+gas,0.8075,"Sweep rule: forwarded 100% of the 48.76 USDT it received from 1 sender to CoinDCX wallet TU7BbA…vZbsFs (curated list) in 5 sweeps, typically 33 seconds after arrival. Gas rule: TFLxNH…aEznGd, labelled CoinDCX, sent the fee money for 5 of 5 sweeps. Both rules agree. Rule confidence 0.81, not calibrated.",,TU7BbAsb8t371eMijQeiGXsiLvY1vZbsFs,curated,USDT,1.0,48.760000,48.760000,5,1,5,33.0,confirmed,TFLxNHunhEizmeEdiMyA3r2XGLSKaEznGd,CoinDCX,native,5,5b73535276c12491b589de8a7e24f67cb153f38624a01ff988c42c0e4e80ca98,2025-05-30T04:28:06Z,True
TQXnMv4H97pVzUXsPbLrXkQk6pvfBhd6Dz,tron,CoinDCX,exchange,deposit,derived,sweep+gas,0.8075,"Sweep rule: forwarded 100% of the 1,150.40 USDT it received from 1 sender to CoinDCX wallet TU7BbA…vZbsFs (curated list) in 1 sweep, typically 36 seconds after arrival. Gas rule: TFLxNH…aEznGd, labelled CoinDCX, sent the fee money for 1 of 1 sweep. Both rules agree. Rule confidence 0.81, not calibrated.",,TU7BbAsb8t371eMijQeiGXsiLvY1vZbsFs,curated,USDT,1.0,1150.400000,1150.400000,1,1,1,36.0,confirmed,TFLxNHunhEizmeEdiMyA3r2XGLSKaEznGd,CoinDCX,native,1,8bfc5bfacbf3fac0f520bc23793a4129e026b0fb4d1cf5262c19359185eac346,2025-05-25T02:49:06Z,True
TQZ6CnwszDipC9aBJrtdsrKDHrjUFBnAKA,tron,CoinDCX,exchange,deposit,derived,sweep+gas,0.8075,"Sweep rule: forwarded 100% of the 23.53 USDT it received from 1 sender to CoinDCX wallet TU7BbA…vZbsFs (curated list) in 1 sweep, typically 30 seconds after arrival. Gas rule: TFLxNH…aEznGd, labelled CoinDCX, sent the fee money for 1 of 1 sweep. Both rules agree. Rule confidence 0.81, not calibrated.",,TU7BbAsb8t371eMijQeiGXsiLvY1vZbsFs,curated,USDT,1.0,23.530000,23.530000,1,1,1,30.0,confirmed,TFLxNHunhEizmeEdiMyA3r2XGLSKaEznGd,CoinDCX,native,1,98eeb0104512193659f783fe77593834cabf93cc489521058d0b8c95c863020d,2025-05-25T22:26:06Z,True
TQb4VAkTczZLzqfmhNwQfLVMUoL3fsEyRv,tron,CoinDCX,exchange,deposit,derived,sweep+gas,0.8075,"Sweep rule: forwarded 100% of the 151.34 USDT it received from 1 sender to CoinDCX wallet TU7BbA…vZbsFs (curated list) in 4 sweeps, typically 43 seconds after arrival. Gas rule: TFLxNH…aEznGd, labelled CoinDCX, sent the fee money for 4 of 4 sweeps. Both rules agree. Rule confidence 0.81, not calibrated.",,TU7BbAsb8t371eMijQeiGXsiLvY1vZbsFs,curated,USDT,1.0,151.338168,151.338168,4,1,4,43.5,confirmed,TFLxNHunhEizmeEdiMyA3r2XGLSKaEznGd,CoinDCX,native,4,0f79a078ce6ad0b213a2198b2242900d06a2e395d7178327fa92c5eebcb9a6f7,2025-11-04T05:48:06Z,True
TQfY3E3XWJ85khJLQ9ZvuHAhFApqKYLvmY,tron,CoinDCX,exchange,deposit,derived,sweep+gas,0.8075,"Sweep rule: forwarded 100% of the 237.26 USDT it received from 1 sender to CoinDCX wallet TU7BbA…vZbsFs (curated list) in 2 sweeps, typically 45 seconds after arrival. Gas rule: TFLxNH…aEznGd, labelled CoinDCX, sent the fee money for 2 of 2 sweeps. Both rules agree. Rule confidence 0.81, not calibrated.",,TU7BbAsb8t371eMijQeiGXsiLvY1vZbsFs,curated,USDT,1.0,237.262000,237.262000,2,1,2,45.0,confirmed,TFLxNHunhEizmeEdiMyA3r2XGLSKaEznGd,CoinDCX,native,2,25462a6ab9acecb4703827d7a1afd8f8e693edcbfede36eb8912264a161ae596,2025-06-03T16:36:36Z,True
TQhV4woF1zCaPhwSpLHvF2iH3oLse6pVGH,tron,CoinDCX,exchange,deposit,derived,sweep+gas,0.8075,"Sweep rule: forwarded 100% of the 89.81 USDT it received from 1 sender to CoinDCX wallet TU7BbA…vZbsFs (curated list) in 4 sweeps, typically 34 seconds after arrival. Gas rule: TFLxNH…aEznGd, labelled CoinDCX, sent the fee money for 4 of 4 sweeps. Both rules agree. Rule confidence 0.81, not calibrated.",,TU7BbAsb8t371eMijQeiGXsiLvY1vZbsFs,curated,USDT,1.0,89.808748,89.808748,4,1,4,34.5,confirmed,TFLxNHunhEizmeEdiMyA3r2XGLSKaEznGd,CoinDCX,native,4,45ebff09e0c80711993eb115f313cd8839e2e6d233c7ff40aca251019a128672,2025-06-04T05:54:36Z,True
TQhkptYAsQsdKGzs3LeQZrvXE7ciBLZv5u,tron,CoinDCX,exchange,deposit,derived,sweep+gas,0.8075,"Sweep rule: forwarded 100% of the 266.67 USDT it received from 2 senders to CoinDCX wallet TU7BbA…vZbsFs (curated list) in 2 sweeps, typically 36 seconds after arrival. Gas rule: TFLxNH…aEznGd, labelled CoinDCX, sent the fee money for 2 of 2 sweeps. Both rules agree. Rule confidence 0.81, not calibrated.",,TU7BbAsb8t371eMijQeiGXsiLvY1vZbsFs,curated,USDT,1.0,266.670000,266.670000,2,2,2,36.0,confirmed,TFLxNHunhEizmeEdiMyA3r2XGLSKaEznGd,CoinDCX,native,2,470b306596f228a1a28f191401cc86e25f7b27ab677b2a0e3bb4e7246b19c8eb,2025-05-29T06:55:36Z,True
TQj1DphD8aLrLrS25bhqWrE1ZSu5RBy3w2,tron,CoinDCX,exchange,deposit,derived,sweep+gas,0.8075,"Sweep rule: forwarded 100% of the 635.90 USDT it received from 3 senders to CoinDCX wallet TU7BbA…vZbsFs (curated list) in 5 sweeps, typically 45 seconds after arrival. Gas rule: TFLxNH…aEznGd, labelled CoinDCX, sent the fee money for 4 of 5 sweeps. Both rules agree. Rule confidence 0.81, not calibrated.",,TU7BbAsb8t371eMijQeiGXsiLvY1vZbsFs,curated,USDT,1.0,635.900000,635.900000,5,3,5,45.0,confirmed,TFLxNHunhEizmeEdiMyA3r2XGLSKaEznGd,CoinDCX,native,4,707b59254efed7203d5f3f43da3841bbb0ddcb59d1b7c821745ab63d7927e508,2025-11-11T09:54:06Z,True
TQjw9tGbr7g3MByvnz5prstQC45Suj4vTw,tron,CoinDCX,exchange,deposit,derived,sweep+gas,0.8075,"Sweep rule: forwarded 100% of the 50.44 USDT it received from 1 sender to CoinDCX wallet TU7BbA…vZbsFs (curated list) in 4 sweeps, typically 42 seconds after arrival. Gas rule: TFLxNH…aEznGd, labelled CoinDCX, sent the fee money for 4 of 4 sweeps. Both rules agree. Rule confidence 0.81, not calibrated.",,TU7BbAsb8t371eMijQeiGXsiLvY1vZbsFs,curated,USDT,1.0,50.440000,50.440000,4,1,4,42.0,confirmed,TFLxNHunhEizmeEdiMyA3r2XGLSKaEznGd,CoinDCX,native,4,1626a957e199bf382aa756de38e27a5526248ddff4fcbe69444862e389cad055,2025-06-08T03:01:06Z,True
TQkodeXwVJTt2Q28gr3up4HjFTFT3Jw2Qc,tron,CoinDCX,exchange,deposit,derived,sweep+gas,0.8075,"Sweep rule: forwarded 100% of the 2,801.75 USDT it received from 3 senders to CoinDCX wallet TU7BbA…vZbsFs (curated list) in 13 sweeps, typically 31 seconds after arrival. Gas rule: TFLxNH…aEznGd, labelled CoinDCX, sent the fee money for 10 of 13 sweeps. Both rules agree. Rule confidence 0.81, not calibrated.",,TU7BbAsb8t371eMijQeiGXsiLvY1vZbsFs,curated,USDT,1.0,2801.750000,2801.750000,12,3,13,31.5,confirmed,TFLxNHunhEizmeEdiMyA3r2XGLSKaEznGd,CoinDCX,native,10,c34070b7e65d960591bb6ae8b717c688b09b5a035e65ac0e53404c048debe59d,2025-09-23T09:00:36Z,True
TQn4DVdesYe7Qyw9M8NNBThv6pA4fqKGBX,tron,CoinDCX,exchange,deposit,derived,sweep+gas,0.8075,"Sweep rule: forwarded 100% of the 12.97 USDT it received from 1 sender to CoinDCX wallet TU7BbA…vZbsFs (curated list) in 1 sweep, typically 27 seconds after arrival. Gas rule: TFLxNH…aEznGd, labelled CoinDCX, sent the fee money for 1 of 1 sweep. Both rules agree. Rule confidence 0.81, not calibrated.",,TU7BbAsb8t371eMijQeiGXsiLvY1vZbsFs,curated,USDT,1.0,12.965309,12.965309,1,1,1,27.0,confirmed,TFLxNHunhEizmeEdiMyA3r2XGLSKaEznGd,CoinDCX,native,1,fe76aa90277c41a7c92887271e7b833c5a6d7b45c2e9aea34384f927098ad0e6,2025-05-25T13:38:36Z,True
TQnLp6n9gaPYj6rtjEVsvroJX54RjeBTXh,tron,CoinDCX,exchange,deposit,derived,sweep+gas,0.8075,"Sweep rule: forwarded 100% of the 1,973 USDT it received from 1 sender to CoinDCX wallet TU7BbA…vZbsFs (curated list) in 25 sweeps, typically 36 seconds after arrival. Only its first 50 transfers since 2025-05-18 were read; what it did later is not covered. Its gas listing was not read to the end. Gas rule: TFLxNH…aEznGd, labelled CoinDCX, sent the fee money for 19 of 25 sweeps. Both rules agree. Rule confidence 0.81, not calibrated.",,TU7BbAsb8t371eMijQeiGXsiLvY1vZbsFs,curated,USDT,1.0,1973.000000,1973.000000,25,1,25,36.0,confirmed,TFLxNHunhEizmeEdiMyA3r2XGLSKaEznGd,CoinDCX,native,19,82b28f886b8be46d5c2307aae024d6a429a76b450bfb2fb61a339ac680bd9c11,2025-06-12T08:42:06Z,False
TQoAhY7eDZtE3A4ofjLEW8qmgmTPjTyjQU,tron,CoinDCX,exchange,deposit,derived,sweep+gas,0.8075,"Sweep rule: forwarded 100% of the 186.20 USDT it received from 1 sender to CoinDCX wallet TU7BbA…vZbsFs (curated list) in 8 sweeps, typically 34 seconds after arrival. Gas rule: TFLxNH…aEznGd, labelled CoinDCX, sent the fee money for 8 of 8 sweeps. Both rules agree. Rule confidence 0.81, not calibrated.",,TU7BbAsb8t371eMijQeiGXsiLvY1vZbsFs,curated,USDT,1.0,186.203360,186.203360,8,1,8,34.5,confirmed,TFLxNHunhEizmeEdiMyA3r2XGLSKaEznGd,CoinDCX,native,8,4fe5807d8b982c41bd32bb2828f48f4dd47a1b4f5266bb504d4b14f6bdc5a00b,2025-05-26T05:24:36Z,True
TQpkjRY714Li96Gr18snxy59icQeGZQEvX,tron,CoinDCX,exchange,deposit,derived,sweep+gas,0.8075,"Sweep rule: forwarded 100% of the 180.80 USDT it received from 1 sender to CoinDCX wallet TU7BbA…vZbsFs (curated list) in 2 sweeps, typically 34 seconds after arrival. Gas rule: TFLxNH…aEznGd, labelled CoinDCX, sent the fee money for 2 of 2 sweeps. Both rules agree. Rule confidence 0.81, not calibrated.",,TU7BbAsb8t371eMijQeiGXsiLvY1vZbsFs,curated,USDT,1.0,180.799205,180.799205,2,1,2,34.5,confirmed,TFLxNHunhEizmeEdiMyA3r2XGLSKaEznGd,CoinDCX,native,2,ba5062d3ba509c7b995b98560230f9b446a7df99eb2a1a42451e43117cea671c,2025-06-07T16:47:36Z,True
TQqUsEk7Q1mSinRuqpcrET7YLWtjQTLYJY,tron,CoinDCX,exchange,deposit,derived,sweep+gas,0.8075,"Sweep rule: forwarded 100% of the 446 USDT it received from 5 senders to CoinDCX wallet TU7BbA…vZbsFs (curated list) in 5 sweeps, typically 30 seconds after arrival. Gas rule: TFLxNH…aEznGd, labelled CoinDCX, sent the fee money for 5 of 5 sweeps. Both rules agree. Rule confidence 0.81, not calibrated.",,TU7BbAsb8t371eMijQeiGXsiLvY1vZbsFs,curated,USDT,1.0,446.000000,446.000000,5,5,5,30.0,confirmed,TFLxNHunhEizmeEdiMyA3r2XGLSKaEznGd,CoinDCX,native,5,94e3d55059a703a225ade9a62a23337ee0b9f0b91d30efb3bdae66f3abc407a3,2025-06-14T14:57:09Z,True
TQrAr3Ai61XUVsMFeNiMr3sHth3myx9rdt,tron,CoinDCX,exchange,deposit,derived,sweep+gas,0.8075,"Sweep rule: forwarded 100% of the 6 USDT it received from 1 sender to CoinDCX wallet TU7BbA…vZbsFs (curated list) in 1 sweep, typically 36 seconds after arrival. Gas rule: TFLxNH…aEznGd, labelled CoinDCX, sent the fee money for 1 of 1 sweep. Both rules agree. Rule confidence 0.81, not calibrated.",,TU7BbAsb8t371eMijQeiGXsiLvY1vZbsFs,curated,USDT,1.0,6.000000,6.000000,1,1,1,36.0,confirmed,TFLxNHunhEizmeEdiMyA3r2XGLSKaEznGd,CoinDCX,native,1,ebda9eed647670e5646eca80f5c4711259ab94377ee77c511b3c6ca4ddd0612f,2025-05-28T09:21:06Z,True
TQuj7iyBAncHssmWyNAiLirSLAbafFmDWj,tron,CoinDCX,exchange,deposit,derived,sweep+gas,0.8075,"Sweep rule: forwarded 100% of the 17.93 USDT it received from 1 sender to CoinDCX wallet TU7BbA…vZbsFs (curated list) in 1 sweep, typically 21 seconds after arrival. Gas rule: TFLxNH…aEznGd, labelled CoinDCX, sent the fee money for 1 of 1 sweep. Both rules agree. Rule confidence 0.81, not calibrated.",,TU7BbAsb8t371eMijQeiGXsiLvY1vZbsFs,curated,USDT,1.0,17.925753,17.925753,1,1,1,21.0,confirmed,TFLxNHunhEizmeEdiMyA3r2XGLSKaEznGd,CoinDCX,native,1,3b33d56fbb77c80a3d2974e3eb668bedfcc55ebcabb4133b977aa6eebee69c50,2025-05-28T18:03:06Z,True
TQzguaXzVXc7b2nZDDeZX68CwKVBQDKncx,tron,CoinDCX,exchange,deposit,derived,sweep+gas,0.8075,"Sweep rule: forwarded 100% of the 187.90 USDT it received from 1 sender to CoinDCX wallet TU7BbA…vZbsFs (curated list) in 7 sweeps, typically 30 seconds after arrival. Gas rule: TFLxNH…aEznGd, labelled CoinDCX, sent the fee money for 7 of 7 sweeps. Both rules agree. Rule confidence 0.81, not calibrated.",,TU7BbAsb8t371eMijQeiGXsiLvY1vZbsFs,curated,USDT,1.0,187.902377,187.902377,7,1,7,30.0,confirmed,TFLxNHunhEizmeEdiMyA3r2XGLSKaEznGd,CoinDCX,native,7,d3b7df15c02365a16ed9949fc3c2c02eb59ebaae936341d7a347b55e33af409b,2025-05-30T09:09:36Z,True
TR5BAFYqGcYxsTuVDMJ6JYxb5Nk9uDbpya,tron,CoinDCX,exchange,deposit,derived,sweep+gas,0.8075,"Sweep rule: forwarded 100% of the 86.07 USDT it received from 1 sender to CoinDCX wallet TU7BbA…vZbsFs (curated list) in 2 sweeps, typically 27 seconds after arrival. Gas rule: TFLxNH…aEznGd, labelled CoinDCX, sent the fee money for 2 of 2 sweeps. Both rules agree. Rule confidence 0.81, not calibrated.",,TU7BbAsb8t371eMijQeiGXsiLvY1vZbsFs,curated,USDT,1.0,86.071718,86.071718,2,1,2,27.0,confirmed,TFLxNHunhEizmeEdiMyA3r2XGLSKaEznGd,CoinDCX,native,2,dd5c5573e4369935050c39cc37fd28ed16835be33c18b6977c0f0ba1347ede68,2025-05-26T13:16:06Z,True
TR5F5HPh2RYyX9SGWL1NxB37GCbs6mEDPU,tron,CoinDCX,exchange,deposit,derived,sweep+gas,0.8075,"Sweep rule: forwarded 100% of the 149 USDT it received from 1 sender to CoinDCX wallet TU7BbA…vZbsFs (curated list) in 1 sweep, typically 33 seconds after arrival. Gas rule: TFLxNH…aEznGd, labelled CoinDCX, sent the fee money for 1 of 1 sweep. Both rules agree. Rule confidence 0.81, not calibrated.",,TU7BbAsb8t371eMijQeiGXsiLvY1vZbsFs,curated,USDT,1.0,149.000000,149.000000,1,1,1,33.0,confirmed,TFLxNHunhEizmeEdiMyA3r2XGLSKaEznGd,CoinDCX,native,1,5521e02a4072f6263cdb7ec74028813802b410256f703f1588e612a1f14af25f,2025-05-27T04:33:06Z,True
TR6rSPvxtXf1VohdBwkCYMU6LttkaXXaib,tron,CoinDCX,exchange,deposit,derived,sweep+gas,0.8075,"Sweep rule: forwarded 100% of the 17,395.21 USDT it received from 1 sender to CoinDCX wallet TU7BbA…vZbsFs (curated list) in 25 sweeps, typically 30 seconds after arrival. Only its first 50 transfers since 2025-05-18 were read; what it did later is not covered. Its gas listing was not read to the end. Gas rule: TFLxNH…aEznGd, labelled CoinDCX, sent the fee money for 17 of 25 sweeps. Both rules agree. Rule confidence 0.81, not calibrated.",,TU7BbAsb8t371eMijQeiGXsiLvY1vZbsFs,curated,USDT,1.0,17395.206581,17395.206581,25,1,25,30.0,confirmed,TFLxNHunhEizmeEdiMyA3r2XGLSKaEznGd,CoinDCX,native,17,d3ad0a764a15c78f4f0ec3b270ace7554e01546c9364c05de96717c35f1e7db1,2025-06-04T06:05:36Z,False
TR7ZBJq2JQcBvCobvKUcMESpBwyox7XZqx,tron,CoinDCX,exchange,deposit,derived,sweep+gas,0.8075,"Sweep rule: forwarded 100% of the 25 USDT it received from 1 sender to CoinDCX wallet TU7BbA…vZbsFs (curated list) in 1 sweep, typically 24 seconds after arrival. Gas rule: TFLxNH…aEznGd, labelled CoinDCX, sent the fee money for 1 of 1 sweep. Both rules agree. Rule confidence 0.81, not calibrated.",,TU7BbAsb8t371eMijQeiGXsiLvY1vZbsFs,curated,USDT,1.0,25.000000,25.000000,1,1,1,24.0,confirmed,TFLxNHunhEizmeEdiMyA3r2XGLSKaEznGd,CoinDCX,native,1,4da8784c75a3fc5836b80440b9eefacb3290e12ace6a90c6e3b91cae2f8bd976,2025-05-29T17:36:06Z,True
TRAGV1WANJNmenz7SJaNE1m4FY3xpeEmWE,tron,CoinDCX,exchange,deposit,derived,sweep+gas,0.8075,"Sweep rule: forwarded 100% of the 47.42 USDT it received from 4 senders to CoinDCX wallet TU7BbA…vZbsFs (curated list) in 4 sweeps, typically 37 seconds after arrival. Gas rule: TFLxNH…aEznGd, labelled CoinDCX, sent the fee money for 2 of 4 sweeps. Both rules agree. Rule confidence 0.81, not calibrated.",,TU7BbAsb8t371eMijQeiGXsiLvY1vZbsFs,curated,USDT,1.0,47.420000,47.420000,4,4,4,37.5,confirmed,TFLxNHunhEizmeEdiMyA3r2XGLSKaEznGd,CoinDCX,native,2,4458ee30ef38e675fafaccda353fc43413cef5f1c8c0e04062cc34e2868c744c,2026-02-21T17:59:06Z,True
TRAHKfAExMuNXFBcyzdYLVo7v1RXW7nfaS,tron,CoinDCX,exchange,deposit,derived,sweep+gas,0.8075,"Sweep rule: forwarded 100% of the 10,737 USDT it received from 9 senders to CoinDCX wallet TU7BbA…vZbsFs (curated list) in 25 sweeps, typically 30 seconds after arrival. Only its first 50 transfers since 2025-05-18 were read; what it did later is not covered. Its gas listing was not read to the end. Gas rule: TFLxNH…aEznGd, labelled CoinDCX, sent the fee money for 20 of 25 sweeps. Both rules agree. Rule confidence 0.81, not calibrated.",,TU7BbAsb8t371eMijQeiGXsiLvY1vZbsFs,curated,USDT,1.0,10737.000000,10737.000000,25,9,25,30.0,confirmed,TFLxNHunhEizmeEdiMyA3r2XGLSKaEznGd,CoinDCX,native,20,243babe33fd5d598633c226a5140c104ee541533e41072501d01cac3855699b1,2025-06-10T02:44:36Z,False
TRDVaT936VndrLYar3EzJm4Vo27JB77SVk,tron,CoinDCX,exchange,deposit,derived,sweep+gas,0.8075,"Sweep rule: forwarded 100% of the 3,298.31 USDT it received from 8 senders to CoinDCX wallet TU7BbA…vZbsFs (curated list) in 11 sweeps, typically 33 seconds after arrival. Gas rule: TFLxNH…aEznGd, labelled CoinDCX, sent the fee money for 10 of 11 sweeps. Both rules agree. Rule confidence 0.81, not calibrated.",,TU7BbAsb8t371eMijQeiGXsiLvY1vZbsFs,curated,USDT,1.0,3298.306392,3298.306392,11,8,11,33.0,confirmed,TFLxNHunhEizmeEdiMyA3r2XGLSKaEznGd,CoinDCX,native,10,7d93c282334462de40f2b50fcaa59ef4eeeaedbf8d5be2d251a5b4795c86d131,2025-06-16T08:23:09Z,True
TREHBC4SU7r6vRcPyWeekqVVkjfKtgUuZr,tron,CoinDCX,exchange,deposit,derived,sweep+gas,0.8075,"Sweep rule: forwarded 99% of the 619.86 USDT it received from 1 sender to CoinDCX wallet TU7BbA…vZbsFs (curated list) in 24 sweeps, typically 34 seconds after arrival. Only its first 50 transfers since 2025-05-18 were read; what it did later is not covered. Its gas listing was not read to the end. Gas rule: TFLxNH…aEznGd, labelled CoinDCX, sent the fee money for 14 of 24 sweeps. Both rules agree. Rule confidence 0.81, not calibrated.",,TU7BbAsb8t371eMijQeiGXsiLvY1vZbsFs,curated,USDT,0.9853,619.860000,610.770000,25,1,24,34.5,confirmed,TFLxNHunhEizmeEdiMyA3r2XGLSKaEznGd,CoinDCX,native,14,2c7ebabf90da51967971cf11e0eb420108f0cac3b8e413f9794c2ce7f568ec27,2026-08-30T13:32:06Z,False
TRH1NksVScNiSfc8hGxBhKre8dpS8FCyK5,tron,CoinDCX,exchange,deposit,derived,sweep,0.68,"Sweep rule: forwarded 99% of the 1.10 USDT it received from 1 sender to CoinDCX wallet TFLxNH…aEznGd (curated list) in 1 sweep, typically 3 seconds after arrival. Gas rule: TPwqVN…XucS6t, not labelled, paid the energy for 1 of 1 sweep. Sweep rule only. Rule confidence 0.68, not calibrated.",,TFLxNHunhEizmeEdiMyA3r2XGLSKaEznGd,curated,USDT,0.9999,1.102100,1.102000,1,1,1,3.0,unlabelled,TPwqVNwzU4kBA92NeAgfHQu28XSdXucS6t,,energy,1,386b00b4d104c9db1e35b6bdd70179d535a88678d5ba8d0af80dcdd0655a7442,2025-10-10T05:57:18Z,True
TRKkfvB9Drm3pDssFnHr4miQibDwiTsaFR,tron,CoinDCX,exchange,deposit,derived,sweep+gas,0.8075,"Sweep rule: forwarded 100% of the 686.30 USDT it received from 17 senders to CoinDCX wallet TU7BbA…vZbsFs (curated list) in 25 sweeps, typically 36 seconds after arrival. Only its first 50 transfers since 2025-05-18 were read; what it did later is not covered. Its gas listing was not read to the end. Gas rule: TFLxNH…aEznGd, labelled CoinDCX, sent the fee money for 17 of 25 sweeps. Both rules agree. Rule confidence 0.81, not calibrated.",,TU7BbAsb8t371eMijQeiGXsiLvY1vZbsFs,curated,USDT,1.0,686.300000,686.300000,25,17,25,36.0,confirmed,TFLxNHunhEizmeEdiMyA3r2XGLSKaEznGd,CoinDCX,native,17,8f520c82b8ffbfb764dd1448feba2d7db6fc56c4792e0bda9fd40bdb16fa5d7d,2026-01-17T07:46:36Z,False
TRRqGuJM4JQyQJPSiKsnPDiXhTQsHux2Hw,tron,CoinDCX,exchange,deposit,derived,sweep+gas,0.8075,"Sweep rule: forwarded 100% of the 229.64 USDT it received from 2 senders to CoinDCX wallet TU7BbA…vZbsFs (curated list) in 3 sweeps, typically 30 seconds after arrival. Gas rule: TFLxNH…aEznGd, labelled CoinDCX, sent the fee money for 3 of 3 sweeps. Both rules agree. Rule confidence 0.81, not calibrated.",,TU7BbAsb8t371eMijQeiGXsiLvY1vZbsFs,curated,USDT,1.0,229.642934,229.642934,3,2,3,30.0,confirmed,TFLxNHunhEizmeEdiMyA3r2XGLSKaEznGd,CoinDCX,native,3,c3929c924424cde14e586a280438ea35654f8dcbc69a3ec3bf1de76d099c9189,2025-05-27T21:52:06Z,True
TRUy1acUoGXAiv4NnHRTQ9wehHZ7oX88Xg,tron,CoinDCX,exchange,deposit,derived,sweep,0.68,"Sweep rule: forwarded 99% of the 1.01 USDT it received from 1 sender to CoinDCX wallet TFLxNH…aEznGd (curated list) in 1 sweep, typically 6 seconds after arrival. Gas rule: TLUQjy…ABofun, not labelled, paid the energy for 1 of 1 sweep. Sweep rule only. Rule confidence 0.68, not calibrated.",,TFLxNHunhEizmeEdiMyA3r2XGLSKaEznGd,curated,USDT,0.999,1.011000,1.010000,1,1,1,6.0,unlabelled,TLUQjyGqmB2NCPGQRuMQdFywCsNvABofun,,energy,1,30bee8d1a1c8307563e741266db338eb7c3711ce47a1a7672f4c7f4f2072fbdd,2025-12-06T19:02:21Z,True
TRb4DrayUofwA2Sbzc7cnaU6ELiBbjerjZ,tron,CoinDCX,exchange,deposit,derived,sweep+gas,0.8075,"Sweep rule: forwarded 100% of the 105.12 USDT it received from 1 sender to CoinDCX wallet TU7BbA…vZbsFs (curated list) in 5 sweeps, typically 39 seconds after arrival. Gas rule: TFLxNH…aEznGd, labelled CoinDCX, sent the fee money for 5 of 5 sweeps. Both rules agree. Rule confidence 0.81, not calibrated.",,TU7BbAsb8t371eMijQeiGXsiLvY1vZbsFs,curated,USDT,1.0,105.117207,105.117207,5,1,5,39.0,confirmed,TFLxNHunhEizmeEdiMyA3r2XGLSKaEznGd,CoinDCX,native,5,d3aabff493446bb68451cdab83a64302d6404687e92b024eb589c0488391be81,2025-06-16T12:15:39Z,True
TRmAbG9Sa4Z4BWLCwSF5WohcgGoCf1Yp12,tron,CoinDCX,exchange,deposit,derived,sweep+gas,0.8075,"Sweep rule: forwarded 100% of the 268 USDT it received from 1 sender to CoinDCX wallet TU7BbA…vZbsFs (curated list) in 1 sweep, typically 48 seconds after arrival. Gas rule: TFLxNH…aEznGd, labelled CoinDCX, sent the fee money for 1 of 1 sweep. Both rules agree. Rule confidence 0.81, not calibrated.",,TU7BbAsb8t371eMijQeiGXsiLvY1vZbsFs,curated,USDT,1.0,268.000000,268.000000,1,1,1,48.0,confirmed,TFLxNHunhEizmeEdiMyA3r2XGLSKaEznGd,CoinDCX,native,1,f85433ad79ac73fef6dda2cec26336cb816d49316c3bd53231ca33d310f9f7e6,2025-05-27T15:15:36Z,True
TRmizKrNbvVcTJS1gw36eD2LxERiPKZSAQ,tron,CoinDCX,exchange,deposit,derived,sweep+gas,0.8075,"Sweep rule: forwarded 100% of the 90 USDT it received from 1 sender to CoinDCX wallet TU7BbA…vZbsFs (curated list) in 4 sweeps, typically 40 seconds after arrival. Gas rule: TFLxNH…aEznGd, labelled CoinDCX, sent the fee money for 4 of 4 sweeps. Both rules agree. Rule confidence 0.81, not calibrated.",,TU7BbAsb8t371eMijQeiGXsiLvY1vZbsFs,curated,USDT,1.0,90.000000,90.000000,4,1,4,40.5,confirmed,TFLxNHunhEizmeEdiMyA3r2XGLSKaEznGd,CoinDCX,native,4,3f80417683930f1b9546413a804f019f1ef4fec2ede3be30b5566b9cf5239612,2025-05-26T10:28:36Z,True
TRvViCQyPGPYhazmXVZEJBhuQ6wBBDAy1W,tron,CoinDCX,exchange,deposit,derived,sweep+gas,0.8075,"Sweep rule: forwarded 100% of the 12.10 USDT it received from 1 sender to CoinDCX wallet TU7BbA…vZbsFs (curated list) in 1 sweep, typically 42 seconds after arrival. Gas rule: TFLxNH…aEznGd, labelled CoinDCX, sent the fee money for 1 of 1 sweep. Both rules agree. Rule confidence 0.81, not calibrated.",,TU7BbAsb8t371eMijQeiGXsiLvY1vZbsFs,curated,USDT,1.0,12.097481,12.097481,1,1,1,42.0,confirmed,TFLxNHunhEizmeEdiMyA3r2XGLSKaEznGd,CoinDCX,native,1,7d907d2e6ffe94284bd9bff6fa7cd768ada1d6dd174bed9e6db582cf55442420,2025-05-29T15:51:06Z,True
TRwfiTkRszefKBf8p8mLfc14Lzm5HsjSu7,tron,CoinDCX,exchange,deposit,derived,sweep+gas,0.8075,"Sweep rule: forwarded 100% of the 166.56 USDT it received from 1 sender to CoinDCX wallet TU7BbA…vZbsFs (curated list) in 9 sweeps, typically 39 seconds after arrival. Gas rule: TFLxNH…aEznGd, labelled CoinDCX, sent the fee money for 9 of 9 sweeps. Both rules agree. Rule confidence 0.81, not calibrated.",,TU7BbAsb8t371eMijQeiGXsiLvY1vZbsFs,curated,USDT,1.0,166.560505,166.560505,9,1,9,39.0,confirmed,TFLxNHunhEizmeEdiMyA3r2XGLSKaEznGd,CoinDCX,native,9,44b3238d34ade68b0ac5862dbccadc0adbdfddd2c8adfee1995453cb84e14a79,2025-06-02T07:55:09Z,True
TRxEK3MJ8q5M1nc1MbT99oyK6tDdrcCmsY,tron,CoinDCX,exchange,deposit,derived,sweep+gas,0.8075,"Sweep rule: forwarded 100% of the 113.76 USDT it received from 1 sender to CoinDCX wallet TU7BbA…vZbsFs (curated list) in 4 sweeps, typically 37 seconds after arrival. Gas rule: TFLxNH…aEznGd, labelled CoinDCX, sent the fee money for 4 of 4 sweeps. Both rules agree. Rule confidence 0.81, not calibrated.",,TU7BbAsb8t371eMijQeiGXsiLvY1vZbsFs,curated,USDT,1.0,113.761494,113.761494,4,1,4,37.5,confirmed,TFLxNHunhEizmeEdiMyA3r2XGLSKaEznGd,CoinDCX,native,4,bf9842f9199a8740168c3788e37b78b14440bc41eee569c4b04f086861cbd6a1,2025-05-27T05:53:06Z,True
TRybD4dd3Nhoa9a3cJBcrSsbFzytwJUMmQ,tron,CoinDCX,exchange,deposit,derived,sweep+gas,0.8075,"Sweep rule: forwarded 100% of the 557.49 USDT it received from 1 sender to CoinDCX wallet TU7BbA…vZbsFs (curated list) in 2 sweeps, typically 37 seconds after arrival. Gas rule: TFLxNH…aEznGd, labelled CoinDCX, sent the fee money for 2 of 2 sweeps. Both rules agree. Rule confidence 0.81, not calibrated.",,TU7BbAsb8t371eMijQeiGXsiLvY1vZbsFs,curated,USDT,1.0,557.490000,557.490000,2,1,2,37.5,confirmed,TFLxNHunhEizmeEdiMyA3r2XGLSKaEznGd,CoinDCX,native,2,f32d03d05308ff1f39e763a9da754cd96f90ae79fe59a2004b12438c3e3a2010,2025-07-19T05:24:36Z,True
TRzMEEyMbme1D9w7LjW98o9k2JixbGdWxJ,tron,CoinDCX,exchange,deposit,derived,sweep+gas,0.8075,"Sweep rule: forwarded 100% of the 580.28 USDT it received from 1 sender to CoinDCX wallet TU7BbA…vZbsFs (curated list) in 3 sweeps, typically 27 seconds after arrival. Gas rule: TFLxNH…aEznGd, labelled CoinDCX, sent the fee money for 3 of 3 sweeps. Both rules agree. Rule confidence 0.81, not calibrated.",,TU7BbAsb8t371eMijQeiGXsiLvY1vZbsFs,curated,USDT,1.0,580.279470,580.279470,3,1,3,27.0,confirmed,TFLxNHunhEizmeEdiMyA3r2XGLSKaEznGd,CoinDCX,native,3,b37890aaa80730829bd600f526cb22dadfbb0b150322cd31453801638f35f6c7,2025-06-23T06:31:06Z,True
TRzQoRWHSQqANmrJNeajTTqkSSmyVK73V8,tron,CoinDCX,exchange,deposit,derived,sweep+gas,0.8075,"Sweep rule: forwarded 100% of the 642.20 USDT it received from 1 sender to CoinDCX wallet TU7BbA…vZbsFs (curated list) in 17 sweeps, typically 39 seconds after arrival. Gas rule: TFLxNH…aEznGd, labelled CoinDCX, sent the fee money for 17 of 17 sweeps. Both rules agree. Rule confidence 0.81, not calibrated.",,TU7BbAsb8t371eMijQeiGXsiLvY1vZbsFs,curated,USDT,1.0,642.200905,642.200905,17,1,17,39.0,confirmed,TFLxNHunhEizmeEdiMyA3r2XGLSKaEznGd,CoinDCX,native,17,d4b22731464506f67558a7c5d96118e82c24dfd7770f331a4054dd04d043e484,2025-05-28T14:27:06Z,True
TS4ycFFgAyLw9oHcHN7nE1oXarZTJ6GG9U,tron,CoinDCX,exchange,deposit,derived,sweep+gas,0.8075,"Sweep rule: forwarded 100% of the 24.09 USDT it received from 1 sender to CoinDCX wallet TU7BbA…vZbsFs (curated list) in 1 sweep, typically 27 seconds after arrival. Gas rule: TFLxNH…aEznGd, labelled CoinDCX, sent the fee money for 1 of 1 sweep. Both rules agree. Rule confidence 0.81, not calibrated.",,TU7BbAsb8t371eMijQeiGXsiLvY1vZbsFs,curated,USDT,1.0,24.087542,24.087542,1,1,1,27.0,confirmed,TFLxNHunhEizmeEdiMyA3r2XGLSKaEznGd,CoinDCX,native,1,9c974dfd67408fd5efa9aad71dc44b4d63981275644a70981e3059009ab88951,2025-05-30T14:30:39Z,True
TS83rh3YXtfUzHJRzR2sD97k9AvckEiysg,tron,CoinDCX,exchange,deposit,derived,sweep+gas,0.8075,"Sweep rule: forwarded 100% of the 120.15 USDT it received from 1 sender to CoinDCX wallet TU7BbA…vZbsFs (curated list) in 1 sweep, typically 24 seconds after arrival. Gas rule: TFLxNH…aEznGd, labelled CoinDCX, sent the fee money for 1 of 1 sweep. Both rules agree. Rule confidence 0.81, not calibrated.",,TU7BbAsb8t371eMijQeiGXsiLvY1vZbsFs,curated,USDT,1.0,120.151995,120.151995,1,1,1,24.0,confirmed,TFLxNHunhEizmeEdiMyA3r2XGLSKaEznGd,CoinDCX,native,1,25d17512c7b27190500755ebfd5b3a96a112d448b3dd254cd5e449a96a8d5836,2025-05-30T05:11:36Z,True
TS8ZWPpCX958UeVLNA1ECPApgjFbwrRCoK,tron,CoinDCX,exchange,deposit,derived,sweep+gas,0.8075,"Sweep rule: forwarded 100% of the 120 USDT it received from 1 sender to CoinDCX wallet TU7BbA…vZbsFs (curated list) in 2 sweeps, typically 51 seconds after arrival. Gas rule: TFLxNH…aEznGd, labelled CoinDCX, sent the fee money for 2 of 2 sweeps. Both rules agree. Rule confidence 0.81, not calibrated.",,TU7BbAsb8t371eMijQeiGXsiLvY1vZbsFs,curated,USDT,1.0,120.000000,120.000000,2,1,2,51.0,confirmed,TFLxNHunhEizmeEdiMyA3r2XGLSKaEznGd,CoinDCX,native,2,d4a40c754d3d780ff268d208b745cb19ac24199d85e2a4708b2c4a3cc80539a5,2025-05-30T11:25:39Z,True
TS8zightuTa8Sp44ubMQT9NNkq67VFrHUV,tron,CoinDCX,exchange,deposit,derived,sweep+gas,0.8075,"Sweep rule: forwarded 100% of the 7,946.69 USDT it received from 10 senders to CoinDCX wallet TU7BbA…vZbsFs (curated list) in 25 sweeps, typically 36 seconds after arrival. Only its first 50 transfers since 2025-05-18 were read; what it did later is not covered. Its gas listing was not read to the end. Gas rule: TFLxNH…aEznGd, labelled CoinDCX, sent the fee money for 15 of 25 sweeps. Both rules agree. Rule confidence 0.81, not calibrated.",,TU7BbAsb8t371eMijQeiGXsiLvY1vZbsFs,curated,USDT,1.0,7946.690000,7946.690000,25,10,25,36.0,confirmed,TFLxNHunhEizmeEdiMyA3r2XGLSKaEznGd,CoinDCX,native,15,8041ddd3842047c23a870dda6d83ac0a0d167f3e60021407497b8a1f0b0d6f20,2026-01-26T07:41:06Z,False
TSC8ewiWUPzsB7FCA64qa2AgoH84F2mfiY,tron,CoinDCX,exchange,deposit,derived,sweep+gas,0.8075,"Sweep rule: forwarded 100% of the 10.54 USDT it received from 1 sender to CoinDCX wallet TU7BbA…vZbsFs (curated list) in 1 sweep, typically 24 seconds after arrival. Gas rule: TFLxNH…aEznGd, labelled CoinDCX, sent the fee money for 1 of 1 sweep. Both rules agree. Rule confidence 0.81, not calibrated.",,TU7BbAsb8t371eMijQeiGXsiLvY1vZbsFs,curated,USDT,1.0,10.540000,10.540000,1,1,1,24.0,confirmed,TFLxNHunhEizmeEdiMyA3r2XGLSKaEznGd,CoinDCX,native,1,c60f9026bfdfdfea5513624d83e76b4642b34edb914c48092b8d84728e0a4625,2025-05-25T17:47:36Z,True
TSGq44nzaL1MpfUXbSKLZCNsBMtW2qajGJ,tron,CoinDCX,exchange,deposit,derived,sweep+gas,0.8075,"Sweep rule: forwarded 100% of the 536 USDT it received from 1 sender to CoinDCX wallet TU7BbA…vZbsFs (curated list) in 1 sweep, typically 39 seconds after arrival. Gas rule: TFLxNH…aEznGd, labelled CoinDCX, sent the fee money for 1 of 1 sweep. Both rules agree. Rule confidence 0.81, not calibrated.",,TU7BbAsb8t371eMijQeiGXsiLvY1vZbsFs,curated,USDT,1.0,536.000000,536.000000,1,1,1,39.0,confirmed,TFLxNHunhEizmeEdiMyA3r2XGLSKaEznGd,CoinDCX,native,1,ee7a5fd8dbc794c5fe55c0a74bb5c4497693adc97b0452b013ad85519a2c8273,2025-05-29T13:09:06Z,True
TSJprj2Evb37HABbXJ6k7NUUh3ynwwpmkS,tron,CoinDCX,exchange,deposit,derived,sweep+gas,0.8075,"Sweep rule: forwarded 100% of the 48.01 USDT it received from 1 sender to CoinDCX wallet TU7BbA…vZbsFs (curated list) in 3 sweeps, typically 45 seconds after arrival. Gas rule: TFLxNH…aEznGd, labelled CoinDCX, sent the fee money for 3 of 3 sweeps. Both rules agree. Rule confidence 0.81, not calibrated.",,TU7BbAsb8t371eMijQeiGXsiLvY1vZbsFs,curated,USDT,1.0,48.007555,48.007555,3,1,3,45.0,confirmed,TFLxNHunhEizmeEdiMyA3r2XGLSKaEznGd,CoinDCX,native,3,de463ac3c7adf7e9e3f6f8116baa320dda9e1dc096d59f78bf1aa8098582a174,2025-06-02T03:58:36Z,True
TSLDVFG8CV1yc7XZSWhRw5h7uy3iGpHt2n,tron,CoinDCX,exchange,deposit,derived,sweep+gas,0.8075,"Sweep rule: forwarded 100% of the 159.24 USDT it received from 1 sender to CoinDCX wallet TU7BbA…vZbsFs (curated list) in 5 sweeps, typically 36 seconds after arrival. Gas rule: TFLxNH…aEznGd, labelled CoinDCX, sent the fee money for 5 of 5 sweeps. Both rules agree. Rule confidence 0.81, not calibrated.",,TU7BbAsb8t371eMijQeiGXsiLvY1vZbsFs,curated,USDT,1.0,159.237609,159.237609,5,1,5,36.0,confirmed,TFLxNHunhEizmeEdiMyA3r2XGLSKaEznGd,CoinDCX,native,5,b3cd10389279bd4013cd623117c4d894b86b7fb6b652d061d4b393d5328a3969,2025-06-02T03:09:36Z,True
TSMwchZgoqit4v1Xyu8Bm3h311BNPX6Qkx,tron,CoinDCX,exchange,deposit,derived,sweep+gas,0.8075,"Sweep rule: forwarded 100% of the 103.92 USDT it received from 1 sender to CoinDCX wallet TU7BbA…vZbsFs (curated list) in 1 sweep, typically 39 seconds after arrival. Gas rule: TFLxNH…aEznGd, labelled CoinDCX, sent the fee money for 1 of 1 sweep. Both rules agree. Rule confidence 0.81, not calibrated.",,TU7BbAsb8t371eMijQeiGXsiLvY1vZbsFs,curated,USDT,1.0,103.922840,103.922840,1,1,1,39.0,confirmed,TFLxNHunhEizmeEdiMyA3r2XGLSKaEznGd,CoinDCX,native,1,15763321bfc4dcb46a34ac000a0dab65ad1831a02f95fac5778cb4905adf9dde,2025-05-26T07:05:39Z,True
TSNyymZRxvDpUqTdReUEermiUNjs3L9jm1,tron,CoinDCX,exchange,deposit,derived,sweep+gas,0.8075,"Sweep rule: forwarded 100% of the 304.62 USDT it received from 1 sender to CoinDCX wallet TU7BbA…vZbsFs (curated list) in 8 sweeps, typically 36 seconds after arrival. Gas rule: TFLxNH…aEznGd, labelled CoinDCX, sent the fee money for 8 of 8 sweeps. Both rules agree. Rule confidence 0.81, not calibrated.",,TU7BbAsb8t371eMijQeiGXsiLvY1vZbsFs,curated,USDT,1.0,304.621021,304.621021,8,1,8,36.0,confirmed,TFLxNHunhEizmeEdiMyA3r2XGLSKaEznGd,CoinDCX,native,8,e0819de591bd92e6cfa9b17e8e4e30168c30ef4ee5addfedc84ac9e1a3a41965,2025-06-04T04:16:06Z,True
TSRoEAmc3fhePES15HDxFzrseTdXVmfq9A,tron,CoinDCX,exchange,deposit,derived,sweep+gas,0.8075,"Sweep rule: forwarded 100% of the 98.57 USDT it received from 1 sender to CoinDCX wallet TU7BbA…vZbsFs (curated list) in 5 sweeps, typically 39 seconds after arrival. Gas rule: TFLxNH…aEznGd, labelled CoinDCX, sent the fee money for 5 of 5 sweeps. Both rules agree. Rule confidence 0.81, not calibrated.",,TU7BbAsb8t371eMijQeiGXsiLvY1vZbsFs,curated,USDT,1.0,98.573535,98.573535,5,1,5,39.0,confirmed,TFLxNHunhEizmeEdiMyA3r2XGLSKaEznGd,CoinDCX,native,5,382283c7809b6a75491b969e1376111b2e5bd0a2e23fafb257ff8b017250a191,2025-06-04T02:05:36Z,True
TST9ivAkdJdoSLffe5uU8cqFxRKVst4oq4,tron,CoinDCX,exchange,deposit,derived,sweep+gas,0.8075,"Sweep rule: forwarded 100% of the 40.44 USDT it received from 1 sender to CoinDCX wallet TU7BbA…vZbsFs (curated list) in 1 sweep, typically 45 seconds after arrival. Gas rule: TFLxNH…aEznGd, labelled CoinDCX, sent the fee money for 1 of 1 sweep. Both rules agree. Rule confidence 0.81, not calibrated.",,TU7BbAsb8t371eMijQeiGXsiLvY1vZbsFs,curated,USDT,1.0,40.437513,40.437513,1,1,1,45.0,confirmed,TFLxNHunhEizmeEdiMyA3r2XGLSKaEznGd,CoinDCX,native,1,b16f0e089e7b369e887faca67f6bc4b89b8e80490020fa4c3d4331e9b962c7c7,2025-05-30T01:21:36Z,True
TSUiC1YHP2ZmyWa8qXYjmdgsZeeffwxwXH,tron,CoinDCX,exchange,deposit,derived,sweep+gas,0.8075,"Sweep rule: forwarded 100% of the 93.16 USDT it received from 1 sender to CoinDCX wallet TU7BbA…vZbsFs (curated list) in 4 sweeps, typically 45 seconds after arrival. Gas rule: TFLxNH…aEznGd, labelled CoinDCX, sent the fee money for 4 of 4 sweeps. Both rules agree. Rule confidence 0.81, not calibrated.",,TU7BbAsb8t371eMijQeiGXsiLvY1vZbsFs,curated,USDT,1.0,93.155220,93.155220,4,1,4,45.0,confirmed,TFLxNHunhEizmeEdiMyA3r2XGLSKaEznGd,CoinDCX,native,4,395f19db58a8f22220db52bca8118f91232e9514ad02d7c1528f979777275863,2025-05-30T12:52:06Z,True
TSUqGLW5BqbUp9nheuF45wEGSUZPyuwCw5,tron,CoinDCX,exchange,deposit,derived,sweep+gas,0.8075,"Sweep rule: forwarded 100% of the 74.22 USDT it received from 1 sender to CoinDCX wallet TU7BbA…vZbsFs (curated list) in 3 sweeps, typically 33 seconds after arrival. Gas rule: TFLxNH…aEznGd, labelled CoinDCX, sent the fee money for 3 of 3 sweeps. Both rules agree. Rule confidence 0.81, not calibrated.",,TU7BbAsb8t371eMijQeiGXsiLvY1vZbsFs,curated,USDT,1.0,74.221415,74.221415,2,1,3,33.0,confirmed,TFLxNHunhEizmeEdiMyA3r2XGLSKaEznGd,CoinDCX,native,3,040f7ed148ca2a4ee8fb40c726f62b05d847e9b30ef103f98a8d8d9322399011,2025-06-25T09:30:12Z,True
TSW1g38taDnUj324Lh2vf2dZwScfRNn6tC,tron,CoinDCX,exchange,deposit,derived,sweep+gas,0.8075,"Sweep rule: forwarded 100% of the 38.47 USDT it received from 1 sender to CoinDCX wallet TU7BbA…vZbsFs (curated list) in 1 sweep, typically 42 seconds after arrival. Gas rule: TFLxNH…aEznGd, labelled CoinDCX, sent the fee money for 1 of 1 sweep. Both rules agree. Rule confidence 0.81, not calibrated.",,TU7BbAsb8t371eMijQeiGXsiLvY1vZbsFs,curated,USDT,1.0,38.466408,38.466408,1,1,1,42.0,confirmed,TFLxNHunhEizmeEdiMyA3r2XGLSKaEznGd,CoinDCX,native,1,7ac49c2f6d3be1c66aa85654156d876e58b1f0ef8771181d583283a6f6cd5709,2025-05-26T05:54:06Z,True
TSZCM8CiLtQozCk7yGXNKPtFkLqnAgUknm,tron,CoinDCX,exchange,deposit,derived,sweep+gas,0.8075,"Sweep rule: forwarded 100% of the 40.08 USDT it received from 1 sender to CoinDCX wallet TU7BbA…vZbsFs (curated list) in 2 sweeps, typically 33 seconds after arrival. Gas rule: TFLxNH…aEznGd, labelled CoinDCX, sent the fee money for 2 of 2 sweeps. Both rules agree. Rule confidence 0.81, not calibrated.",,TU7BbAsb8t371eMijQeiGXsiLvY1vZbsFs,curated,USDT,1.0,40.081666,40.081666,2,1,2,33.0,confirmed,TFLxNHunhEizmeEdiMyA3r2XGLSKaEznGd,CoinDCX,native,2,e61481aeee20cb7db0937327ed3902006a6b0be65516cae944242a655fe146ba,2025-05-26T05:06:36Z,True
TSaJ7wXBZmHAQDMWCgjyhGigrArZvqQBUd,tron,CoinDCX,exchange,deposit,derived,sweep+gas,0.8075,"Sweep rule: forwarded 100% of the 13.40 USDT it received from 1 sender to CoinDCX wallet TU7BbA…vZbsFs (curated list) in 1 sweep, typically 27 seconds after arrival. Gas rule: TFLxNH…aEznGd, labelled CoinDCX, sent the fee money for 1 of 1 sweep. Both rules agree. Rule confidence 0.81, not calibrated.",,TU7BbAsb8t371eMijQeiGXsiLvY1vZbsFs,curated,USDT,1.0,13.400001,13.400001,1,1,1,27.0,confirmed,TFLxNHunhEizmeEdiMyA3r2XGLSKaEznGd,CoinDCX,native,1,7845f03f1ec5975198f0622561fb8048d3da0e36279df850c930c32c0aea1188,2025-05-29T13:22:39Z,True
TSgyxhTyooEP2D75hwok7sBVMBtskT7Kc3,tron,CoinDCX,exchange,deposit,derived,sweep+gas,0.8075,"Sweep rule: forwarded 100% of the 526.24 USDT it received from 3 senders to CoinDCX wallet TU7BbA…vZbsFs (curated list) in 3 sweeps, typically 36 seconds after arrival. Gas rule: TFLxNH…aEznGd, labelled CoinDCX, sent the fee money for 3 of 3 sweeps. Both rules agree. Rule confidence 0.81, not calibrated.",,TU7BbAsb8t371eMijQeiGXsiLvY1vZbsFs,curated,USDT,1.0,526.240887,526.240887,3,3,3,36.0,confirmed,TFLxNHunhEizmeEdiMyA3r2XGLSKaEznGd,CoinDCX,native,3,e12e72710f4f9a7ff9daa07afc8809a78505d53d91a1277b6fd0a3e5a12e4979,2025-05-29T21:37:06Z,True
TSh2EkEauEC7rRKRiCcJg27xoMV478GruA,tron,CoinDCX,exchange,deposit,derived,sweep+gas,0.8075,"Sweep rule: forwarded 100% of the 10 USDT it received from 1 sender to CoinDCX wallet TU7BbA…vZbsFs (curated list) in 1 sweep, typically 30 seconds after arrival. Gas rule: TFLxNH…aEznGd, labelled CoinDCX, sent the fee money for 1 of 1 sweep. Both rules agree. Rule confidence 0.81, not calibrated.",,TU7BbAsb8t371eMijQeiGXsiLvY1vZbsFs,curated,USDT,1.0,10.000000,10.000000,1,1,1,30.0,confirmed,TFLxNHunhEizmeEdiMyA3r2XGLSKaEznGd,CoinDCX,native,1,5f849259eb163182edad285de9458b7403c2efc42ee4993b0257de55ddfdc2ff,2025-05-30T02:12:06Z,True
TShF18kTai4WqxUsPnoqLXw5d6HMc2YkMF,tron,CoinDCX,exchange,deposit,derived,sweep+gas,0.8075,"Sweep rule: forwarded 100% of the 10 USDT it received from 1 sender to CoinDCX wallet TU7BbA…vZbsFs (curated list) in 1 sweep, typically 18 seconds after arrival. Gas rule: TFLxNH…aEznGd, labelled CoinDCX, sent the fee money for 1 of 1 sweep. Both rules agree. Rule confidence 0.81, not calibrated.",,TU7BbAsb8t371eMijQeiGXsiLvY1vZbsFs,curated,USDT,1.0,10.000000,10.000000,1,1,1,18.0,confirmed,TFLxNHunhEizmeEdiMyA3r2XGLSKaEznGd,CoinDCX,native,1,831e4059bc4e5e2dca0841681342292071326dd2bfe30ea98634467d3b8add27,2025-05-30T03:11:06Z,True
TSiaCUjdYGBXHrAvpbJpkc3mzSD7kJjRsB,tron,CoinDCX,exchange,deposit,derived,sweep+gas,0.8075,"Sweep rule: forwarded 100% of the 12 USDT it received from 1 sender to CoinDCX wallet TU7BbA…vZbsFs (curated list) in 1 sweep, typically 27 seconds after arrival. Gas rule: TFLxNH…aEznGd, labelled CoinDCX, sent the fee money for 1 of 1 sweep. Both rules agree. Rule confidence 0.81, not calibrated.",,TU7BbAsb8t371eMijQeiGXsiLvY1vZbsFs,curated,USDT,1.0,12.000000,12.000000,1,1,1,27.0,confirmed,TFLxNHunhEizmeEdiMyA3r2XGLSKaEznGd,CoinDCX,native,1,8d9d0679e147231cb9f6148bf3b5f90e5bad5c7f6d935fbe60d946c41dfa77cb,2025-05-30T05:52:06Z,True
TSjm3Qa61JHeK6Dnm1wujoRo5MzF1SQ86Q,tron,CoinDCX,exchange,deposit,derived,sweep+gas,0.8075,"Sweep rule: forwarded 100% of the 9,086 USDT it received from 9 senders to CoinDCX wallet TU7BbA…vZbsFs (curated list) in 19 sweeps, typically 36 seconds after arrival. Gas rule: TFLxNH…aEznGd, labelled CoinDCX, sent the fee money for 17 of 19 sweeps. Both rules agree. Rule confidence 0.81, not calibrated.",,TU7BbAsb8t371eMijQeiGXsiLvY1vZbsFs,curated,USDT,1.0,9086.000000,9086.000000,19,9,19,36.0,confirmed,TFLxNHunhEizmeEdiMyA3r2XGLSKaEznGd,CoinDCX,native,17,895cf7edd555698ee6e1322405514f065d4d6519a23384bc5bb89ced8f53af27,2025-08-17T11:44:06Z,True
TSo9FTgWZBijpKJJbFekXRh4te2PT1ygb4,tron,CoinDCX,exchange,deposit,derived,sweep+gas,0.8075,"Sweep rule: forwarded 100% of the 22.26 USDT it received from 1 sender to CoinDCX wallet TU7BbA…vZbsFs (curated list) in 2 sweeps, typically 28 seconds after arrival. Gas rule: TFLxNH…aEznGd, labelled CoinDCX, sent the fee money for 2 of 2 sweeps. Both rules agree. Rule confidence 0.81, not calibrated.",,TU7BbAsb8t371eMijQeiGXsiLvY1vZbsFs,curated,USDT,1.0,22.259303,22.259303,2,1,2,28.5,confirmed,TFLxNHunhEizmeEdiMyA3r2XGLSKaEznGd,CoinDCX,native,2,e1d45a2941729b982e553e12614b68a55872b39e5f3ee2a10fb3637ef016deb3,2025-05-26T18:30:36Z,True
TSpeMvxBgqkWDZADADhHaKxtpR9rYzBoQ1,tron,CoinDCX,exchange,deposit,derived,sweep+gas,0.8075,"Sweep rule: forwarded 100% of the 4,158 USDT it received from 8 senders to CoinDCX wallet TU7BbA…vZbsFs (curated list) in 25 sweeps, typically 33 seconds after arrival. Only its first 50 transfers since 2025-05-18 were read; what it did later is not covered. Its gas listing was not read to the end. Gas rule: TFLxNH…aEznGd, labelled CoinDCX, sent the fee money for 22 of 25 sweeps. Both rules agree. Rule confidence 0.81, not calibrated.",,TU7BbAsb8t371eMijQeiGXsiLvY1vZbsFs,curated,USDT,1.0,4158.000000,4158.000000,25,8,25,33.0,confirmed,TFLxNHunhEizmeEdiMyA3r2XGLSKaEznGd,CoinDCX,native,22,19da9d86e094db079fc4b6338fc0a28c8b0072bdcc8ae556f49cd9cea23e56ea,2025-06-12T16:04:36Z,False
TSxNe38uz7fCiCgW6ewafqMKy4HDMHGEej,tron,CoinDCX,exchange,deposit,derived,sweep+gas,0.8075,"Sweep rule: forwarded 100% of the 55 USDT it received from 1 sender to CoinDCX wallet TU7BbA…vZbsFs (curated list) in 1 sweep, typically 39 seconds after arrival. Gas rule: TFLxNH…aEznGd, labelled CoinDCX, sent the fee money for 1 of 1 sweep. Both rules agree. Rule confidence 0.81, not calibrated.",,TU7BbAsb8t371eMijQeiGXsiLvY1vZbsFs,curated,USDT,1.0,55.000000,55.000000,1,1,1,39.0,confirmed,TFLxNHunhEizmeEdiMyA3r2XGLSKaEznGd,CoinDCX,native,1,7fd9c9699a03cb740ffdc8ca57c2637c6530d2754ffb481fc17dcff8d76a85e5,2025-05-28T05:55:36Z,True
TSxzDz6RYaNrYJCJispmxFczfraLqcz5Md,tron,CoinDCX,exchange,deposit,derived,sweep+gas,0.8075,"Sweep rule: forwarded 94% of the 6,825.91 USDT it received from 3 senders to CoinDCX wallet TU7BbA…vZbsFs (curated list) in 25 sweeps, typically 33 seconds after arrival. Only its first 50 transfers since 2025-05-18 were read; what it did later is not covered. Its gas listing was not read to the end. Gas rule: TFLxNH…aEznGd, labelled CoinDCX, sent the fee money for 16 of 25 sweeps. Both rules agree. Rule confidence 0.81, not calibrated.",,TU7BbAsb8t371eMijQeiGXsiLvY1vZbsFs,curated,USDT,0.937,6825.910000,6395.950000,24,3,25,33.0,confirmed,TFLxNHunhEizmeEdiMyA3r2XGLSKaEznGd,CoinDCX,native,16,6ec08098bf57e3a28f402af741e8cc5b3f3aab509ac6e7ad22199e2c9d4a708b,2025-10-28T09:22:36Z,False
TSzf4y9Gwv7NgZLVtjvcQGEagYvHiLggRg,tron,CoinDCX,exchange,deposit,derived,sweep+gas,0.8075,"Sweep rule: forwarded 100% of the 3,026.62 USDT it received from 3 senders to CoinDCX wallet TU7BbA…vZbsFs (curated list) in 3 sweeps, typically 27 seconds after arrival. Gas rule: TFLxNH…aEznGd, labelled CoinDCX, sent the fee money for 3 of 3 sweeps. Both rules agree. Rule confidence 0.81, not calibrated.",,TU7BbAsb8t371eMijQeiGXsiLvY1vZbsFs,curated,USDT,1.0,3026.624383,3026.624383,3,3,3,27.0,confirmed,TFLxNHunhEizmeEdiMyA3r2XGLSKaEznGd,CoinDCX,native,3,1ad43deedb72acf6ba54e0035265d59bc95f5aa5c5676b6e5e3fa1b311260a1c,2025-05-28T17:47:06Z,True
TT9kYTvyhiQJNJsG6rE6nDRhKALjQV7JHb,tron,CoinDCX,exchange,deposit,derived,sweep+gas,0.8075,"Sweep rule: forwarded 100% of the 1,227.23 USDT it received from 1 sender to CoinDCX wallet TU7BbA…vZbsFs (curated list) in 8 sweeps, typically 36 seconds after arrival. Gas rule: TFLxNH…aEznGd, labelled CoinDCX, sent the fee money for 7 of 8 sweeps. Both rules agree. Rule confidence 0.81, not calibrated.",,TU7BbAsb8t371eMijQeiGXsiLvY1vZbsFs,curated,USDT,1.0,1227.230000,1227.230000,8,1,8,36.0,confirmed,TFLxNHunhEizmeEdiMyA3r2XGLSKaEznGd,CoinDCX,native,7,3f3e6202042b196a0e33cf53b93b3d371e9a84138bf737861b88f83a35815e3f,2025-06-28T09:47:36Z,True
TTD25NnsqTEriYVobuCCaCof6m44x6vhRC,tron,CoinDCX,exchange,deposit,derived,sweep+gas,0.8075,"Sweep rule: forwarded 100% of the 13,446 USDT it received from 9 senders to CoinDCX wallet TU7BbA…vZbsFs (curated list) in 25 sweeps, typically 33 seconds after arrival. Only its first 50 transfers since 2025-05-18 were read; what it did later is not covered. Its gas listing was not read to the end. Gas rule: TFLxNH…aEznGd, labelled CoinDCX, sent the fee money for 18 of 25 sweeps. Both rules agree. Rule confidence 0.81, not calibrated.",,TU7BbAsb8t371eMijQeiGXsiLvY1vZbsFs,curated,USDT,1.0,13446.000000,13446.000000,25,9,25,33.0,confirmed,TFLxNHunhEizmeEdiMyA3r2XGLSKaEznGd,CoinDCX,native,18,ab4e902da38ca9d1acb4853e12a9ef999497afd39f83bf4b83b1446b6aab4343,2025-06-03T05:50:06Z,False
TTHzBPHSPmDjkZFvn9pRgzAPk59RZNKg3s,tron,CoinDCX,exchange,deposit,derived,sweep+gas,0.8075,"Sweep rule: forwarded 100% of the 30 USDT it received from 1 sender to CoinDCX wallet TU7BbA…vZbsFs (curated list) in 1 sweep, typically 42 seconds after arrival. Gas rule: TFLxNH…aEznGd, labelled CoinDCX, sent the fee money for 1 of 1 sweep. Both rules agree. Rule confidence 0.81, not calibrated.",,TU7BbAsb8t371eMijQeiGXsiLvY1vZbsFs,curated,USDT,1.0,30.000000,30.000000,1,1,1,42.0,confirmed,TFLxNHunhEizmeEdiMyA3r2XGLSKaEznGd,CoinDCX,native,1,495442204e1d9dc535dddd0ed3caa3f926293609134b8fdfe6b463767ef12722,2025-05-30T09:55:06Z,True
TTKRqg2cFHKqTVFYq2anHhTYpziTvfHtG5,tron,CoinDCX,exchange,deposit,derived,sweep+gas,0.8075,"Sweep rule: forwarded 100% of the 1,250 USDT it received from 6 senders to CoinDCX wallet TU7BbA…vZbsFs (curated list) in 8 sweeps, typically 30 seconds after arrival. Gas rule: TFLxNH…aEznGd, labelled CoinDCX, sent the fee money for 8 of 8 sweeps. Both rules agree. Rule confidence 0.81, not calibrated.",,TU7BbAsb8t371eMijQeiGXsiLvY1vZbsFs,curated,USDT,1.0,1250.000000,1250.000000,8,6,8,30.0,confirmed,TFLxNHunhEizmeEdiMyA3r2XGLSKaEznGd,CoinDCX,native,8,9f570b259528f19a69349daa3fff429320ce20c819fac9a8e4a2942d3aa2c235,2025-07-19T06:27:36Z,True
TTPY7Ddi856hbSTnCtRSXKhX2E2QrhneB5,tron,CoinDCX,exchange,deposit,derived,sweep+gas,0.8075,"Sweep rule: forwarded 100% of the 78.70 USDT it received from 1 sender to CoinDCX wallet TU7BbA…vZbsFs (curated list) in 3 sweeps, typically 39 seconds after arrival. Gas rule: TFLxNH…aEznGd, labelled CoinDCX, sent the fee money for 3 of 3 sweeps. Both rules agree. Rule confidence 0.81, not calibrated.",,TU7BbAsb8t371eMijQeiGXsiLvY1vZbsFs,curated,USDT,1.0,78.704618,78.704618,3,1,3,39.0,confirmed,TFLxNHunhEizmeEdiMyA3r2XGLSKaEznGd,CoinDCX,native,3,2c0dee129fda2ce57ab90cbb531f1920426c2cdd8e96f2d9665a7e06b321a396,2025-05-31T11:37:36Z,True
TTQXNeWgJJ7bWGBHZjDstfNDb2RhqN2WCw,tron,CoinDCX,exchange,deposit,derived,sweep+gas,0.8075,"Sweep rule: forwarded 100% of the 205.65 USDT it received from 1 sender to CoinDCX wallet TU7BbA…vZbsFs (curated list) in 12 sweeps, typically 37 seconds after arrival. Gas rule: TFLxNH…aEznGd, labelled CoinDCX, sent the fee money for 11 of 12 sweeps. Both rules agree. Rule confidence 0.81, not calibrated.",,TU7BbAsb8t371eMijQeiGXsiLvY1vZbsFs,curated,USDT,1.0,205.650214,205.650214,12,1,12,37.5,confirmed,TFLxNHunhEizmeEdiMyA3r2XGLSKaEznGd,CoinDCX,native,11,da6b17d61da62ddf1d9ebec2023fb8169d2021414890f0e76ad1c34f9ed48b51,2025-06-07T04:30:06Z,True
TTTMoqHjgLXPHgT8rrDys8G8NmJtyqyVE5,tron,CoinDCX,exchange,deposit,derived,sweep+gas,0.8075,"Sweep rule: forwarded 100% of the 23.15 USDT it received from 1 sender to CoinDCX wallet TU7BbA…vZbsFs (curated list) in 1 sweep, typically 27 seconds after arrival. Gas rule: TFLxNH…aEznGd, labelled CoinDCX, sent the fee money for 1 of 1 sweep. Both rules agree. Rule confidence 0.81, not calibrated.",,TU7BbAsb8t371eMijQeiGXsiLvY1vZbsFs,curated,USDT,1.0,23.150000,23.150000,1,1,1,27.0,confirmed,TFLxNHunhEizmeEdiMyA3r2XGLSKaEznGd,CoinDCX,native,1,c1ae9f91655c9c6ed7c35492bb5ee1952b5db5e7beca70c6e7ee639a6f8b988b,2025-05-26T08:48:06Z,True
TTTZH6nWX8tk1b73xHfCJk3x9aBRgWbeEK,tron,CoinDCX,exchange,deposit,derived,sweep+gas,0.8075,"Sweep rule: forwarded 100% of the 4,989.46 USDT it received from 12 senders to CoinDCX wallet TU7BbA…vZbsFs (curated list) in 24 sweeps, typically 36 seconds after arrival. Only its first 50 transfers since 2025-05-18 were read; what it did later is not covered. Its gas listing was not read to the end. Gas rule: TFLxNH…aEznGd, labelled CoinDCX, sent the fee money for 13 of 24 sweeps. Both rules agree. Rule confidence 0.81, not calibrated.",,TU7BbAsb8t371eMijQeiGXsiLvY1vZbsFs,curated,USDT,1.0,4989.460000,4989.460000,24,12,24,36.0,confirmed,TFLxNHunhEizmeEdiMyA3r2XGLSKaEznGd,CoinDCX,native,13,643fc6ce21d8fb5105249f788eb33c6827fb06944572acced6f4af7fdce246ce,2025-12-14T08:00:06Z,False
TTWAbLKcayeRU2cpACn3xbhWqxTTLN7wPV,tron,CoinDCX,exchange,deposit,derived,sweep+gas,0.8075,"Sweep rule: forwarded 95% of the 12,429.68 USDT it received from 4 senders to CoinDCX wallet TU7BbA…vZbsFs (curated list) in 24 sweeps, typically 39 seconds after arrival. Only its first 50 transfers since 2025-05-18 were read; what it did later is not covered. Its gas listing was not read to the end. Gas rule: TFLxNH…aEznGd, labelled CoinDCX, sent the fee money for 16 of 24 sweeps. Both rules agree. Rule confidence 0.81, not calibrated.",,TU7BbAsb8t371eMijQeiGXsiLvY1vZbsFs,curated,USDT,0.952,12429.680000,11832.810000,25,4,24,39.0,confirmed,TFLxNHunhEizmeEdiMyA3r2XGLSKaEznGd,CoinDCX,native,16,bc0aa907bedce9cf0bf83e1bd3c5f230c822b2dfe2b17d11931ef41e431d95fc,2026-01-06T10:29:06Z,False
TTWT7uY3BAohUXpGZpFPEKCkhGVkQfrEgb,tron,CoinDCX,exchange,deposit,derived,sweep+gas,0.8075,"Sweep rule: forwarded 100% of the 516.28 USDT it received from 10 senders to CoinDCX wallet TU7BbA…vZbsFs (curated list) in 25 sweeps, typically 30 seconds after arrival. Only its first 50 transfers since 2025-05-18 were read; what it did later is not covered. Its gas listing was not read to the end. Gas rule: TFLxNH…aEznGd, labelled CoinDCX, sent the fee money for 20 of 25 sweeps. Both rules agree. Rule confidence 0.81, not calibrated.",,TU7BbAsb8t371eMijQeiGXsiLvY1vZbsFs,curated,USDT,1.0,516.280000,516.280000,25,10,25,30.0,confirmed,TFLxNHunhEizmeEdiMyA3r2XGLSKaEznGd,CoinDCX,native,20,5f5633af31b127e4986961e5fcfd3429aa403c5fb02bc6af511587c6238d2f2c,2025-06-12T05:31:06Z,False
TTWiqJgDWC6jVGZTGpx8HBQPQeqMLoC74D,tron,CoinDCX,exchange,deposit,derived,sweep+gas,0.8075,"Sweep rule: forwarded 100% of the 11,850 USDT it received from 1 sender to CoinDCX wallet TU7BbA…vZbsFs (curated list) in 4 sweeps, typically 36 seconds after arrival. Gas rule: TFLxNH…aEznGd, labelled CoinDCX, sent the fee money for 4 of 4 sweeps. Both rules agree. Rule confidence 0.81, not calibrated.",,TU7BbAsb8t371eMijQeiGXsiLvY1vZbsFs,curated,USDT,1.0,11850.000000,11850.000000,4,1,4,36.0,confirmed,TFLxNHunhEizmeEdiMyA3r2XGLSKaEznGd,CoinDCX,native,4,01cd54cb0ffde8e1041c779fffcbeb003eeec4978624f362fb3198dd32ac79c5,2025-05-27T07:06:06Z,True
TTa2RBTe6gmgSYcBpyJUykNL6Wo922GV6L,tron,CoinDCX,exchange,deposit,derived,sweep+gas,0.8075,"Sweep rule: forwarded 94% of the 8,844.57 USDT it received from 3 senders to CoinDCX wallet TU7BbA…vZbsFs (curated list) in 24 sweeps, typically 42 seconds after arrival. Only its first 50 transfers since 2025-05-18 were read; what it did later is not covered. Its gas listing was not read to the end. Gas rule: TFLxNH…aEznGd, labelled CoinDCX, sent the fee money for 17 of 24 sweeps. Both rules agree. Rule confidence 0.81, not calibrated.",,TU7BbAsb8t371eMijQeiGXsiLvY1vZbsFs,curated,USDT,0.9427,8844.570000,8337.490000,25,3,24,42.0,confirmed,TFLxNHunhEizmeEdiMyA3r2XGLSKaEznGd,CoinDCX,native,17,bcfd57796eee52191cfa94761468a46d8d0dbb7e45c68d868097435c6825b67f,2025-12-02T14:03:06Z,False
TTaQiNZHti3ejSdpmRmkLB9jzxRYCRciJQ,tron,CoinDCX,exchange,deposit,derived,sweep+gas,0.8075,"Sweep rule: forwarded 100% of the 4,462 USDT it received from 2 senders to CoinDCX wallet TU7BbA…vZbsFs (curated list) in 6 sweeps, typically 37 seconds after arrival. Gas rule: TFLxNH…aEznGd, labelled CoinDCX, sent the fee money for 6 of 6 sweeps. Both rules agree. Rule confidence 0.81, not calibrated.",,TU7BbAsb8t371eMijQeiGXsiLvY1vZbsFs,curated,USDT,1.0,4462.000000,4462.000000,6,2,6,37.5,confirmed,TFLxNHunhEizmeEdiMyA3r2XGLSKaEznGd,CoinDCX,native,6,8d1e6f6d34d5b610bfde7f6cc0f2ba6e84e057e73606e04d9b782be792b18940,2025-06-17T09:33:09Z,True
TThcZ61g6N4jZhb68RgiCzSgmXfeYUa8aC,tron,CoinDCX,exchange,deposit,derived,sweep+gas,0.8075,"Sweep rule: forwarded 100% of the 60 USDT it received from 1 sender to CoinDCX wallet TU7BbA…vZbsFs (curated list) in 1 sweep, typically 24 seconds after arrival. Gas rule: TFLxNH…aEznGd, labelled CoinDCX, sent the fee money for 1 of 1 sweep. Both rules agree. Rule confidence 0.81, not calibrated.",,TU7BbAsb8t371eMijQeiGXsiLvY1vZbsFs,curated,USDT,1.0,60.000000,60.000000,1,1,1,24.0,confirmed,TFLxNHunhEizmeEdiMyA3r2XGLSKaEznGd,CoinDCX,native,1,8522fb1f5b1e673ae208f29474466b6623b5b7f7e15de7d610cd185b8f16b008,2025-05-26T18:28:36Z,True
TTjoC9Yno7nc6f6wSPJkEEMKbq4Y5Ux9QQ,tron,CoinDCX,exchange,deposit,derived,sweep+gas,0.8075,"Sweep rule: forwarded 100% of the 14.65 USDT it received from 1 sender to CoinDCX wallet TU7BbA…vZbsFs (curated list) in 1 sweep, typically 21 seconds after arrival. Gas rule: TFLxNH…aEznGd, labelled CoinDCX, sent the fee money for 1 of 1 sweep. Both rules agree. Rule confidence 0.81, not calibrated.",,TU7BbAsb8t371eMijQeiGXsiLvY1vZbsFs,curated,USDT,1.0,14.650000,14.650000,1,1,1,21.0,confirmed,TFLxNHunhEizmeEdiMyA3r2XGLSKaEznGd,CoinDCX,native,1,8c22e685d81e984eaf2661c176de35f2d50d9944fd8520a29908729536a079c9,2025-05-29T11:46:09Z,True
TToZmQnHb1nruDCeXjCNPn273zBGuNVQtc,tron,CoinDCX,exchange,deposit,derived,sweep+gas,0.8075,"Sweep rule: forwarded 100% of the 175.92 USDT it received from 1 sender to CoinDCX wallet TU7BbA…vZbsFs (curated list) in 8 sweeps, typically 34 seconds after arrival. Gas rule: TFLxNH…aEznGd, labelled CoinDCX, sent the fee money for 7 of 8 sweeps. Both rules agree. Rule confidence 0.81, not calibrated.",,TU7BbAsb8t371eMijQeiGXsiLvY1vZbsFs,curated,USDT,1.0,175.924426,175.924426,8,1,8,34.5,confirmed,TFLxNHunhEizmeEdiMyA3r2XGLSKaEznGd,CoinDCX,native,7,e1d2394dabec0a1f1441445216ba7b896c3db037bb4a56c35a07f2dec4365157,2025-06-04T03:27:06Z,True
TTr9CxPd8v1m4VP8cxXkNnrSNDFLzUMAvw,tron,CoinDCX,exchange,deposit,derived,sweep+gas,0.8075,"Sweep rule: forwarded 100% of the 330.88 USDT it received from 2 senders to CoinDCX wallet TU7BbA…vZbsFs (curated list) in 3 sweeps, typically 33 seconds after arrival. Gas rule: TFLxNH…aEznGd, labelled CoinDCX, sent the fee money for 3 of 3 sweeps. Both rules agree. Rule confidence 0.81, not calibrated.",,TU7BbAsb8t371eMijQeiGXsiLvY1vZbsFs,curated,USDT,1.0,330.880311,330.880311,3,2,3,33.0,confirmed,TFLxNHunhEizmeEdiMyA3r2XGLSKaEznGd,CoinDCX,native,3,83890fccc02f2d63dbb0779e547d651ca342500032de4598ddcf40d1d3af4cda,2025-06-23T09:29:06Z,True
TTrC9atFZrKT5gh1yzgyqnCbrZBxfUr6dX,tron,CoinDCX,exchange,deposit,derived,sweep+gas,0.8075,"Sweep rule: forwarded 100% of the 94 USDT it received from 1 sender to CoinDCX wallet TU7BbA…vZbsFs (curated list) in 1 sweep, typically 33 seconds after arrival. Gas rule: TFLxNH…aEznGd, labelled CoinDCX, sent the fee money for 1 of 1 sweep. Both rules agree. Rule confidence 0.81, not calibrated.",,TU7BbAsb8t371eMijQeiGXsiLvY1vZbsFs,curated,USDT,1.0,94.000000,94.000000,1,1,1,33.0,confirmed,TFLxNHunhEizmeEdiMyA3r2XGLSKaEznGd,CoinDCX,native,1,aac1057fe395e211110619ff9af58855b66d1567728c73af76dda3ff8557f17b,2025-05-25T07:14:36Z,True
TTwkL4JX4pqzSsZn37zYmM92ZPiDq6tcZ4,tron,CoinDCX,exchange,deposit,derived,sweep+gas,0.8075,"Sweep rule: forwarded 100% of the 833.82 USDT it received from 1 sender to CoinDCX wallet TU7BbA…vZbsFs (curated list) in 5 sweeps, typically 33 seconds after arrival. Gas rule: TFLxNH…aEznGd, labelled CoinDCX, sent the fee money for 5 of 5 sweeps. Both rules agree. Rule confidence 0.81, not calibrated.",,TU7BbAsb8t371eMijQeiGXsiLvY1vZbsFs,curated,USDT,1.0,833.822700,833.822700,5,1,5,33.0,confirmed,TFLxNHunhEizmeEdiMyA3r2XGLSKaEznGd,CoinDCX,native,5,55a44a3dc072bd72d88d32d87ddd7529431dd0ca2c7b5372f36909409732066d,2025-05-31T20:20:36Z,True
TTx5iBMpgpS71Gzmw6KRM1p8zouECoBsC6,tron,CoinDCX,exchange,deposit,derived,sweep+gas,0.8075,"Sweep rule: forwarded 100% of the 149.21 USDT it received from 1 sender to CoinDCX wallet TU7BbA…vZbsFs (curated list) in 8 sweeps, typically 34 seconds after arrival. Gas rule: TFLxNH…aEznGd, labelled CoinDCX, sent the fee money for 8 of 8 sweeps. Both rules agree. Rule confidence 0.81, not calibrated.",,TU7BbAsb8t371eMijQeiGXsiLvY1vZbsFs,curated,USDT,1.0,149.212141,149.212141,8,1,8,34.5,confirmed,TFLxNHunhEizmeEdiMyA3r2XGLSKaEznGd,CoinDCX,native,8,b18c707b86c389f22ab1f117ccec360d1d067a223d190652719913dd5d4e6939,2025-05-30T12:20:36Z,True
TTxgbrkZxxaaa8povmki9WfdKRm7pwrJxJ,tron,CoinDCX,exchange,deposit,derived,sweep+gas,0.8075,"Sweep rule: forwarded 100% of the 38.15 USDT it received from 1 sender to CoinDCX wallet TU7BbA…vZbsFs (curated list) in 1 sweep, typically 45 seconds after arrival. Gas rule: TFLxNH…aEznGd, labelled CoinDCX, sent the fee money for 1 of 1 sweep. Both rules agree. Rule confidence 0.81, not calibrated.",,TU7BbAsb8t371eMijQeiGXsiLvY1vZbsFs,curated,USDT,1.0,38.145000,38.145000,1,1,1,45.0,confirmed,TFLxNHunhEizmeEdiMyA3r2XGLSKaEznGd,CoinDCX,native,1,5bd785fd012ff92deb805e0e1d7d71ad5e4def4a3637831cdf3456a8da9aaf14,2025-05-28T05:17:36Z,True
TU8X74xPXYaf1ocUZkLFY8TxMUprByZ4Zz,tron,CoinDCX,exchange,deposit,derived,sweep+gas,0.8075,"Sweep rule: forwarded 100% of the 26.06 USDT it received from 2 senders to CoinDCX wallet TU7BbA…vZbsFs (curated list) in 2 sweeps, typically 24 seconds after arrival. Gas rule: TFLxNH…aEznGd, labelled CoinDCX, sent the fee money for 2 of 2 sweeps. Both rules agree. Rule confidence 0.81, not calibrated.",,TU7BbAsb8t371eMijQeiGXsiLvY1vZbsFs,curated,USDT,1.0,26.060247,26.060247,2,2,2,24.0,confirmed,TFLxNHunhEizmeEdiMyA3r2XGLSKaEznGd,CoinDCX,native,2,a47a31fd188d85d834bd93732ee4c4e70290c261fb45ca2053b4e2f7fe3b57e5,2025-06-08T11:17:36Z,True
TUAzg3PgetPsbrfF2TJUU3Nmrw5w8QkaAy,tron,CoinDCX,exchange,deposit,derived,sweep+gas,0.8075,"Sweep rule: forwarded 100% of the 10 USDT it received from 1 sender to CoinDCX wallet TU7BbA…vZbsFs (curated list) in 1 sweep, typically 24 seconds after arrival. Gas rule: TFLxNH…aEznGd, labelled CoinDCX, sent the fee money for 1 of 1 sweep. Both rules agree. Rule confidence 0.81, not calibrated.",,TU7BbAsb8t371eMijQeiGXsiLvY1vZbsFs,curated,USDT,1.0,10.000000,10.000000,1,1,1,24.0,confirmed,TFLxNHunhEizmeEdiMyA3r2XGLSKaEznGd,CoinDCX,native,1,6e5552aa645cc41c5e0a44df5a2a0c8769fba1b3ff495a778638b8a49f459129,2025-05-26T11:57:36Z,True
TUBpxtXM4w6f1PVBW6JHSuQyCS3gX4eKej,tron,CoinDCX,exchange,deposit,derived,sweep+gas,0.8075,"Sweep rule: forwarded 100% of the 53 USDT it received from 1 sender to CoinDCX wallet TU7BbA…vZbsFs (curated list) in 2 sweeps, typically 25 seconds after arrival. Gas rule: TFLxNH…aEznGd, labelled CoinDCX, sent the fee money for 2 of 2 sweeps. Both rules agree. Rule confidence 0.81, not calibrated.",,TU7BbAsb8t371eMijQeiGXsiLvY1vZbsFs,curated,USDT,1.0,53.000000,53.000000,2,1,2,25.5,confirmed,TFLxNHunhEizmeEdiMyA3r2XGLSKaEznGd,CoinDCX,native,2,25a6ac32c207b410696344f8bca4e816949007df74cbd8fcdde2bda3fd1ee734,2025-05-28T15:23:09Z,True
TUDT924p6Y8KZfw1AGNaTvG8sCcyUBDXnF,tron,CoinDCX,exchange,deposit,derived,sweep+gas,0.8075,"Sweep rule: forwarded 100% of the 9.64 USDT it received from 1 sender to CoinDCX wallet TU7BbA…vZbsFs (curated list) in 1 sweep, typically 36 seconds after arrival. Gas rule: TFLxNH…aEznGd, labelled CoinDCX, sent the fee money for 1 of 1 sweep. Both rules agree. Rule confidence 0.81, not calibrated.",,TU7BbAsb8t371eMijQeiGXsiLvY1vZbsFs,curated,USDT,1.0,9.640000,9.640000,1,1,1,36.0,confirmed,TFLxNHunhEizmeEdiMyA3r2XGLSKaEznGd,CoinDCX,native,1,ec8b665865417d81d7a9805590291518dbe6456715d690db665f5c2267d66bca,2025-05-28T13:49:06Z,True
TUETnCHoqoGooJ2dE2zMenF6qCwwGHNbvW,tron,CoinDCX,exchange,deposit,derived,sweep+gas,0.8075,"Sweep rule: forwarded 100% of the 240.23 USDT it received from 3 senders to CoinDCX wallet TU7BbA…vZbsFs (curated list) in 3 sweeps, typically 36 seconds after arrival. Gas rule: TFLxNH…aEznGd, labelled CoinDCX, sent the fee money for 3 of 3 sweeps. Both rules agree. Rule confidence 0.81, not calibrated.",,TU7BbAsb8t371eMijQeiGXsiLvY1vZbsFs,curated,USDT,1.0,240.232324,240.232324,3,3,3,36.0,confirmed,TFLxNHunhEizmeEdiMyA3r2XGLSKaEznGd,CoinDCX,native,3,df4b1d61b1bc4fa874fd14854acf3dd3be32ed31349f9b655936e4ffc23b6a5e,2025-06-16T06:49:06Z,True
TUEsf4579PwfK5m6dVks452bdYBBL5nzyD,tron,CoinDCX,exchange,deposit,derived,sweep+gas,0.8075,"Sweep rule: forwarded 100% of the 79.39 USDT it received from 2 senders to CoinDCX wallet TU7BbA…vZbsFs (curated list) in 3 sweeps, typically 30 seconds after arrival. Gas rule: TFLxNH…aEznGd, labelled CoinDCX, sent the fee money for 3 of 3 sweeps. Both rules agree. Rule confidence 0.81, not calibrated.",,TU7BbAsb8t371eMijQeiGXsiLvY1vZbsFs,curated,USDT,1.0,79.391273,79.391273,3,2,3,30.0,confirmed,TFLxNHunhEizmeEdiMyA3r2XGLSKaEznGd,CoinDCX,native,3,703504fd3b8927e50bd461f4f1a30ad322a352691ab360da2fbc7d0a2f2fc7c4,2025-07-08T06:54:36Z,True
TUGZWV3nddPYhvWzuChwjkx3zbsnLbjFjz,tron,CoinDCX,exchange,deposit,derived,sweep+gas,0.8075,"Sweep rule: forwarded 100% of the 233.19 USDT it received from 1 sender to CoinDCX wallet TU7BbA…vZbsFs (curated list) in 10 sweeps, typically 40 seconds after arrival. Gas rule: TFLxNH…aEznGd, labelled CoinDCX, sent the fee money for 9 of 10 sweeps. Both rules agree. Rule confidence 0.81, not calibrated.",,TU7BbAsb8t371eMijQeiGXsiLvY1vZbsFs,curated,USDT,1.0,233.186536,233.186536,10,1,10,40.5,confirmed,TFLxNHunhEizmeEdiMyA3r2XGLSKaEznGd,CoinDCX,native,9,5e870d51381af5394d9f562d560b55cb1beb05c377c33a6839f896a5301e96f3,2025-06-02T16:04:06Z,True
TUHYBvSQR79g8wXhKgY7TxwkJFSQokVTu7,tron,CoinDCX,exchange,deposit,derived,sweep+gas,0.8075,"Sweep rule: forwarded 100% of the 253.23 USDT it received from 1 sender to CoinDCX wallet TU7BbA…vZbsFs (curated list) in 2 sweeps, typically 25 seconds after arrival. Gas rule: TFLxNH…aEznGd, labelled CoinDCX, sent the fee money for 2 of 2 sweeps. Both rules agree. Rule confidence 0.81, not calibrated.",,TU7BbAsb8t371eMijQeiGXsiLvY1vZbsFs,curated,USDT,1.0,253.230000,253.230000,2,1,2,25.5,confirmed,TFLxNHunhEizmeEdiMyA3r2XGLSKaEznGd,CoinDCX,native,2,b2de762c6adbee76e9eacda33c8265a4c2b730634318bda73102a096a2cb36a7,2025-06-10T03:40:06Z,True
TUJ6HQCPNWPF2ARtD5yEtnrhbmEK5q6A4S,tron,CoinDCX,exchange,deposit,derived,sweep+gas,0.8075,"Sweep rule: forwarded 100% of the 628.93 USDT it received from 2 senders to CoinDCX wallet TU7BbA…vZbsFs (curated list) in 3 sweeps, typically 28 seconds after arrival. Gas rule: TFLxNH…aEznGd, labelled CoinDCX, sent the fee money for 3 of 3 sweeps. Both rules agree. Rule confidence 0.81, not calibrated.",,TU7BbAsb8t371eMijQeiGXsiLvY1vZbsFs,curated,USDT,1.0,628.930000,628.930000,2,2,3,28.5,confirmed,TFLxNHunhEizmeEdiMyA3r2XGLSKaEznGd,CoinDCX,native,3,33b05b2b2f05a76ab5f98393eee4702457a6da56736d7489c5719c50b652743c,2025-06-25T09:30:51Z,True
TUP7HbSkAv6cV6aVPz56YBtY3azqSR3rSi,tron,CoinDCX,exchange,deposit,derived,sweep+gas,0.8075,"Sweep rule: forwarded 100% of the 201.97 USDT it received from 1 sender to CoinDCX wallet TU7BbA…vZbsFs (curated list) in 3 sweeps, typically 19 seconds after arrival. Gas rule: TFLxNH…aEznGd, labelled CoinDCX, sent the fee money for 3 of 3 sweeps. Both rules agree. Rule confidence 0.81, not calibrated.",,TU7BbAsb8t371eMijQeiGXsiLvY1vZbsFs,curated,USDT,1.0,201.970000,201.970000,2,1,3,19.5,confirmed,TFLxNHunhEizmeEdiMyA3r2XGLSKaEznGd,CoinDCX,native,3,987cf4d8481eed1d7011124f09b184cd56ff412a2355ee6b9a1ec035a6de6f17,2025-09-22T19:03:09Z,True
TUPb4WHUcFH6n5Z8N52x548Ri53H2EphPj,tron,CoinDCX,exchange,deposit,derived,sweep+gas,0.8075,"Sweep rule: forwarded 100% of the 664.55 USDT it received from 1 sender to CoinDCX wallet TU7BbA…vZbsFs (curated list) in 1 sweep, typically 39 seconds after arrival. Gas rule: TFLxNH…aEznGd, labelled CoinDCX, sent the fee money for 1 of 1 sweep. Both rules agree. Rule confidence 0.81, not calibrated.",,TU7BbAsb8t371eMijQeiGXsiLvY1vZbsFs,curated,USDT,1.0,664.548312,664.548312,1,1,1,39.0,confirmed,TFLxNHunhEizmeEdiMyA3r2XGLSKaEznGd,CoinDCX,native,1,dcaa08e1ec7635cdb6e8710d76e6413b308e1e8371ffad54bda82ec080060a09,2025-05-26T01:49:06Z,True
TURqejFxQZfo7cFDoackU1FPgwGvKo9Jrb,tron,CoinDCX,exchange,deposit,derived,sweep+gas,0.8075,"Sweep rule: forwarded 100% of the 59 USDT it received from 2 senders to CoinDCX wallet TU7BbA…vZbsFs (curated list) in 2 sweeps, typically 34 seconds after arrival. Gas rule: TFLxNH…aEznGd, labelled CoinDCX, sent the fee money for 2 of 2 sweeps. Both rules agree. Rule confidence 0.81, not calibrated.",,TU7BbAsb8t371eMijQeiGXsiLvY1vZbsFs,curated,USDT,1.0,59.000000,59.000000,2,2,2,34.5,confirmed,TFLxNHunhEizmeEdiMyA3r2XGLSKaEznGd,CoinDCX,native,2,909e4a03a092236ca6d1f7033a71951be9fc66dfc660122b9c81b36aafd075fb,2025-05-27T14:38:39Z,True
TUUR4Puxvzk5FkDGmsK2wX9SsFh5hdv8gM,tron,CoinDCX,exchange,deposit,derived,sweep+gas,0.8075,"Sweep rule: forwarded 100% of the 716.20 USDT it received from 13 senders to CoinDCX wallet TU7BbA…vZbsFs (curated list) in 25 sweeps, typically 36 seconds after arrival. Only its first 50 transfers since 2025-05-18 were read; what it did later is not covered. Its gas listing was not read to the end. Gas rule: TFLxNH…aEznGd, labelled CoinDCX, sent the fee money for 23 of 25 sweeps. Both rules agree. Rule confidence 0.81, not calibrated.",,TU7BbAsb8t371eMijQeiGXsiLvY1vZbsFs,curated,USDT,1.0,716.200000,716.200000,25,13,25,36.0,confirmed,TFLxNHunhEizmeEdiMyA3r2XGLSKaEznGd,CoinDCX,native,23,c822a2fe468b6f1f7ef2369e3143c1e5773769f3a85e27597894f0658cea1866,2025-05-29T15:59:06Z,False
TUaB2Ai9t7qvVZ2BpT6QTAb4M5zALhfHz4,tron,CoinDCX,exchange,deposit,derived,sweep+gas,0.8075,"Sweep rule: forwarded 100% of the 77.95 USDT it received from 1 sender to CoinDCX wallet TU7BbA…vZbsFs (curated list) in 5 sweeps, typically 36 seconds after arrival. Gas rule: TFLxNH…aEznGd, labelled CoinDCX, sent the fee money for 5 of 5 sweeps. Both rules agree. Rule confidence 0.81, not calibrated.",,TU7BbAsb8t371eMijQeiGXsiLvY1vZbsFs,curated,USDT,1.0,77.948838,77.948838,5,1,5,36.0,confirmed,TFLxNHunhEizmeEdiMyA3r2XGLSKaEznGd,CoinDCX,native,5,34544f9e17f70e771bd3d5ba804f62c334197708951d5eeee609def6c0af2cd9,2025-06-06T04:54:06Z,True
TUbNJHjcAHtFPFcLU1vMBNSt6Eaj6KUWy5,tron,CoinDCX,exchange,deposit,derived,sweep+gas,0.8075,"Sweep rule: forwarded 100% of the 499 USDT it received from 3 senders to CoinDCX wallet TU7BbA…vZbsFs (curated list) in 5 sweeps, typically 39 seconds after arrival. Gas rule: TFLxNH…aEznGd, labelled CoinDCX, sent the fee money for 5 of 5 sweeps. Both rules agree. Rule confidence 0.81, not calibrated.",,TU7BbAsb8t371eMijQeiGXsiLvY1vZbsFs,curated,USDT,1.0,499.000000,499.000000,5,3,5,39.0,confirmed,TFLxNHunhEizmeEdiMyA3r2XGLSKaEznGd,CoinDCX,native,5,e3c727a4b45eec7bcec69b45d7accc7db4de60b9fe04f308a6ea3ff75e06e985,2025-06-14T10:40:06Z,True
TUjv5vBE9YWDfsUukp3AMsnkSuLVcWccCQ,tron,CoinDCX,exchange,deposit,derived,sweep+gas,0.8075,"Sweep rule: forwarded 100% of the 100 USDT it received from 1 sender to CoinDCX wallet TU7BbA…vZbsFs (curated list) in 1 sweep, typically 30 seconds after arrival. Gas rule: TFLxNH…aEznGd, labelled CoinDCX, sent the fee money for 1 of 1 sweep. Both rules agree. Rule confidence 0.81, not calibrated.",,TU7BbAsb8t371eMijQeiGXsiLvY1vZbsFs,curated,USDT,1.0,100.000000,100.000000,1,1,1,30.0,confirmed,TFLxNHunhEizmeEdiMyA3r2XGLSKaEznGd,CoinDCX,native,1,33187656e9622d614b775b0172e1d23449b11710526609b750a5658096d7d83e,2025-05-29T13:25:36Z,True
TUwwuvD1kZbxt9onq1TdSWvhG62uNoDZkg,tron,CoinDCX,exchange,deposit,derived,sweep+gas,0.8075,"Sweep rule: forwarded 100% of the 145.55 USDT it received from 1 sender to CoinDCX wallet TU7BbA…vZbsFs (curated list) in 3 sweeps, typically 27 seconds after arrival. Gas rule: TFLxNH…aEznGd, labelled CoinDCX, sent the fee money for 3 of 3 sweeps. Both rules agree. Rule confidence 0.81, not calibrated.",,TU7BbAsb8t371eMijQeiGXsiLvY1vZbsFs,curated,USDT,1.0,145.554745,145.554745,3,1,3,27.0,confirmed,TFLxNHunhEizmeEdiMyA3r2XGLSKaEznGd,CoinDCX,native,3,5d34be2ab1a6412ce1facd53fba92c1d6f2c550977d523128eb1c6b51db1eda9,2025-06-03T14:37:36Z,True
TUy67B1mBPETq4XWWM5qWzfmXTztWtnC15,tron,CoinDCX,exchange,deposit,derived,sweep+gas,0.8075,"Sweep rule: forwarded 100% of the 5,200 USDT it received from 1 sender to CoinDCX wallet TU7BbA…vZbsFs (curated list) in 3 sweeps, typically 42 seconds after arrival. Gas rule: TFLxNH…aEznGd, labelled CoinDCX, sent the fee money for 3 of 3 sweeps. Both rules agree. Rule confidence 0.81, not calibrated.",,TU7BbAsb8t371eMijQeiGXsiLvY1vZbsFs,curated,USDT,1.0,5200.000000,5200.000000,3,1,3,42.0,confirmed,TFLxNHunhEizmeEdiMyA3r2XGLSKaEznGd,CoinDCX,native,3,a391576e202f5534c6a1d39cdc07ae1509fb083182a239c19b8f26373e82badc,2025-07-30T08:14:36Z,True
TUyCMZjeni9sbBwLKr9W8DvUXEnaiLqvjn,tron,CoinDCX,exchange,deposit,derived,sweep+gas,0.8075,"Sweep rule: forwarded 100% of the 784 USDT it received from 4 senders to CoinDCX wallet TU7BbA…vZbsFs (curated list) in 4 sweeps, typically 30 seconds after arrival. Gas rule: TFLxNH…aEznGd, labelled CoinDCX, sent the fee money for 4 of 4 sweeps. Both rules agree. Rule confidence 0.81, not calibrated.",,TU7BbAsb8t371eMijQeiGXsiLvY1vZbsFs,curated,USDT,1.0,784.000000,784.000000,4,4,4,30.0,confirmed,TFLxNHunhEizmeEdiMyA3r2XGLSKaEznGd,CoinDCX,native,4,6baa81fb1c34086da06ac66046fb9ac7e14cd7a46ee5e6a6901d056343a2a3a9,2025-06-10T18:13:06Z,True
TV4YEAALLDDAwcqJYQXPmJcni3qQoX88Xg,tron,CoinDCX,exchange,deposit,derived,sweep,0.68,"Sweep rule: forwarded 99% of the 1.02 USDT it received from 1 sender to CoinDCX wallet TFLxNH…aEznGd (curated list) in 1 sweep, typically 6 seconds after arrival. Gas rule: TSvKpc…wT3Ek8, not labelled, paid the energy for 1 of 1 sweep. Sweep rule only. Rule confidence 0.68, not calibrated.",,TFLxNHunhEizmeEdiMyA3r2XGLSKaEznGd,curated,USDT,0.9861,1.024283,1.010000,1,1,1,6.0,unlabelled,TSvKpcNNS1fXie77VLryVbnCtkEGwT3Ek8,,energy,1,5fcc68e467fcca757d2d487a70196a5a415c80e002141c91b49ffdb5f4a3073e,2025-12-06T19:02:42Z,True
TV4kuY8DUjwg7aSLBGNd7ipkp8sV9DDLsL,tron,CoinDCX,exchange,deposit,derived,sweep+gas,0.8075,"Sweep rule: forwarded 100% of the 16.87 USDT it received from 1 sender to CoinDCX wallet TU7BbA…vZbsFs (curated list) in 2 sweeps, typically 36 seconds after arrival. Gas rule: TFLxNH…aEznGd, labelled CoinDCX, sent the fee money for 2 of 2 sweeps. Both rules agree. Rule confidence 0.81, not calibrated.",,TU7BbAsb8t371eMijQeiGXsiLvY1vZbsFs,curated,USDT,1.0,16.867627,16.867627,2,1,2,36.0,confirmed,TFLxNHunhEizmeEdiMyA3r2XGLSKaEznGd,CoinDCX,native,2,34a37a19b51ab94287eb5b465f5b1f1ffcdc630ab97c0e8dc183cf3d687c8268,2025-05-31T08:44:06Z,True
TV51JQ9khnepdguiWUQULZX5SfeAT38hh5,tron,CoinDCX,exchange,deposit,derived,sweep+gas,0.8075,"Sweep rule: forwarded 99% of the 797.10 USDT it received from 1 sender to CoinDCX wallet TU7BbA…vZbsFs (curated list) in 24 sweeps, typically 36 seconds after arrival. Its gas listing was not read to the end. Gas rule: TFLxNH…aEznGd, labelled CoinDCX, sent the fee money for 23 of 24 sweeps. Both rules agree. Rule confidence 0.81, not calibrated.",,TU7BbAsb8t371eMijQeiGXsiLvY1vZbsFs,curated,USDT,0.9906,797.098046,789.577743,24,1,24,36.0,confirmed,TFLxNHunhEizmeEdiMyA3r2XGLSKaEznGd,CoinDCX,native,23,74d86b69909b88603efa20d066f727151138850a2cf8b0fee9d4ee4bccd2a009,2025-09-22T19:01:39Z,False
TV5WWaV1f5HQvn9nb2hEsJX45GyTV1GTtf,tron,CoinDCX,exchange,deposit,derived,sweep+gas,0.8075,"Sweep rule: forwarded 100% of the 52.31 USDT it received from 1 sender to CoinDCX wallet TU7BbA…vZbsFs (curated list) in 1 sweep, typically 24 seconds after arrival. Gas rule: TFLxNH…aEznGd, labelled CoinDCX, sent the fee money for 1 of 1 sweep. Both rules agree. Rule confidence 0.81, not calibrated.",,TU7BbAsb8t371eMijQeiGXsiLvY1vZbsFs,curated,USDT,1.0,52.310000,52.310000,1,1,1,24.0,confirmed,TFLxNHunhEizmeEdiMyA3r2XGLSKaEznGd,CoinDCX,native,1,085ec2140df66f3ba25513c23afcfb39790b054de802dafe905f83aa788d8245,2025-05-27T06:12:06Z,True
TV6v31pVU9NFMbieY5BcRP81FZQEEhDdYK,tron,CoinDCX,exchange,deposit,derived,sweep+gas,0.8075,"Sweep rule: forwarded 100% of the 49 USDT it received from 2 senders to CoinDCX wallet TU7BbA…vZbsFs (curated list) in 4 sweeps, typically 33 seconds after arrival. Gas rule: TFLxNH…aEznGd, labelled CoinDCX, sent the fee money for 4 of 4 sweeps. Both rules agree. Rule confidence 0.81, not calibrated.",,TU7BbAsb8t371eMijQeiGXsiLvY1vZbsFs,curated,USDT,1.0,49.000000,49.000000,4,2,4,33.0,confirmed,TFLxNHunhEizmeEdiMyA3r2XGLSKaEznGd,CoinDCX,native,4,bd7733a0d3abd37364a5196c5d350a3acb819fc244a05e9c66dd4d8d8cd9cda1,2025-06-08T19:07:36Z,True
TV7j7zKPwxacUWSG3QMrC6nrxBWdFD1ggK,tron,CoinDCX,exchange,deposit,derived,sweep+gas,0.8075,"Sweep rule: forwarded 100% of the 1,766 USDT it received from 1 sender to CoinDCX wallet TU7BbA…vZbsFs (curated list) in 25 sweeps, typically 33 seconds after arrival. Only its first 50 transfers since 2025-05-18 were read; what it did later is not covered. Its gas listing was not read to the end. Gas rule: TFLxNH…aEznGd, labelled CoinDCX, sent the fee money for 21 of 25 sweeps. Both rules agree. Rule confidence 0.81, not calibrated.",,TU7BbAsb8t371eMijQeiGXsiLvY1vZbsFs,curated,USDT,1.0,1766.000000,1766.000000,25,1,25,33.0,confirmed,TFLxNHunhEizmeEdiMyA3r2XGLSKaEznGd,CoinDCX,native,21,6ef8add488097b08c68b93eb5cac13074aeedf0ef2e4722fd84ae7cd2edd6bc5,2025-08-17T06:15:06Z,False
TV9EZxctWaADcQJJ3g9VReZ1dby8WgBDeC,tron,CoinDCX,exchange,deposit,derived,sweep+gas,0.8075,"Sweep rule: forwarded 94% of the 479.82 USDT it received from 9 senders to CoinDCX wallet TU7BbA…vZbsFs (curated list) in 24 sweeps, typically 28 seconds after arrival. Only its first 50 transfers since 2025-05-18 were read; what it did later is not covered. Its gas listing was not read to the end. Gas rule: TFLxNH…aEznGd, labelled CoinDCX, sent the fee money for 15 of 24 sweeps. Both rules agree. Rule confidence 0.81, not calibrated.",,TU7BbAsb8t371eMijQeiGXsiLvY1vZbsFs,curated,USDT,0.9447,479.819999,453.289999,26,9,24,28.5,confirmed,TFLxNHunhEizmeEdiMyA3r2XGLSKaEznGd,CoinDCX,native,15,97b6c15e512bc92d93ef724f5cb5a14ee4b2dc428d570908e3378dca61b538c2,2026-05-30T13:26:36Z,False
TVE7e92VDniXL8VzUEnkCQLHfQiQ22NLpY,tron,CoinDCX,exchange,deposit,derived,sweep+gas,0.8075,"Sweep rule: forwarded 100% of the 20,000 USDT it received from 1 sender to CoinDCX wallet TU7BbA…vZbsFs (curated list) in 10 sweeps, typically 31 seconds after arrival. Gas rule: TFLxNH…aEznGd, labelled CoinDCX, sent the fee money for 8 of 10 sweeps. Both rules agree. Rule confidence 0.81, not calibrated.",,TU7BbAsb8t371eMijQeiGXsiLvY1vZbsFs,curated,USDT,1.0,20000.000000,20000.000000,10,1,10,31.5,confirmed,TFLxNHunhEizmeEdiMyA3r2XGLSKaEznGd,CoinDCX,native,8,e0b7d055392ba70e784ca87733800bbe73fbacb4f51d0b682250b293e46475c8,2025-10-21T08:13:36Z,True
TVJXXD21GjRH8fKypZe4rtTEmGruSxHPt3,tron,CoinDCX,exchange,deposit,derived,sweep+gas,0.8075,"Sweep rule: forwarded 94% of the 297.08 USDT it received from 1 sender to CoinDCX wallet TU7BbA…vZbsFs (curated list) in 7 sweeps, typically 31 seconds after arrival. Gas rule: TFLxNH…aEznGd, labelled CoinDCX, sent the fee money for 7 of 7 sweeps. Both rules agree. Rule confidence 0.81, not calibrated.",,TU7BbAsb8t371eMijQeiGXsiLvY1vZbsFs,curated,USDT,0.9401,297.083550,279.288783,7,1,7,31.5,confirmed,TFLxNHunhEizmeEdiMyA3r2XGLSKaEznGd,CoinDCX,native,7,a51c39714754da72a46690951bb981e0137ff65a45ed9cfb8fca813b236551bd,2025-06-25T09:33:24Z,True
TVJxDvfyB1KZbtLAGA2woUYNs1XcYKQqJa,tron,CoinDCX,exchange,deposit,derived,sweep+gas,0.8075,"Sweep rule: forwarded 100% of the 46.21 USDT it received from 1 sender to CoinDCX wallet TU7BbA…vZbsFs (curated list) in 1 sweep, typically 30 seconds after arrival. Gas rule: TFLxNH…aEznGd, labelled CoinDCX, sent the fee money for 1 of 1 sweep. Both rules agree. Rule confidence 0.81, not calibrated.",,TU7BbAsb8t371eMijQeiGXsiLvY1vZbsFs,curated,USDT,1.0,46.211308,46.211308,1,1,1,30.0,confirmed,TFLxNHunhEizmeEdiMyA3r2XGLSKaEznGd,CoinDCX,native,1,e963de8270775888392d88112636be7468324732012ab6cc25750160c82754f4,2025-05-29T15:56:36Z,True
TVSWwKTbsSHWe4P9nnSXXpQJkUbWJNLtQv,tron,CoinDCX,exchange,deposit,derived,sweep+gas,0.8075,"Sweep rule: forwarded 100% of the 12 USDT it received from 1 sender to CoinDCX wallet TU7BbA…vZbsFs (curated list) in 1 sweep, typically 33 seconds after arrival. Gas rule: TFLxNH…aEznGd, labelled CoinDCX, sent the fee money for 1 of 1 sweep. Both rules agree. Rule confidence 0.81, not calibrated.",,TU7BbAsb8t371eMijQeiGXsiLvY1vZbsFs,curated,USDT,1.0,12.000000,12.000000,1,1,1,33.0,confirmed,TFLxNHunhEizmeEdiMyA3r2XGLSKaEznGd,CoinDCX,native,1,20d27ba9fb6b64b9663307b1371b7749bb3f77492775ec1c5acd2a7d2b31470e,2025-05-29T15:07:36Z,True
TVUFepiDnN2WJht1BKmWwromT3Kp3U46QU,tron,CoinDCX,exchange,deposit,derived,sweep+gas,0.8075,"Sweep rule: forwarded 100% of the 265.06 USDT it received from 1 sender to CoinDCX wallet TU7BbA…vZbsFs (curated list) in 8 sweeps, typically 37 seconds after arrival. Gas rule: TFLxNH…aEznGd, labelled CoinDCX, sent the fee money for 7 of 8 sweeps. Both rules agree. Rule confidence 0.81, not calibrated.",,TU7BbAsb8t371eMijQeiGXsiLvY1vZbsFs,curated,USDT,1.0,265.061116,265.061116,8,1,8,37.5,confirmed,TFLxNHunhEizmeEdiMyA3r2XGLSKaEznGd,CoinDCX,native,7,3672ff4818bc0ebec13b04a8d2c5484189376f32553464b6bf9ce03c2dcacf34,2025-06-03T12:19:06Z,True
TVYnd5JPQ4yCMEpojaULr7KVWZRTMEtDia,tron,CoinDCX,exchange,deposit,derived,sweep+gas,0.8075,"Sweep rule: forwarded 100% of the 7,313.94 USDT it received from 1 sender to CoinDCX wallet TU7BbA…vZbsFs (curated list) in 18 sweeps, typically 37 seconds after arrival. Its gas listing was not read to the end. Gas rule: TFLxNH…aEznGd, labelled CoinDCX, sent the fee money for 15 of 18 sweeps. Both rules agree. Rule confidence 0.81, not calibrated.",,TU7BbAsb8t371eMijQeiGXsiLvY1vZbsFs,curated,USDT,1.0,7313.940000,7313.940000,18,1,18,37.5,confirmed,TFLxNHunhEizmeEdiMyA3r2XGLSKaEznGd,CoinDCX,native,15,061c2c00bf04f5852d8698544b6dd772370104bf7354a34b4eff60286162a70f,2025-07-29T20:15:36Z,False
TVaxkacEeEbuKLArMcD4DETsq6vAd541HL,tron,CoinDCX,exchange,deposit,derived,sweep+gas,0.8075,"Sweep rule: forwarded 100% of the 339.67 USDT it received from 11 senders to CoinDCX wallet TU7BbA…vZbsFs (curated list) in 25 sweeps, typically 36 seconds after arrival. Only its first 50 transfers since 2025-05-18 were read; what it did later is not covered. Its gas listing was not read to the end. Gas rule: TFLxNH…aEznGd, labelled CoinDCX, sent the fee money for 22 of 25 sweeps. Both rules agree. Rule confidence 0.81, not calibrated.",,TU7BbAsb8t371eMijQeiGXsiLvY1vZbsFs,curated,USDT,1.0,339.670000,339.670000,25,11,25,36.0,confirmed,TFLxNHunhEizmeEdiMyA3r2XGLSKaEznGd,CoinDCX,native,22,2399066dd5f5d7c3d617ce45ad6a23dbd181b13c959b881f692d4f51b7752b49,2025-06-08T02:59:09Z,False
TVazebH6E8Bxoa15zpMuMYYNwYUayivvgq,tron,CoinDCX,exchange,deposit,derived,sweep+gas,0.8075,"Sweep rule: forwarded 100% of the 1,888 USDT it received from 1 sender to CoinDCX wallet TU7BbA…vZbsFs (curated list) in 25 sweeps, typically 33 seconds after arrival. Only its first 50 transfers since 2025-05-18 were read; what it did later is not covered. Its gas listing was not read to the end. Gas rule: TFLxNH…aEznGd, labelled CoinDCX, sent the fee money for 19 of 25 sweeps. Both rules agree. Rule confidence 0.81, not calibrated.",,TU7BbAsb8t371eMijQeiGXsiLvY1vZbsFs,curated,USDT,1.0,1888.000000,1888.000000,25,1,25,33.0,confirmed,TFLxNHunhEizmeEdiMyA3r2XGLSKaEznGd,CoinDCX,native,19,93d803673cb360491f551132b390a9ddde687787f85718f477ae2c448be17419,2025-07-24T13:51:36Z,False
TVdpB7CSs5niHdaqTRqc8keaASP2DpkQrA,tron,CoinDCX,exchange,deposit,derived,sweep+gas,0.8075,"Sweep rule: forwarded 100% of the 9.74 USDT it received from 1 sender to CoinDCX wallet TU7BbA…vZbsFs (curated list) in 1 sweep, typically 24 seconds after arrival. Gas rule: TFLxNH…aEznGd, labelled CoinDCX, sent the fee money for 1 of 1 sweep. Both rules agree. Rule confidence 0.81, not calibrated.",,TU7BbAsb8t371eMijQeiGXsiLvY1vZbsFs,curated,USDT,1.0,9.740000,9.740000,1,1,1,24.0,confirmed,TFLxNHunhEizmeEdiMyA3r2XGLSKaEznGd,CoinDCX,native,1,d08d4c222e2e09eef564e4d9fd57ca5120bda0cb4b5273ee1c1a006ed485ba12,2025-05-26T09:41:09Z,True
TVfaey3yr33E5begdxPABsfy95qQja1fQd,tron,CoinDCX,exchange,deposit,derived,sweep+gas,0.8075,"Sweep rule: forwarded 100% of the 9 USDT it received from 1 sender to CoinDCX wallet TU7BbA…vZbsFs (curated list) in 1 sweep, typically 39 seconds after arrival. Gas rule: TFLxNH…aEznGd, labelled CoinDCX, sent the fee money for 1 of 1 sweep. Both rules agree. Rule confidence 0.81, not calibrated.",,TU7BbAsb8t371eMijQeiGXsiLvY1vZbsFs,curated,USDT,1.0,9.000000,9.000000,1,1,1,39.0,confirmed,TFLxNHunhEizmeEdiMyA3r2XGLSKaEznGd,CoinDCX,native,1,7e980fa55681f06c4680b1ef0860db0686d8effa547d81b29a7aa6c9a1b3381c,2025-05-30T10:29:36Z,True
TViGFmDc2xz29m4QwiqGL1zpN8dExLd56e,tron,CoinDCX,exchange,deposit,derived,sweep+gas,0.8075,"Sweep rule: forwarded 100% of the 88.70 USDT it received from 6 senders to CoinDCX wallet TU7BbA…vZbsFs (curated list) in 6 sweeps, typically 36 seconds after arrival. Gas rule: TFLxNH…aEznGd, labelled CoinDCX, sent the fee money for 6 of 6 sweeps. Both rules agree. Rule confidence 0.81, not calibrated.",,TU7BbAsb8t371eMijQeiGXsiLvY1vZbsFs,curated,USDT,1.0,88.700000,88.700000,6,6,6,36.0,confirmed,TFLxNHunhEizmeEdiMyA3r2XGLSKaEznGd,CoinDCX,native,6,8bba738d760392d4be492cc6542c60273a2f071adb632594a413df334c66b549,2025-06-16T19:57:36Z,True
TVjhhsMj47qqfC3HqXqq7Kimj1Yg5qJ96N,tron,CoinDCX,exchange,deposit,derived,sweep+gas,0.8075,"Sweep rule: forwarded 100% of the 3,601 USDT it received from 2 senders to CoinDCX wallet TU7BbA…vZbsFs (curated list) in 14 sweeps, typically 30 seconds after arrival. Gas rule: TFLxNH…aEznGd, labelled CoinDCX, sent the fee money for 14 of 14 sweeps. Both rules agree. Rule confidence 0.81, not calibrated.",,TU7BbAsb8t371eMijQeiGXsiLvY1vZbsFs,curated,USDT,1.0,3601.000000,3601.000000,14,2,14,30.0,confirmed,TFLxNHunhEizmeEdiMyA3r2XGLSKaEznGd,CoinDCX,native,14,9fb93b65613e66e670072ee38d4f562c01f72831b5931b7c15b0799b40b4dbcd,2025-06-24T12:51:36Z,True
TVr6xDUQpd46EFAkZ3UBvfJ4y1aoQapo35,tron,CoinDCX,exchange,deposit,derived,sweep+gas,0.8075,"Sweep rule: forwarded 100% of the 166.43 USDT it received from 7 senders to CoinDCX wallet TU7BbA…vZbsFs (curated list) in 10 sweeps, typically 39 seconds after arrival. Gas rule: TFLxNH…aEznGd, labelled CoinDCX, sent the fee money for 9 of 10 sweeps. Both rules agree. Rule confidence 0.81, not calibrated.",,TU7BbAsb8t371eMijQeiGXsiLvY1vZbsFs,curated,USDT,1.0,166.425219,166.425219,9,7,10,39.0,confirmed,TFLxNHunhEizmeEdiMyA3r2XGLSKaEznGd,CoinDCX,native,9,8fbb60a3e83add7653259a2d5c3dbd43f16a8af92a47c63e990397927427125d,2025-08-03T07:34:06Z,True
TVsE7248RLtbGyZ8Ve7N4No3LD1dSGsCvS,tron,CoinDCX,exchange,deposit,derived,sweep+gas,0.8075,"Sweep rule: forwarded 100% of the 19.37 USDT it received from 1 sender to CoinDCX wallet TU7BbA…vZbsFs (curated list) in 1 sweep, typically 36 seconds after arrival. Gas rule: TFLxNH…aEznGd, labelled CoinDCX, sent the fee money for 1 of 1 sweep. Both rules agree. Rule confidence 0.81, not calibrated.",,TU7BbAsb8t371eMijQeiGXsiLvY1vZbsFs,curated,USDT,1.0,19.374657,19.374657,1,1,1,36.0,confirmed,TFLxNHunhEizmeEdiMyA3r2XGLSKaEznGd,CoinDCX,native,1,e2bd150c14b8b9b04a0881087c939aade7b3deb854f37ddb1c0293413e482c7c,2025-05-30T07:29:06Z,True
TVstD8Uh9a4KV8vGBTjTugAjo8LwrQEuXo,tron,CoinDCX,exchange,deposit,derived,sweep+gas,0.8075,"Sweep rule: forwarded 100% of the 25,440.07 USDT it received from 2 senders to CoinDCX wallet TU7BbA…vZbsFs (curated list) in 4 sweeps, typically 42 seconds after arrival. Gas rule: TFLxNH…aEznGd, labelled CoinDCX, sent the fee money for 4 of 4 sweeps. Both rules agree. Rule confidence 0.81, not calibrated.",,TU7BbAsb8t371eMijQeiGXsiLvY1vZbsFs,curated,USDT,1.0,25440.070100,25440.070100,4,2,4,42.0,confirmed,TFLxNHunhEizmeEdiMyA3r2XGLSKaEznGd,CoinDCX,native,4,cfe17fd491f7b5acbf2c1d9c01dd313093fb198a8a99233ebe3c54ca972184c9,2025-05-29T08:29:06Z,True
TVw4baXL3bL4KMHV5LVBmmN8NvL836easi,tron,CoinDCX,exchange,deposit,derived,sweep+gas,0.8075,"Sweep rule: forwarded 100% of the 549.28 USDT it received from 4 senders to CoinDCX wallet TU7BbA…vZbsFs (curated list) in 6 sweeps, typically 34 seconds after arrival. Gas rule: TFLxNH…aEznGd, labelled CoinDCX, sent the fee money for 6 of 6 sweeps. Both rules agree. Rule confidence 0.81, not calibrated.",,TU7BbAsb8t371eMijQeiGXsiLvY1vZbsFs,curated,USDT,1.0,549.280000,549.280000,6,4,6,34.5,confirmed,TFLxNHunhEizmeEdiMyA3r2XGLSKaEznGd,CoinDCX,native,6,27e804de3e99c872a1ff94b3a1efbca73136bbee93bf53d2efb98bf0aa856221,2025-05-27T16:00:36Z,True
TVwbDmHaV5spCzDUdbN6PTegcRQ2JiQMfr,tron,CoinDCX,exchange,deposit,derived,sweep+gas,0.8075,"Sweep rule: forwarded 100% of the 39.76 USDT it received from 2 senders to CoinDCX wallet TU7BbA…vZbsFs (curated list) in 3 sweeps, typically 42 seconds after arrival. Gas rule: TFLxNH…aEznGd, labelled CoinDCX, sent the fee money for 3 of 3 sweeps. Both rules agree. Rule confidence 0.81, not calibrated.",,TU7BbAsb8t371eMijQeiGXsiLvY1vZbsFs,curated,USDT,1.0,39.758026,39.758026,3,2,3,42.0,confirmed,TFLxNHunhEizmeEdiMyA3r2XGLSKaEznGd,CoinDCX,native,3,dec6460c4fe8fc0428ed81f777650030b36f4db8daee3b465d8f86613837014f,2025-05-26T04:16:36Z,True
TVx8u3Z9nhnKkEnrd6rQKDzXCtMoTgZyCj,tron,CoinDCX,exchange,deposit,derived,sweep+gas,0.8075,"Sweep rule: forwarded 100% of the 59.01 USDT it received from 2 senders to CoinDCX wallet TU7BbA…vZbsFs (curated list) in 2 sweeps, typically 24 seconds after arrival. Gas rule: TFLxNH…aEznGd, labelled CoinDCX, sent the fee money for 2 of 2 sweeps. Both rules agree. Rule confidence 0.81, not calibrated.",,TU7BbAsb8t371eMijQeiGXsiLvY1vZbsFs,curated,USDT,1.0,59.008252,59.008252,2,2,2,24.0,confirmed,TFLxNHunhEizmeEdiMyA3r2XGLSKaEznGd,CoinDCX,native,2,711e1db7f3f30ee175259768ce93f76d8415edcb9924201c3a56990c21fe3764,2025-05-25T12:55:06Z,True
TVyAh3JfoqYjJ7Gj5ZE3yxCU5prDowk9vy,tron,CoinDCX,exchange,deposit,derived,sweep+gas,0.8075,"Sweep rule: forwarded 100% of the 111.89 USDT it received from 2 senders to CoinDCX wallet TU7BbA…vZbsFs (curated list) in 3 sweeps, typically 36 seconds after arrival. Gas rule: TFLxNH…aEznGd, labelled CoinDCX, sent the fee money for 3 of 3 sweeps. Both rules agree. Rule confidence 0.81, not calibrated.",,TU7BbAsb8t371eMijQeiGXsiLvY1vZbsFs,curated,USDT,1.0,111.890000,111.890000,3,2,3,36.0,confirmed,TFLxNHunhEizmeEdiMyA3r2XGLSKaEznGd,CoinDCX,native,3,addbdbc438d18c590c53ce84efcd12f58cdd16ac4e7151ff066ff9e40e671605,2025-05-29T12:19:09Z,True
TW1Nn7EpDGwXLMNtRfHpdqZXNUKBikwvzw,tron,CoinDCX,exchange,deposit,derived,sweep+gas,0.8075,"Sweep rule: forwarded 100% of the 339 USDT it received from 3 senders to CoinDCX wallet TU7BbA…vZbsFs (curated list) in 4 sweeps, typically 40 seconds after arrival. Gas rule: TFLxNH…aEznGd, labelled CoinDCX, sent the fee money for 4 of 4 sweeps. Both rules agree. Rule confidence 0.81, not calibrated.",,TU7BbAsb8t371eMijQeiGXsiLvY1vZbsFs,curated,USDT,1.0,339.000000,339.000000,4,3,4,40.5,confirmed,TFLxNHunhEizmeEdiMyA3r2XGLSKaEznGd,CoinDCX,native,4,d3422f19399380b0c1acd33b72b343161a3befee18a9e8defa873f63bff7d4ad,2025-06-04T14:55:36Z,True
TW2Vm7aU5KLL5gb2tyE21vRCavs9KwWNWa,tron,CoinDCX,exchange,deposit,derived,sweep+gas,0.8075,"Sweep rule: forwarded 100% of the 110.64 USDT it received from 4 senders to CoinDCX wallet TU7BbA…vZbsFs (curated list) in 4 sweeps, typically 33 seconds after arrival. Gas rule: TFLxNH…aEznGd, labelled CoinDCX, sent the fee money for 4 of 4 sweeps. Both rules agree. Rule confidence 0.81, not calibrated.",,TU7BbAsb8t371eMijQeiGXsiLvY1vZbsFs,curated,USDT,1.0,110.640000,110.640000,4,4,4,33.0,confirmed,TFLxNHunhEizmeEdiMyA3r2XGLSKaEznGd,CoinDCX,native,4,d031f424c2b0f6339593190c05f9681d8ba219e3dff6e56031f2f306f4ab87de,2025-06-02T21:29:36Z,True
TW5PjTQGLLXtQy3vUDbT5Ey6AW4NvJzX2Y,tron,CoinDCX,exchange,deposit,derived,sweep+gas,0.8075,"Sweep rule: forwarded 100% of the 97.65 USDT it received from 1 sender to CoinDCX wallet TU7BbA…vZbsFs (curated list) in 3 sweeps, typically 48 seconds after arrival. Gas rule: TFLxNH…aEznGd, labelled CoinDCX, sent the fee money for 3 of 3 sweeps. Both rules agree. Rule confidence 0.81, not calibrated.",,TU7BbAsb8t371eMijQeiGXsiLvY1vZbsFs,curated,USDT,1.0,97.647118,97.647118,3,1,3,48.0,confirmed,TFLxNHunhEizmeEdiMyA3r2XGLSKaEznGd,CoinDCX,native,3,5bb1d82c54d425dda27800d51085d541bceb7cf7d31ccba663a58a699f1ff7dc,2025-05-28T07:12:36Z,True
TW5yB5JcyGD48YQ5VvFuFbJ4zUm6K1A3Ty,tron,CoinDCX,exchange,deposit,derived,sweep+gas,0.8075,"Sweep rule: forwarded 100% of the 54.60 USDT it received from 1 sender to CoinDCX wallet TU7BbA…vZbsFs (curated list) in 2 sweeps, typically 30 seconds after arrival. Gas rule: TFLxNH…aEznGd, labelled CoinDCX, sent the fee money for 2 of 2 sweeps. Both rules agree. Rule confidence 0.81, not calibrated.",,TU7BbAsb8t371eMijQeiGXsiLvY1vZbsFs,curated,USDT,1.0,54.603000,54.603000,2,1,2,30.0,confirmed,TFLxNHunhEizmeEdiMyA3r2XGLSKaEznGd,CoinDCX,native,2,744faa65893743762f97a89d6720c3a21ff098a66f2dce77d8b4854f3ff7be27,2025-05-31T05:17:06Z,True
TWDKhej11bS55Xsc6wqQsjBRKiFDbDuy4j,tron,CoinDCX,exchange,deposit,derived,sweep+gas,0.8075,"Sweep rule: forwarded 100% of the 364.33 USDT it received from 5 senders to CoinDCX wallet TU7BbA…vZbsFs (curated list) in 14 sweeps, typically 30 seconds after arrival. Gas rule: TFLxNH…aEznGd, labelled CoinDCX, sent the fee money for 13 of 14 sweeps. Both rules agree. Rule confidence 0.81, not calibrated.",,TU7BbAsb8t371eMijQeiGXsiLvY1vZbsFs,curated,USDT,1.0,364.330000,364.330000,14,5,14,30.0,confirmed,TFLxNHunhEizmeEdiMyA3r2XGLSKaEznGd,CoinDCX,native,13,fb2e5b6f16c3767717c65309bfe0cd6130312fd1407b32fbd351638e6a21ad86,2025-10-04T16:14:06Z,True
TWMrm35ZjG7z4q61BPrtuBgeyRkCgCbKHW,tron,CoinDCX,exchange,deposit,derived,sweep+gas,0.8075,"Sweep rule: forwarded 100% of the 628 USDT it received from 1 sender to CoinDCX wallet TU7BbA…vZbsFs (curated list) in 3 sweeps, typically 39 seconds after arrival. Gas rule: TFLxNH…aEznGd, labelled CoinDCX, sent the fee money for 3 of 3 sweeps. Both rules agree. Rule confidence 0.81, not calibrated.",,TU7BbAsb8t371eMijQeiGXsiLvY1vZbsFs,curated,USDT,1.0,628.000000,628.000000,3,1,3,39.0,confirmed,TFLxNHunhEizmeEdiMyA3r2XGLSKaEznGd,CoinDCX,native,3,568d4183b2c36af800c5df47bb692aa7f44d00e73f10b380df3b96b13748faea,2025-06-13T06:15:36Z,True
TWSCJk4BTYf9kzcJeS6Jypk8nGqjeJTH5E,tron,CoinDCX,exchange,deposit,derived,sweep+gas,0.8075,"Sweep rule: forwarded 94% of the 225.54 USDT it received from 3 senders to CoinDCX wallet TU7BbA…vZbsFs (curated list) in 11 sweeps, typically 39 seconds after arrival. Gas rule: TFLxNH…aEznGd, labelled CoinDCX, sent the fee money for 9 of 11 sweeps. Both rules agree. Rule confidence 0.81, not calibrated.",,TU7BbAsb8t371eMijQeiGXsiLvY1vZbsFs,curated,USDT,0.9428,225.540000,212.640000,12,3,11,39.0,confirmed,TFLxNHunhEizmeEdiMyA3r2XGLSKaEznGd,CoinDCX,native,9,818d44b40951fdc16db97c8798d51f67c91aff94b8a108f8ed9ef4f1489f65e8,2025-11-07T06:06:36Z,True
TWTrbNu3GTZhLTSCFMBb8382Wp47xn9f1Q,tron,CoinDCX,exchange,deposit,derived,sweep+gas,0.8075,"Sweep rule: forwarded 100% of the 4,125 USDT it received from 10 senders to CoinDCX wallet TU7BbA…vZbsFs (curated list) in 25 sweeps, typically 33 seconds after arrival. Only its first 50 transfers since 2025-05-18 were read; what it did later is not covered. Its gas listing was not read to the end. Gas rule: TFLxNH…aEznGd, labelled CoinDCX, sent the fee money for 20 of 25 sweeps. Both rules agree. Rule confidence 0.81, not calibrated.",,TU7BbAsb8t371eMijQeiGXsiLvY1vZbsFs,curated,USDT,1.0,4125.000000,4125.000000,25,10,25,33.0,confirmed,TFLxNHunhEizmeEdiMyA3r2XGLSKaEznGd,CoinDCX,native,20,3299ab2d7c03814bcbb7bd1b71ecb305ddaa927017e5cc0dc933eb2918bce135,2025-07-05T08:41:36Z,False
TWVkuNcafb3Lyh9YUTv5SwW8QTB9522x74,tron,CoinDCX,exchange,deposit,derived,sweep+gas,0.8075,"Sweep rule: forwarded 100% of the 1,038.60 USDT it received from 3 senders to CoinDCX wallet TU7BbA…vZbsFs (curated list) in 5 sweeps, typically 39 seconds after arrival. Gas rule: TFLxNH…aEznGd, labelled CoinDCX, sent the fee money for 5 of 5 sweeps. Both rules agree. Rule confidence 0.81, not calibrated.",,TU7BbAsb8t371eMijQeiGXsiLvY1vZbsFs,curated,USDT,1.0,1038.600000,1038.600000,5,3,5,39.0,confirmed,TFLxNHunhEizmeEdiMyA3r2XGLSKaEznGd,CoinDCX,native,5,97a84c9477cda634f56a4e6da5ab3882cf96b1fded9fa130ebdc7a16f1d85899,2025-05-28T13:00:09Z,True
TWYEzAetJPAfbmFmgd1gNj1VX5TFh3Tq11,tron,CoinDCX,exchange,deposit,derived,sweep+gas,0.8075,"Sweep rule: forwarded 100% of the 202.36 USDT it received from 1 sender to CoinDCX wallet TU7BbA…vZbsFs (curated list) in 13 sweeps, typically 45 seconds after arrival. Gas rule: TFLxNH…aEznGd, labelled CoinDCX, sent the fee money for 12 of 13 sweeps. Both rules agree. Rule confidence 0.81, not calibrated.",,TU7BbAsb8t371eMijQeiGXsiLvY1vZbsFs,curated,USDT,1.0,202.358390,202.358390,13,1,13,45.0,confirmed,TFLxNHunhEizmeEdiMyA3r2XGLSKaEznGd,CoinDCX,native,12,678a4b8b6fbcf28a3d421d930fd2366f18577ab36e81a676e84aa7f88c12a8c3,2025-06-11T04:28:06Z,True
TWYgqLJaB9EZEuqQbLPsw8MTc8nXbPr8VB,tron,CoinDCX,exchange,deposit,derived,sweep+gas,0.8075,"Sweep rule: forwarded 100% of the 53.57 USDT it received from 1 sender to CoinDCX wallet TU7BbA…vZbsFs (curated list) in 2 sweeps, typically 27 seconds after arrival. Gas rule: TFLxNH…aEznGd, labelled CoinDCX, sent the fee money for 2 of 2 sweeps. Both rules agree. Rule confidence 0.81, not calibrated.",,TU7BbAsb8t371eMijQeiGXsiLvY1vZbsFs,curated,USDT,1.0,53.570000,53.570000,2,1,2,27.0,confirmed,TFLxNHunhEizmeEdiMyA3r2XGLSKaEznGd,CoinDCX,native,2,e810a1875a7ff9f7c8ccd4a993c6e592f7565019cd991a047798132cc3b1fbff,2025-06-04T16:17:36Z,True
TWqM6JwNSH2T1mbPHEhHtVY7RrjLv7y19s,tron,CoinDCX,exchange,deposit,derived,sweep+gas,0.8075,"Sweep rule: forwarded 100% of the 192.58 USDT it received from 1 sender to CoinDCX wallet TU7BbA…vZbsFs (curated list) in 7 sweeps, typically 42 seconds after arrival. Gas rule: TFLxNH…aEznGd, labelled CoinDCX, sent the fee money for 7 of 7 sweeps. Both rules agree. Rule confidence 0.81, not calibrated.",,TU7BbAsb8t371eMijQeiGXsiLvY1vZbsFs,curated,USDT,1.0,192.582906,192.582906,7,1,7,42.0,confirmed,TFLxNHunhEizmeEdiMyA3r2XGLSKaEznGd,CoinDCX,native,7,5bf8d17bebd7a607dcfcabe728956e2a6267aba9013f0efee657894614c6f781,2025-06-04T15:39:36Z,True
TWx3TyGudBPTGT7C2zB1ogXf1JyNR8Cdv1,tron,CoinDCX,exchange,deposit,derived,sweep+gas,0.8075,"Sweep rule: forwarded 100% of the 11.70 USDT it received from 1 sender to CoinDCX wallet TU7BbA…vZbsFs (curated list) in 1 sweep, typically 24 seconds after arrival. Gas rule: TFLxNH…aEznGd, labelled CoinDCX, sent the fee money for 1 of 1 sweep. Both rules agree. Rule confidence 0.81, not calibrated.",,TU7BbAsb8t371eMijQeiGXsiLvY1vZbsFs,curated,USDT,1.0,11.703136,11.703136,1,1,1,24.0,confirmed,TFLxNHunhEizmeEdiMyA3r2XGLSKaEznGd,CoinDCX,native,1,53c389b0dec852b220948ea277627cf30585dc456ec589d311ee11a63d5c8d9d,2025-05-27T09:22:36Z,True
TWxnRg5Mop7wsxrBMYWr78Eev2a9naiEhb,tron,CoinDCX,exchange,deposit,derived,sweep+gas,0.8075,"Sweep rule: forwarded 100% of the 33.04 USDT it received from 1 sender to CoinDCX wallet TU7BbA…vZbsFs (curated list) in 2 sweeps, typically 43 seconds after arrival. Gas rule: TFLxNH…aEznGd, labelled CoinDCX, sent the fee money for 2 of 2 sweeps. Both rules agree. Rule confidence 0.81, not calibrated.",,TU7BbAsb8t371eMijQeiGXsiLvY1vZbsFs,curated,USDT,1.0,33.040000,33.040000,2,1,2,43.5,confirmed,TFLxNHunhEizmeEdiMyA3r2XGLSKaEznGd,CoinDCX,native,2,41fac7250dbb937867bcbde055c0dc8fbb882479e0d27a44a4f73bf86c29f002,2025-09-26T01:20:03Z,True
TX3VDKN2KuAeUhvZH5MVTPT9HhMRfFGrDy,tron,CoinDCX,exchange,deposit,derived,sweep+gas,0.8075,"Sweep rule: forwarded 100% of the 16,493.90 USDT it received from 2 senders to CoinDCX wallet TU7BbA…vZbsFs (curated list) in 6 sweeps, typically 39 seconds after arrival. Gas rule: TFLxNH…aEznGd, labelled CoinDCX, sent the fee money for 5 of 6 sweeps. Both rules agree. Rule confidence 0.81, not calibrated.",,TU7BbAsb8t371eMijQeiGXsiLvY1vZbsFs,curated,USDT,1.0,16493.896601,16493.896601,6,2,6,39.0,confirmed,TFLxNHunhEizmeEdiMyA3r2XGLSKaEznGd,CoinDCX,native,5,943e9dc568a0a0649df877507554e6ddcf7bfb547983c37e53e675b1165945b9,2025-09-29T10:06:36Z,True
TX4RcEDmcopbe4YK8SWA6tHJy8PtDKFXFH,tron,CoinDCX,exchange,deposit,derived,sweep+gas,0.8075,"Sweep rule: forwarded 100% of the 4,203 USDT it received from 11 senders to CoinDCX wallet TU7BbA…vZbsFs (curated list) in 21 sweeps, typically 33 seconds after arrival. Its gas listing was not read to the end. Gas rule: TFLxNH…aEznGd, labelled CoinDCX, sent the fee money for 19 of 21 sweeps. Both rules agree. Rule confidence 0.81, not calibrated.",,TU7BbAsb8t371eMijQeiGXsiLvY1vZbsFs,curated,USDT,1.0,4203.000000,4203.000000,21,11,21,33.0,confirmed,TFLxNHunhEizmeEdiMyA3r2XGLSKaEznGd,CoinDCX,native,19,397386c41b267ec2069766d25643177877af46205a2f359f1ccb26e9b1d5d8e5,2025-07-09T11:35:09Z,False
TX79So8JdbvycayqqsrSdenrRsph2EWDF4,tron,CoinDCX,exchange,deposit,derived,sweep+gas,0.8075,"Sweep rule: forwarded 100% of the 215.50 USDT it received from 2 senders to CoinDCX wallet TU7BbA…vZbsFs (curated list) in 6 sweeps, typically 36 seconds after arrival. Gas rule: TFLxNH…aEznGd, labelled CoinDCX, sent the fee money for 6 of 6 sweeps. Both rules agree. Rule confidence 0.81, not calibrated.",,TU7BbAsb8t371eMijQeiGXsiLvY1vZbsFs,curated,USDT,1.0,215.497700,215.497700,6,2,6,36.0,confirmed,TFLxNHunhEizmeEdiMyA3r2XGLSKaEznGd,CoinDCX,native,6,58b57cb4447665c05b888830564e855eb7ce157620974a9c11ad19e0b7b9383c,2025-06-14T03:49:06Z,True
TXAPBMcjzpfQMTycSzmdnCCur8mzrxKSXs,tron,CoinDCX,exchange,deposit,derived,sweep+gas,0.8075,"Sweep rule: forwarded 100% of the 5,641.86 USDT it received from 9 senders to CoinDCX wallet TU7BbA…vZbsFs (curated list) in 23 sweeps, typically 39 seconds after arrival. Its gas listing was not read to the end. Gas rule: TFLxNH…aEznGd, labelled CoinDCX, sent the fee money for 19 of 23 sweeps. Both rules agree. Rule confidence 0.81, not calibrated.",,TU7BbAsb8t371eMijQeiGXsiLvY1vZbsFs,curated,USDT,1.0,5641.856790,5641.856790,23,9,23,39.0,confirmed,TFLxNHunhEizmeEdiMyA3r2XGLSKaEznGd,CoinDCX,native,19,f8f17ffad959805fce942ada9a0210a5afbbc03a62594cedfcea57b5948dd685,2025-06-17T12:43:36Z,False
TXDBG439rfSUCRLPc6encJcmwt1HFej3Ze,tron,CoinDCX,exchange,deposit,derived,sweep+gas,0.8075,"Sweep rule: forwarded 100% of the 10.11 USDT it received from 1 sender to CoinDCX wallet TU7BbA…vZbsFs (curated list) in 1 sweep, typically 42 seconds after arrival. Gas rule: TFLxNH…aEznGd, labelled CoinDCX, sent the fee money for 1 of 1 sweep. Both rules agree. Rule confidence 0.81, not calibrated.",,TU7BbAsb8t371eMijQeiGXsiLvY1vZbsFs,curated,USDT,1.0,10.106232,10.106232,1,1,1,42.0,confirmed,TFLxNHunhEizmeEdiMyA3r2XGLSKaEznGd,CoinDCX,native,1,8330705717cdbfff92e65120699ec190211b6c98d297b902510bdf6380f39595,2025-05-25T10:30:36Z,True
TXDp6DALWgeb6FiVczi6XjQT1szxzBwHSm,tron,CoinDCX,exchange,deposit,derived,sweep+gas,0.8075,"Sweep rule: forwarded 100% of the 126.06 USDT it received from 1 sender to CoinDCX wallet TU7BbA…vZbsFs (curated list) in 6 sweeps, typically 39 seconds after arrival. Gas rule: TFLxNH…aEznGd, labelled CoinDCX, sent the fee money for 5 of 6 sweeps. Both rules agree. Rule confidence 0.81, not calibrated.",,TU7BbAsb8t371eMijQeiGXsiLvY1vZbsFs,curated,USDT,1.0,126.061477,126.061477,6,1,6,39.0,confirmed,TFLxNHunhEizmeEdiMyA3r2XGLSKaEznGd,CoinDCX,native,5,ba7e15db021286a06328dbfbd078a795fddc1ab48f94afed26d274c856825513,2025-05-30T03:49:06Z,True
TXEgXCYRcS9XqyiBt7DRaQi5n3YDFfE1oY,tron,CoinDCX,exchange,deposit,derived,sweep+gas,0.8075,"Sweep rule: forwarded 100% of the 8,000 USDT it received from 1 sender to CoinDCX wallet TU7BbA…vZbsFs (curated list) in 5 sweeps, typically 40 seconds after arrival. Gas rule: TFLxNH…aEznGd, labelled CoinDCX, sent the fee money for 5 of 5 sweeps. Both rules agree. Rule confidence 0.81, not calibrated.",,TU7BbAsb8t371eMijQeiGXsiLvY1vZbsFs,curated,USDT,1.0,8000.000000,8000.000000,4,1,5,40.5,confirmed,TFLxNHunhEizmeEdiMyA3r2XGLSKaEznGd,CoinDCX,native,5,dfd61fcaa385af1c6c21efffe6a6380001f89ed07cf7179008f42196547b44b9,2025-06-25T09:32:18Z,True
TXGcKma6yaEUmBuDd4ok8b2fYQkZRAVtMk,tron,CoinDCX,exchange,deposit,derived,sweep+gas,0.8075,"Sweep rule: forwarded 100% of the 148.32 USDT it received from 1 sender to CoinDCX wallet TU7BbA…vZbsFs (curated list) in 1 sweep, typically 39 seconds after arrival. Gas rule: TFLxNH…aEznGd, labelled CoinDCX, sent the fee money for 1 of 1 sweep. Both rules agree. Rule confidence 0.81, not calibrated.",,TU7BbAsb8t371eMijQeiGXsiLvY1vZbsFs,curated,USDT,1.0,148.321705,148.321705,1,1,1,39.0,confirmed,TFLxNHunhEizmeEdiMyA3r2XGLSKaEznGd,CoinDCX,native,1,a7a3c8011675b2e51111bbcf71cc32b3870a0a48cf25c54b776b43341c469ed4,2025-05-28T11:08:06Z,True
TXHvycYo4ghKB5XENP67gqAjK8XdMTUgL5,tron,CoinDCX,exchange,deposit,derived,sweep+gas,0.8075,"Sweep rule: forwarded 100% of the 95.21 USDT it received from 2 senders to CoinDCX wallet TU7BbA…vZbsFs (curated list) in 2 sweeps, typically 34 seconds after arrival. Gas rule: TFLxNH…aEznGd, labelled CoinDCX, sent the fee money for 2 of 2 sweeps. Both rules agree. Rule confidence 0.81, not calibrated.",,TU7BbAsb8t371eMijQeiGXsiLvY1vZbsFs,curated,USDT,1.0,95.205287,95.205287,2,2,2,34.5,confirmed,TFLxNHunhEizmeEdiMyA3r2XGLSKaEznGd,CoinDCX,native,2,1bdbd9338494cd8824644e1089d18e6f21b1c53b001c0ae3eb2a99a7058dd67c,2025-05-27T12:24:06Z,True
TXJJ7ddoYJrFepVZJfPEbgXFqVAobqJL5K,tron,CoinDCX,exchange,deposit,derived,sweep+gas,0.8075,"Sweep rule: forwarded 100% of the 140.55 USDT it received from 1 sender to CoinDCX wallet TU7BbA…vZbsFs (curated list) in 6 sweeps, typically 34 seconds after arrival. Gas rule: TFLxNH…aEznGd, labelled CoinDCX, sent the fee money for 5 of 6 sweeps. Both rules agree. Rule confidence 0.81, not calibrated.",,TU7BbAsb8t371eMijQeiGXsiLvY1vZbsFs,curated,USDT,1.0,140.550000,140.550000,6,1,6,34.5,confirmed,TFLxNHunhEizmeEdiMyA3r2XGLSKaEznGd,CoinDCX,native,5,ac25bba9bfd254e0227415fea47ef1bafe50ac187f4a657765885bf8874130fd,2026-08-15T03:24:03Z,True
TXXYhWAPgGDG6ocXYU9YbWsF7KHjWYXLzu,tron,CoinDCX,exchange,deposit,derived,sweep+gas,0.8075,"Sweep rule: forwarded 100% of the 787.59 USDT it received from 1 sender to CoinDCX wallet TU7BbA…vZbsFs (curated list) in 25 sweeps, typically 36 seconds after arrival. Only its first 50 transfers since 2025-05-18 were read; what it did later is not covered. Its gas listing was not read to the end. Gas rule: TFLxNH…aEznGd, labelled CoinDCX, sent the fee money for 24 of 25 sweeps. Both rules agree. Rule confidence 0.81, not calibrated.",,TU7BbAsb8t371eMijQeiGXsiLvY1vZbsFs,curated,USDT,1.0,787.587000,787.587000,25,1,25,36.0,confirmed,TFLxNHunhEizmeEdiMyA3r2XGLSKaEznGd,CoinDCX,native,24,6ff393e20d3680d653c16cc4225dba2ffd93a44943437405a692d9f5cc2c39fd,2025-05-25T04:34:06Z,False
TXY1TbJB1SofWYANxce7theGx9YgrvWFjs,tron,CoinDCX,exchange,deposit,derived,sweep+gas,0.8075,"Sweep rule: forwarded 100% of the 1,698,387 USDT it received from 3 senders to CoinDCX wallet TU7BbA…vZbsFs (curated list) in 25 sweeps, typically 36 seconds after arrival. Only its first 50 transfers since 2025-05-18 were read; what it did later is not covered. Its gas listing was not read to the end. Gas rule: TFLxNH…aEznGd, labelled CoinDCX, sent the fee money for 9 of 25 sweeps. Both rules agree. Rule confidence 0.81, not calibrated.",,TU7BbAsb8t371eMijQeiGXsiLvY1vZbsFs,curated,USDT,1.0,1698387.000000,1698387.000000,25,3,25,36.0,confirmed,TFLxNHunhEizmeEdiMyA3r2XGLSKaEznGd,CoinDCX,native,9,d4700b285554ce4c6adf665367d2bb1ad1691a55373b1e813ed872a44b976e78,2025-11-18T10:32:06Z,False
TXYCrGdYoA6wUCUXVWC8qDfW1eic4Z6Fj3,tron,CoinDCX,exchange,deposit,derived,sweep+gas,0.8075,"Sweep rule: forwarded 100% of the 19 USDT it received from 1 sender to CoinDCX wallet TU7BbA…vZbsFs (curated list) in 1 sweep, typically 27 seconds after arrival. Gas rule: TFLxNH…aEznGd, labelled CoinDCX, sent the fee money for 1 of 1 sweep. Both rules agree. Rule confidence 0.81, not calibrated.",,TU7BbAsb8t371eMijQeiGXsiLvY1vZbsFs,curated,USDT,1.0,19.000000,19.000000,1,1,1,27.0,confirmed,TFLxNHunhEizmeEdiMyA3r2XGLSKaEznGd,CoinDCX,native,1,438ddafb5b38f33dda59c4bf0c56b1f27bf40a71ca4f1dd13a0e44d257772776,2025-05-27T14:43:39Z,True
TXamMTfyHfSRxrdg3Ji28XhhvHmmc9WpqT,tron,CoinDCX,exchange,deposit,derived,sweep+gas,0.8075,"Sweep rule: forwarded 100% of the 58 USDT it received from 2 senders to CoinDCX wallet TU7BbA…vZbsFs (curated list) in 2 sweeps, typically 36 seconds after arrival. Gas rule: TFLxNH…aEznGd, labelled CoinDCX, sent the fee money for 2 of 2 sweeps. Both rules agree. Rule confidence 0.81, not calibrated.",,TU7BbAsb8t371eMijQeiGXsiLvY1vZbsFs,curated,USDT,1.0,58.000000,58.000000,2,2,2,36.0,confirmed,TFLxNHunhEizmeEdiMyA3r2XGLSKaEznGd,CoinDCX,native,2,edeea0cc9507ca67c28828cd529ae1b2e2bee2cf12a4107483fa4490f1e8cf98,2025-05-30T14:21:36Z,True
TXcBZ9qqh6ptJa1G5rFWSM1aJZp2NN9Hgt,tron,CoinDCX,exchange,deposit,derived,sweep+gas,0.8075,"Sweep rule: forwarded 100% of the 89.60 USDT it received from 1 sender to CoinDCX wallet TU7BbA…vZbsFs (curated list) in 1 sweep, typically 39 seconds after arrival. Gas rule: TFLxNH…aEznGd, labelled CoinDCX, sent the fee money for 1 of 1 sweep. Both rules agree. Rule confidence 0.81, not calibrated.",,TU7BbAsb8t371eMijQeiGXsiLvY1vZbsFs,curated,USDT,1.0,89.599464,89.599464,1,1,1,39.0,confirmed,TFLxNHunhEizmeEdiMyA3r2XGLSKaEznGd,CoinDCX,native,1,e5077a51e33285e2ab1d76117aff998a7047985764863d3dea808732a2774f4c,2025-05-25T04:48:36Z,True
TXdUBDPo5MqsfmeNTdSvpPnddhgSVG91jp,tron,CoinDCX,exchange,deposit,derived,sweep+gas,0.8075,"Sweep rule: forwarded 100% of the 183.37 USDT it received from 2 senders to CoinDCX wallet TU7BbA…vZbsFs (curated list) in 4 sweeps, typically 25 seconds after arrival. Gas rule: TFLxNH…aEznGd, labelled CoinDCX, sent the fee money for 4 of 4 sweeps. Both rules agree. Rule confidence 0.81, not calibrated.",,TU7BbAsb8t371eMijQeiGXsiLvY1vZbsFs,curated,USDT,1.0,183.370000,183.370000,4,2,4,25.5,confirmed,TFLxNHunhEizmeEdiMyA3r2XGLSKaEznGd,CoinDCX,native,4,dfbcf95a412bcad90b6d0746627b768a40cd38e37db06ce01f5183c1b6326826,2025-06-02T07:50:06Z,True
TXdcuGQGjs1EcVfQDEVQVi1H3B946divxE,tron,CoinDCX,exchange,deposit,derived,sweep+gas,0.8075,"Sweep rule: forwarded 100% of the 13.34 USDT it received from 1 sender to CoinDCX wallet TU7BbA…vZbsFs (curated list) in 1 sweep, typically 30 seconds after arrival. Gas rule: TFLxNH…aEznGd, labelled CoinDCX, sent the fee money for 1 of 1 sweep. Both rules agree. Rule confidence 0.81, not calibrated.",,TU7BbAsb8t371eMijQeiGXsiLvY1vZbsFs,curated,USDT,1.0,13.336349,13.336349,1,1,1,30.0,confirmed,TFLxNHunhEizmeEdiMyA3r2XGLSKaEznGd,CoinDCX,native,1,d135e9f7885aad1129d8767a307bf778fc2be67c109f8ca8f022059c2c57b569,2025-05-28T01:13:06Z,True
TXjZURekKeKscTmyqBHyEZkpRbDTBP5Rja,tron,CoinDCX,exchange,deposit,derived,sweep+gas,0.8075,"Sweep rule: forwarded 100% of the 189.10 USDT it received from 1 sender to CoinDCX wallet TU7BbA…vZbsFs (curated list) in 7 sweeps, typically 33 seconds after arrival. Gas rule: TFLxNH…aEznGd, labelled CoinDCX, sent the fee money for 6 of 7 sweeps. Both rules agree. Rule confidence 0.81, not calibrated.",,TU7BbAsb8t371eMijQeiGXsiLvY1vZbsFs,curated,USDT,1.0,189.098119,189.098119,7,1,7,33.0,confirmed,TFLxNHunhEizmeEdiMyA3r2XGLSKaEznGd,CoinDCX,native,6,0bce7c5c96c6c5792e6ef304285560d910edb23da7af3a195404889992f10576,2025-06-08T06:35:36Z,True
TXrXCq2xLVg2DFRKwGYZh1CrcNumsg6Nvu,tron,CoinDCX,exchange,deposit,derived,sweep+gas,0.8075,"Sweep rule: forwarded 100% of the 2,214.74 USDT it received from 9 senders to CoinDCX wallet TU7BbA…vZbsFs (curated list) in 19 sweeps, typically 33 seconds after arrival. Gas rule: TFLxNH…aEznGd, labelled CoinDCX, sent the fee money for 17 of 19 sweeps. Both rules agree. Rule confidence 0.81, not calibrated.",,TU7BbAsb8t371eMijQeiGXsiLvY1vZbsFs,curated,USDT,1.0,2214.740000,2214.740000,19,9,19,33.0,confirmed,TFLxNHunhEizmeEdiMyA3r2XGLSKaEznGd,CoinDCX,native,17,e9965eb08a0b35f7b16d422013ff0f4cdea719f7b5d50e36aaadaa46fa89c756,2025-06-20T03:02:36Z,True
TXsZejG6kCcLbC9YpuT6bwTg8Uug4cTqKA,tron,CoinDCX,exchange,deposit,derived,sweep+gas,0.8075,"Sweep rule: forwarded 100% of the 118.61 USDT it received from 3 senders to CoinDCX wallet TU7BbA…vZbsFs (curated list) in 3 sweeps, typically 24 seconds after arrival. Gas rule: TFLxNH…aEznGd, labelled CoinDCX, sent the fee money for 3 of 3 sweeps. Both rules agree. Rule confidence 0.81, not calibrated.",,TU7BbAsb8t371eMijQeiGXsiLvY1vZbsFs,curated,USDT,1.0,118.610391,118.610391,3,3,3,24.0,confirmed,TFLxNHunhEizmeEdiMyA3r2XGLSKaEznGd,CoinDCX,native,3,2ead9079ebddd52c5db323c77d8f4296977d47a3c494c9f10f221e811323a660,2025-06-16T09:52:09Z,True
TXwUvAYMW8LMb7jhSc7uqgGgZsAv8jE7FF,tron,CoinDCX,exchange,deposit,derived,sweep+gas,0.8075,"Sweep rule: forwarded 100% of the 945.69 USDT it received from 9 senders to CoinDCX wallet TU7BbA…vZbsFs (curated list) in 25 sweeps, typically 36 seconds after arrival. Only its first 50 transfers since 2025-05-18 were read; what it did later is not covered. Its gas listing was not read to the end. Gas rule: TFLxNH…aEznGd, labelled CoinDCX, sent the fee money for 12 of 25 sweeps. Both rules agree. Rule confidence 0.81, not calibrated.",,TU7BbAsb8t371eMijQeiGXsiLvY1vZbsFs,curated,USDT,1.0,945.690000,945.690000,24,9,25,36.0,confirmed,TFLxNHunhEizmeEdiMyA3r2XGLSKaEznGd,CoinDCX,native,12,5f36271f7169ed7b6613fab5342c3ac75b4f52f6d3ca170c6a356f7888ebb942,2025-12-31T05:31:36Z,False
TXxhfroayGd7FQurnYmJWcyXTotzGdd89a,tron,CoinDCX,exchange,deposit,derived,sweep+gas,0.8075,"Sweep rule: forwarded 100% of the 527.41 USDT it received from 3 senders to CoinDCX wallet TU7BbA…vZbsFs (curated list) in 3 sweeps, typically 39 seconds after arrival. Gas rule: TFLxNH…aEznGd, labelled CoinDCX, sent the fee money for 3 of 3 sweeps. Both rules agree. Rule confidence 0.81, not calibrated.",,TU7BbAsb8t371eMijQeiGXsiLvY1vZbsFs,curated,USDT,1.0,527.410000,527.410000,3,3,3,39.0,confirmed,TFLxNHunhEizmeEdiMyA3r2XGLSKaEznGd,CoinDCX,native,3,b08c46859cba9e8fd589e099ee26eb8cb2b702907507e026d17125df1ec7d15a,2025-06-14T04:13:06Z,True
TXzpKLz71y7d2vUxV9HjsH1kYPMs9Ep5oS,tron,CoinDCX,exchange,deposit,derived,sweep+gas,0.8075,"Sweep rule: forwarded 100% of the 27.86 USDT it received from 1 sender to CoinDCX wallet TU7BbA…vZbsFs (curated list) in 1 sweep, typically 42 seconds after arrival. Gas rule: TFLxNH…aEznGd, labelled CoinDCX, sent the fee money for 1 of 1 sweep. Both rules agree. Rule confidence 0.81, not calibrated.",,TU7BbAsb8t371eMijQeiGXsiLvY1vZbsFs,curated,USDT,1.0,27.860875,27.860875,1,1,1,42.0,confirmed,TFLxNHunhEizmeEdiMyA3r2XGLSKaEznGd,CoinDCX,native,1,5e0f7dc91ce2cc1246d30d58565c24deb6572d087b85480cc7b4f2d44b72285a,2025-05-30T14:25:36Z,True
TY37LrRYF4RR9GgzLg11RQrn85Zuwmfm2i,tron,CoinDCX,exchange,deposit,derived,sweep+gas,0.8075,"Sweep rule: forwarded 100% of the 24.48 USDT it received from 1 sender to CoinDCX wallet TU7BbA…vZbsFs (curated list) in 1 sweep, typically 48 seconds after arrival. Gas rule: TFLxNH…aEznGd, labelled CoinDCX, sent the fee money for 1 of 1 sweep. Both rules agree. Rule confidence 0.81, not calibrated.",,TU7BbAsb8t371eMijQeiGXsiLvY1vZbsFs,curated,USDT,1.0,24.480000,24.480000,1,1,1,48.0,confirmed,TFLxNHunhEizmeEdiMyA3r2XGLSKaEznGd,CoinDCX,native,1,47d1acd53ae9d0ad1b833e3eb649996328520599f76cc562bde2baa1a7dc2ec4,2025-05-26T10:53:36Z,True
TY6iy1Bb6qV7znvCAn7xUZ5CfQFW3Bxcna,tron,CoinDCX,exchange,deposit,derived,sweep+gas,0.8075,"Sweep rule: forwarded 100% of the 69.68 USDT it received from 1 sender to CoinDCX wallet TU7BbA…vZbsFs (curated list) in 3 sweeps, typically 24 seconds after arrival. Gas rule: TFLxNH…aEznGd, labelled CoinDCX, sent the fee money for 3 of 3 sweeps. Both rules agree. Rule confidence 0.81, not calibrated.",,TU7BbAsb8t371eMijQeiGXsiLvY1vZbsFs,curated,USDT,1.0,69.675251,69.675251,3,1,3,24.0,confirmed,TFLxNHunhEizmeEdiMyA3r2XGLSKaEznGd,CoinDCX,native,3,f0fc1cfabd248f1181742e40434ce784c3707db247e41cd13a73c96d3d31bb3d,2025-05-27T04:35:06Z,True
TYCkPBHLkYHA3UmvSK8G7DQRFgaTbGUdyq,tron,CoinDCX,exchange,deposit,derived,sweep+gas,0.8075,"Sweep rule: forwarded 100% of the 4,728 USDT it received from 1 sender to CoinDCX wallet TU7BbA…vZbsFs (curated list) in 7 sweeps, typically 42 seconds after arrival. Gas rule: TFLxNH…aEznGd, labelled CoinDCX, sent the fee money for 6 of 7 sweeps. Both rules agree. Rule confidence 0.81, not calibrated.",,TU7BbAsb8t371eMijQeiGXsiLvY1vZbsFs,curated,USDT,1.0,4728.000000,4728.000000,7,1,7,42.0,confirmed,TFLxNHunhEizmeEdiMyA3r2XGLSKaEznGd,CoinDCX,native,6,9cd3a9acbada474ff3499e4b042e7fb09bc229df58c46d1312f05ff44516833d,2025-06-04T07:57:09Z,True
TYH3UH9jF6knEKs1ZFdBB2ANbKaXJrc12w,tron,CoinDCX,exchange,deposit,derived,sweep+gas,0.8075,"Sweep rule: forwarded 100% of the 137.49 USDT it received from 1 sender to CoinDCX wallet TU7BbA…vZbsFs (curated list) in 3 sweeps, typically 42 seconds after arrival. Gas rule: TFLxNH…aEznGd, labelled CoinDCX, sent the fee money for 3 of 3 sweeps. Both rules agree. Rule confidence 0.81, not calibrated.",,TU7BbAsb8t371eMijQeiGXsiLvY1vZbsFs,curated,USDT,1.0,137.489998,137.489998,3,1,3,42.0,confirmed,TFLxNHunhEizmeEdiMyA3r2XGLSKaEznGd,CoinDCX,native,3,0e23d2e66289482484f895baa2b6b47d06f4549c964a35917245664b72ef82fb,2025-06-18T02:26:36Z,True
TYHDgNN41Kkv3cMfb8MRz5LfDxkcLwczgp,tron,CoinDCX,exchange,deposit,derived,sweep+gas,0.8075,"Sweep rule: forwarded 100% of the 4,833.64 USDT it received from 1 sender to CoinDCX wallet TU7BbA…vZbsFs (curated list) in 15 sweeps, typically 24 seconds after arrival. Gas rule: TFLxNH…aEznGd, labelled CoinDCX, sent the fee money for 14 of 15 sweeps. Both rules agree. Rule confidence 0.81, not calibrated.",,TU7BbAsb8t371eMijQeiGXsiLvY1vZbsFs,curated,USDT,1.0,4833.644952,4833.644952,15,1,15,24.0,confirmed,TFLxNHunhEizmeEdiMyA3r2XGLSKaEznGd,CoinDCX,native,14,b8400ce23a5a8153dc524265adaebf832b28bb861edf1338bfe711b97829ced2,2025-07-07T14:35:36Z,True
TYHgWjteCe6h6JW4kjBorrm6AG9WhL8BXT,tron,CoinDCX,exchange,deposit,derived,sweep+gas,0.8075,"Sweep rule: forwarded 100% of the 17.56 USDT it received from 1 sender to CoinDCX wallet TU7BbA…vZbsFs (curated list) in 1 sweep, typically 24 seconds after arrival. Gas rule: TFLxNH…aEznGd, labelled CoinDCX, sent the fee money for 1 of 1 sweep. Both rules agree. Rule confidence 0.81, not calibrated.",,TU7BbAsb8t371eMijQeiGXsiLvY1vZbsFs,curated,USDT,1.0,17.556059,17.556059,1,1,1,24.0,confirmed,TFLxNHunhEizmeEdiMyA3r2XGLSKaEznGd,CoinDCX,native,1,a2966b122a24dd44b05126d4b0a8af8b85402146b2d9083f02eb70d4a824684c,2025-05-29T12:59:39Z,True
TYLWigo4E5RjWJwyVhGXmZVK3M4Wssdynt,tron,CoinDCX,exchange,deposit,derived,sweep+gas,0.8075,"Sweep rule: forwarded 100% of the 265 USDT it received from 1 sender to CoinDCX wallet TU7BbA…vZbsFs (curated list) in 11 sweeps, typically 39 seconds after arrival. Gas rule: TFLxNH…aEznGd, labelled CoinDCX, sent the fee money for 11 of 11 sweeps. Both rules agree. Rule confidence 0.81, not calibrated.",,TU7BbAsb8t371eMijQeiGXsiLvY1vZbsFs,curated,USDT,1.0,264.996509,264.996509,11,1,11,39.0,confirmed,TFLxNHunhEizmeEdiMyA3r2XGLSKaEznGd,CoinDCX,native,11,c37987bf615dc16d88cfa0ada62c95eae44f600b4cbc6356c6898c5e11f646e7,2025-06-05T13:44:06Z,True
TYReZKyQ9ZaP6KEfijwvLHHSyfQkwPPMnA,tron,CoinDCX,exchange,deposit,derived,sweep+gas,0.8075,"Sweep rule: forwarded 100% of the 414.19 USDT it received from 7 senders to CoinDCX wallet TU7BbA…vZbsFs (curated list) in 25 sweeps, typically 36 seconds after arrival. Only its first 50 transfers since 2025-05-18 were read; what it did later is not covered. Its gas listing was not read to the end. Gas rule: TFLxNH…aEznGd, labelled CoinDCX, sent the fee money for 20 of 25 sweeps. Both rules agree. Rule confidence 0.81, not calibrated.",,TU7BbAsb8t371eMijQeiGXsiLvY1vZbsFs,curated,USDT,1.0,414.190000,414.190000,25,7,25,36.0,confirmed,TFLxNHunhEizmeEdiMyA3r2XGLSKaEznGd,CoinDCX,native,20,aa20cd3e4c429bdc13e9f3a747abcd9bd5abac9e3691cbcf50565180cb2a2384,2025-10-20T17:57:06Z,False
TYTrFUSEs5eL7TModMgu7LZ3oE76Mw1mt4,tron,CoinDCX,exchange,deposit,derived,sweep+gas,0.8075,"Sweep rule: forwarded 100% of the 232.79 USDT it received from 1 sender to CoinDCX wallet TU7BbA…vZbsFs (curated list) in 12 sweeps, typically 34 seconds after arrival. Gas rule: TFLxNH…aEznGd, labelled CoinDCX, sent the fee money for 11 of 12 sweeps. Both rules agree. Rule confidence 0.81, not calibrated.",,TU7BbAsb8t371eMijQeiGXsiLvY1vZbsFs,curated,USDT,1.0,232.790000,232.790000,12,1,12,34.5,confirmed,TFLxNHunhEizmeEdiMyA3r2XGLSKaEznGd,CoinDCX,native,11,bc2d159cceca54e2e8383f5b6a085ec2a798315f72f8bec136bd8f8664257a4f,2025-05-31T08:05:06Z,True
TYUFsiGPHdfQ25tUbcnF8GziTZSyBMCz9T,tron,CoinDCX,exchange,deposit,derived,sweep+gas,0.8075,"Sweep rule: forwarded 100% of the 322 USDT it received from 2 senders to CoinDCX wallet TU7BbA…vZbsFs (curated list) in 2 sweeps, typically 36 seconds after arrival. Gas rule: TFLxNH…aEznGd, labelled CoinDCX, sent the fee money for 2 of 2 sweeps. Both rules agree. Rule confidence 0.81, not calibrated.",,TU7BbAsb8t371eMijQeiGXsiLvY1vZbsFs,curated,USDT,1.0,322.000000,322.000000,2,2,2,36.0,confirmed,TFLxNHunhEizmeEdiMyA3r2XGLSKaEznGd,CoinDCX,native,2,3762c6a769d9e138d16bdc545745cc2b8367172675e77d068a20660bfbedc31d,2025-06-05T22:54:36Z,True
TYUJPcFyhyepkxPzJXZaM4Ds7xY4rUzmpC,tron,CoinDCX,exchange,deposit,derived,sweep+gas,0.8075,"Sweep rule: forwarded 100% of the 20.07 USDT it received from 1 sender to CoinDCX wallet TU7BbA…vZbsFs (curated list) in 3 sweeps, typically 45 seconds after arrival. Gas rule: TFLxNH…aEznGd, labelled CoinDCX, sent the fee money for 3 of 3 sweeps. Both rules agree. Rule confidence 0.81, not calibrated.",,TU7BbAsb8t371eMijQeiGXsiLvY1vZbsFs,curated,USDT,1.0,20.065986,20.065986,3,1,3,45.0,confirmed,TFLxNHunhEizmeEdiMyA3r2XGLSKaEznGd,CoinDCX,native,3,c0ca0158a59f32a2eda00779282e68acb1699d241276cf386350934544870a9f,2025-06-01T14:11:06Z,True
TYUaVUMgbdZADJGcxmYJyMC2kynHHhzzfN,tron,CoinDCX,exchange,deposit,derived,sweep+gas,0.8075,"Sweep rule: forwarded 100% of the 10 USDT it received from 1 sender to CoinDCX wallet TU7BbA…vZbsFs (curated list) in 1 sweep, typically 30 seconds after arrival. Gas rule: TFLxNH…aEznGd, labelled CoinDCX, sent the fee money for 1 of 1 sweep. Both rules agree. Rule confidence 0.81, not calibrated.",,TU7BbAsb8t371eMijQeiGXsiLvY1vZbsFs,curated,USDT,1.0,10.000000,10.000000,1,1,1,30.0,confirmed,TFLxNHunhEizmeEdiMyA3r2XGLSKaEznGd,CoinDCX,native,1,1b0fde9a69a8d7b1b187ac8390a39d4d40d640c267100dda9350d77349f71bb0,2025-05-27T11:07:06Z,True
TYWb4ikpBYRn8zBFGkYVSWrvmpHoe37HWQ,tron,CoinDCX,exchange,deposit,derived,sweep+gas,0.8075,"Sweep rule: forwarded 100% of the 1,160 USDT it received from 4 senders to CoinDCX wallet TU7BbA…vZbsFs (curated list) in 4 sweeps, typically 34 seconds after arrival. Gas rule: TFLxNH…aEznGd, labelled CoinDCX, sent the fee money for 4 of 4 sweeps. Both rules agree. Rule confidence 0.81, not calibrated.",,TU7BbAsb8t371eMijQeiGXsiLvY1vZbsFs,curated,USDT,1.0,1160.000000,1160.000000,4,4,4,34.5,confirmed,TFLxNHunhEizmeEdiMyA3r2XGLSKaEznGd,CoinDCX,native,4,20caa0d7b1a17cf98400cc9e7894d8e117938cf3f76ddb770d117dc757cb96c1,2025-05-25T14:56:06Z,True
TYZHf8yiaqxBPHJfv4kn29BSmish1PbLrd,tron,CoinDCX,exchange,deposit,derived,sweep+gas,0.8075,"Sweep rule: forwarded 98% of the 786.18 USDT it received from 8 senders to CoinDCX wallet TU7BbA…vZbsFs (curated list) in 15 sweeps, typically 36 seconds after arrival. Gas rule: TFLxNH…aEznGd, labelled CoinDCX, sent the fee money for 14 of 15 sweeps. Both rules agree. Rule confidence 0.81, not calibrated.",,TU7BbAsb8t371eMijQeiGXsiLvY1vZbsFs,curated,USDT,0.9778,786.182606,768.754429,15,8,15,36.0,confirmed,TFLxNHunhEizmeEdiMyA3r2XGLSKaEznGd,CoinDCX,native,14,17a57143a171c8e3983ff56304585e8567dd4456eb23a01ecbcf11608e023316,2025-08-19T06:28:39Z,True
TYdN63GSfWw8b3somom4iiHDfbrs21AFeL,tron,CoinDCX,exchange,deposit,derived,sweep+gas,0.8075,"Sweep rule: forwarded 100% of the 30.68 USDT it received from 1 sender to CoinDCX wallet TU7BbA…vZbsFs (curated list) in 3 sweeps, typically 27 seconds after arrival. Gas rule: TFLxNH…aEznGd, labelled CoinDCX, sent the fee money for 3 of 3 sweeps. Both rules agree. Rule confidence 0.81, not calibrated.",,TU7BbAsb8t371eMijQeiGXsiLvY1vZbsFs,curated,USDT,1.0,30.677822,30.677822,3,1,3,27.0,confirmed,TFLxNHunhEizmeEdiMyA3r2XGLSKaEznGd,CoinDCX,native,3,500261bea0b3b2a4d7570d96898fa5189485f6f8373b3a9b4795e29fa3d87826,2025-05-30T15:45:36Z,True
TYeHPdcPrXLQRCwSQbbz4BboNSUjg13DjJ,tron,CoinDCX,exchange,deposit,derived,sweep+gas,0.8075,"Sweep rule: forwarded 100% of the 3,209.79 USDT it received from 1 sender to CoinDCX wallet TU7BbA…vZbsFs (curated list) in 10 sweeps, typically 43 seconds after arrival. Gas rule: TFLxNH…aEznGd, labelled CoinDCX, sent the fee money for 10 of 10 sweeps. Both rules agree. Rule confidence 0.81, not calibrated.",,TU7BbAsb8t371eMijQeiGXsiLvY1vZbsFs,curated,USDT,1.0,3209.790497,3209.790497,10,1,10,43.5,confirmed,TFLxNHunhEizmeEdiMyA3r2XGLSKaEznGd,CoinDCX,native,10,6fed802e294bd74ad8e217d3407bd6d960186b3f808b4bfaf01bc80599ba0f45,2025-08-29T01:01:06Z,True
TYfZBuYeN8K3reY9pKkJzeDpN8brjAhubn,tron,CoinDCX,exchange,deposit,derived,sweep+gas,0.8075,"Sweep rule: forwarded 94% of the 893.33 USDT it received from 9 senders to CoinDCX wallet TU7BbA…vZbsFs (curated list) in 22 sweeps, typically 31 seconds after arrival. Gas rule: TFLxNH…aEznGd, labelled CoinDCX, sent the fee money for 16 of 22 sweeps. Both rules agree. Rule confidence 0.81, not calibrated.",,TU7BbAsb8t371eMijQeiGXsiLvY1vZbsFs,curated,USDT,0.9429,893.326509,842.326509,23,9,22,31.5,confirmed,TFLxNHunhEizmeEdiMyA3r2XGLSKaEznGd,CoinDCX,native,16,0435604ed5d1d6ec116fda2aae3fdcb8b08ccb5ef488587628f17d1e0439c2ad,2025-10-25T19:41:06Z,True
TYnaYuBvzn8fpDkZ47avfUyMhjuJyYL7bb,tron,CoinDCX,exchange,deposit,derived,sweep+gas,0.8075,"Sweep rule: forwarded 100% of the 159.44 USDT it received from 1 sender to CoinDCX wallet TU7BbA…vZbsFs (curated list) in 5 sweeps, typically 36 seconds after arrival. Gas rule: TFLxNH…aEznGd, labelled CoinDCX, sent the fee money for 5 of 5 sweeps. Both rules agree. Rule confidence 0.81, not calibrated.",,TU7BbAsb8t371eMijQeiGXsiLvY1vZbsFs,curated,USDT,1.0,159.444854,159.444854,5,1,5,36.0,confirmed,TFLxNHunhEizmeEdiMyA3r2XGLSKaEznGd,CoinDCX,native,5,6dba6c4deb7ad8ea60cd512226144feb4e508e893f8e9a70ad96127aa50327da,2025-06-02T06:38:36Z,True
TYscpdjqx5vuM7vZsebpt59ncbLUGGsPr6,tron,CoinDCX,exchange,deposit,derived,sweep+gas,0.8075,"Sweep rule: forwarded 100% of the 46.86 USDT it received from 1 sender to CoinDCX wallet TU7BbA…vZbsFs (curated list) in 2 sweeps, typically 51 seconds after arrival. Gas rule: TFLxNH…aEznGd, labelled CoinDCX, sent the fee money for 2 of 2 sweeps. Both rules agree. Rule confidence 0.81, not calibrated.",,TU7BbAsb8t371eMijQeiGXsiLvY1vZbsFs,curated,USDT,1.0,46.857890,46.857890,2,1,2,51.0,confirmed,TFLxNHunhEizmeEdiMyA3r2XGLSKaEznGd,CoinDCX,native,2,d247a04e74e2fb7838ff1884b077049e5cb2c887cc405aac0fc035ca0d3d0603,2025-05-28T15:34:06Z,True
TYvToEWyhjuDJxEQEBCXhJ7pBMzrP7pmkp,tron,CoinDCX,exchange,deposit,derived,sweep+gas,0.8075,"Sweep rule: forwarded 100% of the 200 USDT it received from 1 sender to CoinDCX wallet TU7BbA…vZbsFs (curated list) in 1 sweep, typically 36 seconds after arrival. Gas rule: TFLxNH…aEznGd, labelled CoinDCX, sent the fee money for 1 of 1 sweep. Both rules agree. Rule confidence 0.81, not calibrated.",,TU7BbAsb8t371eMijQeiGXsiLvY1vZbsFs,curated,USDT,1.0,200.000000,200.000000,1,1,1,36.0,confirmed,TFLxNHunhEizmeEdiMyA3r2XGLSKaEznGd,CoinDCX,native,1,0f13c9fc61d2ce8f1af23bc3bd33aae0e2247d30de9849de43d7dbe60c4e7f62,2025-05-27T04:06:36Z,True
TYyYSKg6HenQy2DyWtDWaWBLMXiv1Wvv38,tron,CoinDCX,exchange,deposit,derived,sweep+gas,0.8075,"Sweep rule: forwarded 100% of the 284.33 USDT it received from 1 sender to CoinDCX wallet TU7BbA…vZbsFs (curated list) in 8 sweeps, typically 37 seconds after arrival. Gas rule: TFLxNH…aEznGd, labelled CoinDCX, sent the fee money for 7 of 8 sweeps. Both rules agree. Rule confidence 0.81, not calibrated.",,TU7BbAsb8t371eMijQeiGXsiLvY1vZbsFs,curated,USDT,1.0,284.327961,284.327961,8,1,8,37.5,confirmed,TFLxNHunhEizmeEdiMyA3r2XGLSKaEznGd,CoinDCX,native,7,cdb32382a984617f4e55cc5c66c6f1b1103897b966f0c47aeb6fe9836cdf2476,2025-06-11T11:10:36Z,True
TYzGxi93sPw4e9rWziLttbHsRkNJHCndnV,tron,CoinDCX,exchange,deposit,derived,sweep+gas,0.8075,"Sweep rule: forwarded 100% of the 9.51 USDT it received from 1 sender to CoinDCX wallet TU7BbA…vZbsFs (curated list) in 1 sweep, typically 21 seconds after arrival. Gas rule: TFLxNH…aEznGd, labelled CoinDCX, sent the fee money for 1 of 1 sweep. Both rules agree. Rule confidence 0.81, not calibrated.",,TU7BbAsb8t371eMijQeiGXsiLvY1vZbsFs,curated,USDT,1.0,9.510000,9.510000,1,1,1,21.0,confirmed,TFLxNHunhEizmeEdiMyA3r2XGLSKaEznGd,CoinDCX,native,1,014c79b599aec49b1ae7f4dc28b1fadcfa6450833d50d705b665a4a8893803eb,2025-05-28T08:21:06Z,True
TYzZPAoKy76WWmgT9BcsAtyiNW84F7ywyj,tron,CoinDCX,exchange,deposit,derived,sweep+gas,0.8075,"Sweep rule: forwarded 100% of the 64.32 USDT it received from 1 sender to CoinDCX wallet TU7BbA…vZbsFs (curated list) in 2 sweeps, typically 34 seconds after arrival. Gas rule: TFLxNH…aEznGd, labelled CoinDCX, sent the fee money for 2 of 2 sweeps. Both rules agree. Rule confidence 0.81, not calibrated.",,TU7BbAsb8t371eMijQeiGXsiLvY1vZbsFs,curated,USDT,1.0,64.316404,64.316404,2,1,2,34.5,confirmed,TFLxNHunhEizmeEdiMyA3r2XGLSKaEznGd,CoinDCX,native,2,80612ada5e562e7cdbfb3a0f0730156187c4fe0b7cf554278c46b74e71bda445,2025-05-27T12:33:39Z,True
TZ1ZsFTjFWATTZGRwQBTTCDzDktJiFakH5,tron,CoinDCX,exchange,deposit,derived,sweep+gas,0.8075,"Sweep rule: forwarded 100% of the 3,798 USDT it received from 1 sender to CoinDCX wallet TU7BbA…vZbsFs (curated list) in 2 sweeps, typically 31 seconds after arrival. Gas rule: TFLxNH…aEznGd, labelled CoinDCX, sent the fee money for 2 of 2 sweeps. Both rules agree. Rule confidence 0.81, not calibrated.",,TU7BbAsb8t371eMijQeiGXsiLvY1vZbsFs,curated,USDT,1.0,3798.000000,3798.000000,2,1,2,31.5,confirmed,TFLxNHunhEizmeEdiMyA3r2XGLSKaEznGd,CoinDCX,native,2,f999e1ea6dd2485b012244d0b80bcf90d813d445d9ad20a4321083e8b94579cb,2025-08-01T06:37:39Z,True
TZ2SKGeB3JKDDCgnhmQnT3MkM9SDA1DQ9m,tron,CoinDCX,exchange,deposit,derived,sweep+gas,0.8075,"Sweep rule: forwarded 100% of the 155.92 USDT it received from 2 senders to CoinDCX wallet TU7BbA…vZbsFs (curated list) in 5 sweeps, typically 39 seconds after arrival. Gas rule: TFLxNH…aEznGd, labelled CoinDCX, sent the fee money for 4 of 5 sweeps. Both rules agree. Rule confidence 0.81, not calibrated.",,TU7BbAsb8t371eMijQeiGXsiLvY1vZbsFs,curated,USDT,1.0,155.921360,155.921360,5,2,5,39.0,confirmed,TFLxNHunhEizmeEdiMyA3r2XGLSKaEznGd,CoinDCX,native,4,90d17c3572bee0e8b234fdaf0a35988b8dd802c87e0c41e55bf7ceb594279257,2025-06-19T12:24:06Z,True
TZ3WE16P6DevtFpA8vNhvW8E16H4V9i5oW,tron,CoinDCX,exchange,deposit,derived,sweep+gas,0.8075,"Sweep rule: forwarded 100% of the 141.93 USDT it received from 1 sender to CoinDCX wallet TU7BbA…vZbsFs (curated list) in 5 sweeps, typically 36 seconds after arrival. Gas rule: TFLxNH…aEznGd, labelled CoinDCX, sent the fee money for 5 of 5 sweeps. Both rules agree. Rule confidence 0.81, not calibrated.",,TU7BbAsb8t371eMijQeiGXsiLvY1vZbsFs,curated,USDT,1.0,141.930012,141.930012,5,1,5,36.0,confirmed,TFLxNHunhEizmeEdiMyA3r2XGLSKaEznGd,CoinDCX,native,5,f3532d7d78877742a42bc59be2878d5000db9af57aa3d851579ee508b1b38147,2025-06-04T12:21:39Z,True
TZ6MSvPGxKEyyWmo1gMKVxdLhxTTb6Awnv,tron,CoinDCX,exchange,deposit,derived,sweep+gas,0.8075,"Sweep rule: forwarded 100% of the 342.05 USDT it received from 1 sender to CoinDCX wallet TU7BbA…vZbsFs (curated list) in 11 sweeps, typically 33 seconds after arrival. Gas rule: TFLxNH…aEznGd, labelled CoinDCX, sent the fee money for 11 of 11 sweeps. Both rules agree. Rule confidence 0.81, not calibrated.",,TU7BbAsb8t371eMijQeiGXsiLvY1vZbsFs,curated,USDT,1.0,342.048164,342.048164,11,1,11,33.0,confirmed,TFLxNHunhEizmeEdiMyA3r2XGLSKaEznGd,CoinDCX,native,11,84ac62499399f505d0b25bcde722d18f6c373c4f43f48a2914ab837b37b5fd6f,2025-06-04T06:19:06Z,True
TZ6RedXRFMa5Pjsv1ydYCGXXGjK1Ne4HM9,tron,CoinDCX,exchange,deposit,derived,sweep+gas,0.8075,"Sweep rule: forwarded 100% of the 249.41 USDT it received from 1 sender to CoinDCX wallet TU7BbA…vZbsFs (curated list) in 8 sweeps, typically 31 seconds after arrival. Gas rule: TFLxNH…aEznGd, labelled CoinDCX, sent the fee money for 8 of 8 sweeps. Both rules agree. Rule confidence 0.81, not calibrated.",,TU7BbAsb8t371eMijQeiGXsiLvY1vZbsFs,curated,USDT,1.0,249.405825,249.405825,8,1,8,31.5,confirmed,TFLxNHunhEizmeEdiMyA3r2XGLSKaEznGd,CoinDCX,native,8,400a8b41a37c284d64c9b995586aa90a3a5bf40c1a1fe6a8c1110e916367e2e3,2025-06-04T02:29:06Z,True
TZ8JWSQoLFJvN64koasHz6kT8u4bNN3Aib,tron,CoinDCX,exchange,deposit,derived,sweep+gas,0.8075,"Sweep rule: forwarded 100% of the 76.11 USDT it received from 1 sender to CoinDCX wallet TU7BbA…vZbsFs (curated list) in 2 sweeps, typically 36 seconds after arrival. Gas rule: TFLxNH…aEznGd, labelled CoinDCX, sent the fee money for 2 of 2 sweeps. Both rules agree. Rule confidence 0.81, not calibrated.",,TU7BbAsb8t371eMijQeiGXsiLvY1vZbsFs,curated,USDT,1.0,76.107987,76.107987,2,1,2,36.0,confirmed,TFLxNHunhEizmeEdiMyA3r2XGLSKaEznGd,CoinDCX,native,2,24e0c580c8df574c683aba86fb945d979881fd2c6da6b296f037290786f743ba,2025-05-26T09:18:09Z,True
TZ8fJdUcjT2UYBadMK8hS47bY3JqrkUCf5,tron,CoinDCX,exchange,deposit,derived,sweep+gas,0.8075,"Sweep rule: forwarded 100% of the 121.09 USDT it received from 1 sender to CoinDCX wallet TU7BbA…vZbsFs (curated list) in 3 sweeps, typically 42 seconds after arrival. Gas rule: TFLxNH…aEznGd, labelled CoinDCX, sent the fee money for 3 of 3 sweeps. Both rules agree. Rule confidence 0.81, not calibrated.",,TU7BbAsb8t371eMijQeiGXsiLvY1vZbsFs,curated,USDT,1.0,121.089673,121.089673,3,1,3,42.0,confirmed,TFLxNHunhEizmeEdiMyA3r2XGLSKaEznGd,CoinDCX,native,3,e8c662563ebcccefa09aabaf5790693ebe95d472ea099bf92f1a8d6a4a21b890,2025-05-27T04:02:36Z,True
TZDMtKtekjGsELf5tBgK2FjZ7263wvVosz,tron,CoinDCX,exchange,deposit,derived,sweep+gas,0.8075,"Sweep rule: forwarded 100% of the 120 USDT it received from 2 senders to CoinDCX wallet TU7BbA…vZbsFs (curated list) in 3 sweeps, typically 39 seconds after arrival. Gas rule: TFLxNH…aEznGd, labelled CoinDCX, sent the fee money for 3 of 3 sweeps. Both rules agree. Rule confidence 0.81, not calibrated.",,TU7BbAsb8t371eMijQeiGXsiLvY1vZbsFs,curated,USDT,1.0,120.000000,120.000000,3,2,3,39.0,confirmed,TFLxNHunhEizmeEdiMyA3r2XGLSKaEznGd,CoinDCX,native,3,b1567977f19433148b57600c83fb0b2311407b8a0ed927bddce289ddeea5efdd,2025-05-29T15:20:06Z,True
